sim2sim_base_euler_roll,sim2sim_base_euler_pitch,sim2sim_base_euler_yaw,sim2sim_dof_pos_0,sim2sim_dof_pos_1,sim2sim_dof_pos_2,sim2sim_dof_pos_3,sim2sim_dof_pos_4,sim2sim_dof_pos_5,sim2sim_dof_pos_6,sim2sim_dof_pos_7,sim2sim_dof_pos_8,sim2sim_dof_pos_9,sim2sim_dof_pos_10,sim2sim_dof_pos_11,sim2sim_target_dof_pos_0,sim2sim_target_dof_pos_1,sim2sim_target_dof_pos_2,sim2sim_target_dof_pos_3,sim2sim_target_dof_pos_4,sim2sim_target_dof_pos_5,sim2sim_target_dof_pos_6,sim2sim_target_dof_pos_7,sim2sim_target_dof_pos_8,sim2sim_target_dof_pos_9,sim2sim_target_dof_pos_10,sim2sim_target_dof_pos_11
-1.967283559882326e-05,0.0013089874472836654,0.0004212992369926547,1.92401807066383e-21,3.8174704820590875e-22,6.69150667464187e-21,4.100979070236465e-20,-7.032082979514087e-20,-1.3808884113012468e-19,-2.6499822193597153e-20,-1.955086268211538e-20,8.30558405262149e-21,8.364008331118709e-20,-7.032082979514087e-20,2.5270966353793044e-19,-0.08856870234012604,0.012664861045777798,0.02545381709933281,-0.055668722838163376,0.0691133365035057,0.04362024366855621,0.04749058187007904,-0.015751171857118607,-0.002731251996010542,-0.026743516325950623,-0.06380681693553925,0.026646427810192108
0.0011043091225854467,0.01795696304739787,0.01935762659058426,-0.019921781871370448,-0.004883260857465735,-0.007280941048284614,-0.019932560093464686,0.02541075253730306,0.02025007820380027,-0.007735813431121703,-0.00797349728302038,-0.01825605262161384,-0.010389346627306048,-0.024255296621772903,0.01498423978463452,0.03545641154050827,0.03403712436556816,0.0076370080932974815,-0.10992943495512009,0.08294735103845596,0.03199314698576927,-0.022198626771569252,0.0007129861041903496,-0.005828703287988901,0.17980369925498962,-0.12851613759994507,0.0043128784745931625
0.02292836861051533,0.003027182327959747,0.014125322869537795,0.03241400205191843,-0.024421576422033305,0.0025252169348181433,-0.08201290306931622,0.0469996801138624,0.005435136966162399,-0.043426938688774376,-0.026589230070704937,-0.0019123109047863417,0.1342261180522861,-0.11533126374214979,0.004988470031206244,0.026732541620731354,0.03394261747598648,0.015814442187547684,-0.1604529321193695,0.035526812076568604,0.05728645622730255,-0.039877749979496,-0.01694248989224434,0.008704894222319126,0.1901455819606781,-0.11606386303901672,0.02201395481824875
0.031978545609170066,-0.005739056704639533,0.009319160476031811,0.05588535492060769,-0.03189976597464325,0.00960820586470781,-0.10124633878627902,0.04957934828060167,0.018064601865264582,-0.043795469198603276,-0.021122365267134832,0.010731040493568926,0.18569433149667106,-0.11097119710103107,0.019193974859889766,0.06044865399599075,0.03164074942469597,0.0017678244039416313,-0.13543131947517395,0.09576059877872467,0.047201819717884064,-0.049400605261325836,-0.00312760379165411,-0.005058716982603073,0.2535288631916046,-0.14570824801921844,0.021797142922878265
0.043131368073708945,0.002788865767439507,0.006387054147905146,0.06071464137396956,-0.03566379405763764,0.012859965102863812,-0.11875146238559948,0.05547093124894821,0.006661996184633344,-0.05455643446864543,-0.016933380553373595,-0.0011389762844205926,0.2329644189526552,-0.1387082519260531,0.020994285051711314,0.07649987936019897,0.0324225090444088,0.004297764040529728,-0.1322227567434311,0.1085401251912117,0.0638231709599495,-0.05545033514499664,-0.009483400732278824,-0.002557286061346531,0.26497939229011536,-0.1369880884885788,0.02321571856737137
0.057556443904487053,0.0030444251490876167,0.008430393042942682,0.06612496788092165,-0.04468109124522609,0.012767258182184611,-0.12790636376182565,0.05702291787294074,0.017390960102361373,-0.04873905539687905,-0.008990075632845578,-0.0030893011738977487,0.2585550764471042,-0.13302033733325921,0.022858587640341755,0.061400480568408966,0.04318390041589737,-0.001170535571873188,-0.14905241131782532,0.12534746527671814,0.059336669743061066,-0.051669128239154816,-0.0033587785437703133,-0.0025378335267305374,0.2881024479866028,-0.1474010944366455,0.019682183861732483
0.07452098193470197,0.012695982731414075,0.013768561670430318,0.05982117520717576,-0.051342443421268355,0.008367130542230164,-0.14153889426534447,0.06714042658839289,0.012034427778978818,-0.05128971974281781,0.00022303789759929116,-0.004205683393623577,0.27616315731452395,-0.14110025533236661,0.020180892969492353,0.09058297425508499,0.03592735528945923,0.0043119145557284355,-0.14020660519599915,0.13164576888084412,0.06314226239919662,-0.07924093306064606,-0.0019243871793150902,-0.014221828430891037,0.3344888985157013,-0.12990564107894897,0.028986480087041855
0.09133204932844055,0.01640812598265971,0.011079552553233509,0.06150648583320862,-0.05598056970443855,0.013495714237737842,-0.15220582779158817,0.07296563209778746,0.015169444282193427,-0.06929458853479091,0.00698843621145997,-0.008580890692919601,0.3160370796828975,-0.1514054043660099,0.01686701912257772,0.06820303946733475,0.039701368659734726,-0.006282071582973003,-0.18289239704608917,0.12991459667682648,0.06481601297855377,-0.06955089420080185,-0.011484304443001747,-0.019025152549147606,0.28503987193107605,-0.09258843958377838,0.018613766878843307
0.09241761968426243,0.01590777916388779,0.015740530940809395,0.06409371792565001,-0.04335437710171986,0.0056020254572582045,-0.17339961662557615,0.08941043432331518,0.023722521070325294,-0.06362273714074947,0.021271115634165717,-0.019505314476323296,0.2917085848009421,-0.13622689068166585,0.008118149112314411,0.07539205998182297,0.014394392259418964,-0.006250469945371151,-0.18345798552036285,0.1147790476679802,0.025457611307501793,-0.07198405265808105,0.0021940888836979866,-0.03342166543006897,0.25358322262763977,-0.055706270039081573,0.000552949495613575
0.08268547648772899,0.023538235685970327,0.01874148862183205,0.056535974242965796,-0.01671150542578945,-0.0018633654028645463,-0.19102992961578927,0.10640776452809547,0.014123752830151956,-0.06637752042120286,0.0474127742635702,-0.03244450231746591,0.26018749170083016,-0.1064300717962602,-0.005315192300602849,0.054773129522800446,0.01164411474019289,-0.015660807490348816,-0.14886954426765442,0.033103831112384796,0.013952254317700863,-0.04350190609693527,-0.03247170150279999,-0.029712434858083725,0.09872503578662872,0.0772358626127243,-0.030567612498998642
0.06276829047333896,0.026725318789233024,0.019036488403079824,0.03743052853331787,0.014242919436751465,-0.00987904865855223,-0.16337520042339793,0.052636594290451935,0.013431911849069243,-0.02559446059678711,0.0855175205007325,-0.04051932173623783,0.14463895889835138,-0.05036145204200933,-0.04595426418764879,-0.008023081347346306,0.023153895512223244,-0.008715224452316761,0.15071634948253632,-0.09000296145677567,-0.009844096377491951,0.023898519575595856,-0.06290320307016373,-0.036877792328596115,-0.03942367434501648,0.061855748295784,-0.07234245538711548
0.058678845532105235,0.02002744978919565,0.024247226388465735,-0.05307001120906598,0.009272941647488193,-0.003253845635684066,0.07477307835647756,-0.07033700445890084,-0.006135788711412144,0.0496547229938512,0.09039675697492204,-0.03476596330103645,-8.931873610813594e-05,-0.020390062146402252,-0.06930618158313505,-0.14133059978485107,0.027918560430407524,0.007663683034479618,0.2845610976219177,-0.15475428104400635,0.0021855439990758896,0.13040484488010406,-0.023898757994174957,-0.015967203304171562,-0.09140900522470474,0.07681844383478165,-0.0348820686340332
0.07421720707584153,0.007355039135573834,0.011773603755845375,-0.11589548679409996,-0.012181761233090973,0.019852058354397475,0.27544022494149084,-0.14004919683342298,-0.00016532397951815096,0.10536786858229802,0.06951539327716635,-0.008684412255422169,-0.10277911100208782,-0.014935749188283576,-0.055720195799130005,-0.06571749597787857,0.015432015992701054,0.017717372626066208,0.38602501153945923,-0.1964251697063446,-0.009928768500685692,0.10667029768228531,-0.04963679611682892,-0.03120545484125614,-0.21422159671783447,0.11712528020143509,-0.040258537977933884
0.07317672023686131,-0.01118389294615949,-0.0013884776163144861,-0.10811532955922176,-0.014467786969136606,0.02584562049993509,0.3548657182000114,-0.18763980982646508,-0.009034391930299696,0.14431789888070942,0.06455967277206344,0.00442392671704799,-0.17766962828623592,0.04772274695297706,-0.06673650453795152,-0.06992786377668381,0.005259265657514334,0.013288915157318115,0.41393280029296875,-0.21106085181236267,0.0007748771458864212,0.15607094764709473,-0.040488388389348984,-0.010411260649561882,-0.2569942772388458,0.10487165302038193,-0.07463643699884415
0.08053228220820928,-0.026366109241152805,-0.005129572338769948,-0.08690013032145649,-0.028354878410929756,0.0249997940339437,0.3998529863866734,-0.2071662497836337,-0.001519151868753986,0.16956793567938405,0.04186938764164903,0.002503608398472854,-0.23408394605782207,0.0896574794545561,-0.07544711775086291,-0.08271431177854538,-0.0014785440871492028,0.0014211973175406456,0.45487549901008606,-0.21783673763275146,-0.009431729093194008,0.14296028017997742,-0.03128654509782791,0.005214273929595947,-0.24086663126945496,0.132097065448761,-0.02308519557118416
0.07826080324136198,-0.028251383071197754,-0.006131392914929749,-0.0842847397647853,-0.02525543138263634,0.011876943470755163,0.4462701401573106,-0.21509335076454508,-0.008810706171468678,0.15009443039433512,0.028858169171244834,0.0035002512860047167,-0.23225984749071873,0.10690143831383007,-0.044903012255470845,-0.045582715421915054,0.004271273966878653,-0.007502029649913311,0.48328644037246704,-0.20664569735527039,-0.0036072786897420883,0.14083904027938843,-0.059104420244693756,-0.0028420640155673027,-0.23259109258651733,0.1593657284975052,-0.06339143961668015
0.07508659575591699,-0.03798728750136918,-0.006012560801375418,-0.05625093995373037,-0.019034947819290726,0.0002742555173318305,0.46951185719408456,-0.20505320699822924,-0.00475942105390702,0.14409156655702435,0.020165379771680984,0.0028836969975453617,-0.2320454544496517,0.1259979387171594,-0.067632679309197,-0.06844700127840042,-0.01343833189457655,-0.007370299659669399,0.4872293472290039,-0.17744699120521545,-0.0058164093643426895,0.13507647812366486,-0.026094350963830948,-0.0009364821016788483,-0.24225705862045288,0.1348535269498825,-0.02882608026266098
0.06494880786523143,-0.04005817593066004,0.006786135662255042,-0.04828775153702359,-0.00489360782499488,-0.013430758370474504,0.48937320449095145,-0.17578593734317582,-0.005084575141472004,0.12524191069999704,0.012880858464546834,-0.010585457926919048,-0.22293462920342466,0.13597353463285244,-0.057801601881221056,-0.026520952582359314,-0.012760329060256481,-0.006322023458778858,0.455657958984375,-0.14197710156440735,-0.0057723503559827805,0.11389625817537308,-0.05503794550895691,0.00861448049545288,-0.27384525537490845,0.14881451427936554,-0.041881319135427475
0.05129908383944051,-0.037118429753319436,0.014518782264530336,-0.01962400394587372,0.0008957355717859978,-0.012283062086384853,0.45212529420127295,-0.1406905948732845,-0.005174329544973914,0.11279604512012531,0.0018140324354901985,-0.015090643098861125,-0.23615073354024618,0.15840825986246143,-0.05314879516113444,-0.04749356582760811,-0.026963064447045326,0.014424263499677181,0.36892127990722656,-0.04835418611764908,0.00848034955561161,0.14260095357894897,-0.03337354585528374,-0.000955251045525074,-0.29936927556991577,0.11340892314910889,-0.030461754649877548
0.03360661681378796,-0.025926136988661655,0.03476005410356586,-0.003316927200265058,0.004218029405466082,-0.0027625159799507305,0.3879305550800718,-0.051539307055017615,0.007409626023720634,0.1073773523772753,-0.010972185921828427,-0.03333865189991496,-0.2626586497402916,0.1680226026490123,-0.027712774778214926,-0.006754121743142605,-0.020181670784950256,0.009017671458423138,0.1932973563671112,0.02129536308348179,0.015106922015547752,0.08593332022428513,-0.033707864582538605,-0.004413752816617489,-0.3026105463504791,0.08904750645160675,-0.023959029465913773
0.009853808260948855,0.007378621935943308,0.049750040437564966,0.027588329208952777,0.0002287797187793553,0.002862405977320133,0.22527797778093991,0.019835071359998097,0.014183809085476617,0.07068300450247557,-0.019033300991612767,-0.044875929158828425,-0.26565140640292356,0.14292639182729344,-0.014008589339124213,0.06340612471103668,0.014553475193679333,0.0008503952994942665,-0.03451903536915779,0.08430484682321548,0.027303926646709442,0.09134993702173233,-0.020258229225873947,-0.002016581129282713,-0.05702802538871765,0.03832187503576279,-0.016042929142713547
-0.006556896263334314,0.02060168542020273,0.060134903014693715,0.12005563579263875,-0.012330396331457591,-0.011426083260432728,0.02547930921234058,0.01696262189861628,0.018336710782089177,0.014701630974509444,-0.02947166661625807,-0.014797341018186663,-0.12659112368935801,0.04645734094905109,-0.01562569927030891,0.16113796830177307,0.047666966915130615,0.0004988284781575203,-0.09224359691143036,0.092812679708004,0.05360820144414902,-0.02756737358868122,-0.004314752295613289,-0.021517828106880188,0.14042174816131592,-0.10016736388206482,0.01395963691174984
-0.023805698939154664,0.024283378979406873,0.09645668773054465,0.17442430896807845,-0.023523910951538538,-0.046322618134101455,-0.09171421265849247,-0.018198412138931273,0.04683333424717195,-0.04826965755946543,-0.0325229899122015,-0.0149551892128523,0.09405438954377074,-0.07711189343010737,0.00855441754698674,0.17862513661384583,0.027411798015236855,-0.024952512234449387,-0.10060667991638184,0.0808783769607544,0.04092499613761902,-0.10949234664440155,-0.011147258803248405,-0.02493251860141754,0.2768039107322693,-0.13540636003017426,0.0095030777156353
-0.042819968639399304,0.038935002743202184,0.11964052341526103,0.17244528523342134,-0.025046035239569674,-0.071275147865449,-0.13512716098488045,-0.05031570069241707,0.062264703583663546,-0.10534285830382854,-0.018907204831995456,-0.020116083359681448,0.25906307490241,-0.12394970070931942,0.009063717191417414,0.15744158625602722,0.056525882333517075,-0.022269193083047867,-0.08525998890399933,0.1084904670715332,0.051593631505966187,-0.10045906156301498,-0.010649124160408974,-0.03074505552649498,0.3426280915737152,-0.16582639515399933,0.009049391373991966
-0.049934386410869204,0.04312716478607924,0.12691721264926195,0.15234681130397756,-0.03605467344195973,-0.07837373022168269,-0.13119178514138888,-0.056554413077935316,0.08169867218006234,-0.11157290648080836,-0.008147753306912149,-0.02621315001363923,0.326396567128365,-0.15599504115735593,0.008848703888171857,0.14505690336227417,0.06837959587574005,-0.007294950075447559,-0.10141443461179733,0.055982738733291626,0.061315715312957764,-0.09744545072317123,-0.014259636402130127,-0.008387632668018341,0.4044096767902374,-0.20202700793743134,0.00963576789945364
-0.04721841382352447,0.031232689690201328,0.09668887115031953,0.14794603932734873,-0.04672822779885282,-0.04450145861641978,-0.12155949503095483,-0.05084229269524107,0.08300992063736685,-0.10928152975911969,0.0051642203511689695,-0.011382464542531863,0.382432396613823,-0.19248624913179668,0.009548459708553798,0.14097008109092712,0.06678251922130585,0.004140480421483517,-0.07034723460674286,0.041739195585250854,0.052768222987651825,-0.10307536274194717,-0.022976253181695938,-0.013645291328430176,0.4833448529243469,-0.2281692624092102,0.009045532904565334
-0.044030803398756695,0.013503036865845848,0.060782474897171486,0.13857229875349358,-0.04799565010033031,-0.0048852163534000535,-0.09119113268552542,-0.054373040860138826,0.07193255182196018,-0.10979192052548808,0.008983369132935992,-0.023745552130584945,0.4588999316388837,-0.22138136974318695,0.009762737201408333,0.11295357346534729,0.07269010692834854,0.003636780194938183,-0.06063095107674599,0.038860760629177094,0.037981197237968445,-0.10473185032606125,-0.02064833790063858,0.0003802105784416199,0.5388650298118591,-0.22193317115306854,0.004542362876236439
-0.04438747550499954,-0.0004975149764500604,0.03586888599059123,0.11953722602178457,-0.04242027706841223,0.018337041224842435,-0.06671100300208009,-0.05145401501207293,0.05589874968351571,-0.1072927611962182,0.01609907796908085,-0.020425053661843075,0.5210279315180781,-0.21863264727895876,0.006380901043482811,0.12357806414365768,0.05627463757991791,-0.004372318275272846,-0.05606294795870781,0.050567418336868286,0.028758840635418892,-0.1290738880634308,-0.005206301808357239,-0.0046313609927892685,0.590994119644165,-0.2275109440088272,0.005738964304327965
-0.033208053947006225,-0.007828291501070473,0.03350906126117218,0.09790695348359596,-0.0435246172243057,0.023136124338258332,-0.06496445773611037,-0.026894956072258155,0.05123153137368424,-0.10720814168686754,0.01403750705034657,-0.014648220371868326,0.5792920885266026,-0.22138298768570766,0.006189508053685147,0.11250445246696472,0.06718231737613678,-0.014351804740726948,-0.11350711435079575,0.05738839507102966,0.03321225196123123,-0.10304543375968933,-0.0003306344151496887,-0.01647535338997841,0.5781052708625793,-0.16943807899951935,-0.0005882689729332924
-0.029695282023568786,-0.019403749683362875,0.04065640071803921,0.09386703068254199,-0.034245114510011006,0.013993597394719596,-0.09573908535585739,0.018835966815739524,0.05204661368719116,-0.0821795287071719,0.019372966282346752,-0.02293969240492015,0.5782085074202031,-0.16882506303357928,0.0007737913804841638,0.0836547389626503,0.03584405779838562,-0.01218616496771574,-0.21245159208774567,0.03837305307388306,0.008619816973805428,-0.0786806046962738,0.01992095820605755,-0.045395627617836,0.491664320230484,-0.09901312738656998,-0.01417024526745081
-0.025262314482303583,-0.008198744148688165,0.04332901191670551,0.08497360141996471,-0.018389549995191927,0.008308223501962487,-0.15475759335721287,0.06844520490405724,0.03187870036300129,-0.060038695067121034,0.023208874217974827,-0.040658709029289405,0.5062051896917547,-0.10054305481096552,-0.012011027291888117,0.1042228415608406,0.03691861033439636,-0.021897390484809875,-0.2048308253288269,0.07106846570968628,0.0175206046551466,-0.03824432194232941,0.01577945239841938,-0.0645575150847435,0.3220663368701935,-0.0750856101512909,-0.03127221018075943
-0.02080806897415051,0.00789186248066106,0.04383880121797669,0.06813155669119639,-0.0011748936186203938,0.005269486553366257,-0.19500642552786693,0.09263376096261834,0.021674812783927855,-0.008679624927590225,0.02812211092571774,-0.06360811411055406,0.35032117984115196,-0.07265639577589737,-0.027988556206790464,0.05856064707040787,0.02063569985330105,-0.014699948020279408,-0.14939932525157928,0.07779648154973984,0.0010143108665943146,0.0059397853910923,0.009982425719499588,-0.05718905106186867,0.13016925752162933,-0.03247664123773575,-0.03557690232992172
-0.008940553441675285,0.03315209626319019,0.02808695094946509,0.0235981731192044,0.00909218474370974,-0.002088124923618576,-0.1714134271986008,0.0827381747019735,0.0030595089122573615,0.03384393238748628,0.026808930639030858,-0.059275226246598964,0.16559148324902373,-0.03427048960747683,-0.0339392907243431,0.014365162700414658,0.004230267833918333,8.064601570367813e-05,-0.026958132162690163,-0.017248421907424927,0.004067176021635532,0.0870785340666771,-0.0017488673329353333,-0.03012891672551632,-0.027961473912000656,-0.011523924767971039,-0.04703309014439583
0.015484793709997417,0.02673728573258878,-0.005826409887396402,-0.018141950541155166,0.005322185369100037,0.005669610076935108,-0.05828255464183954,-0.003499352136701859,0.0024639514909874207,0.10272924635077182,0.011740652061554837,-0.017870222603015875,-0.0007996161785769427,-0.05052250554497414,-0.030292796459823912,-0.03593389689922333,0.005733111873269081,0.000781746581196785,0.026750599965453148,-0.05761446803808212,-0.0020379088819026947,0.10095121711492538,-0.02423444762825966,-0.006091703195124865,-0.13768938183784485,0.06320465356111526,-0.047020841389894485
0.019424916786113477,0.03852375148918001,-0.04941690241225691,-0.06647604976637675,0.031180716908105022,0.014500263611572028,0.01586315015754668,-0.03461037531570124,-0.005584190606714382,0.11861274257098327,0.03685235619358865,0.025572985133499145,-0.10180506653353996,-0.054118428176655305,-0.04343023266338053,0.02509145438671112,0.007155581843107939,-0.02302589640021324,0.11477586627006531,-0.11468882113695145,-0.0343681275844574,0.1057954952120781,-0.056601282209157944,-0.01128736324608326,-0.17988020181655884,0.022462600842118263,-0.11863640695810318
0.010092417829777255,0.0008055953476464914,-0.05642274675072794,-0.040655335720402724,0.03702142824341669,-0.026164425044746552,0.06524640632538302,-0.09942441469033708,-0.02879708565381132,0.15947440907582439,0.06413715773989487,0.029072231637145653,-0.1301891935219623,-0.025995109525297964,-0.06906066923936666,-0.02957410365343094,0.02692735195159912,-0.02096802368760109,0.15150396525859833,-0.12230610102415085,-0.0011044098064303398,0.09355918318033218,-0.03943556919693947,-0.00483403354883194,-0.20194265246391296,0.03585802763700485,-0.08770396560430527
0.016680661333405962,-0.0020802811568728994,-0.05072904652675108,-0.06084884959377972,0.018570341366060075,-0.021987294751566622,0.12523181088242105,-0.11563381502809683,-0.005269591143903155,0.1526739466321477,0.0645238750727235,0.02144953795713919,-0.14860363137406837,-0.0011400098387883886,-0.0766862106249605,-0.026098838075995445,0.025366390123963356,-0.026431679725646973,0.316604882478714,-0.1921205371618271,-0.003745453432202339,0.08252635598182678,-0.05549398809671402,-0.0021699415519833565,-0.19183647632598877,0.09774573147296906,-0.07070337235927582
0.01748549138517362,0.0007753156298338274,-0.05056493906803421,-0.09097879633296121,0.0033120983611012295,-0.017588068860021927,0.25204751764774563,-0.18298937785450264,-0.004354970390033404,0.14068334139068378,0.06655695480366182,0.02128848627235814,-0.1643940479057554,0.026267446485269148,-0.07999764432970413,-0.05418385565280914,0.024571441113948822,-0.018285661935806274,0.40726712346076965,-0.2210790514945984,-0.009350081905722618,0.1239810660481453,-0.04848530888557434,0.007394002750515938,-0.17785319685935974,0.13079537451267242,-0.0746442899107933
0.0181347523664318,-0.01636208539588645,-0.06262847410973284,-0.07979298949738745,-0.009901463060701911,-0.008078818664143833,0.37612095473571494,-0.2136059165817764,-0.009389212919946861,0.1456913829326607,0.0649517452752417,0.03193298987028273,-0.17663833791996,0.05179922808144981,-0.07838707260159493,-0.017204061150550842,0.01151562575250864,-0.01568569988012314,0.44224464893341064,-0.19984248280525208,-0.014159178361296654,0.09956751018762589,-0.04802364856004715,0.00500534288585186,-0.22485509514808655,0.1565018743276596,-0.060974184423685074
0.0199436967526109,-0.020271259564283634,-0.06837120164947172,-0.05024138630119049,-0.022183222171042644,-0.004984574361021793,0.4249770259312782,-0.19772715309942157,-0.01422558735844867,0.14079470237573224,0.05596617697690978,0.03700291759960283,-0.20751991268959488,0.08973926768267425,-0.06953148662819103,-0.017623290419578552,7.081532385200262e-05,0.009047053754329681,0.5070789456367493,-0.19776007533073425,-0.008930323645472527,0.14181610941886902,-0.05634109303355217,0.026478879153728485,-0.2328568547964096,0.21340705454349518,-0.057948414236307144
0.014178300429084766,-0.016869057207426916,-0.06698492129293564,-0.028224925440174155,-0.017006082672159046,0.011796501568431917,0.4819938793073717,-0.1930016549553938,-0.009963583490205116,0.13584273583950712,0.05131413651052909,0.034619502320444674,-0.2461931146351936,0.1305642260627318,-0.058805528169511526,-0.01743914559483528,-0.013373489491641521,0.020025910809636116,0.48005080223083496,-0.12481072545051575,-0.003455543890595436,0.12505248188972473,-0.03728429600596428,0.0024753399193286896,-0.2789129316806793,0.17532217502593994,-0.054542332887649536
0.01709112706939364,-0.011519983104603573,-0.044160139248594237,-0.005529071244041353,-0.024555407567791843,0.01910846417877891,0.48855225722668094,-0.12689727581369356,-0.004541425191169015,0.1202656379724707,0.03084371858778636,0.013736973704708956,-0.2690632911763766,0.15998849117505234,-0.04511101294379677,-0.001016087830066681,-0.026520850136876106,0.022098999470472336,0.3484257459640503,-0.06896387785673141,0.005074320361018181,0.10132557898759842,-0.03912879154086113,0.007016217336058617,-0.3184806704521179,0.19079260528087616,-0.0280526764690876
0.022691842648254038,0.01935945422789043,-0.014465405148509587,0.02902956446958041,-0.03312620515185579,0.023920908567776882,0.37851774473338823,-0.06897614335038732,0.003328083754696172,0.08542142567523649,0.003909412393652843,-0.01162006821663296,-0.3032563287618173,0.19503689117580758,-0.02825598556362925,0.03241962939500809,-0.022726571187376976,0.032577622681856155,0.26330846548080444,-0.050114721059799194,0.02362464927136898,0.1483980119228363,-0.03777929022908211,0.004092959687113762,-0.27769649028778076,0.1906493455171585,-0.027566328644752502
0.014555724644998535,0.02882036666480068,0.0224559328201858,0.078363037063875,-0.019880978575351947,0.029578999076192755,0.2797377356106607,-0.048542635163556266,0.020608574940723403,0.06958591392915697,-0.009513251526357253,-0.04265311926359033,-0.30369784930907945,0.20439197831841385,-0.01306805191059208,0.050232596695423126,-0.02051064558327198,0.019887037575244904,0.13901200890541077,-0.04092363268136978,0.03174961358308792,0.06269127130508423,-0.032391030341386795,0.012945439666509628,-0.29788514971733093,0.16569671034812927,-0.02418861910700798
-0.0032468271346665807,0.04701628979563693,0.04262421298269712,0.10780523388029309,-0.005583467666983758,0.020875340824988254,0.170897107826472,-0.036135728575145826,0.030187923333295126,0.02056267102166533,-0.011143796749369508,-0.06039448245237042,-0.2788108448063165,0.2077884658639755,0.0023129826320338522,0.04556028172373772,-0.006746625993400812,0.011028732173144817,0.09100151062011719,-0.05788126587867737,0.024885669350624084,0.07953851670026779,-0.03477258235216141,0.009556164033710957,-0.17717228829860687,0.12860126793384552,-0.021755345165729523
-0.03362593938921104,0.05017700803949594,0.05140431168157914,0.12840853317965342,0.0094997208991108,0.002560219350717551,0.11948552808428858,-0.07642189592033775,0.02434629456668524,-0.024700134647147876,-0.003456777553635809,-0.06611115670035958,-0.20745511909163902,0.1655778587407873,0.002020511992649997,0.06431007385253906,0.0239056795835495,0.012699250131845474,-4.168902523815632e-05,-0.010882049798965454,0.01937849633395672,0.021267395466566086,-0.03326979652047157,0.006343165412545204,-0.14926481246948242,0.07336143404245377,-0.02468215674161911
-0.04286504852740027,0.045701409665003245,0.05701184369259761,0.15848095305554338,-0.00384542226734208,-0.0011871807274011954,0.04897892345290105,-0.09044866552430642,0.03878651240970696,-0.057681972297396425,-0.01590026684937316,-0.06921623812385498,-0.15326225160913964,0.12109682655088978,-0.005196381476606239,0.12529748678207397,0.05015946924686432,0.012171756476163864,-0.1214175671339035,-0.026258675381541252,0.06183282285928726,0.008501836098730564,-0.018597809597849846,0.0028435387648642063,0.10022705793380737,-0.08457466959953308,0.02376575395464897
-0.04678554155475612,0.028806553601067663,0.07287210393698598,0.21920784591244838,-0.01757546072872105,-0.011546621907776703,-0.057673270185678964,-0.08638431451138527,0.06401232860705812,-0.09313872747718012,-0.0241253764077546,-0.01900330937492446,0.01600514077250331,-0.06166941365098125,0.019596584017332008,0.1866433322429657,0.04040208458900452,-0.0025564106181263924,-0.07466863840818405,0.019348736852407455,0.038749195635318756,-0.12076135724782944,-0.02567555196583271,-0.015676552429795265,0.24752962589263916,-0.10979680716991425,0.013274901546537876
-0.05238626611019069,0.025844430885188167,0.11694688267314653,0.21314714397926668,-0.020483712744250693,-0.055867584047111674,-0.08377773226505365,-0.09415511633355138,0.06127399381283965,-0.1410948333550013,-0.024542458299279823,-0.012716029572002924,0.21029282634260843,-0.10101471575341334,0.014093666208372135,0.15796518325805664,0.06605745851993561,-0.023837335407733917,-0.08728919923305511,0.05682329088449478,0.058622099459171295,-0.09526363760232925,-0.01454794779419899,-0.0037231165915727615,0.36222562193870544,-0.18341919779777527,0.015658726915717125
-0.055151521430451704,0.02269516700392283,0.14916865154684325,0.20177366052540457,-0.02701462549258572,-0.08777018443620686,-0.09436963249050023,-0.08376748827611281,0.07802916633415063,-0.13768925784790406,-0.014261740554538665,-0.0019426415495804117,0.3253195828822092,-0.16925624941098846,0.015102535337046261,0.183445006608963,0.0570509098470211,-0.006965734995901585,-0.06209367886185646,0.06223843991756439,0.06228729337453842,-0.13822339475154877,-0.016468781977891922,-0.015841372311115265,0.4595129191875458,-0.2014790028333664,0.025738902390003204
-0.05061094670545839,0.019650564974708344,0.13957343176044062,0.18670463173607485,-0.03365104207087591,-0.07359591840630345,-0.09454340481419844,-0.0663993126429678,0.07999275126824307,-0.14936826422982144,-0.006542347989934577,-0.008403540937787697,0.43670371717060374,-0.19315645877915175,0.02381004052923988,0.14018848538398743,0.0734722912311554,-0.020298685878515244,-0.08984018862247467,0.07438533753156662,0.059183597564697266,-0.1073855385184288,-0.015058651566505432,0.00017807632684707642,0.48431625962257385,-0.17585180699825287,0.007540032267570496
-0.0486579875863055,0.017241764658184208,0.11406345580530713,0.1676947814645844,-0.029363226323457156,-0.04620491383941158,-0.09515804139904686,-0.03773368141857117,0.07230795894549494,-0.13054301000699775,0.009476827930421313,-0.011442057969306873,0.46708321783490875,-0.17438497716110407,0.010643078077060632,0.14449048042297363,0.06124841049313545,0.002150357700884342,-0.08624140918254852,0.07052863389253616,0.035558074712753296,-0.09588614851236343,-0.0076360441744327545,-0.015905039384961128,0.5255617499351501,-0.1970747411251068,0.012424190528690815
-0.03906593878678643,0.01855391551702866,0.0844497800100169,0.14894673219256988,-0.025510303756295857,-0.01800324815740866,-0.0997509989356131,-0.012081262348950142,0.04604776841050742,-0.1107608618292045,0.010491867873577736,-0.01954793770342906,0.5036997734875964,-0.1916791035924558,0.012416575979013555,0.1388281285762787,0.06511962413787842,-0.014621649868786335,-0.10570484399795532,0.07269526273012161,0.04314038157463074,-0.09702583402395248,-0.008030880242586136,-0.0076917968690395355,0.5395911931991577,-0.17378930747509003,0.002816402353346348
-0.03383165826133904,0.020204591020311267,0.059923158744221244,0.13175999223055831,-0.016201389602933373,0.003749491840806185,-0.11394821602355637,0.008587164823127725,0.044104787607269685,-0.09033933111533872,0.01686548318186666,-0.02227991712815519,0.5317053153047532,-0.17261606575134567,0.005032705232683579,0.1434183120727539,0.054761819541454315,-0.015217251144349575,-0.1264704167842865,0.09317014366388321,0.03921160101890564,-0.08912643045186996,0.004223581403493881,-0.014394214376807213,0.5333051681518555,-0.18085040152072906,-0.003211625851690769
-0.028135473023783556,0.02851048157957963,0.05487842089471584,0.11487626700318233,-0.005594331288347411,0.005616106507191944,-0.14820147571439182,0.023272726530479494,0.03402697587087894,-0.06673909361156122,0.02076923039262937,-0.02358714537305665,0.5378140736907446,-0.1758955962118938,-0.0014519628129991624,0.13335567712783813,0.04493270814418793,-0.024934064596891403,-0.16695833206176758,0.08144528418779373,0.03222411870956421,-0.08942344784736633,0.012397374957799911,-0.03257336840033531,0.4885481297969818,-0.1358616203069687,-0.010023036040365696
-0.01327492581145283,0.045065032108893135,0.06188134809722801,0.08224094052553883,-0.003915479458714832,0.0011268535001438098,-0.17459929533397545,0.048191303128623145,0.020013251520809797,-0.04715438764471976,0.010641291587890494,-0.029951461721811044,0.5061369890613098,-0.13479335980822096,-0.008797680118470484,0.09928833693265915,0.054035648703575134,-0.024816248565912247,-0.1972663849592209,0.07245955616235733,0.05827520787715912,-0.047652214765548706,0.011478353291749954,-0.02414187230169773,0.3486431837081909,-0.09476324915885925,-0.016967229545116425
0.006508562165079609,0.05237099124583085,0.05341635069614498,0.05198487289869951,-0.006896900486198471,0.009532757670542806,-0.18753677692352708,0.08019313924725818,0.020473670717623595,0.0019448489741357763,0.0043753949611936675,-0.01745801350916478,0.38032925207134205,-0.09032553973458529,-0.016242375986691454,0.0666121244430542,0.02194858528673649,-0.01904916763305664,-0.1853678971529007,0.032332174479961395,0.023051653057336807,0.006207228638231754,0.013145504519343376,-0.031036049127578735,0.10348875820636749,-0.04745262861251831,-0.028769202530384064
0.023129794886569584,0.07562461055276037,0.039871850028763506,0.007992616105624696,0.0001952076983434199,0.023380718000597354,-0.17805514342924503,0.06832630410119077,0.003545875945626643,0.06959245507994767,0.004927650196593133,-0.01318320267763276,0.16299674263441824,-0.06786132165477815,-0.030071810200995086,-0.02260025218129158,0.004851836245507002,-0.00502676609903574,0.013521539978682995,0.002248743548989296,0.012836532667279243,0.06484488397836685,-0.011299019679427147,-0.01673862338066101,-0.020895902067422867,0.0020262058824300766,-0.033555131405591965
0.029358228899458255,0.10059555834784377,0.017399480332476385,-0.08260847143934504,0.012884397428319727,0.0031484476386479544,-0.04584636316700003,0.008651891360174167,0.011603619324315001,0.10658153511722625,0.02306517856079303,0.012786824209905978,0.0031138301291692974,-0.08129899273613486,-0.047431799575691276,-0.04669374227523804,0.00830217357724905,-0.00703879538923502,0.1306816041469574,-0.09583013504743576,-0.008812854066491127,0.15658040344715118,-0.019747572019696236,-0.004682387690991163,-0.1034897118806839,0.02153472788631916,-0.06735704094171524
0.032095061268410836,0.07576701757180031,-0.020461306431322546,-0.08946909648573202,0.019821358694206898,-0.010390934518654244,0.08917753399863938,-0.0814663223436734,-0.005193654212163081,0.1713443019144061,0.03854130094668298,0.052985074933536463,-0.10732526626890031,-0.08760418936553922,-0.07033748458652418,-0.06976038962602615,0.017521368339657784,0.0005303239449858665,0.17691747844219208,-0.13155275583267212,-0.011824941262602806,0.1405593603849411,-0.03163771703839302,-0.00045121368020772934,-0.1559569239616394,0.024631930515170097,-0.05769241228699684
0.03628885118517917,0.06905370361076732,-0.03742354092815942,-0.09847683614878538,0.017795271084344765,-0.005646185599385559,0.15927026495309382,-0.12069298563760807,-0.010556902156214612,0.17398654210394043,0.04495368666684274,0.06923549820920485,-0.1500971985583393,-0.08969088943273944,-0.07462995050516225,0.009292960166931152,0.02327185496687889,-0.01986410841345787,0.22864443063735962,-0.1385907232761383,-0.004053940996527672,0.1463458091020584,-0.059262700378894806,-0.0024182870984077454,-0.1878248155117035,0.045617684721946716,-0.09163488447666168
0.02404063715237512,0.04118633265699047,-0.021729537746243144,-0.05472277162131306,0.02038304536939849,-0.021444952184120937,0.18287219634747331,-0.1332098829054377,-0.004589545011506502,0.1941573985252333,0.06686753099965657,0.049451034515060735,-0.17142980358192977,-0.05473756186555172,-0.08912253117528064,-0.04893387854099274,0.024068864062428474,-0.014545400626957417,0.29565227031707764,-0.16531488299369812,-0.011625958606600761,0.1303597092628479,-0.04391457512974739,-0.010725261643528938,-0.18565523624420166,0.0405673049390316,-0.08283089846372604
0.01967872091933104,0.04256092658425155,0.006475666520820862,-0.07220350007801137,0.01062587979052819,-0.013523741555647749,0.26593027002749303,-0.1569462438624412,-0.010643671967803588,0.16667153097687112,0.06894956129088788,0.019357417739188122,-0.17139292893989125,-0.03578346597251745,-0.08497044550236676,4.886835813522339e-05,0.023793945088982582,-0.01746354252099991,0.3700353503227234,-0.18896234035491943,-0.003876974806189537,0.13136076927185059,-0.05339432507753372,-0.006415804848074913,-0.17714227735996246,0.07455316185951233,-0.062386687844991684
0.01552873548677126,0.0278231758166469,0.02205190779170273,-0.040639977351417424,-0.003027016280194059,-0.006301892807632064,0.33021824762126645,-0.18366946396260128,-0.0055225058628170995,0.15842523962073743,0.06349130454722325,0.0037507492336823814,-0.1731679399546141,-0.010484417560725493,-0.07715048966924332,-0.01163850724697113,0.0257007647305727,-0.007303767837584019,0.43740564584732056,-0.1908073127269745,-0.0027550961822271347,0.13387419283390045,-0.06212320923805237,-0.0017664860934019089,-0.1991184651851654,0.1209273561835289,-0.08231750875711441
0.002973984235272013,0.019009122390301086,0.02552068720816267,-0.021706189493448585,-0.003550772578470573,0.00335513931540671,0.41426562120838833,-0.18489595612134274,-0.003859636272154732,0.14567391155893064,0.06302779692583049,-0.0010416062918713002,-0.19740123994683484,0.03344341959221215,-0.06572781103853137,0.0006384104490280151,0.0073026432655751705,-0.001295371912419796,0.47899696230888367,-0.20456050336360931,-0.008344979956746101,0.156793013215065,-0.055446453392505646,0.011548252776265144,-0.2111942023038864,0.1558064967393875,-0.07784528285264969
-0.007710727601494051,0.010017342386984705,0.020825076813375643,0.012050283433022675,-0.01089929317705267,0.005619080578025947,0.46890164953335967,-0.19649152699567912,-0.008061736073904677,0.13410476737789703,0.05463848529630967,0.0006789189488998043,-0.22639817204194604,0.08240737763927125,-0.04809248598037298,0.009815599769353867,-0.0044958204962313175,0.016870299354195595,0.44494685530662537,-0.1485767662525177,-0.007522841915488243,0.13743573427200317,-0.056782279163599014,0.017947301268577576,-0.2821354568004608,0.17925551533699036,-0.07046333700418472
-0.007231554149747554,0.01759853893431142,0.02389813635825754,0.038440687163054134,-0.020202188041631573,0.01963049344121354,0.45895402053456985,-0.14705295732076895,-0.007977154485829063,0.11475685253302001,0.03647711772894957,0.0014228843570108943,-0.277857293671763,0.14407194593854072,-0.033291585350424924,0.011327650398015976,-0.015660332515835762,0.035628512501716614,0.3485378623008728,-0.0941120833158493,0.008418610319495201,0.15050482749938965,-0.0430121049284935,0.012046532705426216,-0.3106881380081177,0.17435957491397858,-0.05476684123277664
-0.004886630877181274,0.03224686273396729,0.04222968262951887,0.06660012004181692,-0.026979878327652175,0.03367024461821809,0.3811811580665737,-0.09286213082787063,0.00571913445941403,0.09098401234108343,0.011942321181513017,-0.016480847410979115,-0.31645568045510275,0.1868783762474833,-0.027324403877437575,0.06359957903623581,-0.021649306640028954,0.024325352162122726,0.18170978128910065,-0.06050124019384384,0.02800089679658413,0.09221865981817245,-0.039503324776887894,0.018952062353491783,-0.32401126623153687,0.18085414171218872,-0.03506343066692352
-0.004781222443074311,0.0526946245616917,0.06135333073871905,0.11099365262492118,-0.03236904677304024,0.030250829230830816,0.21981426814465604,-0.05891065508736149,0.024065136436172856,0.04709674096636898,-0.010285907716430448,-0.03254250758790021,-0.3235882726332739,0.20431562202826536,-0.018236221095277883,0.07599008828401566,-0.010920832864940166,0.01378163043409586,0.13424241542816162,-0.07421907782554626,0.028003333136439323,0.083347387611866,-0.038651470094919205,0.01443890854716301,-0.23721545934677124,0.15491342544555664,-0.030162077397108078
-0.027433788661888704,0.05528391926249541,0.08626897330624188,0.12766128474727453,-0.008183612933222228,0.013351073257778368,0.1476198122744324,-0.07014582679689296,0.027537271810184383,0.004843165612789578,-0.011433519641738775,-0.04299944095730575,-0.2702252038639801,0.17518892892190896,-0.02050081568011257,0.08469883352518082,0.003039275761693716,0.006380750797688961,-0.002407400170341134,-0.07792476564645767,0.030494919046759605,0.031738705933094025,-0.027548793703317642,0.008514173328876495,-0.19008150696754456,0.08657733350992203,-0.01394625473767519
-0.05350826069053,0.04350477379288352,0.10360434502990083,0.16128008495374135,0.013810371488732586,0.001175536425638101,0.04493354630913888,-0.09012746894795827,0.03404908425596199,-0.03583068382867385,-0.013990955237979193,-0.05636784281741689,-0.19713183997255782,0.12865693454760996,0.0029966746979399207,0.10006163269281387,0.0229591466486454,-0.013425351120531559,-0.04843126982450485,-0.03142288327217102,0.006201981566846371,-0.011136895045638084,-0.02810044027864933,0.0016009006649255753,-0.09405683726072311,0.046260662376880646,-0.02316543087363243
-0.06980225926293206,0.04169761741718234,0.12319946404720392,0.17426573586039298,0.006310069037002962,-0.023506943102577196,-0.020725371974857666,-0.11674140635016202,0.027977780396907785,-0.08549296578166782,-0.027785894832173773,-0.05635353225953823,-0.11883795316256977,0.07746163958604108,-0.014023892878642098,0.09622233361005783,0.043294757604599,0.0003566918894648552,-0.10950811952352524,-0.028644954785704613,0.04060173034667969,-0.03511575609445572,-0.012583133764564991,0.009618975222110748,0.07694108039140701,-0.03849107772111893,0.008157437667250633
-0.07523263315321103,0.03060379551438263,0.1493289281578486,0.18493015549165745,-0.011634490843787548,-0.05241189631641602,-0.07044478595709935,-0.12058358805523174,0.05711250377200424,-0.12351638812457874,-0.03582406960610511,0.0015805239908655234,0.006781151428518298,-0.025319953901692012,0.004017066733716848,0.15498203039169312,0.042586758732795715,-0.01232949923723936,-0.12221767008304596,-0.015372583642601967,0.03127462416887283,-0.09680882841348648,-0.0181699488312006,-0.0018223579972982407,0.21926748752593994,-0.11411334574222565,0.01002073660492897
-0.07163670438194053,0.0044137944201032885,0.17320313726706452,0.19604602922574366,-0.034620609412768205,-0.07220851532401454,-0.08853849989183003,-0.10364300260148031,0.08201627645772598,-0.13958197220609286,-0.04256350354098498,0.011625707037990372,0.16742081344248197,-0.09968273482973954,0.007873616303190174,0.11106162518262863,0.07927767932415009,-0.00010152440518140793,-0.12004537880420685,-0.014627477154135704,0.06147689372301102,-0.09278801828622818,-0.03569679334759712,0.005346493795514107,0.3709128797054291,-0.14873181283473969,0.020865272730588913
-0.06748876520024717,-0.017469342392372043,0.16770274013843206,0.1897984024403417,-0.038681157612675356,-0.061852168033190505,-0.07992374613852116,-0.08415207042845974,0.08051533333274524,-0.15133125601761208,-0.023692419315782053,0.005499376554193114,0.3175343891164827,-0.13876928446392942,0.018740585737620465,0.14267373085021973,0.050114892423152924,-0.007293731905519962,-0.08633719384670258,0.02277451753616333,0.036712899804115295,-0.13019989430904388,-0.025273002684116364,-0.004609512165188789,0.4348963797092438,-0.1749485582113266,0.017058998346328735
-0.0678118578158884,-0.022447648339611936,0.1470687600837169,0.1712494805492212,-0.03257898580758644,-0.042013537883499395,-0.08240887157453236,-0.06069988329018386,0.06116479056398458,-0.14934182813515254,-0.0016833172911355071,-0.010297066459539353,0.4147770515077079,-0.16793817160504723,0.017832168950128575,0.12494707852602005,0.06423085927963257,-0.010027938522398472,-0.07237764447927475,0.06870996206998825,0.044277727603912354,-0.13527649641036987,-0.019104599952697754,-0.005655352026224136,0.5420693159103394,-0.17619328200817108,0.015034274198114872
-0.057912265790154904,-0.01921980057923606,0.12865111553396985,0.1372352707680035,-0.03624315436455294,-0.02037031177230113,-0.08083357566001416,-0.022091438467893482,0.060557844198714274,-0.15091002349634083,0.007510034801867664,-0.017866414400304616,0.5113492717177651,-0.17270959606795844,0.016108129710494436,0.12309817224740982,0.05927754566073418,-0.008093693293631077,-0.09248525649309158,0.06654440611600876,0.029456401243805885,-0.1234387680888176,-0.008312560617923737,-0.005139444023370743,0.5450814962387085,-0.17247280478477478,0.013986106030642986
-0.05074406792708086,-0.020088055749890903,0.11433815195061535,0.11877159713315605,-0.025801661336703637,-0.00778913479352304,-0.09825714953523193,0.006392877981604862,0.04055344863029586,-0.11560501485385619,0.023704263951836425,-0.018687966469235293,0.545807186462647,-0.1681411556439174,0.015103328282529171,0.11171671003103256,0.0513484925031662,-0.013593646697700024,-0.1119779571890831,0.10364067554473877,0.028793318197131157,-0.10813335329294205,-0.0011242125183343887,-0.022330354899168015,0.5626803040504456,-0.15218861401081085,0.006961282342672348
-0.040999257128207844,-0.00798169557585677,0.10329650653231605,0.0873269855119537,-0.022984646232428643,0.0013259315346854255,-0.12396034022839575,0.043469319266291495,0.046554339908808924,-0.092070365819952,0.0211052671140514,-0.03107256415561561,0.5606864663535119,-0.14984553928721747,0.008772480484131479,0.11736878007650375,0.0600738562643528,-0.015815086662769318,-0.14289405941963196,0.10598819702863693,0.03268548101186752,-0.09141751378774643,0.007707575336098671,-0.02592656947672367,0.5421580672264099,-0.14923082292079926,0.00020147208124399185
-0.02722999946460307,-0.009036440021863266,0.08669592241376056,0.06927141112937399,-0.018105499555422237,0.01777645216266012,-0.14403634722002465,0.0823083861391541,0.04691030011686841,-0.052414152439388524,0.020070312810761395,-0.028380704503543075,0.5498213201472723,-0.14247994930001143,0.0015058060112460312,0.04882551729679108,0.04786917194724083,-0.004629393108189106,-0.20509135723114014,0.08546008914709091,0.036895833909511566,-0.06846136599779129,0.011450337246060371,-0.028513191267848015,0.4537939727306366,-0.09897343069314957,-0.005176980048418045
-0.012845651002605565,0.01136501432235968,0.06744850671202085,0.029773356547353864,-0.004636407361998367,0.03531992808129459,-0.1666056812914312,0.12151360540772387,0.02417797893257169,-0.02949265116190832,0.018781904234224284,-0.029803989678067834,0.47778229358614627,-0.09763346603504097,-0.004036121469823359,0.08365625888109207,0.03827907145023346,-0.016621291637420654,-0.20411142706871033,0.09536620229482651,0.03789724037051201,-0.043635763227939606,0.01874188520014286,-0.03041236475110054,0.32386764883995056,-0.1001453697681427,-0.015470934100449085
0.008935268078840337,0.02530995012237365,0.04823973576547317,0.009297205911460667,-0.0010325258139844279,0.05449623471966739,-0.18982745178742258,0.13932058893893673,0.015017923241249672,0.020032295214795943,0.009553718490897818,-0.026249113649858727,0.3520144457932136,-0.09278632702104268,-0.014033821066305165,0.002054154872894287,0.019909551367163658,-0.009283614344894886,-0.1748429834842682,0.07933516055345535,0.03151746839284897,-0.002192247658967972,0.004351649433374405,-0.019271286204457283,0.11561469733715057,-0.02655855379998684,-0.026678506284952164
0.030487799462852988,0.05608033482933424,0.045590035605112406,-0.05306988411071085,0.0012445138641218173,0.05777891950479931,-0.16927823526138144,0.11882941737097376,0.01624246580542366,0.06393008644256717,0.00918405119714856,-0.020489645424443825,0.17009380091055318,-0.059471227303739584,-0.027104769286267205,-0.010104257613420486,0.0012712300522252917,-0.011971252970397472,0.014546618796885014,0.006331192329525948,0.004042578861117363,0.06250948458909988,-0.00885751936584711,-0.01060640998184681,-0.023602090775966644,-0.01598457805812359,-0.032262180000543594
0.04498374987559201,0.06287605906683308,0.02649567848616338,-0.10056035088961865,0.007327785273370339,0.008566364443258513,-0.05633237364338226,0.01624102527610585,0.005531033543491098,0.12574523645304198,0.023841317110312062,0.005598794419827989,0.018397404700615887,-0.08382080824820323,-0.04346409517458581,-0.12417014688253403,0.01086095254868269,0.002605017274618149,0.11002594232559204,-0.06875494867563248,-0.005337748676538467,0.15947917103767395,-0.012307456694543362,-0.005619192495942116,-0.08352965861558914,0.020685497671365738,-0.04315083473920822
0.052088182577886354,0.05980480450337939,-0.012483406102184486,-0.13535067433812906,0.019604552947550605,-0.003233375568073505,0.08528515488496563,-0.05443108423017242,-0.0031411232972468088,0.1639182624539124,0.0416976397951033,0.04777343280340389,-0.09047613393004768,-0.08924628837095612,-0.06344149965261642,-0.05798055976629257,0.014041303656995296,-0.004844329319894314,0.18922480940818787,-0.10275956243276596,-0.0013568568974733353,0.14218197762966156,-0.029544789344072342,-0.0055344440042972565,-0.15243585407733917,0.026347290724515915,-0.05271703749895096
0.05824208310998355,0.04544018295856201,-0.03169093262436098,-0.11765479514433257,0.017334820523132462,-0.009340495755332145,0.15023092325759962,-0.09434280540712729,-0.0012551575158723037,0.1835344270671564,0.053299462995350634,0.06765670032118322,-0.13878878764062597,-0.08231023758191003,-0.09447060362771009,-0.0568447969853878,0.01662982627749443,-0.007514548487961292,0.2558213770389557,-0.12451330572366714,-0.005121363326907158,0.14671194553375244,-0.042205821722745895,-0.005600487347692251,-0.1671353429555893,0.00830861832946539,-0.05017047002911568
0.050661713373496474,0.022421348583407833,-0.014061072236709693,-0.09556535934180417,0.01596219360990237,-0.013970381748873717,0.22015892420856312,-0.11595280662444073,-0.003996713663226234,0.18886280439453867,0.06802293537252603,0.0444183077584271,-0.1397976937432503,-0.06590006206547389,-0.08541508073535099,-0.03891301527619362,0.028085926547646523,-0.007594049908220768,0.32346779108047485,-0.13360576331615448,-0.013586414977908134,0.12667040526866913,-0.0529157891869545,-0.0216047503054142,-0.17563754320144653,0.03224847465753555,-0.07216668874025345
0.04725034568110827,0.0147751276774044,0.018336966050422752,-0.08392294572723559,0.003558231507687186,-0.0014275180333197164,0.28610459678418926,-0.12820382105127676,-0.012546927256022833,0.1804032378817976,0.06741720393899645,0.011591471483015254,-0.15193201309994647,-0.04365880771714039,-0.08560792057905339,-0.045508358627557755,0.027180621400475502,-0.007027781568467617,0.3983236849308014,-0.18751706182956696,-0.0030287746340036392,0.16207244992256165,-0.04658927023410797,-0.007398828864097595,-0.13955552875995636,0.07905837893486023,-0.04743807762861252
0.04238056699559074,0.009051799622214685,0.03463196346691517,-0.05969301959099132,-0.002454468305566888,0.005237506180602501,0.3690613188249526,-0.1780049477225947,-0.005162946927941654,0.16463093972525839,0.06604731837335716,-0.006204938514920408,-0.15320226874698703,-0.020060292063043134,-0.07072336252991847,-0.01873689331114292,0.022453803569078445,-0.0016082795336842537,0.43987175822257996,-0.1712585985660553,-0.010539015755057335,0.15244103968143463,-0.05542386323213577,-0.00567670539021492,-0.17436879873275757,0.12065760791301727,-0.07108400017023087
0.03709777200841258,0.003080663066336314,0.03431711141944138,-0.022380779557652115,-0.009641326455919594,0.010902855310946218,0.4247438471638511,-0.1669303995613328,-0.01046002310114163,0.1534140595543369,0.06233523973858424,-0.007804606112511945,-0.18188083777083033,0.027438004003828866,-0.08347874264888676,-0.01338304951786995,0.005849563982337713,0.009120546281337738,0.4707665741443634,-0.19377821683883667,-0.003922877833247185,0.17759975790977478,-0.04834870621562004,0.012872863560914993,-0.1894155740737915,0.1551869511604309,-0.05832347646355629
0.030825103363168075,0.002880043184595355,0.031774872502399534,0.01171029684050837,-0.017800682921547413,0.016926123349912194,0.4684632968997237,-0.18456116881813045,-0.005369085677581522,0.13822065356155902,0.051766950385748266,-0.0028885645179063026,-0.2155436013630895,0.07515521598478947,-0.07827485857403463,-0.0042517539113759995,-0.009712650440633297,0.02296942099928856,0.44250166416168213,-0.13076724112033844,0.0039148833602666855,0.1578778624534607,-0.04409530386328697,0.010773942805826664,-0.2639774978160858,0.1644870489835739,-0.05076577514410019
0.024990969426319537,0.010033012682170332,0.03872790046520903,0.03490607938505916,-0.02448907131406759,0.02474566419860997,0.46015415193326253,-0.12980199228926345,0.0022855591958407763,0.12174896169224007,0.03378531140242428,-0.008193934713677263,-0.2664509215515128,0.1337294185270851,-0.05613829234745053,-0.0003842376172542572,-0.0211480762809515,0.03112877905368805,0.3719971179962158,-0.09581797569990158,0.010080145671963692,0.15998288989067078,-0.03982160985469818,0.01166872214525938,-0.298358678817749,0.14451263844966888,-0.04313940182328224
0.022870306205290254,0.020760710626228255,0.059081648541373266,0.05760269550577462,-0.03063981035488844,0.030806817058720053,0.4006059004615427,-0.09273995493287264,0.00872838157205975,0.09961770565359616,0.00980807345299041,-0.027994586146434654,-0.2977325169566976,0.17052857408960737,-0.03584306522967795,0.04857075959444046,-0.020208368077874184,0.030477557331323624,0.19762612879276276,-0.04682017117738724,0.029295695945620537,0.12158588320016861,-0.041635312139987946,0.007334955967962742,-0.32182255387306213,0.1554262340068817,-0.038887519389390945
0.01721904453688309,0.03503035343026227,0.08037786464669182,0.10535072472611824,-0.03095381708726617,0.034114388648124654,0.24213944846839153,-0.045688076660534115,0.025683771700001714,0.07030041639986456,-0.00977216655797214,-0.04537546525078974,-0.3141619578076747,0.1891058957277021,-0.02446278750821103,0.06666558235883713,-0.009588933549821377,0.013929571025073528,0.13683101534843445,-0.08608576655387878,0.02793782390654087,0.09511017054319382,-0.04306623712182045,0.013037063181400299,-0.2369627058506012,0.1376112997531891,-0.028253071010112762
-0.01076399327956416,0.04689772034559584,0.10422103474903523,0.1177591669690421,-0.009341891009384961,0.014516952111543717,0.15279938784378558,-0.07866352182068471,0.027738464489226542,0.02389005958639734,-0.011684788678211752,-0.043160785392932194,-0.2649158935364492,0.1586699280525809,-0.019891207622445225,0.08159477263689041,8.352415170520544e-05,0.002728356048464775,0.028447674587368965,-0.05503498762845993,0.028847718611359596,0.07178805023431778,-0.02353270724415779,0.0074878837913274765,-0.18376734852790833,0.09414182603359222,-0.03535785153508186
-0.0429230362183771,0.030825066581474776,0.12834528905076364,0.14634153059352148,0.015219856293637209,-0.002226473677575262,0.06605565067456058,-0.06844774954055292,0.0290612261631291,0.0017812018736717292,-0.01601246176690854,-0.05015476534608508,-0.20087202437655596,0.12291884458458172,-0.0228441019208325,0.08528110384941101,0.017533544450998306,-0.01383496169000864,-0.06000620871782303,-0.02821829356253147,0.024343879893422127,-0.02040719799697399,-0.012118118815124035,-0.0054657128639519215,-0.06938699632883072,0.004609512165188789,-0.011023837141692638
-0.060106807689339806,0.038052534863520684,0.14187933312394505,0.16090507220183284,0.0065424394985278194,-0.020562253661285845,-0.016905553955965328,-0.10640807002849752,0.03849408605542248,-0.07374017091137063,-0.03614595442434447,-0.052562413029257585,-0.09002674334082669,0.04103458493478876,-0.005995837548770636,0.12602251768112183,0.030915115028619766,-0.01664680242538452,-0.09188109636306763,-0.009873169474303722,0.031028062105178833,-0.02324242703616619,-0.015203462913632393,0.009606659412384033,0.06192975118756294,-0.04148593544960022,-0.0012420276179909706
-0.07326524138613273,0.03380444049984857,0.17687419943893254,0.1789434191369686,-0.005717272984279646,-0.059578912544706604,-0.08070992485850656,-0.12244824582711762,0.056255984513947005,-0.097445804655437,-0.039528356637872644,0.0030472133593813424,0.00299024003909917,-0.034109231050278535,-0.002677072025074366,0.15181446075439453,0.048244405537843704,-0.008256214670836926,-0.10992871224880219,0.0041999053210020065,0.03378981351852417,-0.08533313870429993,-0.014760870486497879,-0.010508754290640354,0.2302711009979248,-0.12584060430526733,0.004421846009790897
-0.06097474446453134,0.0008662288888687511,0.1971628869491255,0.1892162754335566,-0.04002509299130792,-0.07237000101770537,-0.08208370678010246,-0.09928091919606624,0.08449482193681776,-0.11967504356910086,-0.05406947732589038,0.009836076529205524,0.17794935335677906,-0.10810505963483051,0.001501420520296776,0.11211239546537399,0.07188399136066437,-0.006404913030564785,-0.1408105492591858,-0.023846259340643883,0.06088057905435562,-0.07547218352556229,-0.03260203078389168,0.012901388108730316,0.35994476079940796,-0.1435893177986145,0.01715788245201111
-0.06251207848224725,-0.019801807451197622,0.1844615772634358,0.19361261679263753,-0.038611773126193225,-0.05748030790361556,-0.08866753587299643,-0.07881866218940357,0.08054611243586834,-0.13282452292649222,-0.022325278432145438,0.010011640645364708,0.3112853269491353,-0.13568475853154693,0.01473947070708399,0.1613081991672516,0.05261693522334099,-0.0026417290791869164,-0.05716925486922264,0.04777073860168457,0.036833927035331726,-0.13598684966564178,-0.027918804436922073,-0.025132417678833008,0.4471763074398041,-0.18280765414237976,0.019275231286883354
-0.06028536284029238,-0.02448154571740955,0.16725433563256842,0.16890285935546342,-0.036092541489740414,-0.03755194283025239,-0.0753241348688454,-0.054563754834662775,0.06391639351720733,-0.14440511830493802,-0.0050841488548770955,-0.02642280109222086,0.42556731497082934,-0.17410375258982605,0.019020017197747725,0.111966572701931,0.06403493881225586,-0.0084797078743577,-0.09469208121299744,0.042636625468730927,0.04227347671985626,-0.1183539405465126,-0.0229940265417099,0.0006279908120632172,0.5339205265045166,-0.17854495346546173,0.008243649266660213
-0.05128137523873529,-0.025919664889060074,0.14334743717917559,0.14669376764219733,-0.03515681223619345,-0.013860214633040255,-0.08059032042212382,-0.02098591873823512,0.05164708096349813,-0.14358967573545436,0.016199026107432034,-0.02220412042912652,0.5077773198219486,-0.17679752569913637,0.011112233181982813,0.1416899561882019,0.05557282641530037,-0.005535618402063847,-0.07526055723428726,0.07476162165403366,0.032434090971946716,-0.13918408751487732,-0.010136347264051437,-0.016050448641180992,0.5567615628242493,-0.17332760989665985,0.01669831946492195
-0.042747013937150066,-0.022015781019599057,0.13221563384921084,0.1232262559362746,-0.03213278943358525,-0.003470106740888788,-0.09392965450847031,0.007182416760744786,0.041849420393500696,-0.12467750544808494,0.024258023225220107,-0.028477431601288933,0.5543537598848974,-0.16948066800818,0.0166388276970422,0.08910097926855087,0.056594375520944595,-0.009723984636366367,-0.12891529500484467,0.08246131241321564,0.02649635262787342,-0.10320290178060532,-0.002973470836877823,-0.02250758185982704,0.5657157897949219,-0.144286647439003,0.007042599841952324
-0.03918980123637426,-0.007345044896872821,0.12737194206009705,0.0932258888663056,-0.02618792241613716,-0.0003890841616113527,-0.12166930287304578,0.03256930020720221,0.04160859260393277,-0.10456047997957707,0.026609074133692165,-0.03725515040546894,0.5610831264504028,-0.14385251801668217,0.009445216935348508,0.1360553801059723,0.05604986846446991,-0.018155347555875778,-0.12205664813518524,0.10874547809362411,0.027112683281302452,-0.10589586943387985,0.009369425475597382,-0.03247732296586037,0.5502125024795532,-0.1661083847284317,0.0003070458769798279
-0.02191306645152597,-0.007167906781110062,0.11655761691431218,0.07610386626245276,-0.02720129842925967,0.011946338754139724,-0.13809550380191102,0.06876767201495497,0.04693303529245539,-0.06454347418782522,0.020569512619367993,-0.03252579787157235,0.5541585865286367,-0.15670271805659425,0.001515576577999779,0.06170113384723663,0.0500066801905632,-0.005790662951767445,-0.20057110488414764,0.08334985375404358,0.030037468299269676,-0.0711911991238594,0.0117215346544981,-0.0345570407807827,0.45169690251350403,-0.08768784999847412,-0.004380783997476101
-0.01198685838064625,0.007509207294989243,0.09840685348509068,0.046748283303337294,-0.011868369149524962,0.027536384938909742,-0.16339054489898794,0.10650390505903434,0.028135229800316006,-0.03571804475580546,0.02152704611486,-0.03588210106191225,0.47637330935034394,-0.08875149589202573,-0.0033821415796574665,0.08731774985790253,0.03806130960583687,-0.01217250619083643,-0.20661355555057526,0.0889177992939949,0.03780596703290939,-0.0504118874669075,0.017175372689962387,-0.04003726318478584,0.32624557614326477,-0.09977979958057404,-0.015310392715036869
0.006966689039917812,0.02589155237839257,0.07685039795575194,0.02396617521289474,-0.005306610193426718,0.048640022600048884,-0.18916542965191302,0.1299360376740182,0.014152131888509719,0.005518794005460366,0.011880402470640046,-0.03619397759954096,0.3519971608306594,-0.09175692836762071,-0.01368599579234905,0.019021274521946907,0.016474200412631035,-0.012577361427247524,-0.1798694133758545,0.06141790747642517,0.02109365724027157,0.004125705920159817,0.008543804287910461,-0.02268894575536251,0.12397795915603638,-0.030309902504086494,-0.036208927631378174
0.02828805690940441,0.05084312937364972,0.07156493170399855,-0.028199002579685932,-0.002404820359773571,0.05427325471293733,-0.16761662117943915,0.10405426177727423,0.006370172379482488,0.05740039669340071,0.010001926480649853,-0.025005334368399103,0.16936858746718075,-0.05936537789868645,-0.031752254128688595,0.004817361012101173,0.008138950914144516,-0.007808522321283817,-0.02542690560221672,0.03337002545595169,0.015254865400493145,0.050865866243839264,-0.009846122935414314,-0.01329465489834547,0.0011124396696686745,-0.006186772137880325,-0.021720707416534424
0.040774289686184524,0.0631213128983014,0.049194660306754144,-0.07087487628380196,0.0068021438368691765,0.006908035301455738,-0.08475575514239929,0.03734706983272394,0.013734747649828813,0.10317801113986898,0.0255976503018719,0.004830452215872964,0.034525887131418756,-0.08251741626782245,-0.036860562804620856,-0.0849088504910469,0.004617700353264809,-0.004087015986442566,0.09680810570716858,-0.0875791609287262,-0.013386288657784462,0.1420324742794037,-0.017778702080249786,-0.012928548268973827,-0.09280748665332794,0.02507312223315239,-0.06683529913425446
0.04269562592652233,0.0594089173113681,0.016089767174501345,-0.10615594281298744,0.021421283230192656,-0.009713353232526565,0.06275968533112605,-0.06821331856324217,-0.008428361136133837,0.15409917127189465,0.04966414250714421,0.038615660471534495,-0.08881836565303673,-0.08202351547369924,-0.07856907431375246,-0.07356145977973938,0.02088269405066967,-0.0027631809934973717,0.18288014829158783,-0.09320232272148132,0.0029698293656110764,0.14175711572170258,-0.023243039846420288,-0.00357801653444767,-0.13030047714710236,0.024376854300498962,-0.042020283639431
0.0485561606938706,0.04992094407482673,-0.0011979666501978395,-0.11071899868148044,0.021047449149770716,-0.0076359620565584815,0.15055316565547538,-0.0870457058749542,0.001553505252364452,0.16268286768796067,0.05860131997750736,0.05577463757033389,-0.12442954887324,-0.08107829306419191,-0.09093052024760453,-0.0222468338906765,0.019183315336704254,-0.0176873579621315,0.2342824935913086,-0.13387873768806458,-0.007492652162909508,0.13475482165813446,-0.0569731704890728,-0.0026226164773106575,-0.16987746953964233,0.040402889251708984,-0.07715585082769394
0.043676883558007064,0.024158248494391566,0.006466486470864693,-0.07091374930666754,0.013699242223393105,-0.019158274043042742,0.19750869937409907,-0.12314494005774226,-0.005771324710856113,0.1821631108853422,0.0699191013226237,0.0445288675274252,-0.14471939195850453,-0.05444693956380123,-0.10394922879411175,-0.05723462998867035,0.025136418640613556,-0.004490221850574017,0.3263587951660156,-0.13759064674377441,-0.011791130527853966,0.13466975092887878,-0.03558005392551422,-0.019444486126303673,-0.17192843556404114,0.03034987673163414,-0.06264083087444305
0.03781519608791174,0.020917949790528984,0.035288180107087265,-0.08406666189310856,0.007570026510588448,-0.004058211414611696,0.2930137968043691,-0.13224649012043638,-0.010987959769935279,0.16805029068077565,0.07086480472925627,0.01310020676183795,-0.15310174088715847,-0.034265040499191754,-0.08907017955285232,-0.014896469190716743,0.02653566189110279,-0.010826135985553265,0.3881911635398865,-0.18859301507472992,-0.006766350939869881,0.14370158314704895,-0.060068529099226,-0.00792455393821001,-0.1647571325302124,0.09377261996269226,-0.07236587256193161
0.03378682390167345,0.007844498409750678,0.049761255163200235,-0.04680023029130497,-0.005460775040831158,0.003443662628177552,0.3549811206156011,-0.1793936351770152,-0.0081993913832494,0.16614163299964513,0.06539672426057859,-0.0016530672097138652,-0.16500945650947585,-0.0035369296734326576,-0.08858416612016182,-0.027432573959231377,0.02377653867006302,-0.0019500600174069405,0.43687713146209717,-0.1790364384651184,-0.009063078090548515,0.15617896616458893,-0.049717821180820465,-0.0005539245903491974,-0.17218995094299316,0.1316247135400772,-0.06923945248126984
0.026892579117725277,0.006436309618075601,0.0505672531990141,-0.025430820981875137,-0.011985412428638395,0.011476481278726764,0.42334856314285646,-0.17486305966227692,-0.00981255190566398,0.15004644555347393,0.05825415102082588,-0.0024185555478099573,-0.18961425676046056,0.036780869626473235,-0.082013192370158,0.0026813820004463196,0.004052826669067144,0.002285691909492016,0.46976009011268616,-0.18834049999713898,-0.007182450965046883,0.15790992975234985,-0.049987830221652985,0.01026189886033535,-0.20840948820114136,0.15491081774234772,-0.06361939758062363
0.018005426849348916,0.002994008420764593,0.045175872592607934,0.010798500292897514,-0.017568601855197808,0.010862360307301136,0.4623771005106957,-0.18170669981349383,-0.00807284596666921,0.13823766732534815,0.04840372213957345,0.0030008765498711243,-0.2220488872390372,0.08193733275778321,-0.06363702795044787,0.006132816895842552,-0.007237149868160486,0.018204346299171448,0.4378500282764435,-0.13821159303188324,0.002359280362725258,0.15324360132217407,-0.05268891900777817,0.01328469067811966,-0.2695198357105255,0.1833847612142563,-0.07015287131071091
0.010059324653925008,0.009325915619293947,0.04770371164277326,0.037261975617760366,-0.019601619038059542,0.018761184438188843,0.45145347948621234,-0.13608510439686486,0.0006216882461923944,0.12296329643506858,0.033945862617789806,0.0006558097065845462,-0.27413694773349107,0.1403159970451495,-0.044673876559106325,0.00995948538184166,-0.020878275856375694,0.02544974908232689,0.375188946723938,-0.10134013742208481,0.006234722211956978,0.15366367995738983,-0.03782559186220169,0.010114019736647606,-0.29712769389152527,0.1534811109304428,-0.05032696947455406
0.00761845468182694,0.019211496743408513,0.07082304285192623,0.06001006750797791,-0.023910468110615295,0.02242547744836049,0.39892757409707597,-0.09890062365080778,0.005398900085998304,0.09894413168910192,0.011207465365674033,-0.0203465152219506,-0.2976499176922667,0.17521811807705384,-0.02703350523369081,0.05583067238330841,-0.020925255492329597,0.024454481899738312,0.1929008960723877,-0.04376985877752304,0.02597443386912346,0.1025506779551506,-0.04619528725743294,0.010928690433502197,-0.33439764380455017,0.17262838780879974,-0.03956998139619827
0.005919536193013361,0.03919136482888551,0.08918218996991682,0.10572726942112463,-0.02709919025369511,0.026789695114082985,0.2358720625197112,-0.0433242853993999,0.022444971361879645,0.06426913668464077,-0.010962555624326086,-0.03682107203106337,-0.3178806787175378,0.20355900657910245,-0.016330734167601103,0.07374445348978043,-0.01110824104398489,0.01788342371582985,0.1344129741191864,-0.07487571984529495,0.026688672602176666,0.1025070995092392,-0.03689960017800331,0.008737239055335522,-0.23052868247032166,0.14699937403202057,-0.03181901574134827
-0.020728805014917386,0.04678171504410829,0.11637726627369668,0.12561340431636614,-0.0035546057317402996,0.015177635158475504,0.14860387928300325,-0.06859758301036463,0.02639803761702395,0.02192110772204509,-0.010585523902562483,-0.04574594340789464,-0.26526045970130346,0.16693531657381402,-0.019359353451952468,0.09184924513101578,0.007009630557149649,0.0002552168443799019,0.008203546516597271,-0.06213528662919998,0.026849206537008286,0.03904573619365692,-0.03015470691025257,0.009130497463047504,-0.19796445965766907,0.10050102323293686,-0.03543815389275551
-0.05068295299599878,0.04009999219201304,0.1365620123945431,0.15509999104521008,0.012718247556934126,-0.0022514712762653193,0.04824128460780393,-0.0819267425895181,0.02995473731247994,-0.016299334798851203,-0.014710008278961675,-0.05463209249873623,-0.2015888181076267,0.13472890682023822,-0.012502895465278125,0.0888649970293045,0.018498064950108528,-0.010131754912436008,-0.03277074918150902,-0.03515079617500305,0.021035607904195786,0.00721270777285099,-0.019955098628997803,-0.004565441980957985,-0.05670453608036041,0.02022700570523739,-0.013589554466307163
-0.06570948546780293,0.03856137659226579,0.15413448514538527,0.1666061979024236,0.0031752093907412354,-0.02496011422694447,-0.003144436278818716,-0.11775408650789557,0.039991577316686885,-0.0721873393874812,-0.03010814039895518,-0.05143957159191395,-0.0953849435021115,0.049889049307480685,-0.008618452084491935,0.12986770272254944,0.04105519875884056,-0.006784697063267231,-0.11188694089651108,-0.016098463907837868,0.035392604768276215,-0.04629035294055939,-0.01586626097559929,0.0035085375420749187,0.0678333044052124,-0.03787042200565338,0.00271491426974535
-0.07274361298910184,0.028163258980782313,0.18173105790559135,0.19309699969217084,-0.013510270624332299,-0.05557917811612472,-0.08290649453627276,-0.12324404296306728,0.056755684057242205,-0.10714894650442927,-0.038767244453547386,0.0010751895876022915,0.015476427238388532,-0.0269569346575693,9.9716371562593e-05,0.14863288402557373,0.042821116745471954,-0.014467076398432255,-0.10306166112422943,-0.0036209654062986374,0.04008127748966217,-0.09091108292341232,-0.015783898532390594,-0.005057024769484997,0.22712132334709167,-0.1172478049993515,0.009146345779299736
-0.06644189638436737,0.012635792694612529,0.20529595082365815,0.1865654151313055,-0.03917308938125829,-0.07501747667759162,-0.08335889537323372,-0.10625889491639642,0.08842343629285168,-0.1345447420072839,-0.04536294416471607,0.00932539372921608,0.1718781441291235,-0.10237574576394766,0.006382706349764549,0.1302594542503357,0.07498496025800705,-0.0007584346458315849,-0.12323430925607681,-0.008903829380869865,0.05573207139968872,-0.0859331414103508,-0.0334475003182888,0.006041755899786949,0.3714817464351654,-0.15285998582839966,0.018774904310703278
-0.0656158870924533,-0.018515872569612346,0.19559693443444715,0.19958201325774322,-0.042347903796979364,-0.06079175960744496,-0.08671388886930304,-0.08773892329625468,0.079731700493773,-0.1406477303797631,-0.023380105883766013,0.006498323438664643,0.32009791120637915,-0.1427092215726251,0.016688199396635826,0.1451665461063385,0.050799839198589325,-0.0070754652842879295,-0.08425793796777725,0.023790298029780388,0.038803212344646454,-0.13364841043949127,-0.02508910745382309,-0.014431990683078766,0.4425138533115387,-0.1728849560022354,0.016448326408863068
-0.06428632707067937,-0.019481819485146046,0.17706379904604572,0.17486863293771276,-0.03600308960134765,-0.04143758624298068,-0.08305713285677795,-0.06382397672495711,0.06181875906624755,-0.15064570846769856,-0.0014376627959072398,-0.01953142630394987,0.4223412341621425,-0.16622522952085175,0.017030424524596403,0.1368098258972168,0.06522023677825928,-0.004514430649578571,-0.07029922306537628,0.060445770621299744,0.04602022469043732,-0.13024261593818665,-0.023278560489416122,-0.006855495274066925,0.5515097379684448,-0.1895010769367218,0.014918102882802486
-0.05164972491871116,-0.022384478774939657,0.15537764068478305,0.14932515142678404,-0.039208241790086175,-0.017301136099133908,-0.07926776841860955,-0.027594085931386483,0.06046330141490869,-0.14967262638501014,0.01114445039750054,-0.02321718459279651,0.5198540615079364,-0.18506170298782856,0.016149445750143425,0.12177454680204391,0.059002868831157684,-0.007905774749815464,-0.09316769242286682,0.0644211396574974,0.02715388871729374,-0.12947167456150055,-0.009108591824769974,-0.011498484760522842,0.5453354120254517,-0.1590162068605423,0.013126268051564693
-0.04719235599968002,-0.019553915264961932,0.1433554696320939,0.12523514697083643,-0.02869058550743471,-0.006526953552105763,-0.09413525386710923,0.0026287093850816366,0.038329378688965764,-0.1224424595407429,0.02555698799220063,-0.026851673108819078,0.5480062963324207,-0.1576272503141493,0.01451056771811733,0.11377609521150589,0.05414643883705139,-0.009889618493616581,-0.11941119283437729,0.08501735329627991,0.03389263153076172,-0.10555706173181534,-0.001013055443763733,-0.021472610533237457,0.5696498155593872,-0.16585847735404968,0.006004416383802891
-0.040983832889465985,-0.005813807818581348,0.1334973530829905,0.1002202894754563,-0.023518111156958843,0.0007655157262792144,-0.1280132295970086,0.031626952429345774,0.04262076791340399,-0.10028714705719914,0.026344500053056472,-0.03308974807382064,0.5618525476668625,-0.16171097408361135,0.008054230654622083,0.12188827246427536,0.05410690978169441,-0.017504703253507614,-0.13841988146305084,0.10456440597772598,0.010773463174700737,-0.09788846969604492,0.009404219686985016,-0.034359801560640335,0.5373162031173706,-0.14826993644237518,-0.0014955317601561546
-0.02659612788553291,-0.0032137109713803987,0.12257178112886782,0.07670326213444521,-0.02037499253843664,0.010927720085586998,-0.143164578863188,0.06850362523648744,0.03603267661836545,-0.060963359113274385,0.019593712888886578,-0.03503253832083745,0.5458367469618193,-0.14331997738537391,-9.46247400217679e-05,0.07347681373357773,0.052091632038354874,-0.011407141573727131,-0.19536608457565308,0.08785512298345566,0.03800760954618454,-0.06895159184932709,0.013177264481782913,-0.030298523604869843,0.45151203870773315,-0.09683038294315338,-0.0082069868221879
-0.013930599862776177,0.010600415377887452,0.10577942682225433,0.045649529951206934,-0.007386598028434391,0.025987529690822863,-0.16816559541372672,0.10845608664399303,0.027147444829762536,-0.030501780195059516,0.021672396529189477,-0.032064107995014406,0.47292985983708197,-0.09546369077748963,-0.0068853697326673804,0.09232304990291595,0.03865807503461838,-0.012545385397970676,-0.20781312882900238,0.08308637142181396,0.03286833316087723,-0.05013183504343033,0.01639280840754509,-0.03630116209387779,0.3273641765117645,-0.09452521800994873,-0.013213769532740116
0.0052151238461803405,0.025114718326586044,0.0831237920976829,0.02575565412087799,-0.001752399328466697,0.04880277538239543,-0.1899084705052343,0.12755614050057948,0.011496373785330428,0.011855700576009664,0.00954189484265971,-0.031109743176652417,0.3568687233105787,-0.08748828247337401,-0.01254840854868713,0.008414819836616516,0.021286284551024437,-0.012926139868795872,-0.17192034423351288,0.07272829115390778,0.029274901375174522,-0.0017612837255001068,0.006062875501811504,-0.021875113248825073,0.12113793194293976,-0.03308331221342087,-0.032059114426374435
0.02446129872550878,0.05440449014713274,0.07817314125121663,-0.0391125291558751,0.0022178022431627426,0.052441676476261474,-0.16456258281014755,0.11034143099197542,0.013818612823770416,0.055659653971633985,0.00825565311787007,-0.023961040089043737,0.17053247471192312,-0.05744493656832001,-0.02981876304110501,0.0236227884888649,-0.00029714463744312525,-0.012861420400440693,-0.02629510685801506,0.008566590026021004,0.009157499298453331,0.05871379375457764,-0.006459243595600128,-0.01004931889474392,-0.017675481736660004,-0.0026316624134778976,-0.03244998678565025
0.041079692945305044,0.06015064102760077,0.055531044372162705,-0.06728854381291088,0.007158412081250994,0.009992544094208432,-0.08775546131891294,0.0194699594691934,0.009018217505947867,0.12051826240264671,0.021791843026709005,0.004341959750203812,0.02157901192305744,-0.0807293981950934,-0.04583145289774589,-0.11568392068147659,0.00548540661111474,0.0045717558823525906,0.11585769057273865,-0.07827366888523102,-0.008456440642476082,0.14722469449043274,-0.017044099047780037,-0.005626615136861801,-0.08569929748773575,0.023493066430091858,-0.04665727540850639
0.04366572087457474,0.06192319578728926,0.01980956985360836,-0.12652422284409234,0.0206705564971164,-0.002049550458238304,0.08289766251484273,-0.06247839106129272,-0.005077982959989297,0.1541946414435678,0.04207979803845783,0.04324745862895239,-0.08922226893760876,-0.08500640538901745,-0.06399129040931933,-0.05214552581310272,0.01948263868689537,-0.00975917000323534,0.17770938575267792,-0.10198245942592621,0.0007707718759775162,0.14250001311302185,-0.02780427597463131,-0.006066645495593548,-0.14656779170036316,0.028870783746242523,-0.054450541734695435
0.052215504859494916,0.04724091130630065,-0.0020955609006924197,-0.10694433637754094,0.01521189671925479,-0.01171271113921335,0.14410198767045476,-0.09477157077455985,1.1504074111278099e-05,0.17716769878965594,0.05197916380219736,0.06563562124949641,-0.13737466026365128,-0.07820373169361634,-0.09473757889754736,-0.05231666564941406,0.01626998372375965,-0.010153754614293575,0.2540404200553894,-0.13625596463680267,-0.004647674039006233,0.1339302361011505,-0.04557722061872482,-0.002710889093577862,-0.17325183749198914,0.020756226032972336,-0.05769127979874611
0.043291609906692,0.025301881757514976,0.010765861517425505,-0.09312866283192517,0.01610367104746216,-0.01638841279316145,0.2167021533730706,-0.12628357422136696,-0.0033952139175054295,0.1806584215307062,0.06807111669083149,0.047128989857746675,-0.1436055489877606,-0.057724199215383895,-0.09149383935166862,-0.03606411814689636,0.02566351927816868,-0.009412440471351147,0.3175254762172699,-0.1342010498046875,-0.015127716585993767,0.13073666393756866,-0.048757217824459076,-0.016128195449709892,-0.1736833155155182,0.03912340849637985,-0.07094977051019669
0.039878381630911244,0.01640799196139374,0.03859188125378937,-0.07948808763888157,0.00397725431158265,-0.00480408652721967,0.2806964221406255,-0.1300648767481734,-0.01365866036427398,0.17656341208610749,0.06772074528712263,0.017859557573721384,-0.1542088843598722,-0.036318822808847365,-0.08883970293370795,-0.03311440348625183,0.026546424254775047,-0.006946914829313755,0.39345797896385193,-0.18600858747959137,-0.0040612127631902695,0.14329952001571655,-0.05114728957414627,-0.011954396031796932,-0.1627480685710907,0.07947869598865509,-0.0596359483897686
0.03316135945134707,0.012418330307059619,0.0575471889375686,-0.05950548982797639,-0.0038392965686859038,0.004502160646179552,0.3607424725816197,-0.17681789329017628,-0.0061923939271851525,0.16459531095017194,0.06545938217956943,-0.0008889057133905597,-0.1623638346036161,-0.011377530114887301,-0.08023413746339808,-0.02177596651017666,0.022617051377892494,-0.001674470491707325,0.4406794309616089,-0.1745806634426117,-0.010312041267752647,0.14854435622692108,-0.0525546595454216,-0.0027077682316303253,-0.17039848864078522,0.12856055796146393,-0.06693544238805771
0.02750526772012279,0.005753746271873935,0.0587732559158404,-0.028551193483863518,-0.009923004224640894,0.01153422665873537,0.42224064276844536,-0.17057872994975135,-0.010487699312583317,0.14899654179437585,0.061176333669645984,-0.003584113829918826,-0.18323955104508793,0.030867454778098664,-0.08328524937894409,-0.0022865422070026398,0.007121147122234106,0.002854970283806324,0.47241249680519104,-0.194920614361763,-0.005920281633734703,0.16998592019081116,-0.05216359347105026,0.012471871450543404,-0.19769372045993805,0.15772143006324768,-0.06640418618917465
0.018399031985401958,-0.0006565671511126904,0.05513162850897879,0.013108044876337486,-0.015850783352406833,0.011501428988168276,0.46621657956800877,-0.18629651302301709,-0.00709985638735945,0.14112437141254897,0.05292816461278006,0.0004320679251005318,-0.21687257192925935,0.07735126650184491,-0.06825635956609065,0.0013069715350866318,-0.007944065146148205,0.021168500185012817,0.4494578242301941,-0.1313924789428711,0.00028130970895290375,0.14776046574115753,-0.046236880123615265,0.009063657373189926,-0.2703857719898224,0.16386644542217255,-0.06082123890519142
0.012529225693099721,0.008992350803791009,0.06049666576647227,0.03351789408416663,-0.020207644822402848,0.021202619833807154,0.4631944832733357,-0.1305511434365642,-0.0009642375926083264,0.12166996535099564,0.03673302301263854,-0.004443556633131809,-0.26675126156729806,0.13465610676598527,-0.04862980829029195,0.009616252034902573,-0.019457528367638588,0.027458157390356064,0.3571685552597046,-0.09885460883378983,0.010576153174042702,0.15898975729942322,-0.04239097610116005,0.014154817909002304,-0.2970390319824219,0.16545914113521576,-0.05033411458134651
0.010974629592611296,0.022419072698380307,0.07922353896316578,0.06528059373617685,-0.029034780109798666,0.027449689158708036,0.38827532106063767,-0.09533915246184657,0.008606596648939181,0.09878797603574306,0.011182390766734648,-0.021475998899739467,-0.30234942720188185,0.17828405370095876,-0.02940646506454229,0.048474282026290894,-0.023638417944312096,0.030041147023439407,0.22032536566257477,-0.04791969805955887,0.026949375867843628,0.11060434579849243,-0.04004189372062683,0.009492827579379082,-0.3249816298484802,0.16748285293579102,-0.036237217485904694
0.005932998200881074,0.04161389752775054,0.10192258660082978,0.09901491943388936,-0.027861696022696104,0.031682311306807855,0.25445463409606056,-0.047775277004643055,0.02384619418539556,0.06286858317988835,-0.008152771926808994,-0.041201039306675735,-0.3169347622103683,0.19953893897831856,-0.01693441338552383,0.07296081632375717,-0.006691484246402979,0.017261892557144165,0.10403557121753693,-0.07074178755283356,0.028288038447499275,0.09387775510549545,-0.039751291275024414,0.010199857875704765,-0.23379220068454742,0.14039786159992218,-0.028770599514245987
-0.017445284693252464,0.05083267138789538,0.12301972866837266,0.13304019697623595,-0.009314207925648929,0.017721559349223683,0.13387182881929732,-0.06409622549164416,0.027556790654811324,0.01700655386372609,-0.011799456486945567,-0.047875843727907486,-0.26367341878884343,0.16357521905082326,-0.01972133928091091,0.09688211977481842,-0.0009560572216287255,0.0032679010182619095,0.03494369983673096,-0.07049668580293655,0.030538836494088173,0.051509737968444824,-0.029476933181285858,0.009244916960597038,-0.1877567023038864,0.09768874198198318,-0.021972928196191788
-0.049447111107551976,0.039244028684184105,0.14515829063499655,0.1531962890294211,0.014572279917443273,-0.0003151141906873495,0.06054652127169909,-0.08342291866033144,0.03322591808521108,-0.012590716659375783,-0.015090437781117133,-0.05406228266698944,-0.19961109209504485,0.1285536445240949,-0.00579469074869755,0.08136813342571259,0.022662639617919922,-0.014196780510246754,-0.05964033305644989,-0.029325591400265694,0.02032165601849556,-0.0032083559781312943,-0.017569098621606827,-0.0016890116967260838,-0.06575269252061844,0.019474102184176445,-0.027198534458875656
-0.06502327730834631,0.041689279588237316,0.1646989037078976,0.16967472866583647,0.004100113688551158,-0.023045511285136894,-0.012587062898166183,-0.11624151663030044,0.03936887544163032,-0.07323628059530964,-0.034753211833086314,-0.048126142131105276,-0.0959412207612659,0.05205962789447158,-0.018898009162090706,0.13629382848739624,0.03348414599895477,-0.01042341161519289,-0.09710152447223663,-0.007662678137421608,0.03737495839595795,-0.04021919518709183,-0.010647356510162354,0.0013937875628471375,0.06967829167842865,-0.043427057564258575,0.005910913459956646
-0.07334415943964258,0.035873907370504166,0.194909623541776,0.18892477672977556,-0.009784272500319317,-0.05731817917681905,-0.08381168357394374,-0.12260432597082685,0.06008966618352743,-0.1056909145019263,-0.041783254850271456,-0.0025257381385844517,0.013678090183748557,-0.031913569936190864,0.0013315429341114406,0.14104411005973816,0.04383626580238342,-0.010993626900017262,-0.10961689054965973,-0.010461555793881416,0.04092767834663391,-0.08793037384748459,-0.017806580290198326,-0.00420930702239275,0.22399497032165527,-0.11443401873111725,0.010667840018868446
-0.06881504183738102,0.016517420313379317,0.21920476710712533,0.1839350057813101,-0.03403884035452172,-0.07573086526498884,-0.08400691860930239,-0.10715156626624323,0.08992999953461177,-0.13121385037179573,-0.04578892595722405,0.01015187144196059,0.17137400845007733,-0.10022978401621636,0.007893030229543614,0.13431844115257263,0.0726531371474266,-0.005596536211669445,-0.12514342367649078,-0.0062622446566820145,0.055276088416576385,-0.07762042433023453,-0.03017771989107132,0.004286712035536766,0.35586002469062805,-0.1566212773323059,0.011822917498648167
-0.06599244551166886,-0.013064437763505556,0.20781987564901322,0.19914790971065277,-0.03791921458213153,-0.06196821132287817,-0.09120383676214476,-0.0864537386147775,0.07976683364497023,-0.12992894694767146,-0.02447548475769065,0.006047990815500964,0.3075611306107595,-0.14584831697917358,0.01092354109288712,0.14355072379112244,0.05749358609318733,-0.0034143151715397835,-0.07880362868309021,0.024901660159230232,0.04236719757318497,-0.13129061460494995,-0.030045486986637115,-0.012165438383817673,0.4440138638019562,-0.17112116515636444,0.021008143201470375
-0.06591751403216758,-0.01452936419636545,0.18762022190116534,0.17062100661537788,-0.03401503955707744,-0.03908377535878781,-0.08144124868956905,-0.06326653209679349,0.06421374999468808,-0.14745392033223254,-0.0036381743875868525,-0.017933409525907582,0.4210016680460529,-0.1650149273833723,0.020053796952326924,0.13391247391700745,0.06294609606266022,-0.009726998396217823,-0.06978125125169754,0.06007678061723709,0.0463947132229805,-0.13236376643180847,-0.020409714430570602,-0.00261746346950531,0.5402424335479736,-0.19077090919017792,0.01154160313308239
-0.054275083078718256,-0.01713197382429524,0.16488786445594084,0.1446133328218262,-0.03631325382404026,-0.01579790947688955,-0.07833657343107614,-0.028532048108643314,0.059870610771471336,-0.14585409627640902,0.011586729437925766,-0.019352942477870935,0.5138235225664445,-0.18570936927305184,0.013723290006442249,0.12343079596757889,0.05756883695721626,-0.003521324135363102,-0.09212782979011536,0.06093800067901611,0.027737678959965706,-0.1225457713007927,-0.01011325791478157,-0.012549027800559998,0.5492943525314331,-0.16597697138786316,0.014727992936968803
-0.04756192368553154,-0.015737126412941695,0.1536531236212172,0.12465186354625012,-0.028031430663852837,-0.00556257614797265,-0.09552803129865829,0.00025417096441462733,0.03819667282001638,-0.1187373239184309,0.02360091016439631,-0.02608742684522806,0.548046947313654,-0.16437072793146618,0.015438333224718671,0.11790094524621964,0.05735114961862564,-0.01306901779025793,-0.11799231171607971,0.08439382910728455,0.03480704873800278,-0.11259292811155319,-0.003508981317281723,-0.020359480753540993,0.574675977230072,-0.160772442817688,0.005969918332993984
-0.03953863790471823,-0.0047649899516484144,0.14337392417126912,0.09905683991567318,-0.02466743084034361,0.0026325090686706606,-0.12631831751813113,0.03067929691044811,0.04628400385555995,-0.10101534545453131,0.02424334726182254,-0.03318611422427599,0.5692500779614197,-0.15734427076933463,0.008192910948294994,0.1197882667183876,0.054663609713315964,-0.015247468836605549,-0.13768546283245087,0.10541225224733353,0.02500770427286625,-0.09443960338830948,0.009184779599308968,-0.030136432498693466,0.5357199311256409,-0.15057621896266937,-0.0014892080798745155
-0.026930595319850845,-0.002987678806178882,0.1344192028601432,0.07674663415818182,-0.021183636510708367,0.011583697969822166,-0.14273187318183309,0.06845896713684907,0.047754759073098466,-0.05888802454387114,0.02208698451435636,-0.03243327556195957,0.5461307044833459,-0.14484729651699643,1.6325275808234735e-05,0.0677390918135643,0.05181498825550079,-0.007809066213667393,-0.1992746740579605,0.0801510289311409,0.033751584589481354,-0.07261480391025543,0.012074068188667297,-0.0340467169880867,0.4612039029598236,-0.09826600551605225,-0.002808121033012867
-0.013738808984790355,0.013733098474049863,0.11690319438809788,0.043696810861991495,-0.00954674944089359,0.028709087854785858,-0.16740184159221616,0.1072140082027957,0.0271811861871066,-0.03602571181990299,0.018938519554204482,-0.03360162200599454,0.4790438750603412,-0.09702026962385403,-0.0024006810500470863,0.0836339220404625,0.03737962990999222,-0.014853806234896183,-0.2037806212902069,0.08906357735395432,0.03672385215759277,-0.04628113657236099,0.01759953796863556,-0.03313509747385979,0.31688663363456726,-0.09902830421924591,-0.01910700649023056
0.004219481010481512,0.02707542800497182,0.0963746909486986,0.020574347027648772,-0.0017574965618259524,0.047018934673973056,-0.1875438070091155,0.1289733212181228,0.012912719073761262,0.012492116454482888,0.013188672354154702,-0.03063180317859723,0.34838818568320196,-0.09196479327639516,-0.01670137200068939,0.018709370866417885,0.02292790822684765,-0.007642191834747791,-0.18258069455623627,0.07917305082082748,0.02782982401549816,-0.0023781489580869675,0.005315577611327171,-0.027025986462831497,0.12948118150234222,-0.030234863981604576,-0.023298412561416626
0.025063242597194946,0.0555438860573559,0.0894064578298588,-0.0335165836198721,0.00014432992019684576,0.05529112465557922,-0.1736468486772654,0.11797699799038118,0.011373424264244624,0.05488162635390575,0.009110476003111637,-0.024807785391263503,0.1747862982346909,-0.061322597629419086,-0.024122699370062693,0.008433904498815536,0.00195629196241498,-0.011197357438504696,-0.019322309643030167,-0.004433721303939819,0.009780489839613438,0.05461672693490982,-0.010367241688072681,-0.007344151847064495,-0.016460217535495758,-0.010200140997767448,-0.04329380393028259
0.04370360179074331,0.05993404699017036,0.07044157111805474,-0.0770158885236231,0.0054724059212162635,0.02273542666725903,-0.07609799280060375,0.014227645854435084,0.007908680893751123,0.11765338584610793,0.022865903518568466,-0.0021957807963550327,0.02510057483437508,-0.08140802808155835,-0.05192297555526937,-0.10779687017202377,0.009621657431125641,0.0029623033478856087,0.10860922187566757,-0.06907646358013153,-0.010844739153981209,0.1466023325920105,-0.011511988937854767,-0.0064448462799191475,-0.08884044736623764,0.021173445507884026,-0.03564070910215378
0.048454169521677436,0.060582139561436654,0.03378234492257056,-0.12621880160406782,0.01777546360069325,0.0001696728458011318,0.07551027651988865,-0.056967707975525174,-0.0075419489781205305,0.15698088354406015,0.03945720953306317,0.03995492483523139,-0.08994715145687403,-0.08526747043177199,-0.05704250740017597,-0.06524575501680374,0.015914954245090485,-0.004798884503543377,0.18574942648410797,-0.11351444572210312,0.0032087210565805435,0.14426319301128387,-0.029750404879450798,-0.006766665726900101,-0.14278560876846313,0.02725253626704216,-0.058152858167886734
0.05589409200776488,0.045988692204650974,0.007922334790311056,-0.1159648390379213,0.016200421271461422,-0.008652493424195813,0.15099607234955487,-0.10370116028443335,0.001892207727591376,0.17680871691938693,0.05128363774198254,0.06510720812908603,-0.13674046447587207,-0.07713350569647578,-0.09346330891152789,-0.04542812705039978,0.01635788008570671,-0.01218674797564745,0.2491476982831955,-0.1306874006986618,-0.00524505041539669,0.1369054764509201,-0.04278116673231125,-0.0005704527720808983,-0.1777229607105255,0.018342263996601105,-0.05503234639763832
0.05080512786721866,0.020932794063092928,0.0190628515306,-0.09145034066284072,0.014813606020066133,-0.01725121220708704,0.21231072830815692,-0.12307925495817419,-0.0037067821459517963,0.18702129159076505,0.06455076402768067,0.05023160384960213,-0.14446272850289324,-0.05697652567235558,-0.09065207039852378,-0.04469031095504761,0.023928724229335785,-0.010992652736604214,0.32886844873428345,-0.1482563465833664,-0.014671271666884422,0.12521150708198547,-0.0484459325671196,-0.014794308692216873,-0.17407625913619995,0.03708134591579437,-0.06785815209150314
0.04678205555529605,0.014545804523217028,0.044854813432516266,-0.08889541970112341,0.006237210022497612,-0.00808658770859536,0.28931527403170626,-0.1418941369029556,-0.013144362447785,0.17610911437489804,0.0668860225053995,0.022231848076520982,-0.15122403355964656,-0.036397404366738176,-0.08678087879395953,-0.03654038533568382,0.026850031688809395,-0.006754246540367603,0.3967069983482361,-0.18385806679725647,-0.00507979653775692,0.15407395362854004,-0.051126595586538315,-0.007884231396019459,-0.15494272112846375,0.08226169645786285,-0.05976829305291176
0.04361710049401445,0.003500589303303093,0.061043769910554525,-0.062286607934236286,-0.00271273524237004,0.00394292360728667,0.3651518539239492,-0.1764164066270292,-0.00697069865703112,0.17027365084704582,0.06273402257025225,0.004744540686307441,-0.16008283278974683,-0.01227311270211098,-0.07943893420491394,-0.023826714605093002,0.02186727337539196,-0.004718349315226078,0.4485502243041992,-0.17948704957962036,-0.011073494330048561,0.14258700609207153,-0.049940258264541626,-0.0029305387288331985,-0.17642584443092346,0.11827651411294937,-0.06420460343360901
0.03704944156519236,0.0015820913129390773,0.06505131023963252,-0.035411342225869245,-0.00898880417212028,0.008291972495408983,0.42918155520829027,-0.17507581705663844,-0.011212144739895553,0.15357850189715921,0.05861382006225881,0.00035835244179584615,-0.18095204678544666,0.027572395680123353,-0.08100806573879246,-0.00803055427968502,0.0056585571728646755,0.005473682191222906,0.4680107533931732,-0.18924666941165924,-0.00487336702644825,0.17183838784694672,-0.05160253122448921,0.014375608414411545,-0.19208303093910217,0.16180430352687836,-0.06145640090107918
0.03083213665409052,-0.0014934335416000603,0.0599653134343693,0.006940870769949355,-0.016331038334649703,0.012832594847469703,0.46282425312104974,-0.18179082608642919,-0.006263885167504699,0.14182056203177,0.04981828017457154,0.005353994018177459,-0.2146747682180355,0.07556345381909299,-0.0767871979946117,-0.001807941123843193,-0.008354532532393932,0.020343489944934845,0.4580855071544647,-0.13338911533355713,-0.00035348720848560333,0.1511106640100479,-0.04474031925201416,0.0086729247123003,-0.26581376791000366,0.16138774156570435,-0.05503411963582039
0.02173157286987999,0.004225200132365848,0.07085475220979656,0.026843734756103216,-0.020231979732030465,0.02057191255583813,0.467605584848381,-0.13227955977529754,-0.001347954230514355,0.12508664998439423,0.03432003239566757,-0.002916753415943724,-0.2635389907768715,0.13149995247427423,-0.05425855736362966,0.0024753138422966003,-0.020385799929499626,0.028995003551244736,0.36723461747169495,-0.0946197509765625,0.011651771143078804,0.15564079582691193,-0.04038269817829132,0.012837287038564682,-0.296540230512619,0.152121901512146,-0.0451170839369297
0.020458827120093538,0.01918141741051206,0.09109712329996665,0.057076616767718504,-0.029243343925481217,0.02847712701519981,0.39863628581394894,-0.09182864407692727,0.009490721333078224,0.1013326533347887,0.008945667011614143,-0.02157708125536674,-0.29588004030716536,0.1720570284607744,-0.033153388254323846,0.043194107711315155,-0.02279667742550373,0.029484517872333527,0.22339008748531342,-0.04688071459531784,0.02668748050928116,0.12267132848501205,-0.04052449017763138,0.009742170572280884,-0.3203411400318146,0.1637096405029297,-0.03807733207941055
0.01320639779650738,0.03658500593916139,0.11514266795007637,0.09706626746867597,-0.028466590119456292,0.03176658640844976,0.260263575993247,-0.04622700777487667,0.02370918350829603,0.07013804943305474,-0.00959633865238154,-0.04304820980987384,-0.31371160589125335,0.19551751616902432,-0.01971662108421766,0.07060500234365463,-0.008752207271754742,0.017315637320280075,0.1141107976436615,-0.06520067155361176,0.02976597286760807,0.09215281903743744,-0.04019131138920784,0.011424054391682148,-0.241133451461792,0.13670584559440613,-0.02670726552605629
-0.010938776314254202,0.04984090984371449,0.13389015273802096,0.12772381493290078,-0.009686338231607913,0.01816282508520242,0.14102236675545374,-0.059113380606463255,0.0288327065491378,0.020660677104264412,-0.011206287107652153,-0.04973540545671877,-0.26470863605668,0.16285049627807435,-0.01786432452114523,0.09136544913053513,0.0005726212402805686,0.004980121739208698,0.020926987752318382,-0.060898952186107635,0.02984601818025112,0.06098419427871704,-0.027550261467695236,0.006592756137251854,-0.1652880162000656,0.09261269122362137,-0.02399541810154915
-0.042814059504547135,0.03933133842951249,0.15736411888356144,0.15549290336008442,0.012328544717639086,-0.0015355824979070847,0.05580190435983473,-0.07627134876469219,0.030623545733243027,-0.011987107135412905,-0.014469072532096571,-0.04944844309439428,-0.18930924257019893,0.11881785812055709,-0.01539775094102391,0.0924878790974617,0.023720799013972282,-0.010017697699368,-0.05578529089689255,-0.013189421035349369,0.025098640471696854,-0.012863008305430412,-0.014448482543230057,-0.005726163275539875,-0.06578435748815536,0.013118332251906395,-0.008219986222684383
-0.058442662877722,0.04506761914358577,0.1773483061379287,0.16887442292574384,-1.7963517662869402e-05,-0.02514199655704968,-0.018116818550185716,-0.1107084661850545,0.04430270859828814,-0.07217879524112286,-0.040580893720500055,-0.0474419792133817,-0.09126437785565694,0.04539915765007604,-0.0056637749849695225,0.1282925307750702,0.031405698508024216,-0.015412460081279278,-0.09665609896183014,-0.008975353091955185,0.03650682419538498,-0.030460918322205544,-0.010421907529234886,0.006143663078546524,0.07191411405801773,-0.0478024035692215,0.0035227080807089806
-0.06961719282254752,0.04264435369490063,0.21197668802470387,0.1836211980761703,-0.00908706678409794,-0.06285920038090619,-0.08293702509341089,-0.12339018355275055,0.05997279097978375,-0.10104103268234624,-0.045313664957426635,0.004463998163610921,0.012224702584210455,-0.03804135087138016,0.0011835007636731697,0.15704289078712463,0.04194118082523346,-0.012598725967109203,-0.10069528222084045,0.0050266459584236145,0.03477330133318901,-0.08852982521057129,-0.014571530744433403,-0.00863129086792469,0.22742551565170288,-0.13117361068725586,0.004747365601360798
-0.06609583961088152,0.018650143376500096,0.23350971947150015,0.18746287099550737,-0.032371986598464714,-0.07953974378415032,-0.08669058069465477,-0.10947798239263254,0.08777781319134598,-0.1235882217840842,-0.05167308079556396,0.009968420340195738,0.17793805685238792,-0.11463981236176264,0.002581855330849305,0.12108349055051804,0.07182177901268005,-0.007192161865532398,-0.13590306043624878,-0.015084221959114075,0.05714723467826843,-0.07295925915241241,-0.030416419729590416,0.0078668724745512,0.3486766219139099,-0.1467411369085312,0.012851106934249401
-0.06681246571427346,-0.00552349097223464,0.21911711868889364,0.1956516054343752,-0.032089070484052434,-0.06370707525263386,-0.09489221514682841,-0.08802267472821147,0.08031786225287847,-0.12826918466860204,-0.02514167453325787,0.008225893107403357,0.30256486744152455,-0.13898185696174836,0.011066522830207084,0.15626996755599976,0.05458780750632286,-0.002758651040494442,-0.07094208896160126,0.030238931998610497,0.04156407713890076,-0.12796440720558167,-0.027816247195005417,-0.017423899844288826,0.4417528212070465,-0.18503090739250183,0.01960131525993347
-0.06346727895221507,-0.01120449003067515,0.19953302351423172,0.1713761287319083,-0.029846511737691594,-0.03952717209381385,-0.08403499661032697,-0.06478484662776214,0.06581134142052725,-0.1419275988166737,-0.0070374922728366224,-0.019570612454112277,0.417471037880459,-0.176780107073565,0.0186936565727794,0.12335541099309921,0.06534779071807861,-0.009177218191325665,-0.0789879783987999,0.049399182200431824,0.04655209183692932,-0.12353355437517166,-0.02228858694434166,-0.0012407507747411728,0.5302366018295288,-0.18406586349010468,0.008558686822652817
-0.05220050377808735,-0.012465766300883923,0.17415366361448198,0.14507023290359922,-0.030480426922377214,-0.014810025507271837,-0.07946279099355877,-0.03222979529268125,0.05749558268985066,-0.14097972188732397,0.010699189393977387,-0.01985769257991203,0.5054136978876297,-0.18142587209002736,0.011092601444232627,0.13382041454315186,0.05715872347354889,-0.0051429783925414085,-0.08019813150167465,0.06159494072198868,0.03262409567832947,-0.13013997673988342,-0.009409509599208832,-0.011452557519078255,0.5514236688613892,-0.17483408749103546,0.015270151197910309
-0.04276276624483182,-0.01045738383010711,0.16174400510724493,0.12328545138932352,-0.025548510575848164,-0.0034354076700456523,-0.09364284867016616,-0.004245994851694853,0.039904234342374216,-0.1195221217962795,0.021660183294199123,-0.023883737474330907,0.549344647051106,-0.17151403999986087,0.015395452543554804,0.10777325928211212,0.05759822577238083,-0.011982577852904797,-0.12127954512834549,0.0798245295882225,0.03477448225021362,-0.10807345807552338,-0.004644300788640976,-0.020329995080828667,0.5673415660858154,-0.1493080109357834,0.008079067803919315
-0.0344703653544728,0.0003461787148114268,0.15573424898430632,0.09765239766139065,-0.021799548484297496,0.0014197062825593403,-0.1250062297314407,0.02438208497020323,0.0473105095563123,-0.10033638489125463,0.02373999115673743,-0.033735130564596615,0.5640228039394031,-0.14814534783190259,0.010024673973271982,0.12822017073631287,0.057321835309267044,-0.017094973474740982,-0.12979935109615326,0.1032397449016571,0.030097903683781624,-0.09994424879550934,0.008003132417798042,-0.029568234458565712,0.5464114546775818,-0.16192901134490967,0.0007079988718032837
-0.015539891535220986,-0.0011842456167942166,0.14749815321737983,0.07710372237444543,-0.02312009820592649,0.011779829620244254,-0.13983859453231018,0.06214670438812563,0.03953316901227561,-0.061285741202168405,0.017533567543033545,-0.02993788505112119,0.5528139863648635,-0.15355138320651446,0.002001189547385955,0.06485754996538162,0.05313080549240112,-0.004690957255661488,-0.2024853229522705,0.07817991077899933,0.04311635345220566,-0.06641323119401932,0.01048348844051361,-0.03268459439277649,0.4527166783809662,-0.09340434521436691,-0.001978568732738495
-0.00132141467292538,0.014785806253448514,0.12925317557385602,0.0475111999575346,-0.011131005353843572,0.027367454505272053,-0.16697287769406144,0.10195749087703292,0.018165425366896585,-0.032767386411227124,0.017199983262240412,-0.032391799777932766,0.47453746785454665,-0.09358902986247554,-0.0013398933767856554,0.07970329374074936,0.04046507179737091,-0.01222082320600748,-0.20307545363903046,0.09158951789140701,0.043608807027339935,-0.04540865123271942,0.01591743528842926,-0.03403710573911667,0.3155311048030853,-0.10851912200450897,-0.013444851152598858
0.01804334098202512,0.03407916713330135,0.11042970466272811,0.01909662983855869,-0.006372926327286811,0.047162499535918945,-0.18791695877804113,0.12488336406566768,0.011641085764862575,0.009629727723586735,0.010451815679119479,-0.030585933114547468,0.3426232313457946,-0.09987363179311999,-0.011793163473941512,0.019475921988487244,0.018134383484721184,-0.008191504515707493,-0.17884205281734467,0.06854923814535141,0.028553998097777367,0.007848460227251053,0.007117711007595062,-0.022619515657424927,0.1261482834815979,-0.04228942096233368,-0.02556195855140686
0.038762484577279835,0.05642045182062184,0.10337617084444445,-0.030709572269465715,-0.0030603528492294625,0.055156130916076726,-0.17083299463428112,0.10597931998334446,0.009900243782051038,0.059773027424833834,0.011726922321483573,-0.022953990866840027,0.16757010438423978,-0.08039861764045363,-0.02745733309938616,-0.005762938410043716,0.00711788609623909,-0.005478884093463421,-0.02446664869785309,0.013487789779901505,0.010877255350351334,0.0530969575047493,-0.013470882549881935,-0.011012869887053967,-0.004856235347688198,-0.017511649057269096,-0.025640975683927536
0.05029867729874597,0.0689814620437454,0.0815183654919626,-0.07754312590028746,0.0060259221147402125,0.010058462690254854,-0.0822133825585615,0.021464582176156245,0.010511648365041128,0.10474853062786756,0.029076622600399966,0.006311689751101806,0.02935647918505703,-0.09556348542855508,-0.03961105804355322,-0.08943164348602295,0.011576338671147823,-0.002806427888572216,0.10569000244140625,-0.07965416461229324,-0.010521175339818,0.14711028337478638,-0.017336226999759674,-0.00942445732653141,-0.08388706296682358,0.010939354076981544,-0.058595698326826096
0.051422892561539334,0.05939865939073515,0.04853011841601133,-0.11272799343207361,0.019011349337862297,-0.006336853842446918,0.06941321214701503,-0.06418267944928727,-0.006775979721154139,0.15531484285260838,0.05085722979807454,0.04165132948426617,-0.08535649980582949,-0.0948441869167426,-0.0733479410666185,-0.07053548097610474,0.020455023273825645,-0.004189143888652325,0.169721320271492,-0.1052614077925682,0.0036520976573228836,0.1358346939086914,-0.02460479363799095,-0.004245174117386341,-0.1391892284154892,0.006095533259212971,-0.0468718446791172
0.056839199768779776,0.0449997627890619,0.03277122111166403,-0.10710408151836501,0.020445710640848547,-0.009816116918299337,0.14152073826667858,-0.09610140324760809,0.0024107493799577153,0.1654512319659267,0.06355471533990217,0.055456576033739984,-0.11776103035951066,-0.0845745432343603,-0.09461468406596714,-0.024940362200140953,0.020180532708764076,-0.01754286140203476,0.24345292150974274,-0.12743672728538513,-0.00806928239762783,0.12298685312271118,-0.051170408725738525,-0.004251647740602493,-0.17491674423217773,0.011983079835772514,-0.07280994206666946
0.05029735350641874,0.021863273423395477,0.04724231084078284,-0.08020979355004158,0.014675001060137222,-0.018838643496703052,0.19911726783489553,-0.11960573010294805,-0.006132245256760148,0.1798852862411767,0.07398905638216496,0.037866981541356044,-0.1357153618233388,-0.05964257204544312,-0.09915769619199791,-0.0618998184800148,0.025052523240447044,-0.005666895769536495,0.3276589512825012,-0.1436062455177307,-0.010473063215613365,0.13436909019947052,-0.03670579940080643,-0.01802002638578415,-0.1639217734336853,0.02810014598071575,-0.061397213488817215
0.04697122490642425,0.017288551987151998,0.0737930902415592,-0.08798013205056786,0.005815629795819528,-0.0034337961126582406,0.2950123202850937,-0.13699235218168795,-0.010019604563887907,0.1679495434619696,0.0717261643140208,0.009433688763049904,-0.14550458624620746,-0.037799261994181405,-0.08393399199664157,-0.023411737754940987,0.02561991848051548,-0.01128635834902525,0.3997855484485626,-0.19016586244106293,-0.006575552746653557,0.13612736761569977,-0.05467624217271805,-0.006287554278969765,-0.16458162665367126,0.087685227394104,-0.06241597607731819
0.0421108852671149,0.008392793330129612,0.08497676408508047,-0.05670261498836545,-0.007081811637604228,0.0037667514070146195,0.36556090329643276,-0.18182765303271037,-0.00795261521807385,0.16209902889973407,0.065166604862464,5.4530672884282386e-05,-0.16159104198903976,-0.006251850738402063,-0.0797710698882346,-0.03327912464737892,0.021865051239728928,-0.0008757207542657852,0.44507545232772827,-0.1846521496772766,-0.009517533704638481,0.1634017825126648,-0.049230437725782394,0.0034215040504932404,-0.1646142154932022,0.13624587655067444,-0.06770693510770798
0.03669679678135331,0.003731466881009809,0.08001602695302967,-0.027320027297177883,-0.01270265591186043,0.011158441044633583,0.43312916521726064,-0.1795455433627973,-0.010069584568336983,0.1487414197772384,0.06026003110285737,0.0025442324942731177,-0.1866677035538059,0.039412856205281906,-0.08343319198209835,0.0007199868559837341,0.0029667778871953487,0.003719546366482973,0.47291600704193115,-0.18505340814590454,-0.008191673085093498,0.15545187890529633,-0.04966853931546211,0.012022454291582108,-0.21185334026813507,0.15920279920101166,-0.06295426189899445
0.0325749398263649,0.001356080932171372,0.07554983010215639,0.008756440177227369,-0.02231170257363812,0.013235040093268395,0.46826337705305676,-0.17918909939988578,-0.009094555570178412,0.13821094737491973,0.04686977332813973,0.00794974332689529,-0.2241576685398511,0.08603817468619555,-0.0756120902612725,-0.003661070019006729,-0.012138648889958858,0.01956741139292717,0.44184350967407227,-0.13571488857269287,0.0037437770515680313,0.15398098528385162,-0.04539104551076889,0.016422009095549583,-0.2689521312713623,0.1771305650472641,-0.05259030684828758
0.02472825288472172,0.01173546697856186,0.08275193628467527,0.031443720716466644,-0.02425205176963898,0.0197788049913127,0.45703179554718154,-0.1337599180818507,0.0017051264654288848,0.11974043965031328,0.030608531734536506,0.002279930055162207,-0.27398985512477797,0.1430332365553433,-0.052465755448175826,0.0050704628229141235,-0.022259129211306572,0.028200138360261917,0.36767661571502686,-0.09399022907018661,0.009561831131577492,0.15384066104888916,-0.038547880947589874,0.01171759981662035,-0.29969874024391174,0.1543302983045578,-0.04770815744996071
0.02162029044659676,0.020078359729282857,0.10604226882044883,0.05713824762449937,-0.02733812307501256,0.025793445918925,0.3946274354889939,-0.09200836986781781,0.008320907117075886,0.09782628211965322,0.006975100790350815,-0.02011852047574318,-0.30061412716004837,0.17744290179605937,-0.033737420897808866,0.05185458064079285,-0.023003170266747475,0.02410421520471573,0.2048499584197998,-0.046687573194503784,0.028843160718679428,0.10241051018238068,-0.04347304627299309,0.00858656782656908,-0.33002087473869324,0.15651752054691315,-0.03367201238870621
0.015366011549566365,0.038997589901263854,0.12984409733210206,0.09975080105956692,-0.026820446400541806,0.026425519427466168,0.2430685679774833,-0.04584359226328523,0.02539253910770294,0.06361243861671594,-0.013289956651938623,-0.040889547757029174,-0.312715326289418,0.19542239053535873,-0.018256601666750565,0.06850839406251907,-0.011899019591510296,0.013154438696801662,0.13445602357387543,-0.07957185059785843,0.028742963448166847,0.10259654372930527,-0.037712179124355316,0.014313258230686188,-0.2319800853729248,0.14297524094581604,-0.03052579239010811
-0.012727149749394547,0.046342008911428215,0.1561518765366507,0.12262576760345972,-0.004382238829524801,0.011127948788196116,0.1522117951449751,-0.07278056705658721,0.028506525481537447,0.02418326883037178,-0.01374361208368598,-0.043453025540173655,-0.2625933328573168,0.1644061941489458,-0.02069551698235091,0.08233585208654404,0.0014711780240759254,-0.0009187282994389534,0.02586287073791027,-0.0611022412776947,0.028274089097976685,0.04491748660802841,-0.028094040229916573,0.012383688241243362,-0.19098851084709167,0.09438187628984451,-0.02568087726831436
-0.043983943650120975,0.04014116381102929,0.17562825181133632,0.1450337493237651,0.014819743698201946,-0.006951128947583338,0.06342286520962334,-0.07574205473601348,0.025302022877478965,-0.012514211464202897,-0.018855327981420825,-0.04716881302792761,-0.19759634900426054,0.12799085838667174,-0.008240814176441019,0.09240421652793884,0.016904382035136223,-0.01655244454741478,-0.05257924273610115,-0.02719147503376007,0.023447297513484955,0.0024939989671111107,-0.014494126662611961,0.0030022235587239265,-0.05809583514928818,0.021280525252223015,-0.027036938816308975
-0.0629118604164521,0.03988541500576598,0.1940763180928968,0.1697349398008959,0.00460767731832678,-0.028449305665687576,-0.014781814102479245,-0.11390332117365674,0.04105476442436004,-0.06999737560844788,-0.033036036837064985,-0.03853362924552692,-0.09351505297517303,0.05025182132296609,-0.019761456900775715,0.13833916187286377,0.037468697875738144,-0.006588255055248737,-0.09782368689775467,-0.00401216559112072,0.034482188522815704,-0.05120817571878433,-0.013267839327454567,-0.0019387910142540932,0.08472897112369537,-0.04571184515953064,0.005469651892781258
-0.06938386815021373,0.03595413088897594,0.22454391294591527,0.18937719340062392,-0.012423064191511112,-0.06304738524019127,-0.085873605566314,-0.12414757548507559,0.0587345459908236,-0.1102038399680875,-0.042153725421805975,0.00027764824689998214,0.029857555814456288,-0.03410839804673591,0.0007144582974399292,0.14954900741577148,0.04401152580976486,-0.012793793343007565,-0.11261556297540665,-0.005816150456666946,0.04335296154022217,-0.08284296095371246,-0.016355283558368683,-0.002582887187600136,0.23064997792243958,-0.12444262206554413,0.01066666655242443
-0.06467669287516295,0.012156927827967635,0.24242199039705067,0.1926626198776734,-0.038689075281403994,-0.07633915366532726,-0.08800983629867395,-0.10763857284482,0.09146463802878091,-0.1278942452680937,-0.044576942363241674,0.011307578181683741,0.1782761354957052,-0.10921551082004308,0.007776966749645365,0.1370367705821991,0.07467447221279144,-0.0007566390559077263,-0.11548256874084473,-0.004522630944848061,0.05445387214422226,-0.08778996020555496,-0.03315264731645584,-0.0027324948459863663,0.37449637055397034,-0.14971886575222015,0.01443205215036869
-0.062275258750312104,-0.014345063427941656,0.22863662432824644,0.2009763387276878,-0.04221980709520527,-0.05893010399651026,-0.08722232005423707,-0.09147126824345972,0.07891469224074163,-0.13878832397829155,-0.023217268174412175,-0.001439067535383084,0.32424968787739533,-0.1407431492730989,0.013231278864841246,0.14449924230575562,0.05645159259438515,-0.003861476667225361,-0.0815945565700531,0.023662833496928215,0.042010292410850525,-0.1292102187871933,-0.02859186753630638,-0.012970192357897758,0.4481872320175171,-0.17694012820720673,0.016854844987392426
-0.06129922865683317,-0.016809492801480905,0.20862795205246867,0.1757842253440779,-0.038376543344915075,-0.03700872354607408,-0.08034103204127684,-0.06693160344226605,0.06436844047709983,-0.14859850504791872,0.000345832535453984,-0.02176092292821823,0.42618188720440076,-0.1697254034217523,0.017031328337680604,0.1433115005493164,0.06335382908582687,-0.00435857567936182,-0.06664276868104935,0.060091979801654816,0.04726804792881012,-0.13535858690738678,-0.022203713655471802,-0.01005641557276249,0.546258270740509,-0.19234727323055267,0.015058587305247784
-0.050479622767717475,-0.018732157051079674,0.18657383400690464,0.15023349985033468,-0.04208071832557619,-0.013287746093571726,-0.07836894072953447,-0.030568893129533856,0.05988955132496692,-0.14774154760119976,0.012625010232526842,-0.026086673401361622,0.5188249959982849,-0.1875635991859611,0.01625776246829564,0.11691955476999283,0.058389708399772644,-0.0028809281066060066,-0.0970642939209938,0.05598168820142746,0.026864202693104744,-0.12315406650304794,-0.010465875267982483,-0.014740290120244026,0.5528532266616821,-0.15966783463954926,0.013405528850853443
-0.04629383943832241,-0.015317995539163638,0.1743265023048642,0.12655805345151647,-0.032077377689894,-0.0033494678982434823,-0.09452136825789746,-0.002151919236205932,0.03625921943375601,-0.1235363850547426,0.02615084427873305,-0.03124966919596141,0.5502990105225629,-0.15909662615126727,0.014846159982046333,0.12577030062675476,0.05600627139210701,-0.010296941734850407,-0.11034411191940308,0.08688224852085114,0.03331455588340759,-0.11545605212450027,-0.0025423429906368256,-0.025575777515769005,0.5741336345672607,-0.17019742727279663,0.006032194010913372
-0.040225343111171326,-0.0034283164409106897,0.16666937274121862,0.10333216087242596,-0.027018333318118655,0.003282426767678378,-0.12706986603987389,0.024595933999691354,0.04021199804723875,-0.10211498834636241,0.027010355730085724,-0.037676887295171047,0.5690764117799846,-0.1649613222288419,0.008097237219142657,0.1196199283003807,0.049907147884368896,-0.01603592559695244,-0.13849060237407684,0.10477206856012344,0.017373541370034218,-0.10217689722776413,0.011354263871908188,-0.03577767685055733,0.5421584844589233,-0.15207840502262115,-0.0019906852394342422
-0.02695532565463135,0.0007211016128225885,0.15853395079733926,0.07728083298009669,-0.02433839349297048,0.011445094932395976,-0.14333611013946423,0.06416986336497518,0.04234833275048245,-0.06621990398800812,0.022253823176510347,-0.037723352206051275,0.5515068464213392,-0.1472241969053113,-0.00044490488347383135,0.08374069631099701,0.05238005518913269,-0.009075864218175411,-0.1923130452632904,0.08110145479440689,0.033775392919778824,-0.07413125783205032,0.01263626292347908,-0.03543125092983246,0.45796626806259155,-0.1063002422451973,-0.007257775403559208
-0.016972332282080393,0.010157949475000807,0.14201692106025507,0.05075289973568506,-0.010679350824195544,0.026970405441176286,-0.16814682999829267,0.10286958948657099,0.031352425010156025,-0.03382370040439036,0.023318375629423727,-0.036193814886691995,0.47902794002191434,-0.10414147159231778,-0.006199425925050096,0.08102080971002579,0.03398645296692848,-0.01376758050173521,-0.2153303474187851,0.07808621972799301,0.027442844584584236,-0.04488709568977356,0.01913714036345482,-0.03885841742157936,0.3146112859249115,-0.09333198517560959,-0.01870867609977722
-6.147586763014823e-07,0.028030672726955093,0.12213702922673164,0.026811608335342876,-0.0013813132282944603,0.0455614580350121,-0.1903868452133498,0.12477091441335245,0.011986044114064983,0.011093131631217166,0.015081629335016163,-0.03603310936897679,0.3465243225175785,-0.08786715385082139,-0.016920998298531085,0.02905070036649704,0.025758225470781326,-0.010379143990576267,-0.17655296623706818,0.08312121033668518,0.03199579566717148,-0.009499134495854378,0.00598287396132946,-0.029608607292175293,0.1487213671207428,-0.03983837366104126,-0.028623495250940323
0.024145714458039952,0.05570288279498633,0.11235184706587106,-0.027424392076280692,-0.0020982845019147083,0.05468085116706372,-0.17433514442368553,0.11620240699510023,0.014469276069878604,0.04486253877612303,0.0047610158873995275,-0.027823819226895204,0.18504016747725344,-0.05384681577016009,-0.027170543628614277,0.015826638787984848,-0.0029395450837910175,-0.013637003488838673,-0.03257565200328827,-0.018978985026478767,0.009562881663441658,0.05309777706861496,-0.008895336650311947,-0.003167339600622654,-0.0379292257130146,0.015751253813505173,-0.041339173913002014
0.03778070620716191,0.056167233767561144,0.09654914113667995,-0.06898006663362315,0.007985028932838088,0.02835345370094313,-0.08146323074915682,0.007233697190534644,0.007783063021553498,0.12340177971199351,0.021442074240134147,-0.006783356847781871,0.014112199371605984,-0.070475935596795,-0.05042232794388206,-0.10910811275243759,0.010070638731122017,0.007123255170881748,0.11921387910842896,-0.060308001935482025,-0.012908946722745895,0.14006341993808746,-0.013080772012472153,-0.010098372586071491,-0.08427803218364716,0.01096996758133173,-0.03418046236038208
0.04615137991601432,0.06165849895240871,0.05668146909698637,-0.132007240074169,0.016169162652717332,0.004643927782546829,0.0797974092817405,-0.05161398380258341,-0.009430010217962442,0.1507467013908657,0.034015509285873755,0.03706294132876065,-0.08804092008780175,-0.07761935424754958,-0.05138843248107377,-0.06128649413585663,0.01652948185801506,-0.007922102697193623,0.17750205099582672,-0.12118428945541382,0.006428075954318047,0.1426447331905365,-0.030817240476608276,-0.0016112402081489563,-0.15162387490272522,0.036435820162296295,-0.06041349843144417
0.055887056457343584,0.04177292326529668,0.026042343038639258,-0.11302767009202681,0.013438025800760034,-0.009131159257723964,0.1467153803214411,-0.1099411321226548,0.004156629563219451,0.17929758669419799,0.04567565601406766,0.06807975652194351,-0.14311043638480733,-0.06853372420607329,-0.09287471350845279,-0.056844137609004974,0.013591957278549671,-0.012501432560384274,0.2666676938533783,-0.1335497796535492,-0.00705396942794323,0.1325126439332962,-0.03739127889275551,-0.00144299678504467,-0.18128398060798645,0.008922240696847439,-0.05141153186559677
0.045736703554100686,0.020214777609077077,0.036519810040082916,-0.10311625178507852,0.01765007144821609,-0.020587787924809118,0.22572928906239725,-0.12659532111152805,-0.004668779981395724,0.18390013283234086,0.0634031379441991,0.05297908439395509,-0.1448303407906711,-0.053109183295304924,-0.08377616258308335,-0.03133831173181534,0.020440636202692986,-0.012750060297548771,0.3115065097808838,-0.14275702834129333,-0.013896098360419273,0.12124862521886826,-0.0506553128361702,-0.009934363886713982,-0.18069246411323547,0.04802735894918442,-0.07222846895456314
0.04521301797639239,0.009357501356969465,0.05712770657236065,-0.08279732597626697,0.004435148595392884,-0.00987974190115221,0.2747656091646362,-0.13727950917706389,-0.012648578681197871,0.1799629413681812,0.06316185151136676,0.030274896657591997,-0.15555912401906408,-0.031643229076470616,-0.08911938736692618,-0.04637043923139572,0.025452276691794395,-0.004575162194669247,0.40281713008880615,-0.18663738667964935,-0.004607608541846275,0.15176835656166077,-0.04556669294834137,-0.008513182401657104,-0.15071320533752441,0.08639956265687943,-0.05263020098209381
0.03907878040218319,0.004574246919806863,0.07694471526185631,-0.07189755990582025,0.00020546199566442546,0.0029871630522704646,0.3670267897408204,-0.17854087423850884,-0.006306686718765378,0.1667461133815697,0.06356083145471049,0.009520533019974053,-0.15883401506042608,-0.010117101233356756,-0.07641831559274595,-0.013982776552438736,0.02253335900604725,-0.005829264409840107,0.44567281007766724,-0.17790815234184265,-0.014128489419817924,0.1345375031232834,-0.05646491050720215,-0.003796301782131195,-0.17893633246421814,0.12367261201143265,-0.06862560659646988
0.035780386162505076,-0.003110034084708887,0.08167893067466045,-0.03539596743504495,-0.008812579721612125,0.007741895257463899,0.42317375698842613,-0.17397099015347053,-0.013723193127077059,0.15535253067219104,0.05955555897438972,0.0038167956949330317,-0.1780398891602067,0.03064376895487129,-0.08332115374711278,-0.01208585873246193,0.007375658955425024,0.0056417277082800865,0.4693443477153778,-0.184952050447464,-0.004262713715434074,0.17124909162521362,-0.04820041358470917,0.011637598276138306,-0.1901804655790329,0.15606912970542908,-0.05960717424750328
0.028507160127077512,-0.0028993565453307633,0.08053551637092501,0.001363976678194542,-0.01695997008465619,0.013956677725130377,0.4637821713511014,-0.17827093350570858,-0.0062457313090799335,0.1437047243205518,0.04926111521167171,0.00551394576593783,-0.2123749390328262,0.07250155225159866,-0.0737915854137314,0.0008729025721549988,-0.0065511600114405155,0.019774112850427628,0.4631977677345276,-0.1409229338169098,-0.002111969515681267,0.1450735330581665,-0.04794544726610184,0.00984158180654049,-0.26139363646507263,0.1651981621980667,-0.05420878157019615
0.017798878798477056,0.005961128024568126,0.08884127972798958,0.02391476940901726,-0.01909247109417755,0.021253143291901783,0.46914976808583775,-0.1387022594275119,-0.002900805636025729,0.12462864911738811,0.03668103640911206,-0.0017394094774398619,-0.2588666003963066,0.12695480056473674,-0.05314575675146119,-0.00021043792366981506,-0.02183033525943756,0.02806079015135765,0.3723396062850952,-0.09215672314167023,0.012069536373019218,0.16597330570220947,-0.03912990540266037,0.013372130692005157,-0.2885049283504486,0.15639901161193848,-0.04478383809328079
0.015761533488717682,0.018015758707278444,0.10925670090443435,0.057410185509497696,-0.02938545467433064,0.026709364276270183,0.4038103760431969,-0.0900254404768881,0.009710445670320431,0.104735986043745,0.012269517428136215,-0.02038576905497238,-0.29439388660390714,0.16940409702605275,-0.033222475963272706,0.04034668207168579,-0.022210130468010902,0.03392786532640457,0.22799448668956757,-0.041355282068252563,0.02575651928782463,0.11885573714971542,-0.03795309364795685,0.006662418134510517,-0.3224848806858063,0.16063739359378815,-0.036561448127031326
0.010594678893530008,0.03937738043904861,0.1349878689378111,0.094637669209107,-0.02834783440174579,0.035323332262609364,0.26689042613770664,-0.04073502503879738,0.02292766415180622,0.07037156189964104,-0.007235875272500952,-0.042479944169191035,-0.31265059993689726,0.19408219361863016,-0.017622175805700878,0.07692573964595795,-0.008307869546115398,0.017333991825580597,0.1011284813284874,-0.0604698583483696,0.033657073974609375,0.08767024427652359,-0.04181748256087303,0.012276377528905869,-0.23786646127700806,0.13631130754947662,-0.02417382225394249
-0.010391333480023605,0.05365915121925464,0.15377046692567822,0.1316438103603346,-0.012673051257512512,0.019437400469582953,0.12999009688820112,-0.05437335688695826,0.03189071765128531,0.01810461414795365,-0.01154183841772745,-0.04779270132359634,-0.26220088317510565,0.1611336194156312,-0.016206968897866488,0.08815723657608032,-0.0028937053866684437,0.007008218206465244,0.03831344470381737,-0.05566319823265076,0.03131730109453201,0.06801743805408478,-0.024876073002815247,0.008782136254012585,-0.1619490087032318,0.09309923648834229,-0.017167992889881134
-0.0423398966967318,0.04441163843894534,0.1821159762718647,0.15307515436281835,0.007660849438184168,-0.0060627856042405484,0.06810708158869853,-0.08132174715475582,0.030465157634301767,-0.008448295379876002,-0.01655109602556097,-0.04018270512991429,-0.1897888781665874,0.116345923675616,-0.009490359038975042,0.09978622198104858,0.030440421774983406,-0.008261091075837612,-0.06833638995885849,-0.017744557932019234,0.027535488829016685,-0.011307941749691963,-0.015180587768554688,-0.00836876593530178,-0.05751767009496689,0.010463284328579903,-0.012700856663286686
-0.0548266007149788,0.050019218273723055,0.20316706003057186,0.17640519122083337,-0.004377684190020445,-0.03170802749526436,-0.02305822919524514,-0.11384569071326678,0.046782187160909275,-0.06650352278875032,-0.04090727611930137,-0.031721907973404455,-0.08852441714379891,0.03738619410707089,-0.008721019339829302,0.13415884971618652,0.026933906599879265,-0.01596827805042267,-0.07582157850265503,0.0038346508517861366,0.04496852308511734,-0.026546644046902657,-0.011144842952489853,0.0016334662213921547,0.058549921959638596,-0.046516552567481995,0.0024307342246174812
-0.06910282837435278,0.05362809410792207,0.24361660758982986,0.17825171554339458,-0.013202705731994053,-0.07424214390377493,-0.07763023796854833,-0.12496194444486515,0.07038280992173354,-0.09187454762772929,-0.04587410614873232,0.005044440689710537,0.0038369054712296493,-0.037691860122996405,-0.00037232249724773454,0.15011003613471985,0.046909354627132416,-0.009059199132025242,-0.1068776547908783,0.003899974748492241,0.03913228213787079,-0.07523084431886673,-0.014077791944146156,-0.007141233421862125,0.2243977189064026,-0.1314210444688797,0.006435379385948181
-0.06482256926798112,0.029636358183777793,0.2535091904580394,0.18776332906448034,-0.032438947763921706,-0.08303493018110324,-0.09142181146453485,-0.11609658683549312,0.09182366184082752,-0.11869607984461455,-0.04874313699329027,0.009577827752176405,0.1713157283997733,-0.11490598261940707,0.0038814959196935956,0.1261916160583496,0.06910786777734756,-0.008089632727205753,-0.131062313914299,-0.016493385657668114,0.05968093127012253,-0.07313144952058792,-0.02978982776403427,0.008056098595261574,0.3388809263706207,-0.1416570246219635,0.01251668855547905
-0.06350596116247903,0.006142797169276543,0.23805159811366522,0.19393865230824592,-0.03277716259614081,-0.06220355298768075,-0.09722784231468734,-0.09600833201008475,0.08424675689591504,-0.12418606417368638,-0.023497742090243127,0.007874987465564236,0.29480196519716895,-0.13457219424879718,0.011016205122898519,0.15633633732795715,0.06426116824150085,0.0002965060994029045,-0.07093394547700882,0.02731425128877163,0.04877716302871704,-0.12086936086416245,-0.03196202591061592,-0.014967400580644608,0.4470205008983612,-0.18777038156986237,0.02130233123898506
-0.05686896717417426,-0.001663171500619509,0.213893737657099,0.17197540184928786,-0.03209744866102263,-0.035099661594050376,-0.08444621765782216,-0.07320172843333592,0.07172751658552615,-0.13677829747117673,-0.008163803201797161,-0.01859635449681566,0.41838457693109066,-0.17844512229898205,0.02016321329301545,0.12616470456123352,0.06103802099823952,-0.00861395988613367,-0.0771809071302414,0.044639796018600464,0.0489390566945076,-0.125227689743042,-0.020775776356458664,0.0015229880809783936,0.5216232538223267,-0.18760591745376587,0.009725223295390606
-0.04605367908039733,-0.0023011430327192894,0.18914290508934703,0.14321815811418517,-0.030718172477880067,-0.011170178653936136,-0.08079194044378957,-0.04074330032524422,0.06076832151726673,-0.13544963686857606,0.010432270787539657,-0.01692425663034524,0.502863359175286,-0.18435862623892807,0.012276752202514212,0.13758066296577454,0.060412194579839706,-0.006429110653698444,-0.07881374657154083,0.06277566403150558,0.04298014938831329,-0.123432956635952,-0.0104965940117836,-0.007398456335067749,0.5541355013847351,-0.17700530588626862,0.015770323574543
-0.03308582965107473,-0.002249393161177541,0.180009258059412,0.12190855514892335,-0.026525290110706604,-0.0013585794603530174,-0.0963275258322572,-0.008105459087395416,0.04948324312564304,-0.1126781705974566,0.020780338624054293,-0.020202163026778717,0.5486700023289824,-0.17380181419429852,0.015991474653189394,0.10715246945619583,0.05906245484948158,-0.01147178839892149,-0.12837029993534088,0.07330803573131561,0.03722891956567764,-0.10482069849967957,-0.005393095314502716,-0.018980847671628,0.5626319646835327,-0.15105263888835907,0.009281103499233723
-0.023679643414170892,0.008342005497372717,0.17553893801689707,0.0943055155562119,-0.020552477237977627,0.001596456913629381,-0.12632965079142738,0.02321894770183905,0.0472333807284519,-0.09356743585969098,0.022255357307289364,-0.03160785993983126,0.5629999653234482,-0.14954336109009567,0.011163866168225837,0.1283179521560669,0.06010453775525093,-0.018502764403820038,-0.1394469290971756,0.10386747866868973,0.05088245868682861,-0.0941304862499237,0.006699550896883011,-0.024451889097690582,0.536302924156189,-0.15782010555267334,0.0008657863363623619
-0.004558587130792744,0.008413556392888422,0.16489789916153436,0.0772434549581772,-0.021063230373674482,0.012765534815731483,-0.1504386624762079,0.06447003046404573,0.0294786618549862,-0.05499499508603783,0.014585820150399014,-0.025316485838787865,0.5443126593356844,-0.15002298948149115,0.0023120796050654794,0.0616380050778389,0.0517519973218441,-0.005735068581998348,-0.20565399527549744,0.07956220954656601,0.04740844666957855,-0.06187991797924042,0.011996038258075714,-0.028626052662730217,0.4453090727329254,-0.09729562699794769,0.0005078418180346489
0.009695735721554353,0.02333358991053058,0.14988137443025573,0.0422905115075268,-0.01040032916525016,0.026592042547731478,-0.17165918893321308,0.10186716443935433,0.013532290776556002,-0.02847198667359953,0.01337138572273662,-0.02638474429574241,0.46531989663881695,-0.09679219204823021,0.0006956640317382256,0.06871774047613144,0.04350226745009422,-0.011555570177733898,-0.20349012315273285,0.0957598090171814,0.04825130105018616,-0.0339619517326355,0.014569027349352837,-0.028482887893915176,0.2956271469593048,-0.11273956298828125,-0.013433237560093403
0.028410867410188622,0.041160693877406535,0.1331740147689094,0.011604039705143508,-0.0057493291270200855,0.04403127142015897,-0.18940337534716456,0.1246546296464063,0.014555700979537612,0.018099632944082174,0.008519276291494132,-0.02433298629503064,0.323506774745424,-0.10382990543420853,-0.011521677854053433,0.01869681105017662,0.01666354574263096,-0.008921300061047077,-0.1702331304550171,0.06483390182256699,0.03054126165807247,0.012945618480443954,0.0058759404346346855,-0.019055549055337906,0.12129582464694977,-0.049788713455200195,-0.020853251218795776
0.048409168453164994,0.06152487283973424,0.12495283358290124,-0.03652415474473163,-0.0003405919396104636,0.05383646963075946,-0.1684011058674983,0.09974000032722163,0.012510188981809504,0.0657844343894016,0.0119043589257182,-0.01682315759513796,0.15909512323213734,-0.09384773170216425,-0.02584451208724261,-0.007669909857213497,0.009785774163901806,-0.007673819549381733,-0.024806568399071693,0.01018928736448288,0.01488821767270565,0.058696821331977844,-0.016880333423614502,-0.005074288696050644,-0.003929332830011845,-0.025821300223469734,-0.030549239367246628
0.058760007600572595,0.06773463237832177,0.10220469638197047,-0.0777237582273423,0.008519539522159404,0.007716327031825194,-0.08134400173725044,0.0179909585973788,0.014335932522030638,0.10941449747720816,0.029619002524379254,0.01202062823880666,0.029406325162103838,-0.10444228454696905,-0.04340477101803951,-0.08763699233531952,0.011690785177052021,-0.006047413684427738,0.09978748112916946,-0.08116225153207779,-0.010630965232849121,0.14465433359146118,-0.015235522761940956,-0.006770320702344179,-0.08957431465387344,-0.008750924840569496,-0.05156898498535156
0.06285986041991443,0.05808726207648367,0.07312071676977541,-0.11282016796903484,0.019362365388198903,-0.009715065347922271,0.06478319100166906,-0.06594997655990728,-0.006298832160753104,0.1592974206980322,0.04832279367267173,0.045958078787723275,-0.08484264479045463,-0.10562817358960974,-0.06836947658371031,-0.07191570103168488,0.01811814494431019,-0.004595599137246609,0.17383892834186554,-0.10048732161521912,0.006977086886763573,0.13207271695137024,-0.024832816794514656,-0.00547378696501255,-0.13830015063285828,-0.0027195997536182404,-0.042008329182863235
0.0631866247368792,0.04259597130861531,0.0627334599993811,-0.11081508838543204,0.023028244228191868,-0.012443008556699936,0.1412158534418733,-0.09199473209963893,0.005517959276200055,0.16541981750150211,0.0647955915310957,0.05332368074289036,-0.11044504331040174,-0.08984251160436886,-0.09211618589302592,-0.02787417359650135,0.020488819107413292,-0.017535928636789322,0.23520271480083466,-0.12349524348974228,-0.008881637826561928,0.11622028797864914,-0.0540449358522892,-0.005448632873594761,-0.17361707985401154,0.009133029729127884,-0.07059179246425629
0.05903166852368262,0.020520329380963924,0.07865260500953324,-0.08403600777003602,0.012927729842878839,-0.017497131627309103,0.19258627229011363,-0.11561526748172368,-0.006470168513804002,0.17765930495378324,0.07135656415275239,0.03495906612682197,-0.13230300760636296,-0.06136944705468198,-0.09321318435146575,-0.06603976339101791,0.027529146522283554,-0.004987639375030994,0.3364342451095581,-0.1463252305984497,-0.009094199165701866,0.13350766897201538,-0.03707422316074371,-0.017442110925912857,-0.1586138904094696,0.021644368767738342,-0.05525397136807442
0.05550736528739499,0.016953559679719864,0.10474885557668827,-0.09380588241747359,0.004315623047275466,-0.001195980886873529,0.30008041852772493,-0.13982438562247906,-0.009020126580523468,0.16498454237589305,0.06968199868100915,0.007520161957440688,-0.14098123740172538,-0.03901647997072148,-0.07657741670506743,-0.029345473274588585,0.025996308773756027,-0.00997630413621664,0.4007450342178345,-0.1882905215024948,-0.007044242694973946,0.14096742868423462,-0.056853219866752625,-0.002765445038676262,-0.1596042513847351,0.0885283425450325,-0.0635518804192543
0.05301933519990499,0.0036699628317545764,0.11131507901090883,-0.056050975852763994,-0.008355227826450044,0.005698131214238758,0.3710852606810524,-0.1798150239275902,-0.00824148252994939,0.16217219745668462,0.06450004410690514,-7.366227720056488e-05,-0.1571796303784019,-0.003938575863582407,-0.07892207551597,-0.03513540327548981,0.021050015464425087,-0.0005727754905819893,0.4519076943397522,-0.18477846682071686,-0.00926232896745205,0.15906870365142822,-0.04630858451128006,0.0019246451556682587,-0.16984279453754425,0.12744063138961792,-0.06361367553472519
0.04569653057092731,0.0021864575819882212,0.1078811606811243,-0.030094990164115636,-0.013830768692626203,0.011559171220493481,0.4404109653116105,-0.1796018671770437,-0.009899626385899052,0.14848170541425165,0.05928309317446694,0.0020812690107717786,-0.1865550166248102,0.039320778073398024,-0.07858128505183601,-0.009685924276709557,0.00019240507390350103,0.008323779329657555,0.4692735970020294,-0.17854458093643188,-0.007303131744265556,0.1579364538192749,-0.04773218184709549,0.01305701956152916,-0.20943304896354675,0.1604730784893036,-0.057444196194410324
0.04207801223160212,0.0016183819347243438,0.10553786186661,0.005189815506432679,-0.021827588868668483,0.015520812682059697,0.4679485283595924,-0.17284265025671838,-0.008129034160939472,0.13422054042400372,0.04784684383920573,0.00642689956506879,-0.2242554210965349,0.08846658794528525,-0.07806691371585033,-0.005215616896748543,-0.01251355092972517,0.021781466901302338,0.43513062596321106,-0.1323271095752716,0.004929276183247566,0.15634486079216003,-0.04552992433309555,0.01620417647063732,-0.26759570837020874,0.17598840594291687,-0.04965004324913025
0.03984971330934448,0.011942485965510974,0.11354930284484456,0.031057442646672,-0.0280516468815511,0.0234312786818006,0.45098152701866423,-0.1302808901286453,0.0027421725144347884,0.11762527579581139,0.028488348134684757,-0.00026677893351675756,-0.2734287562408271,0.14443276920300374,-0.06320285872042325,0.002099592238664627,-0.020702004432678223,0.028354689478874207,0.3636322319507599,-0.09148351103067398,0.010329490527510643,0.14768394827842712,-0.03691233694553375,0.009220398962497711,-0.30120447278022766,0.1385885775089264,-0.041776105761528015
0.03409797662959738,0.020557642329402437,0.1420470813318095,0.05458715900708376,-0.028403074009257685,0.027269156223852366,0.3907431499862732,-0.0895648082254352,0.00907958225558298,0.09527211573747943,0.0063965754489932,-0.02566095961990057,-0.2953692095988884,0.17068329188299294,-0.04229057044357995,0.046078652143478394,-0.02208741568028927,0.019936826080083847,0.21603038907051086,-0.055666275322437286,0.028493598103523254,0.10686054080724716,-0.04623714089393616,0.010786609724164009,-0.3201093077659607,0.1570321023464203,-0.0375685915350914
0.024440597698624375,0.03647137069770479,0.16344528293650568,0.0949705247792806,-0.027273716974099273,0.02395304849529797,0.2504865256432745,-0.05377153342926025,0.0252038921505079,0.06273157928544895,-0.012153155974243062,-0.04496008584672726,-0.30803930432153376,0.19125599276219143,-0.026277460385466835,0.056581005454063416,-0.012371632270514965,0.012847823090851307,0.14379484951496124,-0.08093733340501785,0.028904592618346214,0.11174095422029495,-0.03573343902826309,0.015536658465862274,-0.2351219356060028,0.14222638309001923,-0.030173365026712418
-0.0037899685089776854,0.039055262331658305,0.1842430131455276,0.11837379542971138,-0.0050250105576045674,0.010440382261750973,0.16551848759280022,-0.07435286820976973,0.028624707298153647,0.027733991572096314,-0.012766864019125595,-0.04629486203879682,-0.26405862752501696,0.16677924308180708,-0.022541839233244536,0.07955173403024673,-0.00027928187046200037,-0.001257111318409443,0.024609556421637535,-0.06599552929401398,0.02680487185716629,0.03639735281467438,-0.028660662472248077,0.0118745481595397,-0.20153497159481049,0.09628630429506302,-0.02867475152015686
-0.03580034829184999,0.0391437107599957,0.1975479293060148,0.1390969399287009,0.016060692415974066,-0.0031617935048173012,0.0589511182020947,-0.062147611432638805,0.027450946790130607,-0.01616826641815479,-0.013537238627121724,-0.05058374895942604,-0.2020495055567021,0.13407979565293923,-0.008078713824132206,0.09445565193891525,0.009651371277868748,-0.015257417224347591,-0.04522076994180679,-0.03287135809659958,0.01747943088412285,0.0017643719911575317,-0.017963925376534462,-0.0032412372529506683,-0.04952608793973923,0.01450837217271328,-0.02831283211708069
-0.05752561740617366,0.03054719367643188,0.2111715573217952,0.16844506604994416,0.011191675323856275,-0.0235281790971115,-0.01015144059280366,-0.10662396256876536,0.03184356981513847,-0.07405636049776594,-0.02487444413421658,-0.052701177337266626,-0.0826132565777163,0.04793341108159424,-0.018822894215729667,0.12811890244483948,0.042800478637218475,-0.007773132063448429,-0.11560666561126709,-0.01148829236626625,0.030052337795495987,-0.04642865061759949,-0.013735838234424591,0.0055787209421396255,0.08346740156412125,-0.04885684698820114,0.0014290409162640572
-0.06480377074231176,0.021945501180107258,0.24039229639427187,0.19625700272718347,-0.009610717315461353,-0.055163628806414726,-0.08590362426158041,-0.12053199606226674,0.05153845566474079,-0.11103547889542378,-0.03630973979480539,0.00040836032099437775,0.030016165346577237,-0.036621231130320425,-0.002437677709733331,0.153977632522583,0.042232368141412735,-0.012145713903009892,-0.1055155098438263,0.00031592510640621185,0.04355911165475845,-0.09490673243999481,-0.01355101726949215,-0.007474279031157494,0.2561495006084442,-0.13094329833984375,0.012883034534752369
-0.05809887028568793,0.0006632344652521428,0.26522598266128056,0.19414366487442164,-0.04315848695080104,-0.07434735329053609,-0.082564855565016,-0.10316196152472148,0.0914449407438302,-0.13973076947051602,-0.04809158716867506,0.009841945541596734,0.19665783771116085,-0.11535304434910616,0.00891529261791867,0.1311291754245758,0.07559604942798615,0.0003519253805279732,-0.11910207569599152,-0.002843054011464119,0.05556359887123108,-0.08801165223121643,-0.03411379083991051,-0.0036316411569714546,0.3784123361110687,-0.1471691131591797,0.015889305621385574
-0.06013350401535246,-0.02633520938039596,0.2559270295569891,0.20446063352887775,-0.04431146189603709,-0.06255772818152293,-0.08244041175954915,-0.08754914378629537,0.08100543769852636,-0.14332611763972464,-0.02385980583932482,-0.0022409737745839693,0.3302126132899958,-0.13868777196930845,0.014653003113611021,0.14623507857322693,0.04941440001130104,-0.005937312729656696,-0.07957031577825546,0.03263815492391586,0.034752145409584045,-0.1369228959083557,-0.023772746324539185,-0.019066140055656433,0.4511983096599579,-0.1794266402721405,0.01495598815381527
-0.059061269211944836,-0.0242062760428577,0.23822101279462277,0.17718767921184467,-0.04029054843629133,-0.04210906442773216,-0.07938329337594326,-0.06223946900084391,0.06028003566842902,-0.15713623924533088,-0.0008002879333370175,-0.02469082230853312,0.42814197637312956,-0.17177188478887917,0.015459498753171746,0.14409354329109192,0.06491808593273163,-0.0027367165312170982,-0.07158523797988892,0.06343477964401245,0.046585097908973694,-0.13132348656654358,-0.023990461602807045,-0.01318139024078846,0.5471926927566528,-0.18641439080238342,0.014970551244914532
-0.05011914729213159,-0.028066875473349615,0.21479265176801932,0.15665084494537793,-0.043708489801821154,-0.017004127451394915,-0.07985512411343328,-0.023680092688825382,0.057871667811331795,-0.15179263748567443,0.013181288804700687,-0.030065083716929723,0.5162513282044362,-0.18299971539458232,0.016024094885643804,0.11404968053102493,0.055326394736766815,-0.004288298077881336,-0.0949748083949089,0.0597129687666893,0.022293763235211372,-0.1299038827419281,-0.00883646309375763,-0.014934990555047989,0.5566933751106262,-0.162944957613945,0.011792231351137161
-0.04673132230472526,-0.020754151331583825,0.20123384347527767,0.12827606678096956,-0.03448295276015266,-0.005137507040943737,-0.09006001181853536,0.0032594985601487655,0.03159892103873764,-0.13152666028096605,0.0274830980619515,-0.032040865116667955,0.553003632255344,-0.16157787895267484,0.013447212032855984,0.1252516806125641,0.0524723045527935,-0.006385737098753452,-0.10420949012041092,0.08919713646173477,0.026350094005465508,-0.11972833424806595,-0.0017190836369991302,-0.031079286709427834,0.5834286212921143,-0.16967764496803284,0.008120800368487835
-0.03999632057115423,-0.00876007332381127,0.19093660281582261,0.10542039847508286,-0.029825568986724567,0.0031111393354464837,-0.12021072582462919,0.028204913709079255,0.03249852087225278,-0.10960745300591568,0.026573649280197127,-0.04150916729840911,0.5760600973175735,-0.16499573765301212,0.009572927011940872,0.1292964518070221,0.0529458224773407,-0.018806621432304382,-0.13005214929580688,0.10527994483709335,0.019847450777888298,-0.10933719575405121,0.009032510221004486,-0.03562925383448601,0.549665629863739,-0.15747977793216705,-0.002603602595627308
-0.03386664534805923,-0.004073861945618731,0.18309919108480277,0.08260228366905208,-0.025324667699086055,0.010458435301438229,-0.1394359721627268,0.0594249394208304,0.044172369660005234,-0.07185179664050384,0.02521710089844809,-0.041494692184841295,0.5606202322322689,-0.15209938825127692,-0.0004958506821049329,0.08657959848642349,0.04631899297237396,-0.007381786592304707,-0.19421963393688202,0.08131223171949387,0.02202429063618183,-0.07822895050048828,0.016583498567342758,-0.04002685844898224,0.46748122572898865,-0.1041913852095604,-0.008927076123654842
-0.0244415855046075,0.009120714935371015,0.16749799304429605,0.05673685854625681,-0.01468285638665931,0.025915772553834614,-0.1683683136183259,0.09840500900856843,0.03925137753810848,-0.03907016127615304,0.024195544921056883,-0.03897957577451711,0.4878423434438162,-0.1025765695888479,-0.007773267858310505,0.0914631262421608,0.03635113313794136,-0.013905922882258892,-0.20690877735614777,0.07911913841962814,0.019894996657967567,-0.05338466912508011,0.01925824210047722,-0.046219661831855774,0.33409836888313293,-0.09482850134372711,-0.01819188892841339
-0.011095009472232726,0.025135775188247285,0.14740022391615573,0.03176959545755318,-0.003054961236338295,0.04410796825137151,-0.18896414852582927,0.12103108254206849,0.0201463877446315,0.004030512850271499,0.01800789325143863,-0.04288703708503278,0.36375466912755805,-0.08883214441416318,-0.016728217963233875,0.035102345049381256,0.022443579509854317,-0.01440692413598299,-0.1740533411502838,0.07911095768213272,0.02349717915058136,-0.013725513592362404,0.007643386721611023,-0.03480510041117668,0.14713962376117706,-0.022450165823101997,-0.03753127530217171
0.010562129591128474,0.05256598912852128,0.1373316488882791,-0.021308818944240453,0.00107818659084574,0.05159565896671457,-0.1727451058879426,0.11244357228008048,0.011606143803717635,0.04398891327989186,0.010657271503575674,-0.034995054514386004,0.18886269130207306,-0.030535102283644373,-0.03326311526391363,0.020071614533662796,0.002204709220677614,-0.008846315555274487,-0.04894060641527176,-0.004477782174944878,0.012008227407932281,0.05335627496242523,-0.0004380871541798115,-0.007555107586085796,-0.021689657121896744,0.003517812117934227,-0.030375059694051743
0.027610685527469966,0.05604440521963128,0.12464597231321123,-0.06424609062894365,0.0074797416986444295,0.03975917287560915,-0.09006775605066744,0.02226997145434038,0.007712781899931399,0.12113604743388132,0.017774588807867062,-0.011641210852559382,0.026149064810949793,-0.06330679816681524,-0.03439438908454806,-0.08274202793836594,0.007528734393417835,-0.0004780581220984459,0.10276167839765549,-0.061539195477962494,-0.011766323819756508,0.10935219377279282,-0.019779205322265625,-0.005972204729914665,-0.0940842255949974,0.0359024852514267,-0.04345778748393059
0.033118429321944455,0.0638326129176826,0.08261430833915444,-0.12407643524901676,0.01639851264453964,0.002083457241902553,0.05415390248973005,-0.051691891520503276,-0.008392731607680271,0.1439342899973216,0.03650525143743448,0.0335874991298512,-0.08094702111820362,-0.06532124624801434,-0.05918122742811374,-0.07861752063035965,0.016688574105501175,-0.0022337595000863075,0.1903427690267563,-0.1280154585838318,-0.001227913424372673,0.17122873663902283,-0.027973763644695282,-0.0050730109214782715,-0.13253998756408691,0.04470057040452957,-0.06490763276815414
0.04322574590764829,0.04307202074553423,0.04801914538786409,-0.11641448962252979,0.014049885681829383,-0.006643101983223339,0.15911137269747158,-0.11575455297542762,-0.002035706375446659,0.1859131613125654,0.04473254202511231,0.06796093014171653,-0.1476409685725825,-0.06984521676469271,-0.08203959900995911,-0.050401993095874786,0.012814768590033054,-0.013450474478304386,0.25306329131126404,-0.14426732063293457,-0.0018356125801801682,0.12458265572786331,-0.033422697335481644,0.0025837523862719536,-0.19104072451591492,0.044618986546993256,-0.04885972663760185
0.036112760101124276,0.025690926790900796,0.048561044568594856,-0.10134599741153585,0.018375200978571166,-0.020033352842337093,0.21779381829933173,-0.13622189924015563,-0.0012521427959388412,0.1867118416970408,0.06395920198466525,0.06381495794499291,-0.15722976869955135,-0.048152070086941744,-0.08424924148139493,-0.033616915345191956,0.019217362627387047,-0.009680272080004215,0.3172178268432617,-0.1457657814025879,-0.013722201809287071,0.13540944457054138,-0.051938727498054504,-0.009721215814352036,-0.1861526072025299,0.04410191625356674,-0.07156630605459213
0.03545374860429975,0.01504979523722205,0.07163831910433348,-0.08588880616695803,0.006087598898373984,-0.010736048100996612,0.2746767870633196,-0.14119922273645036,-0.011763792917163915,0.18397550733122167,0.06525733785909969,0.03905531310354488,-0.1673578346432933,-0.02719330631413968,-0.08751144430755817,-0.040678270161151886,0.027036525309085846,-0.004911704920232296,0.4043024480342865,-0.1889287829399109,-0.004604922607541084,0.14749550819396973,-0.04628882557153702,-0.007043337449431419,-0.16758112609386444,0.08338314294815063,-0.05797194316983223
0.03051542822116502,0.0029776157406126162,0.09587651161782351,-0.07258082719347178,-0.0006757041463385214,0.004348956802605995,0.36832887178823953,-0.18097839670743662,-0.006292371085022907,0.17548972214913808,0.06408176735814267,0.013787256007208627,-0.16741263926903444,-0.009762118080590859,-0.08077379929886111,-0.023493319749832153,0.022725790739059448,-0.009046354331076145,0.4492008090019226,-0.18476569652557373,-0.01136835478246212,0.13265448808670044,-0.053883764892816544,-0.0024391282349824905,-0.1738635152578354,0.11480717360973358,-0.058680761605501175
0.02470170609903397,0.0012402894166993737,0.10319137061592236,-0.043640326437502486,-0.009553473765269292,0.0055235772674576645,0.4270131148240782,-0.18074153704580265,-0.0114234806309748,0.15425320204425652,0.05903159459406583,0.005121368985450356,-0.17533897458985678,0.022598929350366777,-0.07625391461063445,-0.003751274198293686,0.010554087348282337,0.00628645671531558,0.4635767340660095,-0.17752644419670105,-0.006032643839716911,0.16464510560035706,-0.052529238164424896,0.009103158488869667,-0.1974714696407318,0.156422421336174,-0.06654822826385498
0.017512746866180443,-0.001054576465964693,0.10308708726564265,0.0015095700053642722,-0.011747885935222177,0.013208634752274755,0.45507460609794503,-0.1724224383239361,-0.007319305403905239,0.1456472995288537,0.052018919329622444,0.006076652564913216,-0.21332805237011374,0.0697160286908271,-0.06603920287352875,0.002974690869450569,-0.006708162371069193,0.017290957272052765,0.4621075689792633,-0.1470060497522354,-0.0023116599768400192,0.14438006281852722,-0.0461457297205925,0.008998023346066475,-0.24665424227714539,0.16725119948387146,-0.05840844288468361
0.008110750458192663,0.00852538033482544,0.11135594567532572,0.02461764441859652,-0.014885691838096266,0.01769244773340227,0.4645997163660411,-0.14337814489675002,-0.0031134049872258234,0.12158146752735366,0.039673968540922096,-0.0014163427444575747,-0.2511672431498952,0.12037497264324173,-0.046067790484209684,0.007086105644702911,-0.018742015585303307,0.027105864137411118,0.3732493817806244,-0.09012890607118607,0.0093133095651865,0.157027006149292,-0.04062192887067795,0.01657896675169468,-0.2864718735218048,0.16687621176242828,-0.046666186302900314
0.005838311502999956,0.01948457121482303,0.1273374096140181,0.05982114430628218,-0.024782750065573962,0.02564871901891244,0.4021763102591531,-0.08874261511911917,0.007339715611815093,0.10157549442596672,0.016539336302440987,-0.015909248595008387,-0.291593442784865,0.16799285128338773,-0.027534427648236083,0.03661128878593445,-0.019423600286245346,0.03619072213768959,0.24406680464744568,-0.04718255251646042,0.024448545649647713,0.13033470511436462,-0.03855060786008835,0.007194283418357372,-0.3188190758228302,0.15313705801963806,-0.041509196162223816
0.000616214179148587,0.037385007352472376,0.15276627632391196,0.09569240192951003,-0.022536892863545443,0.034864818189557785,0.28156385294623604,-0.045056590141813097,0.02164714594152361,0.07315826131890356,-0.0008766982818886299,-0.04089370553792657,-0.31188002210943533,0.18779963156511537,-0.01829288726070642,0.07954307645559311,-0.0111315893009305,0.019596043974161148,0.08882712572813034,-0.050560399889945984,0.031239358708262444,0.08144476264715195,-0.03753943741321564,0.016186365857720375,-0.25133663415908813,0.1442422717809677,-0.025272097438573837
-0.015300306448707529,0.057607756637642164,0.17371229724418819,0.13487195241378272,-0.016475580802607824,0.022360583636169017,0.12468028837549552,-0.04550809546078836,0.029624608643605273,0.01871845154318749,-0.012435018398665974,-0.0422177340757404,-0.27229231850577823,0.16560058285549023,-0.013779353492305406,0.10141254216432571,0.009189913049340248,0.008124160580337048,0.035912010818719864,-0.047509290277957916,0.030668051913380623,0.07636325061321259,-0.03091464191675186,0.0044321720488369465,-0.14430975914001465,0.09268449991941452,-0.0351836197078228
-0.04487456723602288,0.04564017407015397,0.20938094643339406,0.1600441368295008,0.0007135182357768629,-0.009363640191754813,0.06206885523433353,-0.08101270857844185,0.033555527561176336,-0.003968412979029545,-0.01753170818010757,-0.029309854585754344,-0.18743878601971886,0.1079586673842788,-0.021558457349900462,0.09750361740589142,0.028073454275727272,-0.0017372583970427513,-0.05508522689342499,-0.01613730564713478,0.03576180338859558,-0.012229030951857567,-0.01204791758209467,0.000940149649977684,-0.07724803686141968,0.015139332041144371,-0.0209943987429142
-0.05719586969799675,0.055145956692581564,0.24421669389014208,0.1668370787558243,-0.011855567514944659,-0.04488936593957148,-0.015543302547553647,-0.11183639543969369,0.05762328985768624,-0.053823974313236024,-0.03848128625296564,-0.00669636025958803,-0.10165460439689072,0.03646026041231922,-0.021069361892908,0.1401524543762207,0.031315043568611145,-0.016996663063764572,-0.08889548480510712,0.005129165947437286,0.056710630655288696,-0.03732602298259735,-0.0047894008457660675,-0.00275251641869545,0.10572287440299988,-0.06345923990011215,0.014634913764894009
-0.07051086074993645,0.055733996466561186,0.2686825397127807,0.18413717315416306,-0.016343305866679914,-0.07458496419884202,-0.08943732786781047,-0.12722816075069254,0.08001194389171476,-0.10530865865449172,-0.04443020401821639,0.0020190387076167624,0.040697102525561066,-0.05095782631877118,0.008276029057690487,0.15384894609451294,0.037161603569984436,-0.010469977743923664,-0.10398758947849274,0.000204501673579216,0.03394827991724014,-0.08824028819799423,-0.017504453659057617,-0.006822928786277771,0.1968184858560562,-0.09655963629484177,0.003469902090728283
-0.06806078830018082,0.03317590082271285,0.2762188225480607,0.1842258212391804,-0.031040406545349564,-0.07778031201819093,-0.09053450232869198,-0.11530020335295624,0.08708740362452308,-0.11815310387902032,-0.044318018896286816,0.008284807024238944,0.16201536988528098,-0.08545691444020533,0.0029398707840804644,0.12412167340517044,0.07695308327674866,-0.005715492181479931,-0.1435222625732422,-0.023207424208521843,0.06662686914205551,-0.06261339783668518,-0.029199305921792984,0.012186896055936813,0.3466257154941559,-0.15758652985095978,0.01321194414049387
-0.06205987083928125,0.007805073778516585,0.25392257823975467,0.19628567451682508,-0.035056779150888756,-0.05394532299545047,-0.10395127222062911,-0.09321027139728301,0.08360005317888257,-0.12421117250797895,-0.024398358964007823,0.010785640141593188,0.2903990954269654,-0.14638257985548775,0.011389097459256658,0.15629670023918152,0.051404111087322235,0.004666303284466267,-0.07156191766262054,0.016960149630904198,0.04313138127326965,-0.13750198483467102,-0.030614282935857773,-0.01248021051287651,0.44673898816108704,-0.17673610150814056,0.023090481758117676
-0.056380625542543694,0.001186353826773468,0.23103766253861832,0.16901474891940882,-0.03126526421915016,-0.028000220148420896,-0.08608473498572491,-0.07672756538914526,0.06784242110913088,-0.14577757484294612,-0.008330265419971504,-0.01572387794277535,0.423472979419518,-0.17032904046136557,0.021733038772780815,0.12904444336891174,0.07104858756065369,-0.009698809124529362,-0.07356619089841843,0.048778191208839417,0.05488084256649017,-0.11887430399656296,-0.023370061069726944,0.0035641230642795563,0.5396524667739868,-0.19306528568267822,0.008849406614899635
-0.04511276666811168,-0.00823937669068142,0.2139641195244008,0.14576499873214022,-0.03126877969146705,-0.010094346952129582,-0.07828080096362207,-0.044176759939922955,0.06683256211019949,-0.13435723426165094,0.008429870867293366,-0.015670471237553583,0.5142825799650408,-0.18806445518144535,0.011783766095152992,0.14118874073028564,0.06135111674666405,-0.0004030885174870491,-0.08592277765274048,0.04959684610366821,0.04171808063983917,-0.1254146546125412,-0.013516832143068314,-0.009828396141529083,0.5550347566604614,-0.18363533914089203,0.018166661262512207
-0.0357760874737543,-0.00878961573278337,0.20473834471374772,0.12826397826095945,-0.02281969710602688,-0.001728503346384516,-0.0991521463637903,-0.014865837654644996,0.04881070799254548,-0.11029286116151608,0.01972094619864047,-0.021251065158719558,0.5577282491507536,-0.17965200260915337,0.017940739201130318,0.11992480605840683,0.06188180297613144,-0.018172573298215866,-0.11841829121112823,0.08389286696910858,0.05008015036582947,-0.11069797724485397,-0.006054706871509552,-0.016498280689120293,0.567007303237915,-0.16225400567054749,0.004832933656871319
-0.02242420584628685,0.0010553536699497428,0.19734373142631273,0.09637712853703002,-0.020921618186998617,0.004044679173966063,-0.12264565346220757,0.02513095576039132,0.044764834267416204,-0.0913683288562914,0.016263646640561954,-0.02735485351026285,0.5670543775630528,-0.15970174384297464,0.007465497483840978,0.10168582201004028,0.05891161412000656,-0.010539482347667217,-0.1690533459186554,0.08457016199827194,0.054174430668354034,-0.0723470151424408,0.007378559559583664,-0.01907275803387165,0.5070110559463501,-0.137152299284935,0.0022375676780939102
-0.004239725912144281,0.005735283483550278,0.1885943497438435,0.07672855090575655,-0.015955542551725873,0.012640692365764618,-0.1553196571386696,0.07141253076807895,0.026120371651418926,-0.048241640942229456,0.01458406531167592,-0.019959199411892052,0.5168736667931934,-0.13353268206046673,0.0029758745189405835,0.0703270360827446,0.0465700663626194,-0.016495700925588608,-0.19335336983203888,0.08785632997751236,0.04533180594444275,-0.0662616714835167,0.015184098854660988,-0.02419375628232956,0.42945224046707153,-0.09762740880250931,0.0007283417508006096
0.011850908159409741,0.025360458891928388,0.17512666159576246,0.034855857402021524,-0.008208366765874733,0.02579175893484321,-0.171836336599835,0.10779579536540188,0.010862542649216118,-0.026998626347561026,0.010396355602169439,-0.020306483472810628,0.4439852767844178,-0.09551606354631244,0.0008338332528940502,0.06737083941698074,0.04792984202504158,-0.004153639078140259,-0.19920669496059418,0.10558371990919113,0.059654831886291504,-0.027956834062933922,0.007922044023871422,-0.028002630919218063,0.2847846448421478,-0.09816259145736694,-0.005904716439545155
0.03222631224880782,0.03569857288131372,0.1582715942534014,0.010922703972369618,-0.006183924419208837,0.045134512884545445,-0.18553183826475594,0.13144915215233816,0.022561614926502306,0.023192858353552438,0.0025875575709497353,-0.02223560802334135,0.31330353088028545,-0.09049866611507744,-0.005178418379221799,0.01678386889398098,0.015588412992656231,-0.006705210544168949,-0.1828777939081192,0.041353411972522736,0.03595239669084549,0.008611713536083698,0.0019135475158691406,-0.011840375140309334,0.08870310336351395,-0.053339868783950806,-0.023047491908073425
0.05268913666139571,0.05940722808915477,0.14309901215283444,-0.036013385946475907,0.0009664145189960146,0.061302126294783855,-0.16837449335998148,0.08871856759934182,0.016100865750575535,0.07188926376355657,0.008462556222827669,-0.009704118340859559,0.1369862189110568,-0.09449768619803266,-0.027870893192172064,-0.012889058329164982,0.009714653715491295,-0.009417862631380558,0.02251102589070797,0.011119887232780457,0.014638243243098259,0.07871758937835693,-0.010483141988515854,0.002093974966555834,0.021800503134727478,-0.045686036348342896,-0.019051752984523773
0.0677819694169983,0.0628546748170886,0.12009955911862075,-0.08270142368927884,0.004427581978509976,0.006510288892998971,-0.04268880720733526,0.014200159548030668,0.014573861152140937,0.11047896518585593,0.018864972188052147,0.021277111669579508,0.03201737684198841,-0.11282566971393675,-0.032270238868320644,-0.08628331869840622,0.007129164412617683,-0.004824635572731495,0.06912975013256073,-0.07880739867687225,0.002075163647532463,0.14506493508815765,-0.015516461804509163,-0.008447597734630108,-0.11121238023042679,-0.008107561618089676,-0.04739074036478996
0.07253501148193234,0.05112992909890112,0.09375271838531635,-0.09666042485312651,0.01798140588304546,-0.011140021311597187,0.05727237441831879,-0.06108372107094548,0.004671529838593325,0.16584978172224998,0.04056743336928148,0.04837376554534892,-0.09404571969522948,-0.10562116110765911,-0.06703554293489812,-0.0695391446352005,0.012084179557859898,-0.00025520753115415573,0.19917388260364532,-0.09696568548679352,0.00505831278860569,0.1242261603474617,-0.027090491726994514,-0.004349514842033386,-0.12454689294099808,0.006207727827131748,-0.03045051172375679
0.06774919025388929,0.04685595740459067,0.09140487266299317,-0.11563665782152097,0.02853013895471152,-0.010552570267229748,0.150605636293344,-0.09004303533160261,0.005914854276050022,0.15447039082410627,0.0627945985295098,0.04741837415628755,-0.10586373830321409,-0.08852797333276391,-0.08082120286688287,-0.030620679259300232,0.024761522188782692,-0.017686184495687485,0.2362397015094757,-0.11647369712591171,-0.0035584326833486557,0.1284722089767456,-0.054711755365133286,-0.007386559620499611,-0.17063330113887787,0.0021755285561084747,-0.08312439918518066
0.06888231629868113,0.016851658255582963,0.10726261771700249,-0.07711738939111629,0.011451382499425285,-0.015292506700014322,0.20211560423554512,-0.10875025011066673,-0.002106953123215845,0.17987677819699932,0.06679411645596993,0.028103110527554317,-0.13270574574608224,-0.059374908369846,-0.09727106399949347,-0.08130545169115067,0.027573546394705772,-0.006015726365149021,0.3420838713645935,-0.1477757692337036,-0.01530434750020504,0.11977769434452057,-0.032274067401885986,-0.014650121331214905,-0.1498272716999054,0.020344723016023636,-0.03325168415904045
0.06201609773903673,0.02082488960271992,0.13089132736241563,-0.10001714652581466,0.0064811551431205264,-0.001924160522786701,0.31055585960136883,-0.14018344903190075,-0.013628257748307327,0.15027698437431475,0.06750014358729362,0.002615037325706563,-0.13086906557345265,-0.04116120615048957,-0.06322436707725253,-0.016817830502986908,0.026364071294665337,-0.007497473619878292,0.40377330780029297,-0.19175176322460175,-0.0024468805640935898,0.153038889169693,-0.0640399158000946,7.353723049163818e-05,-0.15020474791526794,0.09101778268814087,-0.07296837121248245
0.05883361359573723,-0.0015848099440734244,0.1338736220915933,-0.043780514388696734,-0.0071732727692148885,0.00689032685528655,0.3713662426491328,-0.18293157401808618,-0.00493267550496342,0.16210315508562603,0.06562743480927595,-0.0019083075542275325,-0.15207875011222127,0.0018624871479460887,-0.08098688247042381,-0.042353518307209015,0.02134186215698719,0.00336584635078907,0.45025163888931274,-0.1705348640680313,-0.01190037839114666,0.15076181292533875,-0.04190891608595848,-0.002962786704301834,-0.1788029670715332,0.12402734905481339,-0.059553105384111404
0.055346075601407044,0.00035241843549605687,0.13532558133508052,-0.03219810858692186,-0.014974468198606245,0.015745452754233048,0.44502767770974605,-0.16684066518284793,-0.011720902789972436,0.14721699756855489,0.05828989884294263,-0.0017168473949408494,-0.18774321768431354,0.04174659479793295,-0.07498310112616507,-0.007471099495887756,-0.0019999691285192966,0.009762355126440525,0.460377961397171,-0.18596312403678894,-0.0026910286396741867,0.16638584434986115,-0.0470273420214653,0.01663260906934738,-0.20335420966148376,0.15880082547664642,-0.050937753170728683
0.05119951843612242,0.0009383135483150454,0.12952158685096837,0.008871631105040887,-0.024888892427720015,0.01808675445916521,0.45933465673358437,-0.17840078630163472,-0.004538237664540404,0.13446622310132733,0.04768469556051516,0.004474876224451838,-0.22331722193744524,0.08821789956375317,-0.07125422802802954,-0.011544588953256607,-0.013940623961389065,0.02728167176246643,0.4403885006904602,-0.11680644750595093,0.0033699553459882736,0.1476822793483734,-0.04667052626609802,0.008676262572407722,-0.2785814106464386,0.16695240139961243,-0.04575343802571297
0.0479188477194304,0.011067036684672266,0.13954038640312572,0.021155407966168348,-0.029756442742030723,0.02796875383861078,0.45206626663810795,-0.11723741460882599,0.002014452286056097,0.11748447490413151,0.03080373041173954,-0.0055068187281989605,-0.27543785574123025,0.14477879112371864,-0.0634352202185584,8.194148540496826e-05,-0.017823394387960434,0.030959464609622955,0.3543655574321747,-0.10241544991731644,0.013561123982071877,0.16189947724342346,-0.03711250424385071,0.009320119395852089,-0.29135897755622864,0.13232696056365967,-0.03724154457449913
0.04328923874240065,0.015551852193352648,0.16610541040167331,0.05567103861586238,-0.03153580293405142,0.032400116513580525,0.3845291778833973,-0.09752735567291566,0.01154680382779629,0.10237550508032418,0.010477438264655215,-0.029195691410736906,-0.2923341308398287,0.15947842869312495,-0.050361351348727705,0.04564676061272621,-0.02226032130420208,0.019692208617925644,0.2296428084373474,-0.07129165530204773,0.029621174558997154,0.1015920639038086,-0.04914611577987671,0.016122639179229736,-0.3189745843410492,0.15894077718257904,-0.028199177235364914
0.03647982775255117,0.03262287058335172,0.1858388115390106,0.08677511161457917,-0.03401121145083423,0.026794899971721152,0.2574871822336859,-0.06964986368686055,0.026397304884904438,0.06668668223545784,-0.009427055414236354,-0.03989337391450839,-0.30557797734171616,0.18779418344631835,-0.0323015636108155,0.017989709973335266,-0.014506577514111996,0.02245253697037697,0.17780351638793945,-0.0753813162446022,0.03116665966808796,0.13581699132919312,-0.03227792680263519,0.012168520130217075,-0.2410680651664734,0.12447664141654968,-0.02296437695622444
0.005291613134695576,0.0343743600702461,0.20928233294310858,0.09518520568646541,-0.005470486445670221,0.018202627134940575,0.20117685620863515,-0.07008771570335892,0.030829019331964802,0.03738483434605907,-0.006638302220891581,-0.05639125724844521,-0.26765710591108344,0.1599000454673665,-0.01725116631302382,0.0913146510720253,0.0010651120683178306,0.0014237696304917336,0.006074774079024792,-0.0679592713713646,0.025117041543126106,0.02683522179722786,-0.0370917022228241,0.006464572623372078,-0.21850232779979706,0.10409945249557495,-0.03408779576420784
-0.020170554143347917,0.03294042391379819,0.21484535551758321,0.13778260204744258,0.006740594635652819,0.0019699732393465698,0.04613001555235587,-0.06250683141186608,0.026084079940904746,-0.006638725116478417,-0.01021353264309723,-0.0472984852987135,-0.21137961559079008,0.13784545119427288,-0.014893347646250454,0.06514143198728561,0.003270950634032488,-0.011441315524280071,0.007956896908581257,-0.03611874580383301,0.02782108075916767,0.021626939997076988,-0.016014236956834793,0.002291652373969555,-0.05392604321241379,0.014864230528473854,-0.022201139479875565
-0.05272366270208871,0.02154007611074348,0.2304187157368516,0.13406295748273503,0.018221109404219907,-0.022225423000574233,0.027610211538610933,-0.09253558188621415,0.029537756190288117,-0.06153981481155011,-0.013152747956203331,-0.054766106718956965,-0.0867315141582655,0.0507857609766084,-0.011732191561161278,0.10695136338472366,0.04883379116654396,0.002303597517311573,-0.15588542819023132,-0.01776345819234848,0.01748213917016983,-0.02812987007200718,-0.014437826350331306,0.003962940536439419,0.0609881617128849,-0.05440475046634674,-0.001266232691705227
-0.059931938723107335,0.004718545136899383,0.2447401405472672,0.19729151222533486,-0.00504123761421078,-0.036349204441938614,-0.09014867349563815,-0.11473083090684934,0.04257727737523691,-0.09549888538910337,-0.033846050284620274,-0.009547594725268805,0.01786582244893194,-0.03555310417159344,-0.0032615800178370387,0.15007999539375305,0.04744424298405647,-0.015791073441505432,-0.07913057506084442,0.015962356701493263,0.034150514751672745,-0.10072597116231918,-0.011665012687444687,-0.016694895923137665,0.26467815041542053,-0.12633949518203735,0.012671710923314095
-0.05001990655660623,-0.007611528838321387,0.27286014312101703,0.177443265984116,-0.04176397014150406,-0.05856981106745481,-0.06818566112554864,-0.09409039637330466,0.0802035704197073,-0.1402303550459648,-0.0550894873837879,0.0004168433077283767,0.19720390208169583,-0.11205060115841706,0.00837981753879253,0.12771978974342346,0.07620173692703247,0.0016473094001412392,-0.11513421684503555,0.0021710824221372604,0.053890928626060486,-0.08901209384202957,-0.0327346995472908,0.0037321196869015694,0.368129163980484,-0.15963034331798553,0.015992145985364914
-0.055834239372975825,-0.039298609760729866,0.2743501748131765,0.19623499733763672,-0.039633073620229664,-0.05654990302471056,-0.07376532806489797,-0.07661375891738612,0.07879253667309527,-0.13650372021713317,-0.024898491591849495,0.00425841361570646,0.3273380791027022,-0.14862696251611907,0.014610010254509424,0.15116682648658752,0.041207876056432724,-0.014588394202291965,-0.08058568090200424,0.043083034455776215,0.029697053134441376,-0.14158040285110474,-0.018620174378156662,-0.022100985050201416,0.4552430808544159,-0.1807902455329895,0.012004580348730087
-0.05959791987915507,-0.036488214793242504,0.2649794151919537,0.17525423775747498,-0.03454670961488388,-0.046221483160032224,-0.08179989457993343,-0.0498390739536407,0.05671714805455836,-0.15710360986076474,-0.00428827081630077,-0.02352663262693958,0.43263501750154854,-0.17439657494325242,0.012709252719797096,0.1397867202758789,0.06518338620662689,-0.0015341686084866524,-0.07485392689704895,0.06895053386688232,0.04925403743982315,-0.13326571881771088,-0.025963066145777702,-0.01251949556171894,0.5555329322814941,-0.19304782152175903,0.01709384098649025
-0.05037860844811193,-0.04034636465041615,0.24703319266065735,0.15703335207129615,-0.0381436189001491,-0.025706054450047578,-0.08174727596274511,-0.012423274277238806,0.059462367895887484,-0.1576714132358665,0.011454199162245046,-0.02858944341363514,0.525247405391267,-0.1893526208036345,0.017401923947043495,0.10795574635267258,0.05126603692770004,-0.00749508012086153,-0.10358339548110962,0.06873345375061035,0.016813790425658226,-0.12976571917533875,-0.00661415234208107,-0.016431178897619247,0.5498046278953552,-0.15922649204730988,0.010384416207671165
-0.04636087279848876,-0.03272381159269033,0.2347433945676331,0.13098182565896804,-0.02843054464284265,-0.015196026106096026,-0.09368743036439212,0.013635440885078395,0.0292688543222018,-0.13754732825081248,0.026695646406504396,-0.03206839297221591,0.5481703598739172,-0.15961923686486498,0.012417177411263058,0.12008341401815414,0.0531558096408844,-0.0031778672710061073,-0.10395896434783936,0.09218793362379074,0.028768176212906837,-0.11761482805013657,-0.00046842172741889954,-0.030615394935011864,0.5990216732025146,-0.17500849068164825,0.00936043355613947
-0.03782364659423873,-0.022880342134781868,0.21987096420407407,0.1095767566496608,-0.028188521160802,-0.002214341880862873,-0.1163865039754989,0.03559152893421213,0.033573915969372585,-0.12045294063890039,0.023910951717754255,-0.038928355798397936,0.580759199069785,-0.1704730261824228,0.010307007247797307,0.11960562318563461,0.056024856865406036,-0.016755707561969757,-0.1371905654668808,0.0949239507317543,0.021248789504170418,-0.11475756019353867,0.0033321455121040344,-0.027497999370098114,0.5543402433395386,-0.15457852184772491,0.00023589003831148148
-0.03166619513376198,-0.018056548366035544,0.20761883437607193,0.08849594182613812,-0.024304628198849435,0.009414921130913034,-0.13237165821807115,0.06071630922871749,0.04516140810847873,-0.08399314717388967,0.023828431023952434,-0.03620350341264395,0.5659186366802121,-0.15055300813302447,0.0021815441077687194,0.08424048125743866,0.044211067259311676,-0.009345619939267635,-0.17795568704605103,0.09261476248502731,0.022447964176535606,-0.07614921033382416,0.01679982803761959,-0.03912608325481415,0.4724578261375427,-0.10477511584758759,-0.00955499429255724
-0.02158065668708364,-0.0023696188959219065,0.1946834697938133,0.059076184334460144,-0.01586083894584048,0.021250040106335223,-0.15637375504180293,0.09753689621963695,0.040403030054827614,-0.0454940753288002,0.021506168903664805,-0.03750253166324546,0.48755728299483464,-0.10342025815767687,-0.007914953774572228,0.09943686425685883,0.03790334612131119,-0.012969483621418476,-0.21033017337322235,0.07588343322277069,0.023416312411427498,-0.06263348460197449,0.017950305715203285,-0.04569701477885246,0.35938560962677,-0.08122476935386658,-0.014410515315830708
-0.0029289020165639756,0.014369054260431996,0.17139156965681027,0.0417347142062247,-0.00895989418650742,0.043760421903262285,-0.184871616468468,0.12097542113790306,0.019451330477168356,-0.007190777739641656,0.011744271553981686,-0.03976586210317922,0.382987804916575,-0.07644816696333934,-0.013779902557271514,0.017823632806539536,0.021609744057059288,-0.014556066133081913,-0.1751105934381485,0.07175789028406143,0.023365193977952003,-0.014859547838568687,0.008647507056593895,-0.03867292404174805,0.1437733918428421,-0.013456964865326881,-0.039270706474781036
0.011841274181648325,0.04956412288233666,0.16762507986145336,-0.023907611829764495,-0.0006347602269375027,0.04572320308405177,-0.16417992374051313,0.10987882623240093,0.011198519122330605,0.03901403981559813,0.015348735158452217,-0.03958325992612126,0.19379611301527622,-0.036131395980895,-0.033689513308913115,0.05504291504621506,0.009335325099527836,-0.009042701683938503,-0.05454074218869209,0.02133544161915779,0.008190661668777466,0.05151725560426712,-0.007625503931194544,-0.02092128060758114,0.004113306291401386,0.016262568533420563,-0.03707951679825783
0.029223025265089124,0.051667937802510965,0.1434038605371146,-0.040227048375819224,0.00428210122730758,0.022629624697392235,-0.10790385808623217,0.035932061060753896,0.006160093469068533,0.11224849235323647,0.026889124509379678,-0.01028732126388086,0.041274191010280806,-0.06052373145090268,-0.04907045578550703,-0.10242319107055664,0.0032698619179427624,0.0028561176732182503,0.12159796059131622,-0.0788431316614151,-0.014796784147620201,0.11533592641353607,-0.021814918145537376,-0.012099877931177616,-0.09644105285406113,0.043134815990924835,-0.05551442131400108
0.031016075967773664,0.06529037091926368,0.10754769788726785,-0.12123168469350716,0.018138302003674153,-0.000214902462738561,0.07935305081657931,-0.061497250167501766,-0.010912698966272479,0.14075935806876008,0.047702540361060204,0.02901958047957038,-0.08125332305811944,-0.05997846082189885,-0.06895397827679045,-0.057219550013542175,0.019324207678437233,-0.00698650348931551,0.17488360404968262,-0.10930759459733963,-0.0005024578422307968,0.1656470149755478,-0.021376146003603935,-0.005866736173629761,-0.12999844551086426,0.05250129848718643,-0.058084506541490555
0.04402090050248486,0.04815724404222087,0.07647338187677287,-0.09995688767007871,0.008533148791320352,-0.00748885614368077,0.14817011413802342,-0.1019525600560937,-0.0021641343588156324,0.17866657825017906,0.04704617689691366,0.06332904747362114,-0.148440897868006,-0.06418615362443668,-0.07992393835695247,-0.05196920037269592,0.014261406846344471,-0.005012678913772106,0.25950494408607483,-0.16135825216770172,-0.0006695296615362167,0.1417088508605957,-0.04088441655039787,0.003354654647409916,-0.1790498048067093,0.06895308196544647,-0.06231847032904625
0.03609668753657367,0.03280777728724869,0.0757372473451362,-0.09128481157623987,0.01671260569299741,-0.011668318047562966,0.22466694644189414,-0.14940093612026867,-0.0003369665786917185,0.1822427875419662,0.06618770583827258,0.060617562988395886,-0.16551908609819416,-0.0422795227035741,-0.09449688205187046,-0.01881934143602848,0.020984867587685585,-0.009305105544626713,0.297507107257843,-0.1364526003599167,-0.014502504840493202,0.14007338881492615,-0.05061895400285721,-0.011185768991708755,-0.18765518069267273,0.04711100459098816,-0.07989399135112762
0.037325060658620055,0.02080717343928497,0.09768075951159938,-0.06525709584502777,0.002611474193098867,-0.00791296307511012,0.264126179063905,-0.13442541556470014,-0.012483687769729645,0.18317515957193625,0.06251268227642075,0.03557033031295403,-0.1727669774785431,-0.022891801947930702,-0.09692928231958318,-0.029142383486032486,0.02086791954934597,-0.009350919164717197,0.3921891450881958,-0.19429174065589905,-0.0020619947463274,0.142013281583786,-0.04261865094304085,-0.00506738293915987,-0.1783665269613266,0.08257996290922165,-0.05731389299035072
0.029858513787188755,0.01012216987221849,0.12338815559005907,-0.05908755457644326,0.0006837210972153323,-0.0016055309905334402,0.35551782096081325,-0.18482589014657733,-0.0040160172940443975,0.1706181793245709,0.06285011857045329,0.009572100290565915,-0.1733103878166151,-0.0060567112136934425,-0.08354020841697114,-0.01574675180017948,0.023080138489603996,-0.006914186291396618,0.4389685392379761,-0.1779196560382843,-0.011787841096520424,0.1393306702375412,-0.05754503607749939,-0.0023528560996055603,-0.17569676041603088,0.11961574852466583,-0.06728484481573105
0.023608804380738112,0.005671122880991615,0.12844967018123388,-0.03244875852525547,-0.006001764587053814,0.0049508341757082824,0.4161641181434093,-0.17495494195641617,-0.011322571174052522,0.1526175414980193,0.055835485876525606,0.0033964823675680933,-0.18256073140400864,0.0249096600701717,-0.07752463421459509,0.002665095031261444,0.00748998811468482,-0.00250252615660429,0.4598044753074646,-0.18851500749588013,-0.004242988303303719,0.16057655215263367,-0.0512826070189476,0.011456530541181564,-0.20275169610977173,0.1569031924009323,-0.06825143843889236
0.011849522124370838,-0.000825050992343427,0.12750889932591486,0.009148511349711837,-0.009029104429571427,0.004042037238751871,0.450988556340505,-0.1812599825742144,-0.0056198141220646335,0.14457219512705013,0.050318144828517035,0.004620907996567324,-0.2162154479873279,0.07319064054677413,-0.060840030463774536,0.0005828086286783218,-0.006434048060327768,0.01722121611237526,0.4617185592651367,-0.14723742008209229,-0.002519911155104637,0.1500501036643982,-0.04694289714097977,0.011876733973622322,-0.24974355101585388,0.17103108763694763,-0.06203359737992287
0.004659458138643829,0.009010928629116045,0.1299117008054576,0.026242155988373296,-0.013089839684093269,0.01569135039977359,0.46587577825243454,-0.14473509482853825,-0.0030222565262085213,0.12229005269576765,0.03621108343916565,0.0013611744012589104,-0.2566593809183602,0.1252791953277349,-0.039333239442896926,0.01988280937075615,-0.01464573573321104,0.025533314794301987,0.36229297518730164,-0.093255914747715,0.00715387798845768,0.15223123133182526,-0.04680173099040985,0.013353066518902779,-0.29788172245025635,0.16584987938404083,-0.05441402271389961
0.0024247084678876737,0.01594023181512618,0.14719913376108382,0.06577897092793869,-0.02375637719394779,0.024868911783204137,0.3925328970394757,-0.09185147033204816,0.005409783156204388,0.106024456560606,0.013198425349950436,-0.01261550516187942,-0.29611728298862805,0.17142574682223258,-0.027239598433728744,0.043992504477500916,-0.022796759381890297,0.029362007975578308,0.24220897257328033,-0.05207516998052597,0.026696408167481422,0.11970176547765732,-0.0374622642993927,0.012592059560120106,-0.3166239261627197,0.15924139320850372,-0.03346928209066391
-0.0034371798194175454,0.036616364378751744,0.17154221758832175,0.09462707000169722,-0.02438341056552217,0.029567173446250553,0.27346418102689224,-0.05091253991818726,0.023242067069697194,0.07049125291672008,-0.005380288443281832,-0.03513813340286696,-0.31125566436635865,0.188662737416075,-0.013129860977043275,0.08120127022266388,-0.002605453599244356,0.02347254753112793,0.07690069824457169,-0.04620569944381714,0.027034694328904152,0.08530650287866592,-0.04039069265127182,0.009738044813275337,-0.234528049826622,0.1511204093694687,-0.028786104172468185
-0.01869083508993608,0.05293078711166936,0.19086447627329853,0.1372488712301823,-0.01324635052020193,0.024443755376073836,0.1164963986901778,-0.04226315573621143,0.02622608321667348,0.018779542169482646,-0.01549018637198739,-0.037125176754378035,-0.2640582978622823,0.1670984667780647,-0.015858272434003676,0.12447135895490646,0.004145076032727957,0.00027685146778821945,0.036076292395591736,-0.05860907584428787,0.03319641947746277,0.0585995614528656,-0.029349258169531822,0.008027511648833752,-0.16833975911140442,0.07895005494356155,-0.03900974243879318
-0.054002636856393435,0.036736172760179125,0.22454497831891224,0.17075218374637913,0.005208870811220455,-0.007285875490392598,0.04983812586136353,-0.09310698265570326,0.03435658253778772,-0.006706930197763862,-0.016824632249046106,-0.051926925876410415,-0.18523405625134426,0.1104842455767864,-0.020075748237958,0.08226989209651947,0.03152313083410263,-0.0021875733509659767,-0.08688171207904816,-0.019275927916169167,0.023789629340171814,-0.009458290413022041,-0.013498460873961449,-0.006851212587207556,-0.026109255850315094,0.013418203219771385,-0.011726322583854198
-0.06214560694486156,0.04943557971625011,0.25180427412073947,0.17511813813086366,-0.010746060554313892,-0.04074155095016407,-0.031911151841547095,-0.11827401999545588,0.04777342512946227,-0.07255864446823428,-0.03584199304655255,-0.012506734082824395,-0.07622543794901475,0.026768800108292076,-0.013841680987304771,0.17150261998176575,0.031386811286211014,-0.01622433215379715,-0.06927109509706497,0.00448434054851532,0.0580747053027153,-0.05480824410915375,-0.01037539541721344,-0.0015914421528577805,0.07775240391492844,-0.04387298971414566,0.011577717028558254
-0.07080766148742144,0.04656958809681332,0.28733839166481456,0.1847229055588726,-0.02321630092367368,-0.07861550850051344,-0.09155097995602028,-0.12661818792307356,0.08074519647087665,-0.09758288667769993,-0.03939584559393863,0.0062208119397695345,0.03271981074788268,-0.033829006259047036,0.006656841905853331,0.12298380583524704,0.04861734062433243,-0.003608440048992634,-0.12008011341094971,-0.010794596746563911,0.03803151473402977,-0.07539304345846176,-0.020485660061240196,-0.00434881541877985,0.21565386652946472,-0.10345162451267242,0.010446016676723957
-0.06002455242810273,0.0273068991230511,0.28584699002017006,0.17897587716905913,-0.04600784128725252,-0.07149454840636794,-0.08446010228511512,-0.11226966321667058,0.0905242707192256,-0.11888875399830379,-0.04136167119597523,0.009324424682332693,0.16897759016447358,-0.08906429240011905,0.00864310983967266,0.13952305912971497,0.07590441405773163,-0.0017301561310887337,-0.12987764179706573,-0.019390761852264404,0.07032669335603714,-0.0748879536986351,-0.03281351551413536,0.004356544464826584,0.3478145897388458,-0.14934690296649933,0.015383700840175152
-0.05477776398213788,0.0020012183347998007,0.25707224771165577,0.1933206193477664,-0.04720947029700228,-0.04121023409921519,-0.09950696254202568,-0.09021539305578494,0.0866115124889161,-0.12274873325387223,-0.018040347982426812,0.0008877509601713545,0.2977913653446296,-0.1391941905209493,0.01438531848328135,0.14871162176132202,0.053456276655197144,0.005488439463078976,-0.0766533613204956,0.017472872510552406,0.04337242990732193,-0.1307305544614792,-0.03327859193086624,-0.013861585408449173,0.43445906043052673,-0.16560161113739014,0.02326323837041855
-0.05074062933797009,-0.0011625950790453555,0.2326285835535916,0.16423276563128397,-0.04035190634845549,-0.015885983644259978,-0.0857134018763802,-0.07288069611255879,0.06626528448138778,-0.1375509383800732,3.779100596004888e-05,-0.024002909038827472,0.414900126117879,-0.1595517849907361,0.02276755949204124,0.13253912329673767,0.07255472242832184,-0.005068314261734486,-0.06737210601568222,0.05106455087661743,0.05246218293905258,-0.12138047069311142,-0.022791583091020584,-0.001679345965385437,0.5514799356460571,-0.19938193261623383,0.012435057200491428
-0.036698922447944024,-0.007408030254064994,0.2183180541256774,0.1382808209967586,-0.041197506621896265,0.00014123100868430958,-0.07797917365042274,-0.04159705017888606,0.06370364941609355,-0.13166980669071401,0.012733556191211902,-0.02159686077349477,0.5214519991352092,-0.1921965565001188,0.014989407931032133,0.14356935024261475,0.059701643884181976,-0.003186243586242199,-0.0822022408246994,0.059455566108226776,0.04639493674039841,-0.1317594051361084,-0.013002347201108932,-0.00924205593764782,0.5410209894180298,-0.17550404369831085,0.01742423325777054
-0.030683619464050252,-0.008869319401662013,0.2135988251998222,0.12006307051941438,-0.029355712643336168,0.0036672070547921023,-0.10052245732684993,-0.009846976795582893,0.05404822589762884,-0.10325607495636756,0.0264258747843545,-0.024402310369289023,0.5551412761931699,-0.17194204496785215,0.018008460210427745,0.10722105950117111,0.05818086117506027,-0.016021788120269775,-0.1278437376022339,0.08359972387552261,0.04472129046916962,-0.10545694082975388,-0.0013568438589572906,-0.01953788474202156,0.5696696043014526,-0.1645786613225937,0.006196722388267517
-0.013584528811873425,0.004331093564601603,0.20909859595912342,0.0859364584681747,-0.027805087971313425,0.008506828341507875,-0.12555397155619702,0.035752561870334675,0.04392957914553512,-0.08765328487770979,0.01812442403583726,-0.02771920223532552,0.5647986467821873,-0.16066472351294195,0.008432437404831534,0.11434303969144821,0.05804393067955971,-0.01620461791753769,-0.1589794158935547,0.09312506020069122,0.05100618302822113,-0.07784977555274963,0.008734442293643951,-0.020111508667469025,0.5090052485466003,-0.15024642646312714,-0.0018122820183634758
-3.307019921078085e-05,0.0014807116652275944,0.20181048273471122,0.07223225023326836,-0.017741758129065616,0.015073805158698314,-0.15523035002252925,0.08036002623157623,0.02372433360907955,-0.042440820346138865,0.017750172877691695,-0.021552274157155864,0.5222876457284839,-0.1449808352506521,-0.00025900761293571424,0.06254338473081589,0.04419798403978348,-0.009809191338717937,-0.21392087638378143,0.08205922693014145,0.04509218782186508,-0.06752873957157135,0.015099877491593361,-0.030139151960611343,0.43478116393089294,-0.08835308253765106,0.004079876467585564
0.014726781889355802,0.021282571638352454,0.18540699549408235,0.03612952415225271,-0.006886809648252246,0.030114523862304912,-0.17834243655874743,0.11479208024465946,0.010341642912949716,-0.028603144579887996,0.010092550221137208,-0.025412942303085474,0.45211194123050624,-0.08846246896773965,0.003184535030083802,0.06739700585603714,0.047626838088035583,-0.008571051992475986,-0.19327661395072937,0.1066887378692627,0.05592024326324463,-0.027564631775021553,0.011230804026126862,-0.025222325697541237,0.2827460467815399,-0.11489564180374146,-0.01452565286308527
0.032781322817045634,0.032869450216206055,0.17073611227751984,0.00848572945337585,-0.001202161357726672,0.044428022715632356,-0.18645365584044124,0.1312854878358588,0.023191723481377376,0.023217933061378645,0.0063368460325851,-0.02159049831241161,0.3113292464927806,-0.10492803007769003,-0.012076394037850564,0.013433270156383514,0.01238646823912859,-0.009970423765480518,-0.1739790290594101,0.05779259651899338,0.02868771366775036,0.008561857976019382,0.003471449948847294,-0.011547351256012917,0.09906169027090073,-0.0560481920838356,-0.021323468536138535
0.05383976762404207,0.05475133705284377,0.16303569016956462,-0.03922973372159845,0.00556452640913409,0.05386152569678086,-0.1667031216140504,0.09793561894322335,0.012909225030370442,0.06732040371748274,0.007434874975454299,-0.010655795825475028,0.1446531137027391,-0.09565962284519425,-0.023505085418198478,0.004479387775063515,0.01163883600383997,-0.015566159971058369,-0.010051846504211426,0.01509794220328331,0.021617218852043152,0.0656605064868927,-0.012306034564971924,0.001643836498260498,0.038211654871702194,-0.050719134509563446,-0.02437865361571312
