train_base_euler_roll,train_base_euler_pitch,train_base_euler_yaw,train_dof_pos_0,train_target_dof_pos_0,train_dof_pos_1,train_target_dof_pos_1,train_dof_pos_2,train_target_dof_pos_2,train_dof_pos_3,train_target_dof_pos_3,train_dof_pos_4,train_target_dof_pos_4,train_dof_pos_5,train_target_dof_pos_5,train_dof_pos_6,train_target_dof_pos_6,train_dof_pos_7,train_target_dof_pos_7,train_dof_pos_8,train_target_dof_pos_8,train_dof_pos_9,train_target_dof_pos_9,train_dof_pos_10,train_target_dof_pos_10,train_dof_pos_11,train_target_dof_pos_11
-0.009921550750732422,-0.04629087448120117,0.07068849354982376,0.025314614176750183,-0.06503582000732422,0.017957597970962524,0.16325289011001587,-0.009508000686764717,-0.01683972403407097,0.04053572565317154,0.10211724787950516,0.008677785284817219,0.07588238269090652,0.01244459580630064,0.04161709547042847,-0.03641296923160553,0.05665260925889015,0.04698636382818222,-0.1310099959373474,-0.04913359880447388,0.002500329865142703,0.009562864899635315,0.07311885058879852,0.015092166140675545,0.029955053701996803,-0.04448658227920532,-0.015320285223424435
-0.008615493774414062,-0.056249141693115234,0.1134738102555275,0.021096374839544296,0.023815996944904327,0.009354779496788979,0.07613492012023926,-0.018744325265288353,0.05711105838418007,0.054577916860580444,0.1689685732126236,-0.01135521661490202,-0.08612215518951416,0.005519260186702013,0.027133304625749588,-0.0288480743765831,-0.11215713620185852,0.023982496932148933,-0.15723347663879395,-0.06859983503818512,0.05650036409497261,0.02803913690149784,-0.06948963552713394,0.04388461634516716,-0.01835492067039013,-0.02431653067469597,-0.0730581060051918
-0.028720855712890625,-0.060056209564208984,0.13644224405288696,-0.0057271746918559074,-0.03437235951423645,0.028189565986394882,-0.0038994858041405678,-0.014644392766058445,0.03555119037628174,0.12355796992778778,0.2210291624069214,-0.05915369093418121,-0.11808987706899643,0.0021565125789493322,0.029540304094552994,-0.020496483892202377,-0.041863273829221725,0.0341726578772068,-0.19456085562705994,-0.09531402587890625,0.03729213774204254,0.037238623946905136,-0.12831304967403412,0.04144980013370514,-0.0220636073499918,-0.034485090523958206,-0.07613368332386017
-0.04683828353881836,-0.05457782745361328,0.14108118414878845,-0.02201545238494873,-0.11807525902986526,0.03541789948940277,-0.019315950572490692,-0.019487498328089714,-0.02071574702858925,0.15781258046627045,0.1592705100774765,-0.08129657804965973,-0.06332039088010788,0.006987178232520819,-0.04112857207655907,-0.010627441108226776,0.05872052535414696,0.04134523496031761,-0.15133512020111084,-0.10067006945610046,-0.010335173457860947,0.022423338145017624,-0.05671742558479309,0.04170234873890877,-0.012882605195045471,-0.023673485964536667,-0.16334578394889832
-0.054915428161621094,-0.0406041145324707,0.14326772093772888,-0.03306417539715767,-0.11337115615606308,0.027484562247991562,-0.001408909447491169,-0.019326934590935707,-0.008776720613241196,0.1666254997253418,0.23777484893798828,-0.09220590442419052,-0.0462811216711998,0.018517298623919487,-0.03516668826341629,-0.007777777034789324,0.07349669933319092,0.033900581300258636,-0.10789083689451218,-0.09980501979589462,0.0013605006970465183,0.0057964627631008625,-0.04353194683790207,0.042998503893613815,0.03489937633275986,-0.0068890699185431,-0.1192781925201416
-0.06170320510864258,-0.032135009765625,0.14213119447231293,-0.046363044530153275,-0.08067713677883148,0.016987986862659454,0.07067222148180008,-0.014434199780225754,-0.004932745825499296,0.19199612736701965,0.2301553636789322,-0.10032740980386734,-0.004252612590789795,0.034235138446092606,-0.010150009766221046,-0.00026444048853591084,0.06223202869296074,0.024332616478204727,-0.02122812718153,-0.09508601576089859,0.010820785537362099,-0.008729633875191212,-0.016025975346565247,0.043133556842803955,0.0617816299200058,0.011156110092997551,-0.10457202792167664
-0.06453990936279297,-0.028866291046142578,0.13368211686611176,-0.045396480709314346,-0.09178215265274048,0.0047464268282055855,0.10606265813112259,-0.0003957401495426893,-0.02647250145673752,0.20555594563484192,0.10974802076816559,-0.10964952409267426,-0.030072227120399475,0.051787249743938446,0.005333586595952511,0.004841696470975876,0.04192429408431053,0.013986652716994286,-0.016511879861354828,-0.08308825641870499,0.0048144361935555935,-0.012582638300955296,-0.0005440413951873779,0.039112288504838943,0.008439836092293262,0.019506612792611122,-0.09168681502342224
-0.06496047973632812,-0.011843204498291016,0.12682533264160156,-0.025882963091135025,-0.067128986120224,-0.007788330316543579,0.15621261298656464,0.008350360207259655,-0.029151372611522675,0.15437562763690948,0.016173338517546654,-0.11708101630210876,-0.003327705664560199,0.06403248012065887,0.04674001783132553,-0.010639854706823826,0.015498878434300423,0.0041989656165242195,0.03545396029949188,-0.0717533603310585,0.0032828720286488533,-0.005645792931318283,0.02512560784816742,0.028219765052199364,-0.016297472640872,0.0130469910800457,-0.010104150511324406
-0.06525659561157227,0.0066070277243852615,0.13178952038288116,-0.02988135814666748,0.012159830890595913,-0.02207549847662449,0.1832081824541092,0.005833082366734743,-0.00696691544726491,0.13226957619190216,0.0354907289147377,-0.10901382565498352,0.07447876036167145,0.08800990134477615,0.049957212060689926,-0.019521459937095642,-0.03288201615214348,-0.004049303941428661,-0.045492712408304214,-0.06214214488863945,0.006131165660917759,-0.006272244267165661,0.12457961589097977,0.017727168276906013,-0.027148855850100517,0.0001407242816640064,-0.028392961248755455
-0.05629158020019531,0.014868488535284996,0.1399811953306198,-0.020905088633298874,0.06705756485462189,-0.04043646901845932,0.2660153806209564,0.0013809417141601443,-0.03187445178627968,0.10599406808614731,-0.0076452214270830154,-0.09931184351444244,0.12103819847106934,0.09568622708320618,0.12275393307209015,-0.024543175473809242,-0.06219931319355965,-0.012366979382932186,0.00643119215965271,-0.02200930379331112,-0.0194037314504385,0.025649843737483025,0.24444758892059326,-0.02099320851266384,-0.12108568102121353,-0.013917158357799053,-0.005553474649786949
-0.03904914855957031,0.010943771339952946,0.14431132376194,0.010610062628984451,0.09068255871534348,-0.059876516461372375,0.3067857027053833,0.0007801551255397499,-0.03472050651907921,0.06041032075881958,-0.014106793329119682,-0.08111800253391266,0.14345480501651764,0.09743636101484299,0.1244635283946991,-0.046880338340997696,-0.09434264898300171,-0.02157273143529892,0.028007976710796356,0.0007005580700933933,-0.013135701417922974,0.1320476084947586,0.3165434002876282,-0.07764524966478348,-0.14940975606441498,-0.011545047163963318,0.018154202029109
-0.033269405364990234,0.008573058061301708,0.14851871132850647,0.03287835791707039,0.05463866889476776,-0.05834966525435448,0.2864297926425934,-0.004884415306150913,-0.021716313436627388,0.02512131631374359,-0.022884082049131393,-0.06539514660835266,0.10674653202295303,0.08922749757766724,0.10814571380615234,-0.07149301469326019,-0.10493932664394379,-0.006614095065742731,-0.015036024153232574,0.004343667533248663,0.0098312022164464,0.23755836486816406,0.3719328045845032,-0.11930820345878601,-0.16296938061714172,-0.00343698775395751,0.01947355642914772
-0.04019737243652344,0.012048140168190002,0.15388809144496918,0.039686016738414764,0.0744747743010521,-0.036815617233514786,0.1842920333147049,-0.015489227138459682,-0.013251930475234985,0.0030712075531482697,-0.03434766083955765,-0.05325562506914139,0.07518219202756882,0.07316708564758301,0.06827402114868164,-0.07984708994626999,-0.1397193819284439,0.027368618175387383,-0.03581870719790459,-0.00446271849796176,-0.005314120557159185,0.28534090518951416,0.40308332443237305,-0.13202977180480957,-0.20213109254837036,0.002347538247704506,-0.009920991025865078
-0.046076297760009766,0.01799149252474308,0.15209846198558807,0.04080382362008095,0.08375785499811172,-0.01213157270103693,0.06798233091831207,-0.01906244270503521,-0.00994407944381237,-0.014779455028474331,-0.06489616632461548,-0.04286004602909088,0.05659550800919533,0.05430823564529419,0.040408842265605927,-0.08667899668216705,-0.13563688099384308,0.05703410506248474,-0.0035863276571035385,-0.01617293991148472,-0.03495897352695465,0.3092513382434845,0.4346136450767517,-0.1412191241979599,-0.21968019008636475,0.0051615433767437935,-0.03297733515501022
-0.04487133026123047,0.02199237234890461,0.1442628800868988,0.04140328988432884,0.08404789865016937,0.0069252317771315575,-0.014826742000877857,-0.014910336583852768,-0.015858281403779984,-0.02797960303723812,-0.0912286713719368,-0.03495550900697708,0.05995376035571098,0.03525864705443382,-0.06780970096588135,-0.09169122576713562,-0.1300332248210907,0.07165823131799698,0.028004121035337448,-0.02627892605960369,-0.05362706631422043,0.3229190707206726,0.4019198417663574,-0.14777128398418427,-0.21551735699176788,0.00556166423484683,-0.04033396393060684
-0.015551567077636719,0.027901213616132736,0.13513419032096863,0.05710252374410629,0.07296203076839447,-0.005826448556035757,-0.08155931532382965,-0.0027663521468639374,-0.007458653766661882,-0.07653653621673584,-0.1416928619146347,-0.008404789492487907,0.03502762317657471,0.02080938220024109,-0.12145085632801056,-0.1015804335474968,-0.11712411046028137,0.04562006890773773,0.0473986491560936,-0.03977843374013901,-0.06386292725801468,0.3399422764778137,0.34670042991638184,-0.16854697465896606,-0.18333563208580017,-0.01402694545686245,-0.05985928326845169
0.02100289613008499,0.03544173017144203,0.1330689936876297,0.057762861251831055,0.08026809990406036,-0.02582355961203575,0.06039038673043251,0.003620757954195142,-0.014672461897134781,-0.1013241857290268,-0.16183844208717346,0.008064525201916695,0.02266089804470539,0.005070222541689873,-0.05255383625626564,-0.10110944509506226,-0.09032745659351349,0.019567064940929413,0.07289133965969086,-0.04043019562959671,-0.04757489636540413,0.32765698432922363,0.27773594856262207,-0.16362987458705902,-0.12385623902082443,-0.026336535811424255,-0.03751612454652786
0.05587700381875038,0.04187828674912453,0.13009697198867798,0.05237417295575142,0.03407980129122734,-0.0400039367377758,0.12914104759693146,0.010457105003297329,-0.008179999887943268,-0.10607698559761047,-0.15766015648841858,0.011688806116580963,-0.026164235547184944,-0.01476072333753109,-0.00045403093099594116,-0.07416470348834991,-0.04052472114562988,0.006814447697252035,-0.04860440641641617,-0.02916630543768406,-0.005703920032829046,0.25797319412231445,0.13273786008358002,-0.12431024760007858,-0.03276899456977844,-0.044755786657333374,-0.06185214966535568
0.06980741024017334,0.06426022201776505,0.12297650426626205,-0.013068045489490032,-0.037783246487379074,-0.031272102147340775,-0.029682528227567673,0.024791134521365166,0.03552281856536865,4.73588916065637e-05,0.1477147936820984,-0.10148182511329651,-0.18789580464363098,-0.005028844345360994,0.04743431136012077,-0.011525744572281837,0.02417900413274765,0.022310715168714523,-0.37957116961479187,-0.01712767779827118,0.0735388770699501,0.09779154509305954,-0.1469845473766327,-0.15242399275302887,0.07662816345691681,-0.09840723872184753,-0.04189546778798103
0.05789046734571457,0.07450476288795471,0.10228808969259262,-0.030275385826826096,-0.1849214881658554,-0.007415754720568657,-0.05721670016646385,0.019410191103816032,-0.00149464700371027,0.049907103180885315,0.35969024896621704,-0.13534952700138092,-0.19565609097480774,0.008187794126570225,-0.05006241425871849,0.007862556725740433,0.17996476590633392,0.052519291639328,-0.4382314682006836,-0.0011665252968668938,0.004300842992961407,0.021900927647948265,-0.07692039757966995,-0.10378692299127579,0.06663668155670166,-0.10963333398103714,-0.21777226030826569
0.06971801072359085,0.08316182345151901,0.08681707084178925,-0.043089788407087326,-0.2056674212217331,-0.023942839354276657,-0.012064372189342976,0.019908128306269646,0.016339708119630814,0.09209844470024109,0.5606127381324768,-0.14479172229766846,-0.2791515588760376,0.012594002299010754,-0.0610181950032711,0.016274631023406982,0.16457997262477875,0.04490795359015465,-0.37168970704078674,0.017931682989001274,0.017585916444659233,-0.024082856252789497,-0.03251416236162186,-0.07292793691158295,0.04158451408147812,-0.11115797609090805,-0.21554628014564514
0.06228594481945038,0.055826496332883835,0.10795173048973083,-0.13989953696727753,-0.19260580837726593,-0.02259123884141445,-0.009212358854711056,0.013373173773288727,0.01704561896622181,0.3960545063018799,0.5978468060493469,-0.27737700939178467,-0.32269930839538574,-0.013869461603462696,-0.055493663996458054,0.05816221982240677,0.14034798741340637,0.04907864332199097,-0.20908476412296295,-0.00554971257224679,0.029198478907346725,-0.04258795827627182,-0.03150026500225067,-0.07157886028289795,0.004814207553863525,-0.11151429265737534,-0.11200745403766632
0.07759232074022293,0.018897389993071556,0.11008613556623459,-0.14657282829284668,-0.16185981035232544,-0.046916455030441284,0.033194106072187424,0.030940890312194824,0.00033146049827337265,0.5321468114852905,0.4499198794364929,-0.2993192672729492,-0.2847181260585785,-0.02410747855901718,0.018148522824048996,0.09533647447824478,0.055458761751651764,0.025307370349764824,-0.16979514062404633,-0.006454067304730415,0.013072899542748928,-0.028282593935728073,-0.06968540698289871,-0.08636976033449173,-0.04016277194023132,-0.10351264476776123,-0.04716890677809715
0.08992015570402145,0.020035473629832268,0.10747644305229187,-0.14280526340007782,-0.14021314680576324,-0.06524333357810974,-0.039339009672403336,0.041847988963127136,0.025777341797947884,0.5259019732475281,0.3801770806312561,-0.29690003395080566,-0.2694171369075775,-0.01853051595389843,0.04105117917060852,0.09881065040826797,0.060588203370571136,0.004480188246816397,0.009535692632198334,-0.0006354175857268274,0.0056371623650193214,-0.03780973702669144,-0.10687674582004547,-0.08111812174320221,-0.04001709818840027,-0.09442820399999619,0.09494920819997787
0.0868837907910347,0.03977913036942482,0.10827917605638504,-0.14528051018714905,-0.14042460918426514,-0.0662834644317627,-0.10760398954153061,0.04101552814245224,0.06493773311376572,0.4702486991882324,0.41122370958328247,-0.27498874068260193,-0.23609969019889832,-0.005598196294158697,0.04074600338935852,0.08955951035022736,0.08293932676315308,-0.0005846191197633743,-0.07907271385192871,0.0008850247249938548,0.021287020295858383,-0.06465350836515427,-0.140816330909729,-0.0648232251405716,-0.007413038983941078,-0.08252320438623428,0.14129731059074402
0.07195185124874115,0.05469026044011116,0.10970843583345413,-0.1475372016429901,-0.1547670215368271,-0.05793778970837593,-0.14344504475593567,0.04009866341948509,0.09055602550506592,0.4272553324699402,0.4339234232902527,-0.25133582949638367,-0.1923016905784607,0.000996183604001999,-0.007810164242982864,0.08449997007846832,0.11763201653957367,0.004050879273563623,-0.19764791429042816,-0.0005957498797215521,0.053288642317056656,-0.08583983778953552,-0.15664726495742798,-0.053599681705236435,0.04923747107386589,-0.06489565968513489,0.12343944609165192
0.05681920796632767,0.0654844120144844,0.11080806702375412,-0.14160950481891632,-0.1572306901216507,-0.060329027473926544,-0.11639217287302017,0.04560961201786995,0.07483284175395966,0.3664529025554657,0.3647960424423218,-0.12196080386638641,-0.09306599199771881,-0.024400457739830017,-0.07098907232284546,0.10830870270729065,0.13217854499816895,0.004468052182346582,-0.22297564148902893,-0.0018045958131551743,0.06375448405742645,-0.15236146748065948,-0.22100238502025604,-0.021677721291780472,0.07379639148712158,-0.05751622095704079,0.10779464244842529
0.04023825004696846,0.07908238470554352,0.09843111783266068,-0.14112785458564758,-0.1496111899614334,-0.07236281782388687,0.11251169443130493,0.05843599513173103,0.024235732853412628,0.32783281803131104,0.13784250617027283,-0.07711706310510635,0.05080169811844826,-0.03719545900821686,0.010437855497002602,0.11249743402004242,0.12709826231002808,-0.00180150312371552,-0.0768386647105217,0.010486697778105736,-0.014822831377387047,-0.1903955191373825,-0.20578499138355255,-0.0009120168979279697,-0.009899366647005081,-0.03150542452931404,0.014682835899293423
0.010279053822159767,0.09152497351169586,0.07147303968667984,-0.037006035447120667,-0.06564214080572128,-0.06260176748037338,0.6191404461860657,0.06179198622703552,-0.12919048964977264,0.10642165690660477,-0.1781337410211563,0.0020791986025869846,0.27318277955055237,0.043864957988262177,0.21530184149742126,0.021632598713040352,0.0382719486951828,0.014771104790270329,0.14347951114177704,-0.03150919824838638,-0.0837298184633255,0.00017458551155868918,0.1844240427017212,-0.1583433896303177,-0.22509504854679108,-0.04474267363548279,-0.058462098240852356
-0.03679037094116211,0.10721005499362946,0.06551183760166168,0.018584929406642914,0.11405491828918457,-0.027759017422795296,0.2666364908218384,0.05233645811676979,0.020270923152565956,-0.013713955879211426,0.0067481379956007,-0.04064835235476494,0.10963445156812668,0.07301022112369537,0.2370065152645111,-0.10146345943212509,-0.16817113757133484,0.055385708808898926,-0.2617003619670868,-0.0271819606423378,0.09231015294790268,0.2660537660121918,0.43111568689346313,-0.22975294291973114,-0.23508363962173462,-0.025791794061660767,-0.01645520143210888
-0.06479883193969727,0.08359526097774506,0.0852251648902893,0.06186242029070854,0.16870464384555817,-0.009208764880895615,0.22984877228736877,0.027479393407702446,-0.025001704692840576,-0.04261002689599991,0.0017414065077900887,-0.08406999707221985,0.0645403042435646,0.07226847857236862,0.08676169812679291,-0.12259341031312943,-0.1887730211019516,0.04769539088010788,-0.06403933465480804,-0.01836274191737175,0.027478056028485298,0.42372456192970276,0.5128859877586365,-0.274754136800766,-0.3311135470867157,-0.013099157251417637,0.0022602828685194254
-0.07720041275024414,0.06489106267690659,0.10752595961093903,0.07443903386592865,0.1404399424791336,-0.010541563853621483,0.0718921348452568,0.004215671680867672,-0.03743647411465645,-0.03679783642292023,-0.0058429054915905,-0.10299748182296753,0.0728132501244545,0.08794170618057251,-0.0735020786523819,-0.11108330637216568,-0.16179516911506653,0.010377675294876099,0.08333539962768555,0.003116587409749627,-0.004740679170936346,0.46788859367370605,0.40078026056289673,-0.3003033995628357,-0.3504018783569336,-0.01119726337492466,-0.02779272198677063
-0.08635377883911133,0.05712515488266945,0.12666478753089905,0.06722036004066467,0.08889470994472504,-0.007605604361742735,0.14204464852809906,-0.015092822723090649,-0.0663454532623291,-0.02453710325062275,-0.016180038452148438,-0.09851798415184021,0.08600345253944397,0.09129759669303894,-0.09392744302749634,-0.09386556595563889,-0.11142253875732422,-0.01008384395390749,0.14713624119758606,0.033772096037864685,-0.013279538601636887,0.4359518587589264,0.41793203353881836,-0.2970782220363617,-0.3120126724243164,-0.014019248075783253,-0.005544312298297882
-0.08438539505004883,0.049482520669698715,0.13774137198925018,0.08288461714982986,0.12503191828727722,-0.008394359610974789,0.023786019533872604,-0.02539657987654209,-0.020200978964567184,-0.058350950479507446,-0.0837135836482048,-0.07182104140520096,0.05149633809924126,0.08956371247768402,-0.038665346801280975,-0.09532517194747925,-0.11528649926185608,-0.02563532255589962,0.110407754778862,0.03672972321510315,-0.04118721932172775,0.41952458024024963,0.41344982385635376,-0.2876003384590149,-0.2991301417350769,-0.012757339514791965,0.0018581054173409939
-0.0824275016784668,0.04402567818760872,0.14593952894210815,0.09510058909654617,0.09502565115690231,-0.0007832894334569573,0.06448700278997421,-0.0339701771736145,-0.0172277819365263,-0.09111420810222626,-0.13148856163024902,-0.04542011022567749,0.062206488102674484,0.07926303893327713,-0.07568736374378204,-0.10910612344741821,-0.1026764065027237,-0.014375836588442326,0.15004862844944,0.025197526440024376,-0.043059054762125015,0.41475629806518555,0.4409835934638977,-0.2611090838909149,-0.2640077769756317,-0.018101777881383896,-0.015420700423419476
-0.07783031463623047,0.037555478513240814,0.15587584674358368,0.10649384558200836,0.09599308669567108,0.011150212958455086,0.07874113321304321,-0.04452421888709068,-0.028158072382211685,-0.1200743317604065,-0.19774220883846283,-0.021283477544784546,0.04705284163355827,0.05943327024579048,-0.15282659232616425,-0.11766769737005234,-0.10233427584171295,0.020317669957876205,0.12574538588523865,0.012895064428448677,-0.025797462090849876,0.41013485193252563,0.3996173143386841,-0.24140697717666626,-0.21201248466968536,-0.01936308480799198,-0.012338676489889622
-0.06437444686889648,0.03286680579185486,0.16351589560508728,0.11965426802635193,0.07909366488456726,0.017167966812849045,0.08520101755857468,-0.05187452584505081,-0.025630474090576172,-0.15376493334770203,-0.3287624716758728,0.0034162721130996943,-0.045253537595272064,0.0397222526371479,-0.09376987814903259,-0.11996570229530334,-0.08217830955982208,0.05883798748254776,0.0968305766582489,0.0001835501316236332,-0.016245510429143906,0.3933979272842407,0.31919628381729126,-0.21114279329776764,-0.13326621055603027,-0.01606208272278309,0.006843169219791889
-0.04046344757080078,0.04090738296508789,0.16887882351875305,0.11591231822967529,0.029575426131486893,0.01311202347278595,-0.027248535305261612,-0.05638660117983818,-0.040305256843566895,-0.17699849605560303,-0.3086162805557251,0.02070179022848606,-0.13953852653503418,0.014119409024715424,-0.10064201056957245,-0.1048750951886177,-0.04914100840687752,0.08490514010190964,-0.09085933864116669,-0.008602157235145569,0.05589180067181587,0.3107447028160095,-0.0038781464099884033,-0.1474531590938568,0.013516394421458244,-0.01891891285777092,-0.06457102298736572
0.007002474740147591,0.06062084808945656,0.2022739201784134,-0.00216636317782104,-0.0527900755405426,-0.0353817455470562,-0.1689470261335373,-0.027951881289482117,0.015082040801644325,0.02591658942401409,0.20005488395690918,-0.18714793026447296,-0.26815780997276306,0.01931547187268734,0.024215780198574066,0.011399388313293457,0.04064824804663658,0.048679646104574203,-0.4199528098106384,-0.014280230738222599,0.10370220988988876,0.012207265011966228,-0.2633126378059387,-0.01494250725954771,0.13773375749588013,-0.036484766751527786,-0.04079967364668846
0.039292916655540466,0.06296060234308243,0.20558136701583862,-0.09798025339841843,-0.18680520355701447,-0.06155341491103172,0.1756637692451477,0.012051385827362537,-0.025419168174266815,0.24416130781173706,0.5224465727806091,-0.2559795081615448,-0.24764472246170044,0.007323700003325939,-0.012301847338676453,0.060588911175727844,0.1959589123725891,0.02120249718427658,-0.16189756989479065,-0.008425910025835037,0.026435626670718193,-0.08326484262943268,-0.1103879064321518,-0.0406976193189621,0.04387807846069336,-0.061241697520017624,-0.13653312623500824
0.041859667748212814,0.036706868559122086,0.20319795608520508,-0.13140442967414856,-0.22489233314990997,-0.04611176252365112,0.0793658047914505,0.02354213409125805,0.0030839177779853344,0.4015410244464874,0.5559375286102295,-0.24698248505592346,-0.27854207158088684,0.00018890382489189506,-0.010273657739162445,0.08952197432518005,0.13169938325881958,0.022751737385988235,-0.35678601264953613,-0.007383137010037899,0.02003140188753605,-0.08744949102401733,-0.03267867863178253,-0.03914850950241089,-0.05365898460149765,-0.0652787983417511,-0.2225998193025589
0.055855706334114075,0.019861742854118347,0.2003658264875412,-0.13291870057582855,-0.1477528214454651,-0.04279116913676262,-0.05052228644490242,0.024179596453905106,0.014353245496749878,0.4562250077724457,0.4237216114997864,-0.2658335268497467,-0.30004045367240906,-0.0026072219479829073,-0.0017216242849826813,0.09408046305179596,0.06978264451026917,0.008636037819087505,-0.11490084230899811,-0.0033150201197713614,0.028542887419462204,-0.05985739454627037,-0.05813327431678772,-0.05428323149681091,-0.06571700423955917,-0.0648581013083458,-0.02209782972931862
0.06248873472213745,0.026946529746055603,0.19487282633781433,-0.13498617708683014,-0.11968085914850235,-0.0345006100833416,-0.041049811989068985,0.012223265133798122,-0.002586605492979288,0.4477080702781677,0.4421237111091614,-0.28408142924308777,-0.2781735062599182,-0.00907213520258665,-0.02291424572467804,0.07732067257165909,0.01793745532631874,0.0013020145706832409,-0.09125831723213196,0.0037933005951344967,0.04072505980730057,-0.0444866418838501,-0.09709440171718597,-0.059593625366687775,-0.04521658271551132,-0.06321044266223907,-0.024146344512701035
0.05580912157893181,0.041301384568214417,0.188093364238739,-0.14028112590312958,-0.18223540484905243,-0.015783587470650673,-0.021357450634241104,-0.001466054585762322,0.045580681413412094,0.43425142765045166,0.4521433711051941,-0.2858004868030548,-0.26576459407806396,-0.013825390487909317,-0.05002829059958458,0.06092304736375809,0.08841128647327423,0.006566746160387993,-0.2601916790008545,0.010476320050656796,0.04839311167597771,-0.04470419883728027,-0.06588040292263031,-0.05690823122859001,0.041994377970695496,-0.06074557825922966,-0.03413017839193344
0.04733310267329216,0.04362032562494278,0.1897733360528946,-0.147220179438591,-0.18521583080291748,-0.00786213856190443,-0.10618492215871811,-0.003937094006687403,0.05480876564979553,0.44951727986335754,0.5073792338371277,-0.26940014958381653,-0.2639884352684021,-0.008206743746995926,0.002149021252989769,0.06694848090410233,0.13434001803398132,0.005592245142906904,-0.3114960193634033,0.008729793131351471,0.06325600296258926,-0.054496265947818756,-0.07558460533618927,-0.05565808713436127,0.08140019327402115,-0.05164626985788345,0.01889204792678356
0.04565763846039772,0.04069942235946655,0.19230680167675018,-0.1530088186264038,-0.16809305548667908,-0.023589028045535088,-0.13531333208084106,0.009175785817205906,0.10949680954217911,0.4713446795940399,0.4971940517425537,-0.2598125636577606,-0.21211554110050201,-0.005321660079061985,0.025559505447745323,0.07962419837713242,0.12220273911952972,-0.01205926388502121,-0.14821386337280273,0.008312451653182507,0.046720247715711594,-0.06357946991920471,-0.178226500749588,-0.056570589542388916,0.07447423785924911,-0.032566171139478683,0.025558682158589363
0.037665992975234985,0.05201588198542595,0.1912124902009964,-0.14717133343219757,-0.1701989471912384,-0.03840012103319168,-0.11624432355165482,0.04208282008767128,0.1027219146490097,0.41155967116355896,0.33295029401779175,-0.14996245503425598,-0.0966402217745781,0.002850333694368601,0.014453146606683731,0.11406393349170685,0.14071281254291534,-0.027688438072800636,-0.06692543625831604,0.010238120332360268,0.05348939448595047,-0.1498742252588272,-0.2552727460861206,-0.016218820586800575,0.06918924301862717,-0.009169393219053745,0.0855913981795311
0.023986415937542915,0.07933995872735977,0.18056851625442505,-0.14941935241222382,-0.11675921082496643,-0.05401695892214775,0.14161333441734314,0.06762247532606125,0.01899051107466221,0.3253211975097656,0.05733978748321533,-0.07232488691806793,0.11853718012571335,0.006684380583465099,0.030197937041521072,0.10513145476579666,0.09948623180389404,-0.03816046193242073,-0.0428997278213501,0.021010665223002434,-0.014781011268496513,-0.19296248257160187,-0.1739051342010498,0.008141017518937588,-0.03506633639335632,0.015542452223598957,0.06573271006345749
-0.008137226104736328,0.08809374272823334,0.1497357040643692,-0.026456523686647415,-0.006261729635298252,-0.04105282574892044,0.6169413328170776,0.07912376523017883,-0.11543291807174683,0.08574475347995758,-0.193271204829216,-0.028334520757198334,0.2810012698173523,0.06382434815168381,0.1591651886701584,-0.011860761791467667,-0.026615150272846222,-0.012767675332725048,0.12854154407978058,-0.007032431662082672,-0.05130765214562416,0.05909818783402443,0.3022010922431946,-0.1528456062078476,-0.22941763699054718,-0.01158392895013094,-0.04456298053264618
-0.0969243049621582,0.12489014118909836,0.20803093910217285,0.00881511252373457,0.15037912130355835,0.05192001536488533,0.29987913370132446,-0.009180503897368908,0.02030523680150509,-0.07003861665725708,0.03286627680063248,-0.06550706923007965,0.11958654224872589,0.04178725183010101,0.24146832525730133,-0.06174090504646301,-0.1906280219554901,0.10246777534484863,-0.24506327509880066,-0.06228410825133324,0.07055112719535828,0.16587670147418976,0.4942471385002136,-0.2063978612422943,-0.2470192313194275,-0.020777689293026924,-0.02396799996495247
-0.08873414993286133,0.10471604019403458,0.22317135334014893,0.023934142664074898,0.29533496499061584,0.0342063307762146,-0.034944046288728714,-0.014779109507799149,0.061828501522541046,-0.07656919211149216,0.13998673856258392,-0.02329082228243351,0.1073414757847786,0.05834817886352539,0.1357347071170807,-0.10507195442914963,-0.2909059524536133,0.09600330889225006,-0.24704882502555847,-0.020792437717318535,0.0918455719947815,0.3486918807029724,0.3858170509338379,-0.23677973449230194,-0.23646923899650574,-0.01406102254986763,-0.021748123690485954
-0.07258939743041992,0.05487145110964775,0.22655895352363586,0.07541485130786896,0.0708649605512619,0.011526759713888168,0.2728104889392853,-0.01310603879392147,-0.11626408994197845,-0.07800691574811935,-0.13901519775390625,-0.0014807250117883086,0.05494365841150284,0.04680138826370239,0.040197864174842834,-0.08862992376089096,-0.0679578185081482,0.052800554782152176,0.07520230114459991,-0.0069837565533816814,-0.022999394685029984,0.4391545355319977,0.49136126041412354,-0.27505120635032654,-0.3100886642932892,-0.0018136866856366396,0.03045525588095188
-0.08789825439453125,0.03828619793057442,0.24572333693504333,0.09150093793869019,0.06514805555343628,0.024757862091064453,0.10643814504146576,-0.033910393714904785,-0.021604415029287338,-0.08565539866685867,-0.025151893496513367,-0.012370944023132324,0.07563444972038269,0.04808826372027397,-0.00941837765276432,-0.08730665594339371,-0.1095939576625824,0.0478266216814518,0.056050851941108704,-0.012715074233710766,-0.011384312063455582,0.4649214744567871,0.39216071367263794,-0.2820853292942047,-0.2881821095943451,0.005972437094897032,-0.004351106937974691
-0.1021428108215332,0.0418560728430748,0.26457536220550537,0.07772069424390793,0.09836988151073456,0.03674827516078949,-0.05544695630669594,-0.05722980573773384,-0.011792555451393127,-0.08221517503261566,-0.023764032870531082,-0.034450042992830276,0.08500149846076965,0.05458435043692589,-0.09697014093399048,-0.10234973579645157,-0.14684487879276276,0.04587991163134575,0.08179139345884323,-0.011241144500672817,-0.022297827526926994,0.4535016119480133,0.37618720531463623,-0.2860562801361084,-0.2950797379016876,0.006456469185650349,0.000324828753946349
-0.08538627624511719,0.029123574495315552,0.26778993010520935,0.08348830789327621,0.10763747990131378,0.01873057149350643,0.097865991294384,-0.056486647576093674,-0.04977944865822792,-0.08099784702062607,-0.13435958325862885,-0.028391286730766296,0.061167262494564056,0.05894961208105087,-0.08306527137756348,-0.10167386382818222,-0.09866736829280853,0.02598758228123188,0.21006587147712708,0.010230960324406624,-0.05524935945868492,0.4287131130695343,0.4289968013763428,-0.2810942828655243,-0.2822953760623932,-0.0035662977024912834,-0.020298270508646965
-0.06340408325195312,0.01154516451060772,0.2654826045036316,0.10643981397151947,0.07534568756818771,0.005246482789516449,0.10742507129907608,-0.05048071965575218,-0.03602578863501549,-0.10000784695148468,-0.2197156399488449,-0.01531778834760189,0.02445216290652752,0.05140436440706253,-0.12853942811489105,-0.10840548574924469,-0.06733345985412598,0.026323826983571053,0.20887155830860138,0.019622236490249634,-0.048932213336229324,0.4328834116458893,0.48062241077423096,-0.24140767753124237,-0.21155941486358643,-0.013406691141426563,-0.020362449809908867
-0.04438352584838867,0.00559759559109807,0.27035167813301086,0.11954157799482346,0.05681169033050537,0.0027621942572295666,0.13398398458957672,-0.05454118177294731,-0.04183969646692276,-0.1259908229112625,-0.31737029552459717,0.002907312475144863,-0.05627590790390968,0.034741587936878204,-0.08844317495822906,-0.10468996316194534,-0.07676604390144348,0.05080151930451393,0.1168549507856369,0.01082832831889391,-0.02040470950305462,0.4073997139930725,0.3161553144454956,-0.20098631083965302,-0.12691093981266022,-0.014648581854999065,0.00431222515180707
-0.019737720489501953,0.01443194318562746,0.27240926027297974,0.11470232903957367,0.03142159804701805,-0.0009289737790822983,-0.027764704078435898,-0.05619759112596512,-0.031749993562698364,-0.1444096565246582,-0.29646486043930054,0.016232363879680634,-0.19834868609905243,0.013755706138908863,-0.04842791333794594,-0.10456087440252304,-0.05852063372731209,0.07927228510379791,-0.1481291949748993,-0.001514990464784205,0.07218319922685623,0.36773261427879333,-0.041312165558338165,-0.17780955135822296,0.03701116144657135,-0.015710845589637756,-0.058489274233579636
0.018858695402741432,0.03178916126489639,0.29427391290664673,0.032695263624191284,-0.038457129150629044,-0.02960732765495777,-0.24172553420066833,-0.023988472297787666,0.04426540061831474,-0.01116318441927433,0.28690117597579956,-0.12919354438781738,-0.282824844121933,0.00783452857285738,0.04521249979734421,-0.025821488350629807,0.01845933124423027,0.06164921447634697,-0.5475530624389648,-0.01938151940703392,0.1520828753709793,0.14735494554042816,-0.3191748261451721,-0.056861452758312225,0.1456960141658783,-0.027255255728960037,-0.049803607165813446
0.07985875755548477,0.05542600154876709,0.2862977981567383,-0.03317663446068764,-0.18379685282707214,-0.08977475017309189,0.05840706825256348,0.0166296549141407,0.014709260314702988,0.09579616039991379,0.6394394040107727,-0.1973591148853302,-0.3032083213329315,5.7697619922691956e-05,-0.00327102467417717,-0.0016567123821005225,0.17312580347061157,0.014394686557352543,-0.4044245779514313,0.008814854547381401,0.045903485268354416,0.06243160367012024,-0.17266160249710083,-0.11536237597465515,0.07597700506448746,-0.09105938673019409,-0.1243215799331665
0.06555232405662537,0.03502783179283142,0.3052048683166504,-0.10527490824460983,-0.2405845671892166,-0.06423072516918182,0.09028289467096329,0.018136397004127502,0.005225128028541803,0.32659783959388733,0.6406350135803223,-0.25169166922569275,-0.313228577375412,-0.0010925325332209468,0.0034947674721479416,0.05297742411494255,0.17382749915122986,0.03449343517422676,-0.3933700621128082,-0.01525096595287323,0.04567777365446091,0.004298059269785881,-0.02794335037469864,-0.0934385135769844,0.004716217517852783,-0.10184629261493683,-0.2438524216413498
0.07844509184360504,0.0160885751247406,0.304821640253067,-0.12041402608156204,-0.16529546678066254,-0.0640726238489151,0.008072703145444393,0.03469919413328171,0.015792518854141235,0.43312329053878784,0.5460999011993408,-0.2588881552219391,-0.2976706326007843,-0.0026479766238480806,-0.007426811382174492,0.08526347577571869,0.07692068815231323,0.0207300316542387,-0.18421615660190582,-0.013341869227588177,0.02423480711877346,-0.015281008556485176,-0.035631630569696426,-0.08718685060739517,-0.10194547474384308,-0.10079607367515564,-0.02345968410372734
0.0825582966208458,0.02494613453745842,0.2975706160068512,-0.13273078203201294,-0.1403288096189499,-0.053374048322439194,-0.004165870137512684,0.02689867652952671,-0.008026707917451859,0.4573606550693512,0.4331012964248657,-0.2621665596961975,-0.2652320861816406,-0.0163840651512146,-0.03197045624256134,0.08133567869663239,0.05534401163458824,0.015946663916110992,0.039777498692274094,-0.004357883706688881,0.006046420894563198,-0.029829835519194603,-0.06829128414392471,-0.07749424874782562,-0.06931677460670471,-0.08936776220798492,0.011830687522888184
0.06553436815738678,0.043406907469034195,0.28983041644096375,-0.1416713446378708,-0.16841807961463928,-0.019378893077373505,-0.04181468114256859,0.002708698157221079,0.02346012368798256,0.4502631723880768,0.4201546907424927,-0.25840017199516296,-0.26502424478530884,-0.02223229594528675,-0.03116697445511818,0.06493090838193893,0.06687888503074646,0.036850765347480774,-0.3139333128929138,0.00041371083352714777,0.05307244509458542,-0.040637291967868805,-0.0877310112118721,-0.06755496561527252,0.021750999614596367,-0.08095099776983261,0.044207509607076645
0.06293373554944992,0.05331961810588837,0.28670549392700195,-0.144936665892601,-0.18061867356300354,-0.01782856695353985,-0.1254468411207199,-0.004624401684850454,0.055762894451618195,0.44358405470848083,0.4623934030532837,-0.2498161643743515,-0.2566542327404022,-0.007138358429074287,0.016103647649288177,0.05910654738545418,0.10860709846019745,0.037137649953365326,-0.46618565917015076,0.004230018239468336,0.0936613604426384,-0.047497477382421494,-0.06318698078393936,-0.06422854214906693,0.12203284353017807,-0.09910738468170166,-0.028771020472049713
0.058355920016765594,0.050702210515737534,0.2921746075153351,-0.1508783996105194,-0.17279040813446045,-0.027981676161289215,-0.1255323737859726,0.01708187162876129,0.0874340757727623,0.46131157875061035,0.5100884437561035,-0.23023678362369537,-0.23232358694076538,0.00661366106942296,0.023229921236634254,0.08949257433414459,0.13747772574424744,0.024662848562002182,-0.09123675525188446,0.000738486007321626,0.036661546677351,-0.09147881716489792,-0.16816674172878265,-0.04855473339557648,0.02846454083919525,-0.082727812230587,0.05215359106659889
0.05743061378598213,0.05327140912413597,0.289554238319397,-0.1575048565864563,-0.18848657608032227,-0.05821613222360611,-0.07725206762552261,0.048436183482408524,0.08780527114868164,0.4697202146053314,0.3601534962654114,-0.2267504334449768,-0.12066993117332458,0.012435860931873322,-0.028464678674936295,0.10487130284309387,0.14218081533908844,0.0022057557944208384,-0.1595800817012787,0.0059861172921955585,0.039205100387334824,-0.11993465572595596,-0.24166636168956757,-0.03794773295521736,0.04923463612794876,-0.059012070298194885,0.09641767293214798
0.05243714153766632,0.060947779566049576,0.28264516592025757,-0.1613510102033615,-0.14667893946170807,-0.09440140426158905,0.1281524896621704,0.07138968259096146,0.031082987785339355,0.4523544907569885,0.06626437604427338,-0.2091635763645172,0.07667113840579987,0.013387428596615791,-0.015459714457392693,0.10950551182031631,0.10540345311164856,-0.019127465784549713,-0.03939720243215561,0.014780198223888874,0.002361660823225975,-0.14055894315242767,-0.24424545466899872,-0.029562385752797127,0.0037331758067011833,-0.03209301084280014,0.11871069669723511
0.03623909503221512,0.06877880543470383,0.26717421412467957,-0.135055273771286,-0.043682582676410675,-0.10114127397537231,0.5975832343101501,0.09101738780736923,-0.11049774289131165,0.3548719584941864,-0.21130026876926422,-0.09612660109996796,0.3110097050666809,0.020340565592050552,0.12056751549243927,0.0868852511048317,0.004039418883621693,-0.026235314086079597,0.17188294231891632,0.01987113058567047,-0.05350717529654503,-0.10925403237342834,0.16475853323936462,-0.03522077202796936,-0.1938941925764084,-0.004785322584211826,0.01395274605602026
-0.011088848114013672,0.06953110545873642,0.24811848998069763,-0.06549416482448578,0.01952812820672989,-0.06617602705955505,0.7401745915412903,0.07298105210065842,-0.1433115005493164,0.22721439599990845,-0.20607329905033112,-0.08468924462795258,0.24359045922756195,0.06420993059873581,0.25951093435287476,0.020298823714256287,-0.06798672676086426,0.008331689052283764,0.09969677031040192,0.0005009376909583807,-0.044963426887989044,0.047354646027088165,0.5243961811065674,-0.11973703652620316,-0.32732754945755005,-0.00012104563211323693,-0.026433778926730156
-0.04203367233276367,0.06852437555789948,0.24314546585083008,0.04313601925969124,0.10083989799022675,-0.053125809878110886,0.47983643412590027,0.04990193620324135,-0.06753429025411606,0.05780293792486191,-0.056324005126953125,-0.16341397166252136,0.12874609231948853,0.09870649129152298,0.20038172602653503,-0.09596840292215347,-0.12990321218967438,0.02138504758477211,-0.11532162129878998,-0.019378652796149254,0.027726197615265846,0.3522144556045532,0.6016471982002258,-0.2880176603794098,-0.3479067087173462,-0.02121175453066826,-0.06565673649311066
-0.0425572395324707,0.05443858727812767,0.2660506069660187,0.07266293466091156,0.20235638320446014,-0.0626329705119133,0.186778262257576,0.026823434978723526,0.02519063651561737,0.022132521495223045,0.05503593012690544,-0.15149421989917755,0.05524763464927673,0.10776668041944504,0.057913754135370255,-0.11665117740631104,-0.2394178807735443,-0.0018609242979437113,-0.1306220442056656,-0.0035396949388086796,0.0642029196023941,0.48420587182044983,0.469255268573761,-0.2938272953033447,-0.2828679084777832,-0.020898932591080666,-0.007390281185507774
-0.051844120025634766,0.05600041151046753,0.2859238386154175,0.08383997529745102,0.12598590552806854,-0.054399069398641586,0.11611524969339371,0.0045983390882611275,-0.02402951568365097,-0.016624340787529945,-0.023708656430244446,-0.12330136448144913,0.0496995635330677,0.1057206466794014,-0.047903042286634445,-0.10901093482971191,-0.14091132581233978,-0.010197477415204048,0.044007666409015656,0.011613666079938412,-0.00995028018951416,0.4747113585472107,0.41507649421691895,-0.2965717911720276,-0.3111850917339325,-0.00982199888676405,0.02521320804953575
-0.06246805191040039,0.06843052059412003,0.30615800619125366,0.07327134907245636,0.10837491601705551,-0.03831036016345024,-0.0404960960149765,-0.018870403990149498,-0.026250723749399185,-0.04305103048682213,-0.005821125581860542,-0.09651125222444534,0.11729531735181808,0.09265761077404022,-0.09137870371341705,-0.10678423941135406,-0.13141582906246185,-0.010333169251680374,0.07800526171922684,0.01021991204470396,-0.03552307188510895,0.4188275933265686,0.32899773120880127,-0.2998334467411041,-0.29239600896835327,-0.00586384953930974,0.0011176024563610554
-0.06357955932617188,0.06556838005781174,0.31841692328453064,0.0763932541012764,0.13195843994617462,-0.02821161411702633,0.04579077661037445,-0.032167840749025345,-0.01879935711622238,-0.06349273771047592,-0.06495676934719086,-0.07540006190538406,0.09093587100505829,0.0789431780576706,-0.06573013961315155,-0.11055431514978409,-0.11999747157096863,-0.007105707656592131,0.12193948030471802,0.010184566490352154,-0.03838076442480087,0.39035508036613464,0.414273738861084,-0.29353079199790955,-0.2904128134250641,-0.008582286536693573,-0.0246278066188097
-0.05471611022949219,0.048801571130752563,0.3218531608581543,0.10957236588001251,0.11179909110069275,-0.02473613992333412,0.07456017285585403,-0.034882426261901855,-0.012317189946770668,-0.10951275378465652,-0.17645536363124847,-0.04607631638646126,0.042807940393686295,0.07602054625749588,-0.050714198499917984,-0.1165800616145134,-0.09723174571990967,0.0009637379553169012,0.12400132417678833,0.003998561762273312,-0.048301391303539276,0.3928000032901764,0.435192346572876,-0.26112136244773865,-0.24892258644104004,-0.01426098681986332,-0.01568496786057949
-0.04576730728149414,0.04427121952176094,0.32348155975341797,0.12606002390384674,0.08906030654907227,-0.013240236788988113,0.06129692867398262,-0.037091247737407684,0.0007056226022541523,-0.14778630435466766,-0.23190660774707794,-0.020392315462231636,-0.003953233361244202,0.051901932805776596,-0.12122967839241028,-0.12007008492946625,-0.09628717601299286,0.027137327939271927,0.10827550292015076,-0.004786327946931124,-0.034789931029081345,0.3621482253074646,0.36214369535446167,-0.19313181936740875,-0.16987647116184235,-0.02013372629880905,-0.026089735329151154
-0.025763511657714844,0.05021767318248749,0.3226766884326935,0.12766367197036743,0.07241170853376389,-0.010706786066293716,0.02810477465391159,-0.035837605595588684,-0.04743474721908569,-0.1753491312265396,-0.30707722902297974,-0.0011835829354822636,-0.04551390931010246,0.024395640939474106,-0.11319008469581604,-0.12614819407463074,-0.07367721199989319,0.049611691385507584,0.05639473348855972,-0.012530903331935406,-0.0056868973188102245,0.3284876048564911,0.1987888365983963,-0.16404443979263306,-0.09259491413831711,-0.02155572548508644,-0.008422192186117172
0.009515272453427315,0.07915154099464417,0.33652618527412415,0.07655645906925201,0.013638562522828579,-0.03693172335624695,-0.09140217304229736,-0.03932330757379532,-0.017152251675724983,-0.1287480741739273,-0.15040352940559387,-0.09919111430644989,-0.20975147187709808,0.02309335768222809,-0.027927711606025696,-0.0510404035449028,-0.030001524835824966,0.038090236485004425,-0.23693256080150604,-0.005370912607759237,0.08832400292158127,0.07240001112222672,-0.14321449398994446,-0.004015212878584862,0.07534556090831757,-0.03874486684799194,-0.05590875819325447
0.0652494877576828,0.12924931943416595,0.325190007686615,0.019237397238612175,-0.13122732937335968,-0.08454615622758865,-0.003718673251569271,-0.013171670958399773,0.024291101843118668,-0.09464937448501587,0.6033092141151428,-0.19772399961948395,-0.27511757612228394,0.0016067114192992449,-0.011151868849992752,-0.04774247482419014,0.17015597224235535,-0.006784090306609869,-0.32517650723457336,0.02731255628168583,0.06715812534093857,-0.03785017132759094,-0.19175325334072113,-0.04246772453188896,0.0988631322979927,-0.05355256795883179,-0.06502462923526764
0.07059047371149063,0.13418759405612946,0.32620537281036377,-0.00842481292784214,-0.22631654143333435,-0.07878126949071884,-0.06076661869883537,-0.01066642627120018,0.051707737147808075,-0.016599971801042557,0.7796373963356018,-0.21960024535655975,-0.3213520050048828,-0.006577755324542522,0.022227955982089043,-0.026346620172262192,0.20655693113803864,-0.003949433099478483,-0.44430598616600037,0.0266037005931139,0.0700303167104721,-0.09393800050020218,-0.06192755699157715,-0.012586657889187336,0.05335816740989685,-0.062144625931978226,-0.1364533007144928
0.0888369083404541,0.12670570611953735,0.32547956705093384,-0.013705248944461346,-0.21806874871253967,-0.0932009369134903,-0.04574792459607124,-0.003167387330904603,0.04694126918911934,0.038598913699388504,0.7520084977149963,-0.21556583046913147,-0.3433868885040283,-0.01208597794175148,-0.0009401328861713409,-0.010158401913940907,0.16878950595855713,-0.021155085414648056,-0.268592894077301,0.031389255076646805,0.05934743210673332,-0.10991916060447693,-0.011223111301660538,-0.005350448191165924,0.015398910269141197,-0.06290092319250107,-0.08559580147266388
0.10181277245283127,0.11310496926307678,0.33253228664398193,-0.03469220921397209,-0.19939935207366943,-0.10158951580524445,-0.05463589355349541,0.007939127273857594,0.05936393886804581,0.12974120676517487,0.6765179634094238,-0.2366340011358261,-0.3380977213382721,-0.014269827865064144,-0.001393614336848259,0.006270359270274639,0.15082761645317078,-0.036836519837379456,-0.08957196772098541,0.026545926928520203,0.02809734083712101,-0.10883462429046631,-0.016377583146095276,-0.009887145832180977,0.014349481090903282,-0.06114259734749794,-0.023675253614783287
0.1035020649433136,0.09432687610387802,0.339722603559494,-0.059935446828603745,-0.1629241555929184,-0.09436117112636566,-0.022789131850004196,0.022250063717365265,0.050872039049863815,0.2340320646762848,0.5719257593154907,-0.25192344188690186,-0.2962816059589386,-0.01699424907565117,-0.03075478971004486,0.024924205616116524,0.08714944124221802,-0.04190591350197792,-0.02302883192896843,0.018211860209703445,0.031189527362585068,-0.09917701035737991,-0.0831659808754921,-0.01994345895946026,-0.017164481803774834,-0.05903094261884689,0.03604428842663765
0.09405592083930969,0.0772542729973793,0.3402484953403473,-0.07519979029893875,-0.15067638456821442,-0.07614699006080627,-0.044959548860788345,0.02956712618470192,0.05043116956949234,0.3082570731639862,0.5244330167770386,-0.258648544549942,-0.27044162154197693,-0.018989041447639465,-0.03116893395781517,0.040254782885313034,0.08326081931591034,-0.03557290509343147,-0.04757680371403694,0.014396429061889648,0.023842332884669304,-0.08815260231494904,-0.08776635676622391,-0.02925141341984272,-0.003077760338783264,-0.05649515613913536,0.06415779888629913
0.07420342415571213,0.06519956886768341,0.34085899591445923,-0.09452462941408157,-0.15341717004776,-0.05357079952955246,-0.14792266488075256,0.03416186571121216,0.10122980922460556,0.3660503923892975,0.44738972187042236,-0.24472130835056305,-0.23161648213863373,-0.013125397264957428,0.007227646186947823,0.05551945045590401,0.10736452043056488,-0.020940929651260376,-0.07253193855285645,0.009326759725809097,0.02073480747640133,-0.08838292956352234,-0.11911781132221222,-0.03220142796635628,0.043789640069007874,-0.05200697481632233,0.09510615468025208
0.0541607141494751,0.062918521463871,0.34346744418144226,-0.1123683825135231,-0.15247339010238647,-0.04684619978070259,-0.14033731818199158,0.043668195605278015,0.09343789517879486,0.37453916668891907,0.37368112802505493,-0.16926880180835724,-0.15221154689788818,-0.01340113952755928,-0.024459928274154663,0.0756380558013916,0.10052235424518585,-0.013286413624882698,-0.177024707198143,0.004018834326416254,0.04507895186543465,-0.11886011064052582,-0.19201993942260742,-0.019704796373844147,0.050745487213134766,-0.040246956050395966,0.1174854263663292
0.03535199537873268,0.06855606287717819,0.3399809002876282,-0.12411533296108246,-0.1113872230052948,-0.05728336423635483,0.03540005907416344,0.05957658588886261,0.06433772295713425,0.3513261079788208,0.1489761471748352,-0.13179613649845123,0.021932510659098625,-0.013660779222846031,0.003069560043513775,0.08446560800075531,0.0713203027844429,-0.013581031933426857,-0.0833580493927002,0.006364555098116398,0.012734092772006989,-0.14571674168109894,-0.24790321290493011,-0.0072452612221241,0.009417683817446232,-0.021007001399993896,0.04832584783434868
0.012451982125639915,0.072265625,0.33385777473449707,-0.13186556100845337,-0.04433045536279678,-0.07266272604465485,0.4452957808971405,0.07089845836162567,-0.05858209729194641,0.32780855894088745,-0.172743558883667,-0.11672816425561905,0.24756762385368347,-0.013191905803978443,0.083833709359169,0.08458182960748672,0.012744060717523098,-0.013971240259706974,0.096220463514328,0.010958525352180004,-0.04836782068014145,-0.14979486167430878,0.04308772087097168,-0.007102533243596554,-0.13761112093925476,0.0026226432528346777,-0.029679877683520317
-0.0157012939453125,0.06882098317146301,0.32388564944267273,-0.11792884767055511,0.012073059566318989,-0.07810883969068527,0.7735885977745056,0.07612750679254532,-0.17860981822013855,0.27718016505241394,-0.2638375163078308,-0.08181426674127579,0.2502766251564026,0.0033175034914165735,0.22224487364292145,0.07102517038583755,-0.02971116453409195,-0.010600722394883633,0.22879306972026825,0.014830858446657658,-0.07965856790542603,-0.10863415896892548,0.4490486979484558,-0.03160027414560318,-0.3074799180030823,0.027900991961359978,-0.10374882072210312
-0.04913616180419922,0.0525021106004715,0.30293595790863037,0.03123794123530388,0.06456121802330017,-0.07114198803901672,0.7314225435256958,0.060278505086898804,-0.18866832554340363,0.06907579302787781,-0.22881045937538147,-0.16314835846424103,0.1584457904100418,0.07074569910764694,0.17313826084136963,-0.05396999791264534,-0.0638929158449173,0.020286982879042625,0.15854595601558685,0.0061405980959534645,-0.016209585592150688,0.23489004373550415,0.6213669180870056,-0.24560555815696716,-0.3792565166950226,-0.027677176520228386,-0.11955109238624573
-0.07648134231567383,0.04035916179418564,0.3458699882030487,0.06494634598493576,0.20493458211421967,-0.05819305032491684,0.12708905339241028,0.01380282174795866,0.04854423180222511,0.014005309902131557,0.03070315346121788,-0.12040001899003983,0.032721541821956635,0.1358446180820465,0.03304319828748703,-0.08154836297035217,-0.2570216655731201,0.05074957013130188,-0.16956661641597748,0.004823387134820223,0.09031572192907333,0.3892214894294739,0.46806877851486206,-0.2876497507095337,-0.28602737188339233,-0.046527814120054245,-0.028890488669276237
-0.11301136016845703,0.04874923452734947,0.38820549845695496,0.08280663937330246,0.18483814597129822,-0.013314806856215,-0.07598577439785004,-0.03784230723977089,0.045749031007289886,-0.05404237285256386,0.0068451715633273125,-0.0729399099946022,0.012383143417537212,0.12142495065927505,-0.031234286725521088,-0.09737475961446762,-0.21933524310588837,0.09302181005477905,-0.09013181924819946,-0.0034222465474158525,0.03255494311451912,0.4468630254268646,0.3656221032142639,-0.28926020860671997,-0.2786988317966461,-0.048845209181308746,0.03726937249302864
-0.1426706314086914,0.06785398721694946,0.4146110415458679,0.07316939532756805,0.1557198017835617,0.02633090503513813,-0.35194796323776245,-0.0713120549917221,0.02085738070309162,-0.09606491029262543,-0.02394426241517067,-0.023045307025313377,0.09005608409643173,0.10390836745500565,-0.1681472212076187,-0.10617191344499588,-0.20776186883449554,0.10908659547567368,-0.006171582266688347,-0.014714669436216354,-0.00709667569026351,0.42059022188186646,0.21945743262767792,-0.2823584973812103,-0.2506011724472046,-0.03355851024389267,0.03874411806464195
-0.13696670532226562,0.07665673643350601,0.4161381423473358,0.07071566581726074,0.13269269466400146,0.0245094895362854,-0.26736605167388916,-0.0711519867181778,-0.02987738698720932,-0.11997884511947632,-0.11225728690624237,0.015614605508744717,0.10534244030714035,0.06807994842529297,-0.22964872419834137,-0.1055915355682373,-0.1327715814113617,0.07207675278186798,0.11845454573631287,-0.013461173512041569,-0.050555985420942307,0.3549572825431824,0.23978659510612488,-0.28395965695381165,-0.27960678935050964,-0.018176700919866562,0.026645202189683914
-0.10760831832885742,0.07130102813243866,0.4004494249820709,0.07656031101942062,0.14875563979148865,-0.0013806488132104278,-0.10734338313341141,-0.04899991303682327,-0.058820635080337524,-0.12403945624828339,-0.1715899556875229,0.03308851644396782,0.10293716192245483,0.02432476542890072,-0.1793058216571808,-0.11582189053297043,-0.09143026173114777,0.01490360964089632,0.22829125821590424,7.382448529824615e-05,-0.05795164406299591,0.31121471524238586,0.27402350306510925,-0.2820934057235718,-0.2752806544303894,-0.010912623256444931,0.015031195245683193
-0.09378957748413086,0.05029834061861038,0.3894611597061157,0.12131321430206299,0.11391448974609375,-0.0035612285137176514,0.05600901320576668,-0.03905073553323746,-0.05775410681962967,-0.153909370303154,-0.24313105642795563,0.0035388090182095766,0.05752072110772133,-0.026893340051174164,-0.1814693659543991,-0.1158415824174881,-0.05720846727490425,0.004689409397542477,0.2779480516910553,0.010656476020812988,-0.061249569058418274,0.29010215401649475,0.3352507948875427,-0.2334045022726059,-0.20852380990982056,-0.021359439939260483,-0.03417644277215004
-0.08384180068969727,0.038132600486278534,0.40576067566871643,0.13628356158733368,0.11281169950962067,-0.00794126745313406,0.024782314896583557,-0.05556676536798477,-0.03604424372315407,-0.15960653126239777,-0.2734578251838684,-0.015328713692724705,0.015463145449757576,-0.008235334418714046,-0.2012934535741806,-0.11486037075519562,-0.09098343551158905,0.02559990994632244,0.17352139949798584,0.0064672124572098255,-0.029491351917386055,0.28731003403663635,0.26650625467300415,-0.21070298552513123,-0.14131635427474976,-0.02576846070587635,-0.01703893020749092
-0.05852794647216797,0.04130278900265694,0.4101695716381073,0.14293166995048523,0.06741571426391602,-0.022291965782642365,0.0649983286857605,-0.05802776291966438,-0.017287468537688255,-0.18193598091602325,-0.3607192635536194,-0.0019711239729076624,-0.1395762711763382,0.00019195328059140593,-0.1260542869567871,-0.10466364771127701,-0.08013938367366791,0.04961923509836197,0.03409874439239502,0.017634784802794456,0.02888314612209797,0.21958665549755096,0.10549253970384598,-0.09671040624380112,0.0010259896516799927,-0.03241792693734169,-0.04960671812295914
-0.013831615447998047,0.05992010608315468,0.40607550740242004,0.12145551294088364,-0.02158050611615181,-0.05354592576622963,-0.11670925468206406,-0.051230646669864655,0.0027006177697330713,-0.16478292644023895,0.13911673426628113,-0.035817425698041916,-0.3140096962451935,-0.02107570506632328,-0.04339136183261871,-0.09653783589601517,0.013034598901867867,0.04571550711989403,-0.4805120527744293,0.019609360024333,0.13995951414108276,0.1334477961063385,-0.2897694706916809,-0.03579866141080856,0.1823107898235321,-0.03782053291797638,-0.08520570397377014
0.0356832891702652,0.055653899908065796,0.4256943166255951,0.009444668889045715,-0.12348337471485138,-0.09070378541946411,-0.18225933611392975,-0.009237037971615791,0.041427306830883026,0.11275937408208847,0.7513543367385864,-0.21112355589866638,-0.39330413937568665,-0.009405414573848248,0.12875351309776306,-0.027123279869556427,0.14223389327526093,0.011613095179200172,-0.6176638603210449,0.018855080008506775,0.18054413795471191,0.02747258171439171,-0.22674928605556488,-0.05515366792678833,0.16377730667591095,-0.04715857282280922,-0.004240984562784433
0.033230554312467575,0.023351678624749184,0.4320828318595886,-0.01868583634495735,-0.2195800393819809,-0.07313810288906097,-0.050004992634058,0.0020965372677892447,0.012049486860632896,0.28398966789245605,0.7752580046653748,-0.26442867517471313,-0.36420658230781555,-0.0007210306357592344,0.013860741630196571,0.027673397213220596,0.1906328797340393,0.02054484933614731,-0.5128048658370972,0.008822979405522346,0.10068671405315399,0.008279439993202686,-0.07204543799161911,-0.05868520587682724,0.06608623266220093,-0.05156872048974037,-0.1553497314453125
0.03541456162929535,0.013137179426848888,0.446757048368454,-0.08509895205497742,-0.22077137231826782,-0.06459562480449677,0.04116615280508995,0.016386933624744415,0.023335816338658333,0.45330825448036194,0.6834062337875366,-0.29830414056777954,-0.32612234354019165,-0.0007115856278687716,-0.007498614490032196,0.05854051187634468,0.1422601342201233,0.016179051250219345,-0.24122226238250732,-0.005203260574489832,0.01919330470263958,-0.01516491174697876,-0.009687423706054688,-0.05667559430003166,-0.010762644931674004,-0.05224255844950676,-0.1136917844414711
0.049891017377376556,0.007196782622486353,0.4515605568885803,-0.11353462934494019,-0.1627134531736374,-0.0649695172905922,0.028850819915533066,0.03813330456614494,0.021409913897514343,0.5129997730255127,0.45538198947906494,-0.29276958107948303,-0.26068782806396484,-0.006405552849173546,-0.03737500309944153,0.07660703361034393,0.069548100233078,-0.004407329484820366,-0.015851253643631935,-0.006514563690871,0.02150668017566204,-0.024789875373244286,-0.05460536479949951,-0.05936284735798836,-0.029637882485985756,-0.04662682116031647,-0.01057144720107317
0.05674361437559128,0.0305465180426836,0.438244491815567,-0.12453616410493851,-0.12463357299566269,-0.053055789321660995,-0.0020875222980976105,0.04898234084248543,0.020373515784740448,0.45450371503829956,0.38707590103149414,-0.24734099209308624,-0.2244907170534134,-0.017181135714054108,-0.031026318669319153,0.0594383142888546,0.008131920360028744,-0.013506267219781876,0.01042831689119339,0.009797783568501472,0.025101928040385246,-0.04166455939412117,-0.08455102145671844,-0.04806162789463997,-0.014202555641531944,-0.041810017079114914,0.03177690878510475
0.0375782810151577,0.05791774392127991,0.424835205078125,-0.1393132507801056,-0.14239202439785004,-0.01846829615533352,-0.1412746161222458,0.03136027976870537,0.07841749489307404,0.4016374349594116,0.33329880237579346,-0.228903666138649,-0.22087055444717407,-0.021560659632086754,-0.03911377862095833,0.03860776126384735,0.08253204822540283,0.006825210992246866,-0.11798902601003647,0.02055877074599266,0.046952985227108,-0.05998377129435539,-0.09635129570960999,-0.03566847741603851,0.0748286098241806,-0.04109824448823929,0.06857187300920486
0.012787566520273685,0.06766510754823685,0.41865861415863037,-0.14326739311218262,-0.1548631191253662,0.007794184144586325,-0.15705960988998413,0.013766316697001457,0.0848148763179779,0.36922499537467957,0.3521685004234314,-0.19772736728191376,-0.16874755918979645,-0.020135968923568726,-0.023289594799280167,0.04157809168100357,0.0958019495010376,0.026229115203022957,-0.29778948426246643,0.02277497574687004,0.06329148262739182,-0.07787443697452545,-0.14941038191318512,-0.030443506315350533,0.1109921857714653,-0.0355319119989872,0.06291653960943222
-0.0036182403564453125,0.07308010011911392,0.41989606618881226,-0.14061924815177917,-0.14423330128192902,0.008091778494417667,-0.0864354744553566,0.023583557456731796,0.09488057345151901,0.3232558071613312,0.2723355293273926,-0.11865517497062683,-0.055579204112291336,-0.0026632854714989662,0.044626880437135696,0.06577655673027039,0.11102244257926941,0.024991828948259354,-0.3040328919887543,0.02124593034386635,0.06297758966684341,-0.12159961462020874,-0.22321100533008575,-0.01684548147022724,0.09609493613243103,-0.01891186274588108,0.01337422989308834
-0.005028247833251953,0.08270435780286789,0.4153248369693756,-0.11265759915113449,-0.047327544540166855,-0.014954145066440105,0.30502599477767944,0.049234893172979355,-0.022600287571549416,0.23693691194057465,-0.02202492207288742,-0.047305066138505936,0.18821953237056732,0.03339066728949547,0.0988893061876297,0.06391257792711258,0.04476209357380867,0.001869930769316852,-0.060671865940093994,0.026830026879906654,-0.013209221884608269,-0.12423350661993027,-0.05969864875078201,-0.022521579638123512,-0.0691167414188385,0.005917881615459919,-0.019275594502687454
-0.0050983428955078125,0.1013675406575203,0.4250688850879669,-0.0876433327794075,0.019182436168193817,-0.040803514420986176,0.5889660716056824,0.04530670493841171,-0.08907786011695862,0.16857632994651794,-0.15533488988876343,-0.06833205372095108,0.24015028774738312,0.055886466056108475,0.2015794813632965,0.03996947035193443,-0.04298780858516693,-0.02187131531536579,0.17239795625209808,0.016089659184217453,-0.049626369029283524,-0.09736058861017227,0.31999653577804565,-0.04433828219771385,-0.24288591742515564,0.025152841582894325,-0.03350017964839935
-0.024096012115478516,0.0882657840847969,0.41857612133026123,0.03127841278910637,0.10736912488937378,-0.025453975424170494,0.7258279323577881,0.03942003473639488,-0.13672637939453125,0.00393871683627367,-0.13106469810009003,-0.12714889645576477,0.16953866183757782,0.051878128200769424,0.2877713143825531,-0.09818339347839355,-0.11366918683052063,0.007155949249863625,0.15686869621276855,0.009973655454814434,-0.017479440197348595,0.28362706303596497,0.6338115334510803,-0.2961365580558777,-0.37655720114707947,-0.003433944657444954,-0.030863991007208824
-0.04332160949707031,0.050063371658325195,0.43595534563064575,0.07087366282939911,0.1912996917963028,-0.003905726131051779,0.19613945484161377,0.01940304785966873,0.057514309883117676,0.005037472117692232,0.11549884080886841,-0.12450116127729416,0.06264480948448181,0.049045924097299576,0.21876592934131622,-0.13698270916938782,-0.26720091700553894,0.04612136632204056,-0.18854261934757233,0.004830706398934126,0.09863636642694473,0.5035181045532227,0.530634343624115,-0.2786697447299957,-0.24738028645515442,-0.01494330819696188,-0.05128035321831703
-0.05086040496826172,0.03330975025892258,0.4643484950065613,0.08271083980798721,0.08894509822130203,0.0003882642195094377,0.05812384560704231,-0.008397238329052925,-0.018913909792900085,0.0015289296861737967,0.008814088068902493,-0.0993192121386528,0.03420006111264229,0.045725174248218536,0.028803735971450806,-0.12400078028440475,-0.136982262134552,0.04006209596991539,-0.04288962483406067,-0.018879927694797516,-0.0016896999441087246,0.5251875519752502,0.47266292572021484,-0.2727493345737457,-0.28849297761917114,-0.018374774605035782,-0.027155112475156784
-0.041739463806152344,0.034906886518001556,0.4806213974952698,0.07779573649168015,0.10579495131969452,-0.014961892738938332,0.10236064344644547,-0.021071849390864372,-0.040562599897384644,-0.006196288391947746,-0.005853073671460152,-0.07173106074333191,0.07483654469251633,0.057430658489465714,-0.008563533425331116,-0.12878702580928802,-0.1290285438299179,0.014320644550025463,0.09024550020694733,-0.013753879815340042,-0.024286996573209763,0.5076903104782104,0.4004865288734436,-0.2834019958972931,-0.29018303751945496,-0.021291226148605347,-0.0021304429974406958
-0.04758310317993164,0.03867180645465851,0.497946172952652,0.0878751128911972,0.07262027263641357,-0.002543832641094923,0.1420801281929016,-0.0383562296628952,-0.028352312743663788,-0.04158402606844902,-0.07090187072753906,-0.06705129891633987,0.06672395765781403,0.023568125441670418,-0.06324565410614014,-0.11333293467760086,-0.08811663091182709,0.021197553724050522,0.1188306212425232,-0.005506751127541065,-0.039214763790369034,0.43243837356567383,0.41107481718063354,-0.24821391701698303,-0.2476820945739746,-0.01942536234855652,-0.008513628505170345
-0.04661893844604492,0.04538934305310249,0.5171998143196106,0.08587756007909775,0.10807470977306366,-0.001555170863866806,0.01681542955338955,-0.05864328145980835,0.011306261643767357,-0.06847086548805237,-0.09579356759786606,-0.060078080743551254,0.06689874827861786,0.04085429385304451,0.0001612277701497078,-0.11433814465999603,-0.10104744136333466,0.028197087347507477,0.04337296262383461,-0.01196639146655798,-0.055571772158145905,0.394147127866745,0.3862301707267761,-0.23734430968761444,-0.2317543476819992,-0.0202078465372324,-0.029506437480449677
-0.02273845672607422,0.03924066200852394,0.5198149085044861,0.09806182235479355,0.06684135645627975,-0.016708919778466225,0.06240646541118622,-0.05832961946725845,0.007995519787073135,-0.09043370187282562,-0.22229436039924622,-0.04472394287586212,0.009308839216828346,0.03261255472898483,-0.06323130428791046,-0.11397577077150345,-0.0934615433216095,0.02293418161571026,0.14810270071029663,-0.011125953868031502,-0.06439610570669174,0.3832188546657562,0.3924843668937683,-0.22065335512161255,-0.16531254351139069,-0.02524489536881447,-0.04706437140703201
0.0025540608912706375,0.0404830127954483,0.5177952647209167,0.10385966300964355,0.028188548982143402,-0.02753853052854538,0.12706723809242249,-0.05425124987959862,-0.04074486345052719,-0.11289187520742416,-0.28455090522766113,-0.03022126480937004,-0.037048470228910446,0.019026152789592743,-0.06352610886096954,-0.10522066056728363,-0.05514727905392647,0.028826763853430748,0.031026620417833328,-0.014128126204013824,-0.006501051131635904,0.34019193053245544,0.17639166116714478,-0.1874326467514038,-0.06730805337429047,-0.027114970609545708,-0.02243564836680889
0.03534162789583206,0.0660589411854744,0.514629602432251,0.07075095921754837,0.0024302201345562935,-0.04755602404475212,-0.06339441984891891,-0.044521406292915344,-0.02283686213195324,-0.09272076934576035,-0.11770300567150116,-0.08199909329414368,-0.25424039363861084,0.005654324311763048,0.0125421192497015,-0.05598226189613342,-0.029389195144176483,0.019639329984784126,-0.2951432764530182,-0.006300995126366615,0.09426436573266983,0.15362466871738434,-0.1485629826784134,-0.08981665223836899,0.04685192555189133,-0.04506998136639595,-0.04991435632109642
0.04614550247788429,0.08157620579004288,0.5173658132553101,-0.030717702582478523,-0.12199150770902634,-0.0437111034989357,-0.06990011781454086,-0.02223310060799122,0.0013400553725659847,0.12221793085336685,0.5674649477005005,-0.2112673819065094,-0.310269296169281,-0.004618265200406313,-0.029413729906082153,-0.0006844713352620602,0.14929133653640747,0.01977592520415783,-0.446063369512558,-0.004067037720233202,0.08465112000703812,0.021452035754919052,-0.20097844302654266,-0.10251279920339584,0.10612683743238449,-0.06623759120702744,-0.061620138585567474
0.044782351702451706,0.06191791221499443,0.5208858251571655,-0.07301156222820282,-0.22745265066623688,-0.036198586225509644,-0.001066352240741253,-0.00952905137091875,0.024239545688033104,0.29852476716041565,0.6156718730926514,-0.24287226796150208,-0.30760785937309265,-0.0039888909086585045,0.017368212342262268,0.05507473647594452,0.1827622354030609,0.022471603006124496,-0.4237246811389923,-0.008249388076364994,0.03358301892876625,-0.043828655034303665,-0.060967013239860535,-0.07362253218889236,0.013399485498666763,-0.0680149495601654,-0.25551798939704895
0.0743740126490593,0.05138210579752922,0.5182347893714905,-0.08387941122055054,-0.2092200368642807,-0.07042042911052704,0.055985983461141586,0.011377549730241299,-0.007433704566210508,0.36972367763519287,0.5407763719558716,-0.25007450580596924,-0.30593761801719666,-0.005801782011985779,0.011745896190404892,0.07907353341579437,0.13214172422885895,-0.017518697306513786,-0.21516385674476624,0.0005950945778749883,0.024584544822573662,-0.06710615009069443,0.003956113010644913,-0.06361575424671173,-0.03526434302330017,-0.05678291246294975,-0.13128654658794403
0.1047104075551033,0.051614075899124146,0.5195488929748535,-0.10350456833839417,-0.17368268966674805,-0.10034191608428955,0.03996505215764046,0.029841195791959763,0.007290286477655172,0.4129864275455475,0.4852637052536011,-0.2609415054321289,-0.29941466450691223,-0.006700929254293442,0.023310063406825066,0.08575659245252609,0.09647616744041443,-0.061826106160879135,0.024424731731414795,0.005736289545893669,-0.000736952293664217,-0.08066487312316895,-0.055666372179985046,-0.05726471170783043,-0.032757557928562164,-0.04245098680257797,-0.0552046112716198
0.11509892344474792,0.05662117898464203,0.5134795308113098,-0.11555971950292587,-0.12275389581918716,-0.09604611992835999,-0.061028916388750076,0.042029526084661484,0.0364203117787838,0.4287460446357727,0.409468412399292,-0.26771843433380127,-0.2726134657859802,-0.0054450687021017075,0.007066773250699043,0.08645418286323547,0.0574415922164917,-0.08049950748682022,0.18331967294216156,0.014605035074055195,0.020143238827586174,-0.09644116461277008,-0.14116601645946503,-0.047164708375930786,-0.067353256046772,-0.03336799144744873,0.09046122431755066
0.09722457081079483,0.06532812863588333,0.5086016058921814,-0.13059347867965698,-0.1437913030385971,-0.06475570052862167,-0.11379488557577133,0.028660044074058533,0.0436210073530674,0.4385837912559509,0.4409141540527344,-0.24979247152805328,-0.2514696717262268,-0.020831646397709846,-0.049347732216119766,0.08733905106782913,0.08569177985191345,-0.06655023247003555,0.014579616487026215,0.017190642654895782,0.02601376734673977,-0.11766858398914337,-0.15583649277687073,-0.03527895361185074,-0.0387566015124321,-0.02223784290254116,0.12011371552944183
0.07993888109922409,0.07556933164596558,0.5012466907501221,-0.13807033002376556,-0.18229153752326965,-0.05030261352658272,-0.15336044132709503,0.02817491441965103,0.08740492165088654,0.4176681935787201,0.40168917179107666,-0.2143322080373764,-0.21837425231933594,-0.007873439230024815,0.010331841185688972,0.08767697960138321,0.13391616940498352,-0.0566864013671875,-0.2883634567260742,0.022685818374156952,0.06852440536022186,-0.1408924013376236,-0.14015130698680878,-0.022360635921359062,0.12572535872459412,-0.021236861124634743,-0.017208000645041466
0.06398215144872665,0.08118745684623718,0.49338313937187195,-0.1440078467130661,-0.1509440839290619,-0.053502071648836136,-0.1081729307770729,0.0451778769493103,0.09142477810382843,0.3977946937084198,0.39096224308013916,-0.1755376011133194,-0.1425604522228241,0.0013007493689656258,0.013548350892961025,0.10081428289413452,0.11274334788322449,-0.05826210603117943,-0.2418927699327469,0.0287319403141737,0.06858609616756439,-0.1782873272895813,-0.26267367601394653,-0.0038972143083810806,0.06539112329483032,-0.00361975422129035,0.04338624328374863
0.04688152298331261,0.09606197476387024,0.48714229464530945,-0.1377721130847931,-0.14529460668563843,-0.0563516840338707,0.07178603857755661,0.06681039184331894,0.045324523001909256,0.31245070695877075,0.18657523393630981,-0.05769285187125206,0.02234429493546486,-0.0020601435098797083,-0.007077520713210106,0.10933006554841995,0.11030648648738861,-0.06168697029352188,-0.11286880075931549,0.03304077684879303,0.01178399845957756,-0.22466108202934265,-0.27767378091812134,0.018612699583172798,-0.0008143018931150436,0.016400840133428574,0.007357081864029169
0.014301438815891743,0.1123456209897995,0.4699471890926361,-0.07493340224027634,-0.03379792347550392,-0.03691777586936951,0.4324816167354584,0.07707689702510834,-0.04271836206316948,0.15425552427768707,-0.13658207654953003,-0.005196125712245703,0.22691503167152405,0.039303407073020935,0.1373114138841629,0.043590858578681946,-0.0006730612367391586,-0.041334424167871475,0.0692024827003479,0.010075749829411507,-0.02812390960752964,-0.10580622404813766,0.12043701857328415,-0.071157306432724,-0.17057201266288757,0.014591661281883717,0.018313080072402954
-0.023677349090576172,0.11427931487560272,0.46632879972457886,0.022307105362415314,0.0929669737815857,-0.007427573669701815,0.5336130857467651,0.06145899370312691,-0.05259183421730995,-0.0009119465830735862,-0.09205330908298492,-0.08158865571022034,0.17709821462631226,0.03357167914509773,0.26373055577278137,-0.09125030040740967,-0.1250489503145218,-0.008238726295530796,-0.06036631390452385,-0.02124440297484398,-0.007114926818758249,0.23480291664600372,0.5228433609008789,-0.23886951804161072,-0.30097928643226624,0.000757779402192682,-0.02235458977520466
-0.06217765808105469,0.10200563073158264,0.5175508260726929,0.0480828732252121,0.15952284634113312,0.030928565189242363,0.14606256783008575,0.0015925116604194045,0.04587477445602417,-0.039007674902677536,0.06892643868923187,-0.11147212982177734,0.040069203823804855,0.031103815883398056,0.16616784036159515,-0.11221971362829208,-0.23528414964675903,0.029569163918495178,-0.1695379912853241,-0.04305904358625412,0.0878499373793602,0.40446603298187256,0.5014635324478149,-0.2688068747520447,-0.27173754572868347,-0.00561152957379818,-0.05103611201047897
-0.06780242919921875,0.09151163697242737,0.5404297113418579,0.05827021226286888,0.1610717922449112,0.03549690917134285,0.0058749765157699585,-0.021473444998264313,0.02350802533328533,-0.05536355823278427,0.05127769336104393,-0.085446298122406,0.02304060198366642,0.02794901840388775,0.036349665373563766,-0.10966470092535019,-0.211941659450531,0.03027546964585781,-0.06577510386705399,-0.015801573172211647,0.03517066687345505,0.46286001801490784,0.41944992542266846,-0.2711971402168274,-0.2845313549041748,-0.008736791089177132,-0.01488650031387806
-0.06736135482788086,0.08658996969461441,0.5444728136062622,0.05686816945672035,0.08307962864637375,0.031583379954099655,-0.002320212312042713,-0.024021927267313004,-0.03964356705546379,-0.05501948669552803,-0.019006170332431793,-0.06569475680589676,0.0631486102938652,0.040192943066358566,-0.022140558809041977,-0.10313048213720322,-0.1126144677400589,0.010323163121938705,0.0697675421833992,0.0011769962729886174,-0.029042599722743034,0.4437747001647949,0.40124982595443726,-0.2827133238315582,-0.30472642183303833,-0.010403010062873363,-0.002528522862121463
-0.0664072036743164,0.07997837662696838,0.5499479174613953,0.061217453330755234,0.07030454277992249,0.03295879065990448,0.06898776441812515,-0.029421593993902206,-0.057209357619285583,-0.06270155310630798,-0.06263372302055359,-0.060256391763687134,0.0813106968998909,0.035804007202386856,-0.04970104619860649,-0.102291040122509,-0.08967980742454529,-0.000259971187915653,0.1360287219285965,0.008291201665997505,-0.03556575998663902,0.4224524199962616,0.43851983547210693,-0.2738347351551056,-0.2832992970943451,-0.009153000079095364,0.004855393432080746
-0.0607905387878418,0.06998853385448456,0.5686582326889038,0.06509967148303986,0.09420523047447205,0.033712152391672134,0.05829104036092758,-0.048043426126241684,-0.00917777232825756,-0.06878327578306198,-0.09776051342487335,-0.06527627259492874,0.045545145869255066,0.021658174693584442,-0.02483454719185829,-0.10471377521753311,-0.11091803014278412,0.002372181974351406,0.1287786066532135,0.007462425623089075,-0.04030413553118706,0.4251880943775177,0.4702635407447815,-0.27532723546028137,-0.28090232610702515,-0.009500697255134583,-0.02404029481112957
-0.03838777542114258,0.052828095853328705,0.5791180729866028,0.07923851907253265,0.09019792824983597,0.020148899406194687,0.13015419244766235,-0.05486868694424629,-0.007670077029615641,-0.08039846271276474,-0.17848670482635498,-0.050969552248716354,0.011717692948877811,0.011818296276032925,-0.031018700450658798,-0.10346008092164993,-0.10589338839054108,0.007111669983714819,0.15825355052947998,0.013784618116915226,-0.053205057978630066,0.42638248205184937,0.47057628631591797,-0.2615810036659241,-0.22709181904792786,-0.01592996157705784,-0.03714471310377121
-0.014346122741699219,0.04586399719119072,0.5792310833930969,0.09887808561325073,0.055797114968299866,0.013113799504935741,0.1548776924610138,-0.052520886063575745,-0.03537783399224281,-0.1193842664361,-0.29819685220718384,-0.025456372648477554,-0.04204642027616501,-0.004259892273694277,-0.06165290251374245,-0.1042623519897461,-0.06872478127479553,0.028343690559267998,0.14448164403438568,0.01218102965503931,-0.035000160336494446,0.3958103060722351,0.37346649169921875,-0.20934756100177765,-0.14219731092453003,-0.01867695525288582,-0.014044339768588543
0.01148250699043274,0.06267045438289642,0.5793939828872681,0.0932571217417717,0.01528646145015955,0.006637321785092354,0.029286283999681473,-0.05036892741918564,-0.038398463279008865,-0.15369896590709686,-0.29648423194885254,-0.008224109187722206,-0.1638694405555725,-0.021221647039055824,-0.03562813997268677,-0.089844711124897,-0.05806184932589531,0.04816257208585739,-0.09801150858402252,0.004709561355412006,0.05500282347202301,0.2761782109737396,0.04165656864643097,-0.11550020426511765,-0.002949044108390808,-0.019387122243642807,-0.033477190881967545
0.054165374487638474,0.08476432412862778,0.5952333211898804,0.0036282625515013933,-0.046150900423526764,-0.029934147372841835,-0.16658197343349457,-0.026687229052186012,0.008672628551721573,-0.0031417275313287973,0.31107455492019653,-0.16999007761478424,-0.294205904006958,-0.010215893387794495,0.022075626999139786,-0.003567599691450596,0.05416456609964371,0.023987630382180214,-0.49876701831817627,0.004609267693012953,0.1376122236251831,0.061551354825496674,-0.27784228324890137,-0.11554078012704849,0.10239031910896301,-0.07219744473695755,-0.05347585305571556
0.04007834196090698,0.053606364876031876,0.6167300343513489,-0.10817491263151169,-0.19377122819423676,-0.007072737906128168,0.019201964139938354,-0.012931359931826591,0.005307722836732864,0.3399307131767273,0.6216862201690674,-0.2683386206626892,-0.29841744899749756,0.015142305754125118,0.06001781299710274,0.0811169445514679,0.22295646369457245,0.0468878298997879,-0.2691396474838257,-0.020210880786180496,0.039237383753061295,-0.02844691276550293,-0.08900855481624603,-0.10775288194417953,0.041866153478622437,-0.08880868554115295,-0.08853653818368912
0.05415746197104454,0.02269621752202511,0.6102311611175537,-0.12729741632938385,-0.2147761434316635,-0.01837950386106968,0.061173345893621445,0.012498804368078709,-0.00939234346151352,0.4837738573551178,0.49713146686553955,-0.2566584348678589,-0.2660598158836365,0.013236453756690025,-0.019580036401748657,0.11691213399171829,0.10724896192550659,0.032633621245622635,-0.3494533598423004,-0.012802413664758205,0.033566202968358994,-0.0333159938454628,-0.01738142967224121,-0.10719862580299377,-0.038096435368061066,-0.08795890212059021,-0.22642256319522858
0.07744787633419037,0.02368297427892685,0.6080191731452942,-0.14367589354515076,-0.1580645591020584,-0.04170908033847809,0.009371289052069187,0.024032196030020714,-0.01152893528342247,0.5096232891082764,0.4053252339363098,-0.2662062644958496,-0.2875860035419464,0.010651445016264915,0.009529465809464455,0.1157752200961113,0.07263854146003723,0.0038652089424431324,-0.07895667850971222,-0.006789523642510176,0.008881297893822193,-0.03656366467475891,-0.03587088733911514,-0.10349195450544357,-0.0575837567448616,-0.08199025690555573,-0.0010827220976352692
0.09340401738882065,0.04085138812661171,0.6008371710777283,-0.1477830708026886,-0.11358168721199036,-0.05179044231772423,-0.051187094300985336,0.027408737689256668,0.010273143649101257,0.46028831601142883,0.36785227060317993,-0.2709587514400482,-0.2612530589103699,0.0077043320052325726,0.002182421274483204,0.0986872985959053,0.018480276688933372,-0.016663117334246635,-0.004403138533234596,0.0046764155849814415,0.026891667395830154,-0.047392837703228,-0.11161372065544128,-0.0921243205666542,-0.06350792199373245,-0.07624492794275284,0.07501707971096039
0.0898272916674614,0.05684944614768028,0.5931020975112915,-0.15681996941566467,-0.14803646504878998,-0.03927989676594734,-0.06253961473703384,0.020968839526176453,0.04123445600271225,0.4310700297355652,0.43615591526031494,-0.26944491267204285,-0.2640295922756195,0.0009337381343357265,-0.033115122467279434,0.08297870308160782,0.06681585311889648,-0.015427248552441597,-0.10516952723264694,0.013592052273452282,0.027489401400089264,-0.05737515538930893,-0.09277868270874023,-0.08182712644338608,-0.02892346866428852,-0.0728522315621376,0.06530588865280151
0.07778134942054749,0.059948600828647614,0.5862646102905273,-0.15378540754318237,-0.16783864796161652,-0.026805859059095383,-0.17057393491268158,0.013221295550465584,0.06927181035280228,0.41451865434646606,0.4515954256057739,-0.26167386770248413,-0.26370325684547424,-0.001119120977818966,-0.008884560316801071,0.08322887122631073,0.13344734907150269,-0.008943745866417885,-0.18653665482997894,0.019259274005889893,0.06182568147778511,-0.06482677161693573,-0.10542474687099457,-0.07730142027139664,0.05848783999681473,-0.06669679284095764,0.07785273343324661
0.06201983243227005,0.05848970264196396,0.583229660987854,-0.15673042833805084,-0.1807919442653656,-0.02560105361044407,-0.195002019405365,0.015421740710735321,0.10320288687944412,0.4203280210494995,0.4927971363067627,-0.2411610335111618,-0.2236187756061554,0.003699936904013157,0.02874538116157055,0.09543033689260483,0.13856446743011475,-0.005874618422240019,-0.24669024348258972,0.020865263417363167,0.061133962124586105,-0.08210372924804688,-0.18856658041477203,-0.07081659138202667,0.07822161167860031,-0.05406796559691429,0.09342312812805176
0.04758617281913757,0.0649881437420845,0.579401969909668,-0.1577163189649582,-0.16875886917114258,-0.04276902228593826,-0.16833417117595673,0.03245757147669792,0.10551054030656815,0.3986501097679138,0.3574998378753662,-0.18794308602809906,-0.0971572995185852,0.010646038688719273,0.02965630777180195,0.1145637184381485,0.13687936961650848,-0.012769423425197601,-0.19645197689533234,0.024471137672662735,0.06214195862412453,-0.13001284003257751,-0.297302782535553,-0.04883921891450882,0.04106763005256653,-0.033034734427928925,0.09469237178564072
0.03251350671052933,0.08091530203819275,0.5702555775642395,-0.1667662113904953,-0.11602173745632172,-0.07323551177978516,0.1863858699798584,0.052566446363925934,-4.345085471868515e-06,0.3773232698440552,0.03907030448317528,-0.16736285388469696,0.15661689639091492,0.013224738650023937,0.01972639188170433,0.1148085966706276,0.09467393159866333,-0.025062942877411842,-0.04802907630801201,0.03361376374959946,-0.01605953648686409,-0.16351260244846344,-0.18325233459472656,-0.0320696122944355,-0.05126717686653137,-0.0055602663196623325,0.08381354063749313
0.01408509910106659,0.09090197831392288,0.5568674802780151,-0.1584770679473877,-0.02706287056207657,-0.09896719455718994,0.7266693711280823,0.0701497420668602,-0.1484319120645523,0.33331799507141113,-0.21409496665000916,-0.12621115148067474,0.3521570861339569,0.019023900851607323,0.1953614354133606,0.0999821200966835,-0.006838284432888031,-0.03521066531538963,0.2112075388431549,0.0456182099878788,-0.07856325805187225,-0.153499573469162,0.32824206352233887,-0.03840985149145126,-0.23283249139785767,0.02378104440867901,-0.042729560285806656
-0.030886173248291016,0.0734509602189064,0.5196930170059204,-0.011786972172558308,0.06387902796268463,-0.07500048726797104,0.8646122217178345,0.07479046285152435,-0.19867897033691406,0.11547595262527466,-0.20883823931217194,-0.10548842698335648,0.27119705080986023,0.09496660530567169,0.2612047791481018,-0.030465716496109962,-0.06954771280288696,0.002906571142375469,0.17915651202201843,0.01015508733689785,-0.05750272423028946,0.18999440968036652,0.5920314788818359,-0.22376464307308197,-0.36177077889442444,-0.010458430275321007,-0.06871148943901062
-0.11695003509521484,0.07393895089626312,0.5691383481025696,0.029740868136286736,0.12275440990924835,0.009112265892326832,0.19771726429462433,-0.005627984646707773,0.03343287482857704,0.03103906475007534,0.053839221596717834,-0.1347845047712326,0.052947621792554855,0.10657813400030136,0.1248088926076889,-0.06893466413021088,-0.19718672335147858,0.10772458463907242,-0.24088142812252045,-0.052279941737651825,0.09877388179302216,0.357035368680954,0.534656822681427,-0.2691066861152649,-0.2788386046886444,-0.023523950949311256,-0.07287649810314178
-0.1172800064086914,0.07741928100585938,0.580359935760498,0.051590580493211746,0.1771332174539566,0.003350448329001665,-0.12029673904180527,-0.008257483132183552,0.05887790024280548,-0.035443782806396484,0.03111068531870842,-0.05895063281059265,0.010564794763922691,0.0999465063214302,-0.019787397235631943,-0.0978490486741066,-0.24169442057609558,0.09570617228746414,-0.20060127973556519,-0.035712096840143204,0.07522450387477875,0.43236926198005676,0.35698533058166504,-0.24565249681472778,-0.23112480342388153,-0.004045931156724691,0.005020409356802702
-0.07861328125,0.07490158081054688,0.5505988001823425,0.06863658130168915,0.09698270261287689,-0.05477113276720047,0.15347518026828766,0.030846118927001953,-0.09648275375366211,-0.041570331901311874,-0.10970425605773926,-0.0033330023288726807,0.09185094386339188,0.09235019236803055,-0.03521893918514252,-0.12257329374551773,-0.08389349281787872,0.004092330113053322,0.15461529791355133,0.0069990502670407295,-0.04613342136144638,0.42771846055984497,0.39143669605255127,-0.23747648298740387,-0.31646475195884705,0.0021449984051287174,0.01604578271508217
-0.09489202499389648,0.0675874575972557,0.5586026310920715,0.08992018550634384,0.03160255402326584,-0.03647660091519356,0.3480907082557678,0.0075938524678349495,-0.16100233793258667,-0.05790989473462105,-0.13062815368175507,-0.014338730834424496,0.1458585113286972,0.04466576874256134,-0.018035758286714554,-0.10048522055149078,-0.011452438309788704,0.006770602427423,0.2936594486236572,0.026457663625478745,-0.04045984148979187,0.3685186505317688,0.44452184438705444,-0.2675788700580597,-0.29390260577201843,-0.02496393769979477,-0.052353233098983765
-0.15598630905151367,0.07871679216623306,0.6231153607368469,0.08728352934122086,0.15510885417461395,0.03636544942855835,-0.0812632143497467,-0.0747460201382637,0.0478435680270195,-0.08648448437452316,-0.02750137820839882,-0.04914670065045357,0.05807233974337578,0.036166585981845856,-0.06450097262859344,-0.09347014129161835,-0.1802171766757965,0.09690441191196442,0.03846780210733414,0.00916927307844162,-0.018865449354052544,0.3672894835472107,0.41842544078826904,-0.27832669019699097,-0.29424208402633667,-0.036114227026700974,0.0033590192906558514
-0.17406797409057617,0.09055997431278229,0.6752641797065735,0.08430678397417068,0.20223037898540497,0.05352422595024109,-0.2635708749294281,-0.13356532156467438,0.07718873023986816,-0.12944354116916656,-0.10925014317035675,-0.03355051949620247,0.04020430147647858,0.08242932707071304,-0.13092298805713654,-0.10627635568380356,-0.2365480661392212,0.11817169189453125,0.01878299191594124,-0.02974538877606392,-0.0404779277741909,0.38823238015174866,0.31405049562454224,-0.275899201631546,-0.24224308133125305,-0.028471626341342926,0.005345109850168228
-0.1510319709777832,0.08890154957771301,0.6753338575363159,0.10124407708644867,0.16090865433216095,0.033472463488578796,-0.14179709553718567,-0.12919729948043823,-0.036871980875730515,-0.17038987576961517,-0.3005101680755615,-0.008087539114058018,0.06453590840101242,0.07930095493793488,-0.2600424289703369,-0.1116153821349144,-0.13592736423015594,0.09878799319267273,0.18139229714870453,-0.021824941039085388,-0.0850023627281189,0.36128947138786316,0.258872926235199,-0.24132293462753296,-0.17646580934524536,-0.018478525802493095,0.03694858402013779
-0.1103982925415039,0.09020604193210602,0.655510425567627,0.12273009866476059,0.08273054659366608,0.001677424879744649,-0.03858483210206032,-0.10424724966287613,-0.09190045297145844,-0.218367338180542,-0.430101215839386,0.012382308021187782,-0.014415523037314415,0.03969061002135277,-0.2547420561313629,-0.11193633824586868,-0.043460067361593246,0.07136671245098114,0.22283616662025452,-0.01188395544886589,-0.04813958704471588,0.2940378785133362,0.16011680662631989,-0.19040249288082123,-0.08431776612997055,-0.015279589220881462,-0.008002141490578651
-0.06940460205078125,0.11117687076330185,0.6446886658668518,0.09891177713871002,-0.0007520262151956558,-0.03594822809100151,-0.009618883021175861,-0.09424088150262833,-0.067921943962574,-0.19703097641468048,-0.2519608736038208,-0.05959976091980934,-0.20099091529846191,0.00639736233279109,-0.0998677909374237,-0.05799608305096626,0.022218788042664528,0.04482954740524292,-0.14322318136692047,0.0043746004812419415,0.07537899911403656,0.0667019784450531,-0.14378048479557037,0.011931763030588627,0.11941337585449219,-0.04158347100019455,-0.11421792954206467
0.0029453507158905268,0.13960233330726624,0.6324756741523743,0.060209278017282486,-0.1012420728802681,-0.10677728056907654,-0.0057258037850260735,-0.07054314017295837,0.03581283241510391,-0.1601298600435257,0.49284690618515015,-0.1278487741947174,-0.24302439391613007,-0.03039906546473503,0.047556519508361816,-0.03766632452607155,0.15943513810634613,-0.02901780977845192,-0.30578911304473877,0.032444290816783905,0.06235608458518982,-0.0459170788526535,-0.20853228867053986,0.006888840347528458,0.13400399684906006,-0.04013886675238609,-0.08409703522920609
0.02418903075158596,0.15128685534000397,0.6094634532928467,0.014283515512943268,-0.19768713414669037,-0.11041425913572311,-0.049769241362810135,-0.029145391657948494,0.08329425007104874,-0.0841907188296318,0.7615604996681213,-0.1585843861103058,-0.28817686438560486,-0.06245642900466919,0.07018223404884338,-0.025702541694045067,0.1838829219341278,-0.049623191356658936,-0.3831765055656433,0.06019745022058487,0.09175777435302734,-0.09236989915370941,-0.10936526954174042,-0.03568641468882561,0.11007239669561386,0.020206985995173454,-0.07707424461841583
-0.0044155120849609375,0.1296864002943039,0.6010996103286743,-0.0045368121936917305,-0.2126719206571579,-0.06374454498291016,-0.07184366881847382,-0.02619696594774723,0.043991442769765854,0.0042455000802874565,0.7538244724273682,-0.17631904780864716,-0.3341408669948578,-0.06563331186771393,0.03202265128493309,-0.0011991357896476984,0.14383316040039062,-0.004071800969541073,-0.5252461433410645,0.058721642941236496,0.09396123141050339,-0.08734732866287231,-0.04422750324010849,-0.04184799641370773,0.08844438940286636,0.015545862726867199,-0.20221520960330963
-0.03035449981689453,0.10167219489812851,0.6070474982261658,-0.0495368130505085,-0.13888074457645416,-0.031211430206894875,-0.14332497119903564,-0.020844943821430206,0.05843548849225044,0.16329501569271088,0.7302215695381165,-0.22468256950378418,-0.3434191942214966,-0.05131123214960098,0.027562614530324936,0.0243034940212965,0.052988503128290176,0.03303494676947594,-0.4595501124858856,0.0456114187836647,0.11141818761825562,-0.06317221373319626,-0.04885944724082947,-0.06293312460184097,0.02943868190050125,0.003055870532989502,-0.1271764039993286
-0.04524660110473633,0.07309044152498245,0.6133851408958435,-0.09776373207569122,-0.12919741868972778,-0.023319773375988007,-0.02478538453578949,-0.006337374914437532,0.031167779117822647,0.33582350611686707,0.6738278269767761,-0.2446622997522354,-0.2746187746524811,-0.04225049167871475,-0.03133127838373184,0.048757798969745636,0.01708763837814331,0.04817226901650429,-0.3262005150318146,0.03692981228232384,0.049278661608695984,-0.03642360121011734,-0.08103062212467194,-0.08563271164894104,-0.0024514254182577133,0.0021076281554996967,-0.1552371233701706
-0.05749177932739258,0.058835480362176895,0.62055903673172,-0.14092209935188293,-0.18600162863731384,-0.018601445481181145,0.09367020428180695,0.017291970551013947,0.010948493145406246,0.46290430426597595,0.58262038230896,-0.24159565567970276,-0.24664467573165894,-0.04204823449254036,-0.042029187083244324,0.07267303019762039,0.07667182385921478,0.0525507815182209,-0.3229604661464691,0.029524924233555794,0.021691281348466873,-0.04048183187842369,-0.08518514782190323,-0.09152447432279587,0.033139970153570175,0.008760711178183556,-0.1571413278579712
-0.06242513656616211,0.06218341365456581,0.6244834065437317,-0.16562314331531525,-0.18693090975284576,-0.02149209752678871,0.017888788133859634,0.0410354807972908,0.04002915695309639,0.5032074451446533,0.5152904987335205,-0.2280285805463791,-0.2306784987449646,-0.023348646238446236,0.035777606070041656,0.08281803131103516,0.07698339223861694,0.04343076050281525,-0.23214863240718842,0.026696544140577316,0.031093914061784744,-0.05808304250240326,-0.10243284702301025,-0.08778505772352219,0.027331063523888588,0.021918104961514473,-0.09595819562673569
-0.06689834594726562,0.07933170348405838,0.6218972206115723,-0.16878144443035126,-0.16051964461803436,-0.027292853221297264,-0.030368614941835403,0.05850709229707718,0.0707235112786293,0.4612876772880554,0.405279278755188,-0.18484076857566833,-0.14666396379470825,-0.015061908401548862,-0.009472612291574478,0.08504319936037064,0.07225678861141205,0.030392471700906754,-0.0758158266544342,0.02974415011703968,0.02998097985982895,-0.09448220580816269,-0.14983192086219788,-0.07131621241569519,0.02502966858446598,0.03896734490990639,-0.0351351723074913
-0.0573115348815918,0.1127319484949112,0.6213047504425049,-0.14033667743206024,-0.1217990294098854,-0.05958160385489464,0.10173135250806808,0.06900064647197723,0.036008886992931366,0.34461185336112976,0.12575751543045044,-0.17680414021015167,0.04911038279533386,0.012124487198889256,-0.0048158131539821625,0.0632159560918808,0.06552743911743164,0.0019134479807689786,-0.041657455265522,0.03159618005156517,-0.004615598823875189,-0.11920200288295746,-0.10667341947555542,-0.05861891061067581,-0.024392878636717796,0.049596041440963745,0.004663961939513683
-0.04898834228515625,0.14386485517024994,0.6321214437484741,-0.0962749719619751,0.0432015135884285,-0.08880648761987686,0.4721881151199341,0.054319992661476135,-0.04745328426361084,0.1912394016981125,-0.10912992060184479,-0.1565888673067093,0.2052692025899887,0.031103963032364845,0.06603778898715973,0.010110841132700443,-0.052623484283685684,-0.016768334433436394,0.05936066061258316,0.014962579123675823,-0.024418385699391365,-0.0710642859339714,0.15984030067920685,-0.05779295042157173,-0.10723894089460373,0.031060202047228813,0.013792564161121845
-0.06070089340209961,0.1371089518070221,0.6355096101760864,0.00435263616964221,0.11170746386051178,-0.08906523138284683,0.5291098952293396,0.03382071107625961,-0.04072675481438637,0.00842075701802969,-0.12197256088256836,-0.13526953756809235,0.1498904973268509,0.09552974998950958,0.22776803374290466,-0.07428490370512009,-0.10993263125419617,0.003541474463418126,0.011836739256978035,0.0016097119078040123,-0.0030529466457664967,0.14879672229290009,0.4011765718460083,-0.15982617437839508,-0.23756739497184753,0.005862520541995764,-0.03301110863685608
-0.0868539810180664,0.11109905689954758,0.6562310457229614,0.047967709600925446,0.14809240400791168,-0.06366369873285294,0.1671222448348999,0.005263003520667553,0.01355724222958088,-0.036093007773160934,0.006196343339979649,-0.1230701133608818,0.036967579275369644,0.14931616187095642,0.1230732649564743,-0.11619894951581955,-0.1826595515012741,0.041594892740249634,-0.1704787015914917,-0.011945356614887714,0.06076933071017265,0.3321974575519562,0.4465100169181824,-0.23423951864242554,-0.25990378856658936,-0.007933381013572216,-0.04734532907605171
-0.09273958206176758,0.07803947478532791,0.6672043800354004,0.08215795457363129,0.12149207293987274,-0.05019015818834305,0.13233931362628937,-0.004267626907676458,-0.01434682309627533,-0.04674786701798439,-0.030477724969387054,-0.11038196086883545,-0.008335228078067303,0.14196468889713287,0.030135370790958405,-0.12156179547309875,-0.15764321386814117,0.03826349601149559,-0.014604495838284492,-0.011609848588705063,0.015786170959472656,0.4191468358039856,0.43346714973449707,-0.25544634461402893,-0.28813377022743225,-0.017357928678393364,-0.019921107217669487
-0.09938859939575195,0.061703141778707504,0.6727912425994873,0.08967990428209305,0.08216676861047745,-0.035186704248189926,0.06865981966257095,-0.010093179531395435,-0.015990372747182846,-0.04468367621302605,-0.04371703043580055,-0.10523398965597153,-0.012302708812057972,0.133031964302063,-0.029458612203598022,-0.12857435643672943,-0.1316819190979004,0.024975808337330818,0.057150162756443024,-0.006943812128156424,-0.008829327300190926,0.43655556440353394,0.41211187839508057,-0.259821355342865,-0.28450697660446167,-0.02167423814535141,-0.020549042150378227
-0.10071039199829102,0.050429314374923706,0.6774628758430481,0.08711279928684235,0.07506135106086731,-0.023424001410603523,0.06342428177595139,-0.014589304104447365,-0.026863057166337967,-0.03560297563672066,-0.04892069846391678,-0.10009565204381943,0.0031706884037703276,0.12218357622623444,-0.08065719902515411,-0.12788037955760956,-0.11493648588657379,0.011151280254125595,0.11438456177711487,0.003959771245718002,-0.02723572961986065,0.415296733379364,0.41364526748657227,-0.27315980195999146,-0.29921087622642517,-0.024334819987416267,-0.019495535641908646
-0.09324407577514648,0.037960831075906754,0.6789003610610962,0.08888319134712219,0.08502402901649475,-0.01688445173203945,0.055925752967596054,-0.015069209970533848,-0.010109642520546913,-0.03236088529229164,-0.09977491199970245,-0.09280625730752945,-0.0016276596579700708,0.10799769312143326,-0.10250602662563324,-0.13350002467632294,-0.11003981530666351,-0.0013860397739335895,0.15482878684997559,0.013114124536514282,-0.046155016869306564,0.40597090125083923,0.4423537254333496,-0.27320030331611633,-0.27060824632644653,-0.025367802008986473,0.0058488911017775536
-0.07907819747924805,0.02425413206219673,0.679061770439148,0.10387514531612396,0.06403433531522751,-0.011475691571831703,0.07750578224658966,-0.014335498213768005,-0.0015169340185821056,-0.0505865216255188,-0.20411977171897888,-0.07621582597494125,-0.029288964346051216,0.08866885304450989,-0.13236385583877563,-0.13712334632873535,-0.09068390727043152,-0.002938321093097329,0.18780523538589478,0.017238318920135498,-0.05774614214897156,0.4028385281562805,0.4549015164375305,-0.24662959575653076,-0.21025550365447998,-0.023759344592690468,0.0006766159203834832
-0.06199836730957031,0.023241860792040825,0.6824721693992615,0.12011740356683731,0.06453917175531387,-0.002605919260531664,0.07846663147211075,-0.01840044930577278,-0.013479478657245636,-0.09783811122179031,-0.300987184047699,-0.04439631849527359,-0.058284658938646317,0.062128856778144836,-0.16808514297008514,-0.13346579670906067,-0.0899057686328888,0.010711025446653366,0.1296936422586441,0.0066640982404351234,-0.05979536473751068,0.3713177740573883,0.33173948526382446,-0.19266551733016968,-0.12354511767625809,-0.021753717213869095,-0.00890463124960661
-0.037142276763916016,0.05471891164779663,0.6877231597900391,0.10892747342586517,0.0442313551902771,-0.00026023786631412804,-0.03128354996442795,-0.02516082115471363,-0.008089996874332428,-0.1528211385011673,-0.28694117069244385,-0.03143298253417015,-0.14349013566970825,0.026370899751782417,-0.10647743940353394,-0.10493297129869461,-0.08062295615673065,0.017488855868577957,-0.05787520483136177,-0.005687990691512823,0.011736406944692135,0.20750746130943298,0.048858821392059326,-0.05067967250943184,0.006909173913300037,-0.03475087136030197,-0.06725962460041046
0.01985306292772293,0.0860109031200409,0.7025704979896545,0.03426828607916832,-0.013475746847689152,-0.035551298409700394,-0.07095532864332199,-0.01579904928803444,-0.0032013594172894955,-0.0566570870578289,0.23196743428707123,-0.162702739238739,-0.24230223894119263,-0.01161094568669796,-0.04153696447610855,-0.049618080258369446,0.03337669000029564,-0.02982524037361145,-0.31057700514793396,-0.005685778334736824,0.06228851154446602,0.020672844722867012,-0.23024646937847137,-0.008364103734493256,0.08400411158800125,-0.01138843223452568,-0.03934803977608681
0.04980714991688728,0.09184963256120682,0.6985417008399963,0.0030901660211384296,-0.1354280710220337,-0.03688330575823784,0.002279656007885933,-0.003524946281686425,0.025566190481185913,0.02494497410953045,0.6312571167945862,-0.20294900238513947,-0.2982790172100067,-0.028851279988884926,0.08258619904518127,-0.03311539068818092,0.1468801647424698,-0.0417318120598793,-0.3017059564590454,0.0029769716784358025,0.06886887550354004,-0.018184978514909744,-0.16700053215026855,-0.04088016599416733,0.06459517031908035,-0.00789586454629898,-0.06976567953824997
0.04230877012014389,0.06704152375459671,0.7101271152496338,-0.04599457234144211,-0.18183405697345734,-0.007564506493508816,-0.06815294176340103,-0.006851947866380215,0.04035890847444534,0.2190750539302826,0.7085658311843872,-0.23294706642627716,-0.33312860131263733,-0.017893671989440918,0.05583957955241203,0.009088496677577496,0.12449641525745392,-0.017703155055642128,-0.45883694291114807,-0.015488634817302227,0.09166435897350311,-0.039307426661252975,-0.07388348132371902,-0.03741084784269333,0.0005966145545244217,-0.027370940893888474,-0.1817532181739807
0.051860690116882324,0.04076959937810898,0.7118028402328491,-0.06915833801031113,-0.15303072333335876,-0.01377345435321331,-0.040833909064531326,-0.0026540099643170834,0.004231088329106569,0.3665490746498108,0.5922513008117676,-0.2640441656112671,-0.3312425911426544,-0.007029365282505751,0.02644728124141693,0.03821275010704994,0.08026482164859772,-0.020444054156541824,-0.23040509223937988,-0.017483998090028763,0.050148941576480865,-0.03330710157752037,-0.062350839376449585,-0.04647478088736534,-0.037171028554439545,-0.034573886543512344,-0.09214898943901062
0.05342055857181549,0.03497947379946709,0.7103200554847717,-0.09771975129842758,-0.14964355528354645,-0.015753349289298058,-0.016322869807481766,0.0033818790689110756,0.005473723169416189,0.4630146920681,0.4884744882583618,-0.2869056463241577,-0.29964813590049744,-0.013369719497859478,-0.025716006755828857,0.05188409611582756,0.06380155682563782,-0.0169990211725235,-0.050157029181718826,-0.01694144308567047,0.031119106337428093,-0.04421989992260933,-0.08657710254192352,-0.043478600680828094,-0.030120348557829857,-0.03931838646531105,-0.02311832271516323
0.04828208312392235,0.039898596704006195,0.7024467587471008,-0.11265094578266144,-0.15118710696697235,-0.01521129347383976,-0.0392136387526989,0.005819043610244989,0.021688155829906464,0.4957622289657593,0.4616900086402893,-0.29730817675590515,-0.2719334363937378,-0.01598370261490345,0.0040895892307162285,0.05189543217420578,0.05896654725074768,-0.00695247994735837,-0.20787671208381653,-0.010581585578620434,0.062066301703453064,-0.05237390100955963,-0.06976312398910522,-0.039983391761779785,0.010306190699338913,-0.042996350675821304,-0.014354833401739597
0.046566348522901535,0.04817895591259003,0.6932666301727295,-0.11562226712703705,-0.14949460327625275,-0.02828795090317726,-0.09146935492753983,0.01279456540942192,0.05280998349189758,0.4742740988731384,0.4427037835121155,-0.2620084285736084,-0.2471262514591217,-0.009796304628252983,0.004176991060376167,0.04831074923276901,0.0894286036491394,-0.005726273637264967,-0.26273733377456665,-0.0011963413562625647,0.07503849267959595,-0.059527214616537094,-0.07358007878065109,-0.03711903467774391,0.08606338500976562,-0.040946025401353836,0.006910145282745361
0.03858783841133118,0.0531502440571785,0.685644805431366,-0.12404534220695496,-0.14652520418167114,-0.04256502911448479,-0.12812048196792603,0.03363555297255516,0.10118988901376724,0.45757153630256653,0.4486657381057739,-0.22207202017307281,-0.21031048893928528,-0.0005506558227352798,0.01890615001320839,0.05994446948170662,0.10533033311367035,-0.0043815686367452145,-0.1688770353794098,0.006013037171214819,0.06710447371006012,-0.0888679102063179,-0.1589537113904953,-0.024105578660964966,0.0928768441081047,-0.03319412097334862,0.06572747975587845
0.027459213510155678,0.06083053722977638,0.678423285484314,-0.12978820502758026,-0.16379107534885406,-0.06320353597402573,-0.08090412616729736,0.05943171679973602,0.09436467289924622,0.4146323800086975,0.3276252746582031,-0.17771466076374054,-0.10521867126226425,0.0016830810345709324,-0.004129556939005852,0.07954583317041397,0.12111015617847443,-0.006078051403164864,-0.20119763910770416,0.012942168861627579,0.04505304619669914,-0.1393502950668335,-0.2593221664428711,-0.0008170128567144275,0.055133312940597534,-0.019830746576189995,0.055341631174087524
0.015390482731163502,0.08096133917570114,0.6719552278518677,-0.12019321322441101,-0.11056829243898392,-0.07764001935720444,0.14905236661434174,0.08102405071258545,0.01945696771144867,0.2853618562221527,0.07734338939189911,-0.046575043350458145,0.08197163790464401,-0.0040154410526156425,-0.0072626881301403046,0.0807141363620758,0.07205656170845032,-0.008628562092781067,-0.07865538448095322,0.01909378170967102,0.002706259023398161,-0.179432213306427,-0.2198239117860794,0.01781807281076908,-0.004396179690957069,-0.004748696461319923,0.03652401268482208
-0.0100555419921875,0.0991533026099205,0.6612318754196167,-0.07185111939907074,0.0017366046085953712,-0.07162579894065857,0.46575435996055603,0.08242332190275192,-0.0554809495806694,0.16589060425758362,-0.172866091132164,-0.056431278586387634,0.19282883405685425,0.049669064581394196,0.20088811218738556,0.03470296785235405,-0.02487199753522873,0.0037634337786585093,0.0733628049492836,0.0014125643065199256,-0.03892497718334198,-0.10260633379220963,0.22081626951694489,-0.05038752406835556,-0.21365003287792206,0.0020806833636015654,-0.030256478115916252
-0.04431343078613281,0.12802334129810333,0.6855090260505676,-0.05722763389348984,0.11523362994194031,-0.05084400996565819,0.6030574440956116,0.04507036879658699,-0.09900829941034317,0.09152267128229141,-0.10635267943143845,-0.10626816004514694,0.17621880769729614,0.0823817253112793,0.24823498725891113,0.008310649544000626,-0.11778445541858673,0.028837207704782486,0.00034771300852298737,-0.018431518226861954,-0.009909307584166527,-0.06478467583656311,0.5563197731971741,-0.07396192848682404,-0.32993748784065247,0.007038752548396587,-0.006472025532275438
-0.06497049331665039,0.14682963490486145,0.7232207655906677,-0.05842309445142746,0.22428922355175018,-0.03953324630856514,0.47375938296318054,-0.0033712447620928288,-0.07435845583677292,0.05289376527070999,-0.0027999505400657654,-0.14066708087921143,0.14547261595726013,0.10251715034246445,0.1880027800798416,-0.007135291118174791,-0.18038153648376465,0.04002168029546738,-0.030344095081090927,-0.019651588052511215,0.014105718582868576,-0.007067409809678793,0.5840428471565247,-0.09924879670143127,-0.3694584369659424,0.008732114918529987,-0.03446028381586075
-0.030248165130615234,0.10501790791749954,0.7160097360610962,0.012323359958827496,0.21412593126296997,-0.07357565313577652,0.455146461725235,0.013653522357344627,-0.07955462485551834,0.009664706885814667,-0.00490633025765419,-0.12781450152397156,0.1180841475725174,0.10464738309383392,0.1761968582868576,-0.06380148231983185,-0.18819370865821838,-0.006231934763491154,0.023943178355693817,0.012068012729287148,0.0018038228154182434,0.27350014448165894,0.5821446180343628,-0.23982951045036316,-0.3699486553668976,-0.005802801810204983,-0.030828742310404778
-0.035759925842285156,0.06808779388666153,0.7196474075317383,0.05794545263051987,0.07466138899326324,-0.0528758279979229,0.2394806146621704,0.007517827209085226,-0.01772739179432392,-0.0014479713281616569,0.0036446908488869667,-0.12488294392824173,0.05909787490963936,0.0889967828989029,0.11763142049312592,-0.07602447271347046,-0.14195922017097473,0.0042163655161857605,-0.02359546162188053,0.00525427283719182,-0.0002583102323114872,0.419680118560791,0.507345974445343,-0.27558302879333496,-0.27803072333335876,-0.014290424063801765,-0.029967425391077995
-0.03893566131591797,0.07095781713724136,0.7305707931518555,0.054450131952762604,0.07118840515613556,-0.03357108682394028,-0.03448577597737312,-0.005573502276092768,0.006140684708952904,-0.02089868299663067,-0.003645526245236397,-0.09565944969654083,0.05973619967699051,0.07403149455785751,-0.026169631630182266,-0.09764131903648376,-0.14492489397525787,0.008527490310370922,-0.010218474082648754,-0.01303906086832285,-0.01129220426082611,0.44138094782829285,0.39947640895843506,-0.24316561222076416,-0.240909606218338,-0.014068362303078175,-0.01588299311697483
-0.03298234939575195,0.0732547864317894,0.7373916506767273,0.057821210473775864,0.09643304347991943,-0.02188188023865223,0.1638583540916443,-0.013873787596821785,-0.021654194220900536,-0.05151696875691414,-0.06381230801343918,-0.07122848927974701,0.06252471357584,0.05532678961753845,0.0020780041813850403,-0.1130613461136818,-0.11488524079322815,0.012483563274145126,0.10297204554080963,-0.013914133422076702,-0.043712615966796875,0.4326910674571991,0.45904695987701416,-0.2296740710735321,-0.24884361028671265,-0.017261968925595284,-0.021024364978075027
-0.024693012237548828,0.06272848695516586,0.7449020743370056,0.07568051666021347,0.0830211490392685,-0.008495255373418331,0.1274198591709137,-0.022634930908679962,-0.0036624199710786343,-0.08038655668497086,-0.11535756289958954,-0.05731166899204254,0.05722092464566231,0.03054460696876049,-0.027178455144166946,-0.11172731220722198,-0.09076221287250519,0.022294126451015472,0.07403824478387833,-0.020409157499670982,-0.04790733382105827,0.42020687460899353,0.43736833333969116,-0.21592995524406433,-0.21920454502105713,-0.025451408699154854,-0.03902662172913551
-0.004778861999511719,0.05637218803167343,0.7445053458213806,0.08977200835943222,0.06851144880056381,-0.004964861087501049,0.05574743077158928,-0.021366434171795845,0.018275393173098564,-0.10934411734342575,-0.18892259895801544,-0.036624833941459656,-0.01695859245955944,0.007452038582414389,-0.02853275090456009,-0.1118057370185852,-0.09388458728790283,0.027663609012961388,0.05950655788183212,-0.019593657925724983,-0.030337253585457802,0.3943638801574707,0.3638867735862732,-0.17688171565532684,-0.14881178736686707,-0.022394273430109024,-0.005486397072672844
0.02183007448911667,0.07178878784179688,0.7423906922340393,0.08856427669525146,0.033448271453380585,-0.00789497047662735,0.0054272739216685295,-0.017144931480288506,-0.006634834688156843,-0.14936943352222443,-0.2765412926673889,-0.01333186961710453,-0.10216087847948074,-0.016135187819600105,-0.021293431520462036,-0.0889316275715828,-0.063087597489357,0.02731500007212162,-0.01797213964164257,-0.010488464497029781,0.011860407888889313,0.2641943693161011,0.1197504773736,-0.08206169307231903,-0.028083132579922676,-0.02350720763206482,-0.0153950285166502
0.0505305677652359,0.10577568411827087,0.7456997036933899,0.019650880247354507,-0.006615255959331989,-0.020304076373577118,-0.08888629078865051,-0.009448130615055561,0.013021108694374561,-0.07135140895843506,0.12215238809585571,-0.1127648800611496,-0.18503566086292267,-0.014104103669524193,-0.0032108332961797714,-0.020097259432077408,0.017162319272756577,0.0173252671957016,-0.33866673707962036,-0.0028917312156409025,0.06199287250638008,0.07826382666826248,-0.19492904841899872,-0.12819616496562958,0.07021681219339371,-0.04566992074251175,0.032915737479925156
0.022108012810349464,0.05631421506404877,0.7688084244728088,-0.08696453273296356,-0.16334328055381775,-0.02075021341443062,-0.009814088232815266,-0.0014365941751748323,0.0018387478776276112,0.18765506148338318,0.49202269315719604,-0.18774186074733734,-0.22593320906162262,-0.008803269825875759,-0.0017333701252937317,0.07604764401912689,0.1970246434211731,0.0439118929207325,-0.3230701684951782,-0.029291482642292976,0.022243723273277283,-0.01247875764966011,-0.11058326065540314,-0.12163184583187103,0.04476501792669296,-0.06894435733556747,-0.10388776659965515
0.004100521560758352,0.02292497456073761,0.7566855549812317,-0.1517196148633957,-0.1793309897184372,-0.03620341420173645,0.056699253618717194,0.01964859664440155,-0.011497214436531067,0.3476272225379944,0.4526936411857605,-0.2314469814300537,-0.2661830186843872,-0.02466612122952938,-0.04862228408455849,0.12005652487277985,0.07917185127735138,0.06406319886445999,-0.4131876230239868,-0.01993669755756855,0.03456633910536766,-0.02549535222351551,-0.10937309265136719,-0.11861281841993332,-0.02008223719894886,-0.06981192529201508,-0.292361319065094
0.00279344548471272,0.008438228629529476,0.7312221527099609,-0.18836446106433868,-0.2045792192220688,-0.06845135241746902,0.04465879127383232,0.032238200306892395,-0.017584949731826782,0.41417908668518066,0.5146489143371582,-0.26915284991264343,-0.30711206793785095,-0.02087056264281273,0.029185153543949127,0.13303706049919128,0.12749728560447693,0.061029646545648575,-0.2904067635536194,0.005780876148492098,0.010303374379873276,-0.022234732285141945,-0.028411541134119034,-0.11865125596523285,-0.04738300293684006,-0.06275425106287003,-0.16289524734020233
0.00036424488644115627,0.005825077183544636,0.7055739760398865,-0.21600431203842163,-0.18579910695552826,-0.08353206515312195,0.08303859084844589,0.03817813843488693,-0.02481062337756157,0.44242870807647705,0.4823307394981384,-0.27667900919914246,-0.27597007155418396,-0.014570249244570732,0.01019543968141079,0.13350336253643036,0.06493069231510162,0.057634223252534866,-0.24411225318908691,0.031782712787389755,0.000818782951682806,-0.020603910088539124,-0.06371859461069107,-0.11678382754325867,-0.04000512510538101,-0.054050326347351074,-0.09751208871603012
-0.008741378784179688,0.00902717188000679,0.6847392320632935,-0.2300678789615631,-0.19776198267936707,-0.07273151725530624,0.06173679605126381,0.038009218871593475,0.010278250090777874,0.44899269938468933,0.5096364617347717,-0.2731154263019562,-0.26561760902404785,-0.019754162058234215,-0.06197662279009819,0.1329316794872284,0.07417917251586914,0.060144469141960144,-0.26508328318595886,0.05252287909388542,0.02113826759159565,-0.026778124272823334,-0.09201543778181076,-0.11252543330192566,-0.03775040805339813,-0.04526374116539955,-0.10968377441167831
-0.024181842803955078,0.011756115593016148,0.6741960644721985,-0.2379692643880844,-0.18072479963302612,-0.052642542868852615,-0.07142040878534317,0.031322088092565536,0.040887173265218735,0.4717560112476349,0.5394935011863708,-0.2649652063846588,-0.2479787915945053,-0.011736543849110603,0.004985447973012924,0.1441444456577301,0.09188368916511536,0.06452364474534988,-0.19073282182216644,0.06327511370182037,0.03566604107618332,-0.047493305057287216,-0.12582410871982574,-0.1060265302658081,-0.017250319942831993,-0.034040417522192,-0.02496635727584362
-0.033681392669677734,0.022321587428450584,0.6686739325523376,-0.23660115897655487,-0.20522889494895935,-0.04362625256180763,-0.05512065067887306,0.03648478537797928,0.05730702728033066,0.4734835922718048,0.520763635635376,-0.19074246287345886,-0.1605023294687271,-0.014721730723977089,-0.027000311762094498,0.15990889072418213,0.11960294842720032,0.05379880219697952,-0.27129632234573364,0.07066956162452698,0.035948291420936584,-0.09037067741155624,-0.17252254486083984,-0.09067325294017792,0.04758485406637192,-0.015184259042143822,-0.0654139518737793
-0.03695249557495117,0.0487598218023777,0.6630581617355347,-0.22164900600910187,-0.19194826483726501,-0.047211430966854095,-0.048276226967573166,0.050195954740047455,0.06309883296489716,0.41999250650405884,0.3794691562652588,-0.11139500886201859,-0.07997309416532516,-0.014260987751185894,-0.011199304834008217,0.16844646632671356,0.14569871127605438,0.028732335194945335,-0.20894856750965118,0.0778186246752739,0.042083632200956345,-0.15392877161502838,-0.22054342925548553,-0.06408964097499847,0.06315348297357559,0.010697249323129654,-0.03673070669174194
-0.03597259521484375,0.083053357899189,0.6589435935020447,-0.20088106393814087,-0.10949449241161346,-0.06665816158056259,0.1971309930086136,0.05771028995513916,0.0006200438365340233,0.3364434242248535,0.061275605112314224,-0.09137722104787827,0.14454254508018494,-0.016741374507546425,0.05959051102399826,0.14934387803077698,0.12177439033985138,-0.003088409546762705,-0.05220698565244675,0.0815424993634224,-0.03380128741264343,-0.18018364906311035,-0.11702977120876312,-0.05550573393702507,-0.029353296384215355,0.040254827588796616,0.05256080999970436
-0.04574298858642578,0.09697874635457993,0.6408765316009521,-0.0925227701663971,0.03281504288315773,-0.0844498947262764,0.6653788685798645,0.05953870341181755,-0.12568683922290802,0.1233232244849205,-0.1416686475276947,-0.0979161262512207,0.3233106732368469,0.048733171075582504,0.19872872531414032,0.03736824914813042,-0.02616265043616295,-0.008551080711185932,0.19649270176887512,0.022396143525838852,-0.0635480061173439,0.033840931951999664,0.31516289710998535,-0.12923955917358398,-0.23249882459640503,0.011222097091376781,-0.016844913363456726
-0.08191251754760742,0.08081129193305969,0.6343697905540466,-0.022787008434534073,0.11021483689546585,-0.06721271574497223,0.36439159512519836,0.05040811002254486,-0.0041968063451349735,0.019111910834908485,0.004190531559288502,-0.08389372378587723,0.09542868286371231,0.1493862122297287,0.19459907710552216,-0.06519626826047897,-0.15021617710590363,0.030852044001221657,-0.18162022531032562,-0.0055345227010548115,0.05962413549423218,0.31082504987716675,0.5188196897506714,-0.2338501363992691,-0.2877153158187866,-0.00876432191580534,-0.055405206978321075
-0.10347890853881836,0.042717523872852325,0.6309632658958435,0.03142431750893593,0.08618016541004181,-0.045175861567258835,0.2350243628025055,0.050811897963285446,-0.00739952502772212,-0.008160075172781944,-0.018158279359340668,-0.07324957847595215,0.0025772552471607924,0.15024791657924652,0.1333596408367157,-0.09359344840049744,-0.15457721054553986,0.04146313667297363,-0.1368357241153717,-0.013323312625288963,0.04732505977153778,0.4619021713733673,0.5114781856536865,-0.26494842767715454,-0.2732468843460083,-0.01293948758393526,-0.028345700353384018
-0.12730646133422852,0.02937735803425312,0.6391149163246155,0.04874870181083679,0.07678058743476868,-0.021341750398278236,0.05025129392743111,0.038956232368946075,-0.03232678771018982,-0.0226733461022377,-0.03882952407002449,-0.06154262647032738,0.029830636456608772,0.14579950273036957,-0.08187593519687653,-0.09716051071882248,-0.11619304120540619,0.03925406560301781,0.008002674207091331,-0.019347673282027245,0.003537273034453392,0.47432345151901245,0.36109787225723267,-0.2738920748233795,-0.2826467454433441,-0.016467809677124023,-0.027951151132583618
-0.13913536071777344,0.027026323601603508,0.6458882689476013,0.04927787184715271,0.09309083968400955,-0.01002618856728077,0.04344179853796959,0.030155479907989502,-0.03767593577504158,-0.031115692108869553,-0.025849048048257828,-0.05059516057372093,0.07617317140102386,0.13877646625041962,-0.12818282842636108,-0.10670768469572067,-0.1343509554862976,0.019537340849637985,0.07331272959709167,-0.009042301215231419,-0.020742105320096016,0.449055016040802,0.37009119987487793,-0.2782512307167053,-0.29961201548576355,-0.018535707145929337,0.0005917845410294831
-0.1398000717163086,0.014429530128836632,0.656391441822052,0.06339825689792633,0.10583708435297012,-0.007721914444118738,0.02307196334004402,0.02089185081422329,-0.02992544323205948,-0.04257572814822197,-0.07959076762199402,-0.03960133343935013,0.05648474767804146,0.12780514359474182,-0.1426462084054947,-0.10449545830488205,-0.11189883947372437,-0.0005557254771701992,0.16818982362747192,0.00784791074693203,-0.04493161663413048,0.42153117060661316,0.40877145528793335,-0.29590749740600586,-0.2969515025615692,-0.018693843856453896,-0.0035430591087788343
-0.13751506805419922,-0.0009698867797851562,0.6718194484710693,0.08007987588644028,0.0984582006931305,-0.0034621551167219877,0.033168621361255646,0.00681360112503171,-0.008105086162686348,-0.05462847277522087,-0.1403607428073883,-0.026885872706770897,0.04281158000230789,0.11469914764165878,-0.10656112432479858,-0.10553759336471558,-0.10608452558517456,-0.0008692266419529915,0.21051372587680817,0.015860451385378838,-0.06444361060857773,0.4072204530239105,0.4442702531814575,-0.28917935490608215,-0.2655808925628662,-0.01860509067773819,-0.001747709233313799
-0.1305394172668457,-0.01607513427734375,0.6867601871490479,0.10282360762357712,0.10966113209724426,0.0018254374153912067,0.05271536484360695,-0.00709791062399745,-0.01932547055184841,-0.07892698794603348,-0.2560739517211914,-0.008400064893066883,0.0008561795111745596,0.099364273250103,-0.17414461076259613,-0.1123194545507431,-0.10353857278823853,0.017336487770080566,0.21723797917366028,0.012938802130520344,-0.06246042251586914,0.40576693415641785,0.4048510789871216,-0.2621842920780182,-0.20845067501068115,-0.0177313182502985,-0.002462731208652258
-0.11785221099853516,-0.025116920471191406,0.7009520530700684,0.12117911130189896,0.0866033062338829,0.00761238532140851,0.06996673345565796,-0.021412741392850876,-0.03586747124791145,-0.10576419532299042,-0.37723803520202637,0.010064763948321342,-0.07471655309200287,0.07238934934139252,-0.1571987271308899,-0.1185135468840599,-0.08105818927288055,0.050680581480264664,0.17736664414405823,0.004087924957275391,-0.03615975007414818,0.3969942331314087,0.2859898805618286,-0.24091823399066925,-0.12288516014814377,-0.014614959247410297,0.01437715906649828
-0.09552812576293945,-0.012149810791015625,0.7113306522369385,0.12845562398433685,0.04102998971939087,0.00521654961630702,-0.035689372569322586,-0.03413890302181244,-0.03806113824248314,-0.1510091871023178,-0.3794889450073242,0.02375311776995659,-0.16113562881946564,0.04042812064290047,-0.13554003834724426,-0.10516529530286789,-0.057682204991579056,0.07709211111068726,-0.043303705751895905,-0.00453520379960537,0.035980772227048874,0.28796765208244324,-0.006526540964841843,-0.1333320140838623,0.04106467217206955,-0.01875586248934269,-0.055379096418619156
-0.04308176040649414,0.017836658284068108,0.7536613345146179,0.016596250236034393,-0.03976086527109146,-0.045844949781894684,-0.1288781762123108,-0.022861920297145844,0.005279601085931063,0.028807787224650383,0.19347305595874786,-0.17108894884586334,-0.2531559467315674,0.013025467284023762,-0.028098266571760178,-0.01184755191206932,0.037297237664461136,0.02610008977353573,-0.4242216646671295,-0.018506305292248726,0.10082758963108063,-0.02316278964281082,-0.26538902521133423,0.10098566859960556,0.17928922176361084,-0.04094765707850456,-0.11006228625774384
0.019334612414240837,0.006103523075580597,0.783100962638855,-0.07630597054958344,-0.12394867092370987,-0.08528616279363632,0.19265219569206238,0.028369611129164696,-0.020484795793890953,0.289375364780426,0.5627909898757935,-0.2714172303676605,-0.281527578830719,0.008981673046946526,0.04052380472421646,0.04254331812262535,0.13706468045711517,-0.05072833225131035,-0.1058599129319191,-0.014258505776524544,0.032971885055303574,-0.09538315236568451,-0.16194835305213928,0.04766611009836197,-0.004852216690778732,0.027148500084877014,-0.10809838771820068
0.014299632050096989,-0.024421215057373047,0.7984533905982971,-0.09654327481985092,-0.15258730947971344,-0.03246231749653816,-0.010024967603385448,0.02564155124127865,0.019287308678030968,0.45397987961769104,0.5664112567901611,-0.2654595375061035,-0.28800317645072937,0.009753620252013206,0.007383367046713829,0.06605716794729233,0.03987790644168854,-0.03320944681763649,-0.4099601209163666,-0.03342655673623085,0.07573036849498749,-0.05301807448267937,-0.10977533459663391,0.011863884516060352,-0.07452084124088287,0.011403149925172329,-0.1946132630109787
0.02193615399301052,-0.026297569274902344,0.8026754260063171,-0.09337770193815231,-0.12892168760299683,-0.0066508520394563675,-0.1021798774600029,0.010296741500496864,0.014071021229028702,0.4922260344028473,0.41936200857162476,-0.27672702074050903,-0.2974303662776947,0.00639398954808712,-0.02774796262383461,0.06568910926580429,0.05469965189695358,-0.034129079431295395,-0.09996004402637482,-0.037723608314991,0.044455673545598984,-0.028668414801359177,-0.07373075932264328,-0.010494540445506573,-0.02997559867799282,0.00369763164781034,-0.009467666037380695
0.030397554859519005,-0.008195877075195312,0.805933952331543,-0.10228808969259262,-0.12448976933956146,0.0066967010498046875,-0.09034203737974167,-0.0015659276396036148,0.009020700119435787,0.4942389726638794,0.4339042901992798,-0.27488774061203003,-0.270975798368454,0.004167357459664345,-0.022305209189653397,0.05533204600214958,0.03851155936717987,-0.041308220475912094,-0.02661232464015484,-0.03943992406129837,0.07150035351514816,-0.02743295393884182,-0.039236314594745636,-0.019571101292967796,0.06324125826358795,0.00222626980394125,-0.053706564009189606
0.03663485869765282,0.011389805935323238,0.8011505603790283,-0.11189950257539749,-0.16910667717456818,0.014347636140882969,-0.03224494308233261,-0.00017073929484467953,0.04559984430670738,0.4945510923862457,0.4788527488708496,-0.2652221620082855,-0.2706371545791626,-0.0016690624179318547,-0.04947201535105705,0.04588296264410019,0.08782956004142761,-0.04968729242682457,-0.12408539652824402,-0.032595906406641006,0.08585373312234879,-0.03362848609685898,-0.0013738591223955154,-0.023496685549616814,0.1301654428243637,0.00600049551576376,-0.07607097923755646
0.03587436303496361,0.017734725028276443,0.7908992767333984,-0.11252303421497345,-0.1806267648935318,0.00908452458679676,-0.1230570450425148,0.0024222584906965494,0.0563223659992218,0.4963156580924988,0.48644542694091797,-0.27870553731918335,-0.2929201126098633,0.011472300626337528,0.023760568350553513,0.05834619700908661,0.15666469931602478,-0.05536887049674988,-0.1167193278670311,-0.021781327202916145,0.07941506803035736,-0.05680213123559952,-0.025694258511066437,-0.01901576854288578,0.14614909887313843,0.014975330792367458,-0.008176561444997787
0.027914395555853844,0.02975649945437908,0.7734705805778503,-0.1211848333477974,-0.16767814755439758,-0.0034324517473578453,-0.12722304463386536,0.026062270626425743,0.09366767108440399,0.46397095918655396,0.44108980894088745,-0.21984049677848816,-0.2180355191230774,0.015578116290271282,0.012289037927985191,0.08016491681337357,0.12857499718666077,-0.05765382573008537,-0.08927616477012634,-0.005412982311099768,0.04711178317666054,-0.12180894613265991,-0.15828096866607666,0.012027720920741558,0.1260782778263092,0.028465960174798965,0.022647550329566002
0.0162559375166893,0.045066431164741516,0.751290500164032,-0.13656114041805267,-0.16729417443275452,-0.029228707775473595,-0.10394319146871567,0.05119866132736206,0.08733469992876053,0.4208242893218994,0.3334082365036011,-0.17273350059986115,-0.11155175417661667,0.012275109067559242,-0.020712118595838547,0.08882737159729004,0.13646100461483002,-0.061351072043180466,-0.23239083588123322,0.015872986987233162,0.06750690191984177,-0.17483122646808624,-0.2560385465621948,0.04031085968017578,0.10824215412139893,0.04657142236828804,0.002623118693009019
0.00545538030564785,0.05800075829029083,0.7328475713729858,-0.12265827506780624,-0.10204008966684341,-0.05563819035887718,0.18054164946079254,0.06974679976701736,0.003466897178441286,0.2957242727279663,0.01945449598133564,-0.05080834776163101,0.1123400628566742,0.01159406267106533,0.030916066840291023,0.08322173357009888,0.05117625743150711,-0.0678403377532959,-0.1603398472070694,0.034180983901023865,-0.007736498024314642,-0.19025370478630066,-0.19759877026081085,0.047064147889614105,-0.026594726368784904,0.06568802893161774,0.03959116339683533
-0.02239227294921875,0.06824043393135071,0.7054414749145508,-0.01967957802116871,0.007921175099909306,-0.047395817935466766,0.5588181018829346,0.07920238375663757,-0.07658366113901138,0.09616421163082123,-0.17011414468288422,-0.0509280227124691,0.21817858517169952,0.08710720390081406,0.1464538425207138,-0.022869285196065903,-0.06266263127326965,-0.04378432407975197,0.034124135971069336,0.004296210594475269,-0.032504335045814514,0.034957267343997955,0.28638511896133423,-0.11610163003206253,-0.21385882794857025,0.01569671556353569,-0.06647249311208725
-0.08179569244384766,0.09736072272062302,0.7387996912002563,0.006881299428641796,0.14669501781463623,0.014848293736577034,0.3909716308116913,0.01855550892651081,0.003073683474212885,-0.007621941156685352,0.008049482479691505,-0.09724721312522888,0.0964381992816925,0.0695684552192688,0.23113594949245453,-0.08524121344089508,-0.19018757343292236,0.026946987956762314,-0.18084320425987244,-0.03765316680073738,0.04919271543622017,0.17449851334095,0.5287315249443054,-0.17755116522312164,-0.26640698313713074,-0.0039026252925395966,-0.007052863948047161
-0.07598590850830078,0.07106298953294754,0.7393087148666382,0.047249067574739456,0.20252256095409393,0.01030187401920557,0.21370075643062592,0.021649835631251335,0.029101457446813583,-0.02637956291437149,0.06499283760786057,-0.08986121416091919,0.028066139668226242,0.06742500513792038,0.18788404762744904,-0.1384568214416504,-0.2324049323797226,0.022437982261180878,-0.1473173052072525,-0.005262038670480251,0.056741077452898026,0.4058380424976349,0.5073392391204834,-0.24547307193279266,-0.26820623874664307,0.006319557782262564,0.016336526721715927
-0.07439804077148438,0.028805337846279144,0.7260556817054749,0.09009120613336563,0.07106710970401764,0.011091334745287895,0.14085496962070465,0.038694411516189575,-0.04682806879281998,-0.007486759684979916,-0.00931674987077713,-0.10276053845882416,0.05188829451799393,0.0655745267868042,0.009729219600558281,-0.14250142872333527,-0.12331494688987732,-0.0003725470742210746,0.006082221865653992,0.008173570968210697,0.0005511459894478321,0.5175145864486694,0.43232399225234985,-0.2561177909374237,-0.2814466655254364,0.010463008657097816,-0.023635534569621086
-0.08710145950317383,0.030367575585842133,0.755862832069397,0.07131082564592361,0.000822942703962326,0.025712229311466217,0.08343619853258133,0.005706305615603924,-0.056724488735198975,0.010431804694235325,-0.02056466042995453,-0.10218894481658936,0.07168357819318771,0.05980248376727104,-0.05965111777186394,-0.10939893126487732,-0.07739929854869843,-0.005309388041496277,0.11262741684913635,-0.004068643320351839,-0.03387220576405525,0.4482802152633667,0.392553448677063,-0.26386672258377075,-0.264462411403656,-0.015531528741121292,-0.05631127208471298
-0.08335638046264648,0.051353998482227325,0.7886350750923157,0.0436919741332531,0.1311088651418686,0.025334177538752556,0.082931749522686,-0.029822466894984245,-0.0004816497676074505,-0.007438635919243097,0.028461292386054993,-0.08641142398118973,0.07523438334465027,0.05352754518389702,-0.004569565877318382,-0.1156541183590889,-0.17243130505084991,-0.00017396458133589476,0.09662669152021408,0.009696976281702518,-0.023254159837961197,0.4097273647785187,0.4107937216758728,-0.26735392212867737,-0.27820396423339844,-0.020396877080202103,0.01929858885705471
-0.06296300888061523,0.04251832142472267,0.802911102771759,0.05735049769282341,0.130473330616951,0.014864915050566196,0.15064740180969238,-0.04091982543468475,-0.00030198367312550545,-0.03364383801817894,-0.09686879813671112,-0.06460647284984589,0.04757487401366234,0.04202268645167351,0.02138582617044449,-0.12015826255083084,-0.13203974068164825,-0.00036050021299161017,0.10530764609575272,0.013732191175222397,-0.06633979827165604,0.4217835068702698,0.502049446105957,-0.25758057832717896,-0.25653424859046936,-0.01983373984694481,0.004532921127974987
-0.041529178619384766,0.024809904396533966,0.8048397302627563,0.09194307774305344,0.07780185341835022,0.01193620078265667,0.17510370910167694,-0.040481530129909515,-0.018759187310934067,-0.07471514493227005,-0.19298167526721954,-0.04103683680295944,0.02615211345255375,0.02419896610081196,-0.030736014246940613,-0.12147115170955658,-0.09151759743690491,0.013779603876173496,0.11166828870773315,0.0006590150878764689,-0.05311330780386925,0.43832334876060486,0.4818494915962219,-0.21031147241592407,-0.191212996840477,-0.024533627554774284,-0.029456570744514465
-0.01955890655517578,0.029507344588637352,0.8051595687866211,0.1105727031826973,0.043057508766651154,0.014037122018635273,0.08009804040193558,-0.04020120948553085,-0.016573872417211533,-0.13160008192062378,-0.30787670612335205,-0.008377071470022202,-0.06694298982620239,0.0011466911528259516,-0.05156715586781502,-0.11777830868959427,-0.0854279100894928,0.04359631612896919,0.09408820420503616,-0.008888100273907185,-0.016478396952152252,0.39484819769859314,0.3027980327606201,-0.15621788799762726,-0.10779575258493423,-0.027857700362801552,-0.035285476595163345
0.015252534300088882,0.06574764847755432,0.8135876655578613,0.07958219200372696,0.033965472131967545,-0.0024194722063839436,-0.05715612694621086,-0.04437428340315819,-0.04194003716111183,-0.14172950387001038,-0.16767415404319763,-0.047809913754463196,-0.1876159906387329,-0.01650291495025158,-0.027765117585659027,-0.07123637944459915,-0.055123236030340195,0.042469367384910583,-0.22758054733276367,-0.015354759991168976,0.06589751690626144,0.17921677231788635,-0.13808730244636536,-0.04028045013546944,0.04123795032501221,-0.027400769293308258,-0.043031416833400726
0.054266609251499176,0.07552296668291092,0.8354945182800293,-0.05663583427667618,-0.0714559555053711,-0.026022151112556458,-0.050282593816518784,-0.007874518632888794,0.013725707307457924,0.1750466674566269,0.4823465347290039,-0.2134731262922287,-0.24767941236495972,0.005967604927718639,0.04458712786436081,0.04164043441414833,0.14023664593696594,0.017656203359365463,-0.3129216730594635,-0.019549688324332237,0.052559830248355865,-0.03031546249985695,-0.21807144582271576,-0.08760964125394821,0.06431461870670319,-0.0740223228931427,-0.05120861902832985
0.06227263808250427,0.05270352587103844,0.8398257493972778,-0.09633877873420715,-0.23718224465847015,-0.022045934572815895,0.03165673464536667,-0.008209004998207092,-0.026042398065328598,0.37493452429771423,0.46152037382125854,-0.21910184621810913,-0.2217980921268463,-0.012305844575166702,-0.07159438729286194,0.08718874305486679,0.17478886246681213,0.018557725474238396,-0.32858145236968994,-0.024468712508678436,0.012269285507500172,-0.06406280398368835,-0.04478438198566437,-0.07779521495103836,0.006645415909588337,-0.08324237912893295,-0.2903503477573395
0.08918777108192444,0.04642978683114052,0.8482778668403625,-0.11460098624229431,-0.16707389056682587,-0.039760004729032516,0.06004190072417259,-0.0020568184554576874,-0.014648277312517166,0.45368754863739014,0.46369218826293945,-0.2199847251176834,-0.2912985682487488,-0.022851994261145592,0.02900698035955429,0.10509346425533295,0.08597615361213684,-0.0070308842696249485,-0.17548692226409912,-0.02928808145225048,0.047850754112005234,-0.07747221738100052,-0.0030057262629270554,-0.07675440609455109,-0.013690022751688957,-0.08493193984031677,-0.09466850757598877
0.11866292357444763,0.05655853822827339,0.8461485505104065,-0.11788327246904373,-0.11045320332050323,-0.05313621833920479,-0.03796319290995598,0.014922997914254665,0.020316602662205696,0.446507066488266,0.3688744306564331,-0.24769873917102814,-0.28787121176719666,-0.011964566074311733,0.07997550070285797,0.09321360290050507,0.04468449205160141,-0.03652341663837433,-0.003879968076944351,-0.021605290472507477,0.0444587804377079,-0.07394224405288696,-0.03758438676595688,-0.07838394492864609,-0.026391489431262016,-0.08421850204467773,0.08580266684293747
0.12866361439228058,0.07445661723613739,0.8379169702529907,-0.12532801926136017,-0.11550667136907578,-0.04276923090219498,-0.04267185553908348,0.02219361625611782,0.03117697313427925,0.42372751235961914,0.4096676707267761,-0.26763811707496643,-0.2760881185531616,-0.00523361237719655,0.004998452961444855,0.07326702028512955,0.03953684866428375,-0.0427367128431797,0.0014537647366523743,-0.009772141464054585,0.03327058628201485,-0.07568411529064178,-0.09611062705516815,-0.0739668756723404,-0.038006097078323364,-0.08674801141023636,0.08061128854751587
0.12242023646831512,0.08374133706092834,0.8272430896759033,-0.12800997495651245,-0.16333743929862976,-0.02812228910624981,-0.14273935556411743,0.013122191652655602,0.05025042966008186,0.4075702428817749,0.4145814776420593,-0.28163591027259827,-0.2902223765850067,-0.004324042238295078,-0.019914917647838593,0.06633279472589493,0.1277599185705185,-0.033956047147512436,-0.10205145180225372,0.0006117391749285161,0.05664633959531784,-0.08228779584169388,-0.07108837366104126,-0.06876710057258606,0.06967805325984955,-0.08431033790111542,0.12924455106258392
0.11064622551202774,0.08165586739778519,0.816078782081604,-0.13095827400684357,-0.17503486573696136,-0.0248872060328722,-0.15370479226112366,0.008391950279474258,0.08274175971746445,0.4089658260345459,0.5159294605255127,-0.2864341139793396,-0.2697012424468994,-0.001781728584319353,0.00961596705019474,0.07263358682394028,0.13818231225013733,-0.025051428005099297,-0.2555791735649109,0.009566765278577805,0.05119772255420685,-0.08839508891105652,-0.130751833319664,-0.06588750332593918,0.0735088512301445,-0.07858552038669586,0.08067851513624191
0.09880038350820541,0.07577096670866013,0.8052175045013428,-0.14043639600276947,-0.17223913967609406,-0.038931407034397125,-0.21419411897659302,0.018121842294931412,0.11331232637166977,0.41999995708465576,0.5041165351867676,-0.2635270655155182,-0.22065743803977966,0.003333120374009013,0.02361755445599556,0.08704816550016403,0.1503545194864273,-0.022579504176974297,-0.2664063572883606,0.01845291256904602,0.07111603021621704,-0.10252077132463455,-0.20850513875484467,-0.05945967137813568,0.07074767351150513,-0.07443035393953323,0.05909474939107895
0.08463466912508011,0.08852151781320572,0.799810528755188,-0.13859061896800995,-0.14423474669456482,-0.061009690165519714,-0.12379349023103714,0.04595351219177246,0.0923692137002945,0.33295464515686035,0.26513564586639404,-0.1004776731133461,-0.05567890405654907,0.0024098597932606936,-0.004988117143511772,0.1239849254488945,0.10724395513534546,-0.028569048270583153,-0.1786004602909088,0.022911524400115013,0.03294042870402336,-0.19952774047851562,-0.33505117893218994,-0.01220358069986105,0.015022749081254005,-0.045536622405052185,0.16800953447818756
0.06139851361513138,0.11990538984537125,0.780426561832428,-0.12708742916584015,-0.08399251103401184,-0.06593599915504456,0.23767128586769104,0.08015120029449463,0.005930150859057903,0.1912204623222351,-0.04389207065105438,0.03665721416473389,0.1893846094608307,0.010084353387355804,0.06500251591205597,0.10044153779745102,0.07174333930015564,-0.030898291617631912,0.04352057725191116,0.010406985878944397,-0.03153408318758011,-0.2169574499130249,-0.11428816616535187,-0.014071178622543812,-0.057981736958026886,0.012477964162826538,0.05277692526578903
0.015023787505924702,0.13317309319972992,0.7559500336647034,-0.0881781354546547,-0.0007267622277140617,-0.03477506712079048,0.6317748427391052,0.08152653276920319,-0.1000211089849472,0.11143209785223007,-0.19136942923069,0.001496973680332303,0.23703880608081818,0.036040689796209335,0.25438085198402405,0.053078971803188324,-0.04393488168716431,-0.004839399829506874,0.03608003258705139,-0.01216342393308878,-0.05949753522872925,-0.12766242027282715,0.4101582169532776,-0.0704522430896759,-0.2718851566314697,0.03201218321919441,-0.05333667993545532
-0.0211029052734375,0.11947838217020035,0.7413023710250854,0.015194772742688656,0.09670275449752808,-0.006003829184919596,0.6147763729095459,0.07759296149015427,-0.10025282949209213,-0.0131172901019454,-0.09277588129043579,-0.09321951121091843,0.1658991575241089,0.040236566215753555,0.2688487768173218,-0.07824809849262238,-0.10653191804885864,0.016437899321317673,-0.007075721397995949,-0.01975957863032818,0.004251417238265276,0.2475457340478897,0.6214542388916016,-0.2657167613506317,-0.3429376184940338,-0.004709716886281967,-0.06522883474826813
-0.03549671173095703,0.08711199462413788,0.7726804614067078,0.04975640028715134,0.17963038384914398,0.005031655542552471,0.11704915016889572,0.04362237825989723,0.0412679985165596,-0.013457263819873333,0.06407229602336884,-0.12477471679449081,0.04650038853287697,0.03517887368798256,0.07060827314853668,-0.09886704385280609,-0.2430095672607422,0.015666913241147995,-0.17816144227981567,-0.005127608776092529,0.08708861470222473,0.4402674436569214,0.4593833088874817,-0.2649364173412323,-0.24444124102592468,-0.015034346841275692,-0.03661666065454483
-0.032262325286865234,0.07149788737297058,0.7901628017425537,0.06806802749633789,0.12633967399597168,-0.0017995605012401938,0.2107774168252945,0.02759258635342121,-0.05148199200630188,-0.025899652391672134,-0.014050770550966263,-0.11466242372989655,0.07601216435432434,0.03692208603024483,0.031163079664111137,-0.1010860726237297,-0.15148717164993286,-0.014264157973229885,0.04715543985366821,0.01852155663073063,-0.021171411499381065,0.48983263969421387,0.4281463027000427,-0.2637889087200165,-0.3026333153247833,-0.015058229677379131,0.03608613461256027
-0.03607940673828125,0.06845393776893616,0.8063573241233826,0.06576181203126907,0.07537665218114853,0.004950914531946182,0.07011567801237106,0.010377535596489906,-0.04553399235010147,-0.0313551165163517,-0.006510870531201363,-0.10325069725513458,0.09477514773607254,0.03223710507154465,-0.006285872310400009,-0.10601414740085602,-0.11460345983505249,-0.03345658630132675,0.10935772955417633,0.02548900432884693,-0.03448311984539032,0.4705616235733032,0.40243929624557495,-0.26638802886009216,-0.28365814685821533,-0.013469948433339596,0.007308940403163433
-0.038213253021240234,0.061937108635902405,0.8235602378845215,0.06426551192998886,0.06392768025398254,0.015560725703835487,0.05596062168478966,-0.008201307617127895,-0.026570308953523636,-0.03604402393102646,-0.05414470285177231,-0.09007642418146133,0.06375864893198013,0.02165825664997101,0.00427461601793766,-0.11197284609079361,-0.10072660446166992,-0.039227597415447235,0.14077021181583405,0.02590874210000038,-0.050589632242918015,0.44350185990333557,0.4673525094985962,-0.2741865813732147,-0.28987687826156616,-0.015343029983341694,-0.021485937759280205
-0.03705739974975586,0.04752945527434349,0.8404470682144165,0.06918257474899292,0.0713353380560875,0.027721794322133064,0.05591222643852234,-0.026414580643177032,0.004751511383801699,-0.03925202041864395,-0.1025199219584465,-0.07737259566783905,0.023666156455874443,0.006026506889611483,0.030404899269342422,-0.11535569280385971,-0.10209225118160248,-0.03148016333580017,0.1258472353219986,0.023178700357675552,-0.04791637137532234,0.4198807179927826,0.4981018900871277,-0.2724464535713196,-0.2710939645767212,-0.016708923503756523,-0.02590017020702362
-0.026737689971923828,0.02985464408993721,0.8523766994476318,0.08133948594331741,0.04426347091794014,0.034405067563056946,0.05444719269871712,-0.03859236091375351,0.007753990590572357,-0.05027768760919571,-0.221365287899971,-0.061355993151664734,-0.02701638825237751,-0.012723191641271114,-0.03528144583106041,-0.12489309906959534,-0.08300578594207764,-0.018900420516729355,0.17077279090881348,0.019218366593122482,-0.05584195628762245,0.4092826545238495,0.4700284004211426,-0.26204922795295715,-0.2104705572128296,-0.01953260786831379,-0.035674262791872025
-0.0071353912353515625,0.01785711571574211,0.8626360297203064,0.10068484395742416,0.025833867490291595,0.035638079047203064,0.0680299699306488,-0.04811692610383034,-0.031174786388874054,-0.08736565709114075,-0.3224194049835205,-0.032633792608976364,-0.07887136191129684,-0.034531369805336,-0.11476734280586243,-0.1281328797340393,-0.06837770342826843,0.0001293913519475609,0.1452716886997223,0.017884396016597748,-0.01564307138323784,0.37662214040756226,0.32212334871292114,-0.219001904129982,-0.1311119943857193,-0.021206025034189224,-0.01673700474202633
0.028004206717014313,0.040983375161886215,0.8660693168640137,0.10835150629281998,0.02671002596616745,0.022739727050065994,-0.027112949639558792,-0.04580860584974289,-0.01784372143447399,-0.15522019565105438,-0.3397170901298523,-0.030577324330806732,-0.1933603435754776,-0.05865228548645973,-0.05179441347718239,-0.1022237092256546,-0.07639935612678528,0.0054883756674826145,-0.005534777417778969,0.03343938663601875,0.04388778656721115,0.19040769338607788,0.046937283128499985,-0.06434308737516403,-0.023986218497157097,-0.027133461087942123,-0.040025658905506134
0.08485574275255203,0.07851262390613556,0.8761065602302551,0.0613948293030262,-0.03549874946475029,-0.016624651849269867,-0.05963899567723274,-0.0315091647207737,0.0078069595620036125,-0.12501846253871918,0.3813037872314453,-0.14241448044776917,-0.24994830787181854,-0.05708920955657959,0.019346656277775764,-0.10045953840017319,0.059459295123815536,-0.030839240178465843,-0.3309786319732666,0.04207026585936546,0.09219355881214142,0.07710107415914536,-0.25985080003738403,-0.054065998643636703,0.037963565438985825,-0.044002965092659,-0.037115953862667084
0.07702965289354324,0.052081044763326645,0.9205605983734131,-0.03823252022266388,-0.130702942609787,0.009078395552933216,-0.09424876421689987,-0.014692427590489388,0.052729032933712006,0.16415081918239594,0.7190473675727844,-0.22446516156196594,-0.280516654253006,-0.012878522276878357,0.09311026334762573,-0.02303936891257763,0.10584861040115356,-0.016342654824256897,-0.5105041265487671,-0.011515277437865734,0.12550899386405945,0.004825309384614229,-0.14658324420452118,-0.03496978059411049,0.04733770340681076,-0.06352876871824265,-0.11303002387285233
0.09054257720708847,0.008480902761220932,0.942730188369751,-0.10010059922933578,-0.17534852027893066,-0.0023145219311118126,0.02334124594926834,0.0009780392283573747,-0.007276670541614294,0.4393925368785858,0.5910174250602722,-0.2631775736808777,-0.29168611764907837,-0.00882701575756073,-0.004029681906104088,0.039034388959407806,0.1039542704820633,-0.02854258380830288,-0.2930580973625183,-0.03513859584927559,0.0657300129532814,-0.004286821465939283,-0.0350920706987381,-0.04598360136151314,-0.029620951041579247,-0.06952016800642014,-0.14792795479297638
0.11424297094345093,-0.00819253921508789,0.9396101236343384,-0.09908182173967361,-0.15008196234703064,-0.025159694254398346,0.025682106614112854,0.015406593680381775,-0.01925491914153099,0.5121726989746094,0.4385491609573364,-0.288411021232605,-0.2843621075153351,-0.003151438431814313,0.020069994032382965,0.06467730551958084,0.07054221630096436,-0.0490947850048542,-0.06544451415538788,-0.02985106036067009,0.028501352295279503,-0.009433895349502563,-0.049912989139556885,-0.049880269914865494,-0.025205621495842934,-0.07178375869989395,-0.028972618281841278
0.12666863203048706,0.012935733422636986,0.9302520155906677,-0.09812098741531372,-0.11938554793596268,-0.03611823916435242,-0.07586830109357834,0.014322188682854176,0.017840275540947914,0.46427249908447266,0.34092116355895996,-0.287833034992218,-0.25802546739578247,0.00028119064518250525,0.0036594802513718605,0.05372314527630806,0.04858756065368652,-0.05446675047278404,-0.008445107378065586,-0.017181700095534325,0.04447881877422333,-0.03309810161590576,-0.09109967947006226,-0.03593422845005989,-0.016702523455023766,-0.07563865929841995,0.10800890624523163
0.11846856027841568,0.035577431321144104,0.9247660636901855,-0.11094807833433151,-0.1299697458744049,-0.025904618203639984,-0.07927612215280533,0.003323871176689863,0.02943681739270687,0.42760759592056274,0.42837244272232056,-0.28326261043548584,-0.24357196688652039,0.0032404502853751183,0.004424634389579296,0.03899570554494858,0.07441447675228119,-0.038450755178928375,-0.1399696171283722,-0.012245480902493,0.06685473024845123,-0.04927022010087967,-0.06139238178730011,-0.027274170890450478,0.029045846313238144,-0.07633994519710541,0.051576439291238785
0.10857684910297394,0.03553200513124466,0.9147809743881226,-0.11305119842290878,-0.1513785868883133,-0.02763122320175171,-0.2012718915939331,0.012134046293795109,0.09852723032236099,0.41926369071006775,0.43739110231399536,-0.25641632080078125,-0.25119897723197937,0.009834453463554382,0.007824985310435295,0.050146184861660004,0.12370657920837402,-0.025892935693264008,-0.20210982859134674,-0.005000212229788303,0.08528570830821991,-0.06308932602405548,-0.07073815166950226,-0.023664139211177826,0.12036372721195221,-0.08024131506681442,0.09126194566488266
0.10055983811616898,0.028207961469888687,0.9022648334503174,-0.12024810165166855,-0.17406058311462402,-0.05564691498875618,-0.1370769590139389,0.0335211381316185,0.09007960557937622,0.4263620376586914,0.48049867153167725,-0.23938310146331787,-0.22127310931682587,0.007189427502453327,-0.0248565636575222,0.0727413073182106,0.1306455284357071,-0.02509031444787979,-0.18551841378211975,0.006076949182897806,0.05384339392185211,-0.08493006229400635,-0.1817101389169693,-0.016043400391936302,0.06873011589050293,-0.0747857466340065,0.0726364329457283
0.08766769617795944,0.030134351924061775,0.8898620009422302,-0.13308148086071014,-0.15583345293998718,-0.09124144911766052,-0.06472121179103851,0.05847659334540367,0.0780162587761879,0.402658611536026,0.3066592812538147,-0.19318640232086182,-0.0875653475522995,0.002431343775242567,-0.011099319905042648,0.09563802927732468,0.09581439197063446,-0.026251593604683876,-0.13707441091537476,0.017860788851976395,0.03527124226093292,-0.12979312241077423,-0.32242119312286377,0.0047118887305259705,0.007313738577067852,-0.058161742985248566,0.09150651097297668
0.06579232960939407,0.038584038615226746,0.8755584359169006,-0.14841704070568085,-0.1157349944114685,-0.12000008672475815,0.09583843499422073,0.0773175060749054,0.02184043638408184,0.36431944370269775,0.03890432417392731,-0.16145284473896027,0.08829177170991898,-0.0019248051103204489,0.00301910936832428,0.10255654901266098,0.06394951790571213,-0.021418975666165352,-0.036547739058732986,0.031189657747745514,0.008366189897060394,-0.15824498236179352,-0.2935236096382141,0.018175538629293442,-0.05307813733816147,-0.03294429928064346,0.13573387265205383
0.025486066937446594,0.04229377582669258,0.8497328162193298,-0.11814403533935547,-0.053823940455913544,-0.09657558053731918,0.6275115013122559,0.09562507271766663,-0.12490104138851166,0.23295362293720245,-0.22629934549331665,-0.028302907943725586,0.2748253345489502,0.017931541427969933,0.18611937761306763,0.06839560717344284,-0.008917106315493584,0.0035950401797890663,0.12455224990844727,0.012135760858654976,-0.07366088032722473,-0.0833977609872818,0.23932074010372162,-0.04575043544173241,-0.25369128584861755,-0.0016044687945395708,-0.013115941546857357
-0.04551982879638672,0.04392833262681961,0.8354506492614746,-0.08869093656539917,0.010882717557251453,-0.02914927713572979,0.5931980609893799,0.07385102659463882,-0.10274483263492584,0.17152255773544312,-0.17547725141048431,-0.06847241520881653,0.14768745005130768,0.05080116167664528,0.23135915398597717,0.04178999364376068,-0.08613446354866028,0.0592515766620636,-0.04544445127248764,-0.015021882951259613,-0.011768773198127747,-0.008392754942178726,0.5764777064323425,-0.08946497738361359,-0.3308447301387787,0.013701669871807098,-0.0976710394024849
-0.04238557815551758,0.02778957597911358,0.8247957825660706,-0.016447026282548904,0.12141841650009155,-0.051522236317396164,0.4723164439201355,0.08475217968225479,-0.10008390992879868,0.09323970228433609,-0.1040642261505127,-0.11224465817213058,0.11055967211723328,0.11199776828289032,0.15032149851322174,-0.04123189300298691,-0.11992119252681732,0.021476490423083305,-0.06723786145448685,-0.011199235916137695,0.02260742150247097,0.2608252465724945,0.612793505191803,-0.25951671600341797,-0.373506098985672,-0.012360261753201485,-0.08806025981903076
-0.028725147247314453,0.0045239576138556,0.8485862016677856,0.03545867279171944,0.09839949011802673,-0.07359521836042404,0.4691154658794403,0.0643247663974762,-0.030250877141952515,0.040524933487176895,-0.04791250079870224,-0.0863160789012909,0.01469020452350378,0.11371329426765442,0.22404681146144867,-0.044997990131378174,-0.15506508946418762,-0.018412351608276367,0.028004996478557587,0.0016521149082109332,0.025841930881142616,0.39301931858062744,0.5812208652496338,-0.2878619432449341,-0.29691457748413086,-0.029894834384322166,0.025774849578738213
-0.04312753677368164,0.011715978384017944,0.875158429145813,0.03861129656434059,0.10984012484550476,-0.05382850393652916,0.12179120630025864,0.032149333506822586,0.018113458529114723,0.009314927272498608,0.03244560956954956,-0.06204602122306824,0.03125621750950813,0.10208436846733093,0.0512690506875515,-0.06177404522895813,-0.17963740229606628,-0.011482126079499722,0.017877571284770966,0.012005146592855453,0.013473749160766602,0.4478603005409241,0.4537365436553955,-0.2842668294906616,-0.2818250060081482,-0.02564387209713459,0.03905617445707321
-0.06747245788574219,0.019619178026914597,0.8882735371589661,0.03714115172624588,0.09384789317846298,-0.014639069326221943,-0.06791505962610245,0.009974317625164986,0.005323965102434158,-0.01135843526571989,0.023451339453458786,-0.046053446829319,0.0763074979186058,0.08361691981554031,-0.04280448704957962,-0.07825455814599991,-0.15246447920799255,0.007423273753374815,0.028630170971155167,0.010195057839155197,-0.029639894142746925,0.46519193053245544,0.40998023748397827,-0.2826386094093323,-0.2697896957397461,-0.021980544552206993,-0.002256090985611081
-0.08464956283569336,0.024181870743632317,0.894546389579773,0.04062209650874138,0.0684410110116005,0.019587043672800064,-0.1711001843214035,-0.0036744100507348776,0.0014757956378161907,-0.03446871414780617,-0.0569906085729599,-0.0304570272564888,0.0825953483581543,0.06467512249946594,-0.11438217759132385,-0.09023065865039825,-0.12136423587799072,0.013750102370977402,0.08905497193336487,-0.0008614303660579026,-0.04734199494123459,0.4558526575565338,0.36751246452331543,-0.2740975618362427,-0.24484875798225403,-0.023053443059325218,-0.03555671498179436
-0.08831787109375,0.023417724296450615,0.8979322910308838,0.04282897338271141,0.08957303315401077,0.03974930942058563,-0.1802251935005188,-0.010851413011550903,-0.008591627702116966,-0.044001732021570206,-0.13648569583892822,-0.02232414484024048,0.07923229038715363,0.047222066670656204,-0.15148520469665527,-0.10053254663944244,-0.10558421909809113,0.008232722990214825,0.1410403698682785,-0.004184322897344828,-0.07052525877952576,0.44152969121932983,0.338615357875824,-0.27424710988998413,-0.23503589630126953,-0.023833874613046646,-0.030177246779203415
-0.07658195495605469,0.015726827085018158,0.9008920788764954,0.05521203577518463,0.08887841552495956,0.043900538235902786,-0.1287127584218979,-0.013532523065805435,-0.0345185212790966,-0.05839221924543381,-0.2366172820329666,-0.012596447952091694,0.0421413891017437,0.030919887125492096,-0.19602108001708984,-0.10191347450017929,-0.08782146871089935,-0.005581003148108721,0.20260298252105713,0.0006732491310685873,-0.07356903702020645,0.4163270592689514,0.2695719599723816,-0.2593387961387634,-0.17490242421627045,-0.026911888271570206,-0.03878568485379219
-0.0548253059387207,0.021784711629152298,0.9057188034057617,0.08610820770263672,0.08000299334526062,0.04153313860297203,-0.09119022637605667,-0.0163698960095644,-0.057809993624687195,-0.13845181465148926,-0.3287239670753479,0.030416343361139297,-0.014182423241436481,0.00942303892225027,-0.2546563446521759,-0.07896944135427475,-0.08036163449287415,-0.004395478405058384,0.23622962832450867,0.016392504796385765,-0.05650212615728378,0.29166513681411743,0.14503245055675507,-0.14041617512702942,-0.07781604677438736,-0.036371830850839615,-0.039830971509218216
-0.017512798309326172,0.05072963982820511,0.9157780408859253,0.06968361139297485,0.03494875133037567,0.021798213943839073,-0.06521061062812805,-0.023809529840946198,-0.00817948579788208,-0.16476881504058838,-0.22916364669799805,0.009907912462949753,-0.1043446958065033,-0.007964604534208775,-0.05556216463446617,-0.06131936237215996,-0.03351825848221779,-0.009522085078060627,0.010552795603871346,0.027521857991814613,0.025366339832544327,0.13067284226417542,-0.023018065840005875,-0.044419754296541214,0.003411334939301014,-0.042691703885793686,-0.05231775715947151
0.03243255615234375,0.055768609046936035,0.9454095363616943,-0.06545757502317429,-0.08855385333299637,-0.013249552808701992,-0.04615585878491402,0.0053648273460567,0.023891646414995193,0.14838139712810516,0.41690367460250854,-0.19300685822963715,-0.2568715512752533,0.0037075658328831196,0.02102212980389595,0.04732811078429222,0.08686961233615875,-0.06453122198581696,-0.48398271203041077,0.0140997264534235,0.1259661763906479,-0.088612399995327,-0.2728347182273865,-0.016368228942155838,0.15695762634277344,0.020096037536859512,-0.12132620066404343
0.04459914565086365,0.04266754537820816,0.9177981019020081,-0.08061055094003677,-0.249272882938385,-0.015242399647831917,0.1188281998038292,0.020014798268675804,-0.02953946590423584,0.30332204699516296,0.5575326681137085,-0.22713041305541992,-0.28418856859207153,0.009874679148197174,0.005578968673944473,0.08719922602176666,0.2502332329750061,-0.06684666126966476,-0.2015218883752823,0.04065453261137009,0.01100081391632557,-0.15017738938331604,-0.07760733366012573,0.01918361894786358,0.06279025226831436,0.02670993097126484,-0.3522072434425354
0.04781303182244301,0.028983596712350845,0.9213545918464661,-0.1315164715051651,-0.24797971546649933,-0.01927594467997551,0.033902719616889954,-0.0024386669974774122,-0.019961433485150337,0.49763190746307373,0.5542715191841125,-0.2746149003505707,-0.301082581281662,-0.0017951381159946322,-0.01680050417780876,0.1020473837852478,0.2134363204240799,-0.06054135411977768,-0.030652044340968132,0.017758086323738098,-0.008141869679093361,-0.1152920350432396,-0.0066749826073646545,-0.01199017371982336,0.01464869175106287,-0.041986871510744095,-0.17178168892860413
0.07391519099473953,0.026101714000105858,0.9021118879318237,-0.11382433772087097,-0.11733444780111313,-0.044436149299144745,-0.09729880094528198,0.006317534018307924,0.015001451596617699,0.5053936243057251,0.45428550243377686,-0.2926681935787201,-0.30548667907714844,-0.004057526588439941,-0.009150348603725433,0.08212988078594208,0.04180977866053581,-0.08526623994112015,-0.1578514277935028,0.052121102809906006,0.10733780264854431,-0.06720982491970062,-0.05672341585159302,-0.027393030002713203,0.039695050567388535,0.010300816036760807,0.04396361857652664
0.08031071722507477,0.04418144002556801,0.8862576484680176,-0.10598453134298325,-0.14739878475666046,-0.04820351302623749,-0.0662761777639389,0.009397296234965324,0.03288697078824043,0.45502325892448425,0.36905109882354736,-0.2983241677284241,-0.2935619354248047,0.005841159261763096,0.033002376556396484,0.06017276272177696,0.10670825839042664,-0.08456913381814957,-0.011767909862101078,0.06977488845586777,0.048420362174510956,-0.06557141989469528,-0.045999862253665924,-0.03998346999287605,0.05486093461513519,0.013614078983664513,0.06625223159790039
0.0549829937517643,0.05494946241378784,0.8877648711204529,-0.11225152015686035,-0.12825575470924377,-0.023016097024083138,-0.11893067508935928,0.004721392877399921,0.07436131685972214,0.4220013916492462,0.4686422348022461,-0.2877199947834015,-0.2573961019515991,0.013958124443888664,0.019827334210276604,0.053171224892139435,0.06936126947402954,-0.050213344395160675,-0.22065028548240662,0.06248292326927185,0.09321281313896179,-0.07141793519258499,-0.10851617157459259,-0.03696296364068985,0.07349095493555069,0.003698944114148617,-0.026967549696564674
0.02471827156841755,0.05239546671509743,0.895481526851654,-0.14124064147472382,-0.15454573929309845,-0.010771718807518482,-0.14198465645313263,0.014153416268527508,0.09614892303943634,0.4645657241344452,0.5901319980621338,-0.2619168758392334,-0.24965141713619232,0.006076737307012081,-0.03628181666135788,0.06465210765600204,0.08074654638767242,-0.02024746872484684,-0.34169113636016846,0.048440851271152496,0.09236427396535873,-0.08192096650600433,-0.12927117943763733,-0.035141970962285995,0.10496918112039566,0.0019705831073224545,-0.028099263086915016
0.008144143037497997,0.04951911419630051,0.8951427936553955,-0.14726969599723816,-0.1521230787038803,-0.03418893739581108,-0.05744960531592369,0.04568886384367943,0.09177549928426743,0.4634745121002197,0.4271467924118042,-0.20587798953056335,-0.12762971222400665,0.006899531930685043,0.02554476447403431,0.08609914034605026,0.0887550562620163,-0.016323070973157883,-0.32097744941711426,0.04693092778325081,0.04045221209526062,-0.11479457467794418,-0.24088896811008453,-0.02133364789187908,0.0779997706413269,0.013545784167945385,-0.03823991119861603
-0.0016055107116699219,0.07377632707357407,0.8957018852233887,-0.1283511370420456,-0.12889978289604187,-0.05948932468891144,0.15837791562080383,0.08018966019153595,0.022299254313111305,0.3156778812408447,0.10818707197904587,-0.037454038858413696,0.0636742115020752,0.002809559227898717,-0.01298828050494194,0.08384333550930023,0.0628562942147255,-0.022047236561775208,-0.13317228853702545,0.04588202014565468,-0.0043647452257573605,-0.16023559868335724,-0.21986761689186096,0.0015157568268477917,-0.007868161424994469,0.023762615397572517,-0.07188202440738678
-0.021898746490478516,0.10962331295013428,0.9063916206359863,-0.10318279266357422,0.018491990864276886,-0.060296621173620224,0.5884996056556702,0.068670354783535,-0.09702634066343307,0.21344615519046783,-0.11546570062637329,-0.07885632663965225,0.22770322859287262,0.041774798184633255,0.0772777795791626,0.03935188055038452,-0.059867676347494125,-0.014925619587302208,0.10021112114191055,0.011483673937618732,-0.029079193249344826,-0.1290428787469864,0.3086761236190796,-0.03196824714541435,-0.25886234641075134,-0.0018730323063209653,-0.030560065060853958
-0.04532432556152344,0.10483754426240921,0.9051438570022583,0.006969544570893049,0.14418800175189972,-0.046781498938798904,0.6753637194633484,0.047486428171396255,-0.10788153856992722,0.03551638871431351,-0.13477946817874908,-0.12907341122627258,0.15818654000759125,0.08084400743246078,0.25326013565063477,-0.07638319581747055,-0.133222296833992,0.00625208392739296,0.055159978568553925,-0.006707683205604553,-0.01298828050494194,0.18339696526527405,0.6092884540557861,-0.21769727766513824,-0.36057719588279724,-0.006924336776137352,0.005358011461794376
-0.07231569290161133,0.0763220563530922,0.9437811970710754,0.048246439546346664,0.17149733006954193,-0.01358379703015089,0.158778116106987,0.0008937133243307471,0.042800530791282654,0.005555854644626379,0.07490257173776627,-0.1302555948495865,0.053765442222356796,0.08560480177402496,0.12567643821239471,-0.08882448077201843,-0.22638684511184692,0.044682152569293976,-0.14572779834270477,-0.020867077633738518,0.06667636334896088,0.3649516999721527,0.5125900506973267,-0.26132622361183167,-0.2991045117378235,-0.009859482757747173,-0.06929478049278259
-0.09280633926391602,0.06945116072893143,0.9674180746078491,0.06718915700912476,0.16092614829540253,0.021731911227107048,-0.0499735064804554,-0.027850087732076645,0.04358977824449539,-0.035764601081609726,0.023131318390369415,-0.09774048626422882,0.0027777578216046095,0.06830234825611115,0.029392261058092117,-0.09299276769161224,-0.21739347279071808,0.07266830652952194,-0.08936741948127747,-0.02438868023455143,0.02344135195016861,0.43064674735069275,0.4020935297012329,-0.265903115272522,-0.2599695920944214,-0.011705637909471989,-0.025487219914793968
-0.09905385971069336,0.07476367056369781,0.9716983437538147,0.0638415738940239,0.12669454514980316,0.039075009524822235,-0.20238658785820007,-0.034281130880117416,0.005148605443537235,-0.0622824989259243,-0.018959756940603256,-0.05822817236185074,0.043180253356695175,0.061436399817466736,-0.05140188708901405,-0.1027490496635437,-0.1702970564365387,0.065280981361866,-0.02417728304862976,-0.025779688730835915,-0.011861341074109077,0.42573148012161255,0.30982714891433716,-0.25586843490600586,-0.24129700660705566,-0.015267428010702133,-0.03585242107510567
-0.08537960052490234,0.07129595428705215,0.9627135396003723,0.06576331704854965,0.09658698737621307,0.03475725278258324,-0.05065155401825905,-0.023084089159965515,-0.0367051362991333,-0.0700371116399765,-0.07015085220336914,-0.03295458108186722,0.07620491087436676,0.0430871807038784,-0.09034450352191925,-0.10712794959545135,-0.0994008481502533,0.02697465382516384,0.08919237554073334,-0.017953183501958847,-0.052687790244817734,0.3980237543582916,0.3547336459159851,-0.2529975175857544,-0.27653905749320984,-0.015727344900369644,0.009303133934736252
-0.06514644622802734,0.05767585709691048,0.9507721066474915,0.07354666292667389,0.07490882277488708,0.02096976526081562,-0.01820797100663185,-0.007248961366713047,-0.0433768667280674,-0.06665093451738358,-0.10134289413690567,-0.02557218447327614,0.09316308796405792,0.04985666647553444,-0.08908006548881531,-0.11519955843687057,-0.08227823674678802,-0.013124972581863403,0.22994181513786316,-0.00644786236807704,-0.06566213071346283,0.386787474155426,0.4167734384536743,-0.26044464111328125,-0.2797313630580902,-0.01738912984728813,-0.03608011081814766
-0.06296443939208984,0.04560945928096771,0.9521905779838562,0.09823474287986755,0.06023973971605301,0.0385492667555809,0.10723352432250977,-0.011076360940933228,-0.03470722585916519,-0.09427071362733841,-0.2043665498495102,-0.04983332380652428,0.009917103685438633,0.0237110685557127,-0.11176487803459167,-0.1259816288948059,-0.0769067108631134,0.0021179302129894495,0.2707511782646179,0.007510135881602764,-0.06346851587295532,0.39502182602882385,0.46072566509246826,-0.23753558099269867,-0.2244185507297516,-0.027753163129091263,-0.031831011176109314
-0.041243553161621094,0.03521716967225075,0.9653105139732361,0.11207206547260284,0.0891987681388855,0.040037281811237335,0.11622317880392075,-0.022855931892991066,0.001897213514894247,-0.11688133329153061,-0.2683214545249939,-0.030532414093613625,-0.06291358172893524,-0.0009768197778612375,-0.04823196306824684,-0.12020932883024216,-0.10971565544605255,0.025185242295265198,0.10703080147504807,0.015696967020630836,-0.029453741386532784,0.3928183317184448,0.3759869337081909,-0.19069607555866241,-0.1377953588962555,-0.025625623762607574,0.013048679567873478
-0.015134334564208984,0.038940224796533585,0.9784270524978638,0.11134002357721329,0.05325066298246384,0.04222814738750458,0.03704046085476875,-0.035248350352048874,-0.01986508071422577,-0.13928548991680145,-0.31097203493118286,-0.011989368125796318,-0.13253667950630188,-0.030403094366192818,-0.029672201722860336,-0.11797208338975906,-0.09415876865386963,0.05765917897224426,-0.05876961350440979,0.007028461433947086,0.03660053387284279,0.37577059864997864,0.10351672023534775,-0.17147062718868256,-0.02019348554313183,-0.02205648459494114,0.001788860885426402
0.021023286506533623,0.05126819387078285,0.9876590967178345,0.08673027157783508,0.003308200277388096,0.03208296000957489,-0.19723807275295258,-0.041406601667404175,0.004160470794886351,-0.12060095369815826,0.1237499788403511,-0.0332123227417469,-0.284491628408432,-0.05097922682762146,0.013773809187114239,-0.09804758429527283,-0.04097016155719757,0.07326129823923111,-0.5636330842971802,-0.004001768305897713,0.18976888060569763,0.2959335446357727,-0.31108999252319336,-0.11861968040466309,0.15247996151447296,-0.018695084378123283,-0.05172516778111458
0.07054741680622101,0.05149174854159355,1.006821632385254,-0.04116985574364662,-0.09647079557180405,-0.008462212048470974,-0.16638973355293274,-0.011901321820914745,0.033022087067365646,0.17510266602039337,0.6610227227210999,-0.21453756093978882,-0.3548901081085205,0.003418969688937068,0.12937194108963013,0.01843537576496601,0.1001645177602768,0.04677227884531021,-0.6676907539367676,-0.001364917028695345,0.1812019795179367,0.09693380445241928,-0.24656836688518524,-0.1679447889328003,0.12109266966581345,-0.0795990452170372,-0.03922199457883835
0.09346218407154083,0.02764584869146347,1.000110149383545,-0.07639165967702866,-0.23709285259246826,-0.041071001440286636,-0.0047693802043795586,-0.001993852434679866,-0.00595493009313941,0.362303763628006,0.5967985391616821,-0.2652739882469177,-0.3351893424987793,0.02950992062687874,0.046608977019786835,0.06894362717866898,0.22953812777996063,0.03681514039635658,-0.3513651490211487,0.007221878040581942,0.012194961309432983,0.048182543367147446,-0.035576365888118744,-0.1433212161064148,0.0056158192455768585,-0.12857253849506378,0.003299425356090069
0.12283752858638763,0.030353836715221405,0.9958242774009705,-0.10416515916585922,-0.19983555376529694,-0.08381504565477371,0.055035803467035294,0.019281331449747086,-0.011724025011062622,0.4416998326778412,0.4447161555290222,-0.2683296203613281,-0.27689501643180847,0.029263325035572052,-0.009274980053305626,0.09588120877742767,0.13378411531448364,0.002408777829259634,0.009186873212456703,0.018019134178757668,-0.005709212739020586,-0.013704515062272549,-0.007989224046468735,-0.11057497560977936,-0.04652967303991318,-0.11555050313472748,0.004746686667203903
0.14368948340415955,0.04922087863087654,0.990517795085907,-0.11961532384157181,-0.15792211890220642,-0.10354235768318176,-0.014241394586861134,0.038318097591400146,0.01773860491812229,0.4329800307750702,0.32198548316955566,-0.2667505443096161,-0.24973998963832855,0.010974029079079628,-0.06294041872024536,0.09242929518222809,0.10055775940418243,-0.02356623113155365,0.15623368322849274,0.0294311735779047,0.005059820134192705,-0.05341280251741409,-0.050453394651412964,-0.08623810112476349,-0.03831140697002411,-0.08524955809116364,0.10249466449022293
0.14351598918437958,0.06397061794996262,0.9919846653938293,-0.12698578834533691,-0.11458107084035873,-0.09179935604333878,-0.0946166142821312,0.03659190610051155,0.03158179670572281,0.3995163142681122,0.31419670581817627,-0.26607558131217957,-0.24659425020217896,0.001672108075581491,0.0013095904141664505,0.08410272747278214,0.04235212877392769,-0.02357841469347477,0.039541229605674744,0.029624901711940765,0.03097817860543728,-0.07213655114173889,-0.07600665092468262,-0.07462786138057709,-0.0048760175704956055,-0.05626000463962555,0.11922644078731537
0.1283814013004303,0.06935281306505203,0.9954801797866821,-0.13324813544750214,-0.12055940926074982,-0.060783226042985916,-0.13416987657546997,0.026639500632882118,0.0671984851360321,0.3773157596588135,0.37481486797332764,-0.2593691349029541,-0.25304755568504333,-0.003927716985344887,-0.03532685711979866,0.07875692844390869,0.06338755786418915,-0.0037904263008385897,-0.10085057467222214,0.02367175742983818,0.07041509449481964,-0.07378726452589035,-0.1027304083108902,-0.07291259616613388,0.05595871061086655,-0.03939630836248398,0.11706982553005219
0.11101044714450836,0.06294238567352295,0.9982753396034241,-0.14245465397834778,-0.14200466871261597,-0.04872733727097511,-0.2372397780418396,0.023174460977315903,0.09836596250534058,0.39440202713012695,0.45127129554748535,-0.2368708699941635,-0.25258970260620117,0.007853870280086994,0.012548516504466534,0.09705059230327606,0.10200546681880951,0.014394833706319332,-0.22284340858459473,0.017304757609963417,0.07303714007139206,-0.09367568045854568,-0.15983356535434723,-0.06525607407093048,0.046773701906204224,-0.04349743574857712,0.1434500813484192
0.10404549539089203,0.060769207775592804,0.9920136332511902,-0.14899609982967377,-0.1849137395620346,-0.07537712901830673,-0.10898756235837936,0.04016287252306938,0.08112084865570068,0.4078328013420105,0.37451493740081787,-0.21870864927768707,-0.16182862222194672,0.01384789776057005,0.02523920312523842,0.11627768725156784,0.1664455235004425,0.010071266442537308,-0.10083325207233429,0.023516027256846428,0.021039282903075218,-0.12529723346233368,-0.241182342171669,-0.05015571787953377,0.03366896137595177,-0.03649807348847389,0.0982436090707779
0.09373138099908829,0.07718723267316818,0.9852060675621033,-0.14377738535404205,-0.16116821765899658,-0.09836281090974808,0.05173412337899208,0.06981205195188522,0.04994184896349907,0.3305702805519104,0.16388295590877533,-0.09582452476024628,0.024161135777831078,0.010366056114435196,0.0063407933339476585,0.12983591854572296,0.1378200203180313,0.003373833140358329,-0.015770524740219116,0.03161822259426117,0.014887254685163498,-0.1872107982635498,-0.29249757528305054,-0.01799198053777218,-0.0012137442827224731,-0.011904224753379822,0.12222618609666824
0.05972064658999443,0.10250097513198853,0.9639406204223633,-0.09940838813781738,-0.05206652730703354,-0.07150188088417053,0.32255497574806213,0.09342961758375168,-0.007523976732045412,0.14426976442337036,-0.10077626258134842,0.10018610954284668,0.2525743544101715,0.02661817893385887,0.08759981393814087,0.07811767607927322,0.039241157472133636,0.024595793336629868,0.06550324708223343,0.011902423575520515,-0.01847413368523121,-0.12926316261291504,-0.010322630405426025,-0.06053827702999115,-0.12301536649465561,0.029233548790216446,0.08081154525279999
0.012568498961627483,0.11604410409927368,0.9456713795661926,-0.014269174076616764,0.031057249754667282,-0.0318383164703846,0.6150735020637512,0.07807865738868713,-0.10517556965351105,0.006100499536842108,-0.16240467131137848,0.00881652906537056,0.24217166006565094,0.030533816665410995,0.2226182371377945,-0.04150792583823204,-0.09334485232830048,0.05663524940609932,-0.08487554639577866,-0.03243119642138481,-0.021857310086488724,0.13078813254833221,0.5049338936805725,-0.2039193958044052,-0.31380829215049744,0.010830536484718323,-0.06751091778278351
-0.03748941421508789,0.11077899485826492,0.9740997552871704,0.032803796231746674,0.18588799238204956,0.019798850640654564,0.353610098361969,0.03557293117046356,-0.0030873208306729794,-0.06323810666799545,0.005955155938863754,-0.06736934185028076,0.09054239094257355,0.02330111339688301,0.2239026129245758,-0.10463870316743851,-0.20765723288059235,0.08371199667453766,-0.13635319471359253,-0.054026950150728226,0.04131514951586723,0.34832963347435,0.5883502960205078,-0.2777372896671295,-0.3321881592273712,0.0004467301187105477,-0.03572642803192139
-0.0371556282043457,0.08451094478368759,0.998773992061615,0.054049354046583176,0.2020917385816574,0.0150375971570611,0.011972632259130478,0.012009180150926113,0.01813339814543724,-0.05994439497590065,0.018501494079828262,-0.07817602157592773,0.05387439206242561,0.023638861253857613,0.0203635785728693,-0.10265100002288818,-0.2194870114326477,0.04165497422218323,-0.06248864158987999,-0.02355131320655346,0.025196796283125877,0.4535641074180603,0.4532114267349243,-0.29032421112060547,-0.3245462477207184,-0.007861543446779251,-0.02915322221815586
-0.026766300201416016,0.06593381613492966,1.0061101913452148,0.07070797681808472,0.1567809134721756,0.0019868852104991674,0.08996578305959702,0.007453830447047949,-0.06219145655632019,-0.0626530572772026,-0.03935619443655014,-0.07420624792575836,0.08291513472795486,0.02552962675690651,-0.04496771842241287,-0.09397321194410324,-0.1427765190601349,-0.013123086653649807,0.12514042854309082,0.012887460179626942,-0.028656134381890297,0.46369707584381104,0.39420241117477417,-0.30441856384277344,-0.3358953893184662,-0.00872894749045372,0.029507875442504883
-0.02358865737915039,0.055877283215522766,1.016403317451477,0.07056138664484024,0.07818961888551712,0.004188991617411375,0.04550890251994133,-0.0027614820282906294,-0.042724598199129105,-0.05744539573788643,-0.06454586237668991,-0.06898626685142517,0.06838187575340271,0.019075101241469383,-0.057776372879743576,-0.0878789946436882,-0.09232522547245026,-0.037578534334897995,0.1702117621898651,0.03613907843828201,-0.0301713477820158,0.4238971471786499,0.3825887441635132,-0.29346877336502075,-0.28582921624183655,-0.009676171466708183,0.004970934242010117
-0.01643085479736328,0.04416053742170334,1.0284481048583984,0.07432800531387329,0.08502210676670074,0.009672185406088829,0.09012285619974136,-0.01507632713764906,-0.007786243688315153,-0.060751575976610184,-0.09071981906890869,-0.057684000581502914,0.047823745757341385,0.004884421359747648,0.055128198117017746,-0.09945330768823624,-0.09849271178245544,-0.04145282134413719,0.12143516540527344,0.036569662392139435,-0.04552653431892395,0.42087507247924805,0.4597640037536621,-0.27242326736450195,-0.2613835036754608,-0.01869378425180912,-0.027321306988596916
-0.007053852081298828,0.02704809047281742,1.039041519165039,0.08863313496112823,0.08162924647331238,0.019922509789466858,0.1137191578745842,-0.026650896295905113,-0.000612073577940464,-0.07212822884321213,-0.15073861181735992,-0.043947625905275345,0.022749872878193855,-0.01618587225675583,-0.026072558015584946,-0.10943472385406494,-0.10454973578453064,-0.023019827902317047,0.11665567755699158,0.02554422616958618,-0.03286590427160263,0.4320369064807892,0.4693906903266907,-0.25078845024108887,-0.22312398254871368,-0.02540271356701851,-0.0348336286842823
0.007529056165367365,0.020253529772162437,1.0454199314117432,0.1049523800611496,0.05136607587337494,0.03026876598596573,0.08518774807453156,-0.03377128019928932,-0.005685993004590273,-0.10727988928556442,-0.2636561393737793,-0.019178038462996483,-0.036320507526397705,-0.04175631329417229,-0.07578204572200775,-0.11769792437553406,-0.09044946730136871,0.008111958391964436,0.10791182518005371,0.011940845288336277,-0.029813693836331367,0.4133794903755188,0.381632924079895,-0.195098876953125,-0.14265063405036926,-0.02364109456539154,-0.004451875574886799
0.03244483843445778,0.04025844484567642,1.053109884262085,0.10194307565689087,0.023524489253759384,0.029982592910528183,0.020903505384922028,-0.03885514661669731,-0.02661054953932762,-0.1538882851600647,-0.2976112961769104,-0.002672816626727581,-0.13149113953113556,-0.06583341956138611,-0.042196981608867645,-0.09976287931203842,-0.06557479500770569,0.03127172961831093,-0.02418145164847374,0.014699221588671207,0.051006827503442764,0.2766997814178467,0.12247604131698608,-0.09278605878353119,-0.03545815497636795,-0.019179731607437134,-0.01747901365160942
0.07689560949802399,0.07440415024757385,1.0643444061279297,0.04239442199468613,-0.00777346221730113,-0.000595619494561106,-0.12307526916265488,-0.03529743850231171,-0.009668301790952682,-0.09321407973766327,0.2514248192310333,-0.10391195118427277,-0.2372140735387802,-0.05349148064851761,0.002064038999378681,-0.05108210816979408,0.024170000106096268,0.008583267219364643,-0.3516387343406677,0.02189478650689125,0.10050152987241745,0.11652006208896637,-0.25973451137542725,-0.11940870434045792,0.08255308121442795,-0.06820883601903915,-0.0389423668384552
0.08043927699327469,0.0764145627617836,1.0680155754089355,-0.013638639822602272,-0.15638984739780426,0.007638128940016031,-0.13454961776733398,-0.024183819070458412,0.04187483340501785,0.05118449777364731,0.6619614958763123,-0.17923155426979065,-0.30191802978515625,-0.025308484211564064,0.08898638188838959,-0.020227961242198944,0.2002353072166443,0.022562215104699135,-0.37620097398757935,0.017362534999847412,0.09402085840702057,0.053029533475637436,-0.1312277615070343,-0.1073426753282547,0.08178924024105072,-0.098931223154068,-0.029664725065231323
0.078782819211483,0.04332660138607025,1.0866961479187012,-0.09066011756658554,-0.20369714498519897,0.0013944641686975956,-0.05992333963513374,-0.011384147219359875,0.03007635846734047,0.32291871309280396,0.6743999719619751,-0.24401800334453583,-0.31181541085243225,0.010000931099057198,0.07561421394348145,0.041199322789907455,0.15594182908535004,0.02692256309092045,-0.40119147300720215,-0.004426274448633194,0.07857643812894821,0.011706571094691753,-0.021904855966567993,-0.09645678102970123,0.021513566374778748,-0.10597507655620575,-0.1376800835132599
0.10115218907594681,0.019863395020365715,1.0875115394592285,-0.11366438120603561,-0.18278205394744873,-0.04008166864514351,0.03260195255279541,0.015508648939430714,-0.008936181664466858,0.455119788646698,0.49571579694747925,-0.2730465233325958,-0.29918035864830017,0.013440263457596302,-0.003926277160644531,0.07430998980998993,0.10089543461799622,-0.00015304284170269966,-0.1265774965286255,-0.0021404409781098366,0.031009603291749954,0.0016045321244746447,-0.014045335352420807,-0.09611362218856812,-0.0285328458994627,-0.10134240984916687,-0.08438607305288315
0.11719734966754913,0.027793116867542267,1.081671953201294,-0.12228217720985413,-0.1450434774160385,-0.07006807625293732,0.007584386505186558,0.031424906104803085,-0.005381149705499411,0.4550776183605194,0.3793897032737732,-0.2818106412887573,-0.26704588532447815,0.00655064731836319,-0.013475095853209496,0.07525988668203354,0.06077127158641815,-0.01912207156419754,-0.007585521787405014,0.007804131135344505,0.025558864697813988,-0.02129731886088848,-0.054900094866752625,-0.08149915188550949,-0.028899790719151497,-0.09680332988500595,0.05066056549549103
0.11292199045419693,0.045673638582229614,1.0770567655563354,-0.13303379714488983,-0.13589677214622498,-0.07021590322256088,-0.025728847831487656,0.03174709901213646,0.024238351732492447,0.4201613664627075,0.3847419023513794,-0.2764222323894501,-0.2351902276277542,-0.0034078843891620636,-0.043687451630830765,0.06368163228034973,0.06412428617477417,-0.015348071232438087,-0.10147727280855179,0.01369425654411316,0.03927567973732948,-0.04256617650389671,-0.08320572227239609,-0.06611444056034088,-0.011514963582158089,-0.08536495268344879,0.08540729433298111
0.09723566472530365,0.05108879134058952,1.0725947618484497,-0.13831791281700134,-0.1447676420211792,-0.05962720140814781,-0.11605667322874069,0.029919955879449844,0.05960676074028015,0.4026772081851959,0.4152863621711731,-0.25151360034942627,-0.22958460450172424,-0.005955570377409458,-0.012276913970708847,0.06565079092979431,0.09419462084770203,-0.00078616663813591,-0.19130855798721313,0.015980081632733345,0.06056804582476616,-0.05956273898482323,-0.08728774636983871,-0.05688977614045143,0.05742408335208893,-0.07730016112327576,0.07723456621170044
0.07966992259025574,0.04857645183801651,1.0638794898986816,-0.139164537191391,-0.16411997377872467,-0.05679130181670189,-0.15581081807613373,0.03146339952945709,0.10098127275705338,0.40122371912002563,0.4342051148414612,-0.25366827845573425,-0.20055453479290009,-0.007434009574353695,0.014874754473567009,0.07014123350381851,0.12676653265953064,0.012231901288032532,-0.2151508629322052,0.02190428040921688,0.058028727769851685,-0.06417572498321533,-0.1714971363544464,-0.05338101089000702,0.07330979406833649,-0.07501525431871414,0.07580677419900894
0.06118898466229439,0.04866879805922508,1.0655877590179443,-0.14518696069717407,-0.16977126896381378,-0.06480269134044647,-0.16134631633758545,0.04247814789414406,0.10789434611797333,0.3862316906452179,0.3776792287826538,-0.18364106118679047,-0.11900097876787186,0.0019196136854588985,0.02331351675093174,0.09816346317529678,0.12822431325912476,0.01866370439529419,-0.23877422511577606,0.018875135108828545,0.05528049170970917,-0.11647778749465942,-0.2688787579536438,-0.028839733451604843,0.05117394030094147,-0.07764147967100143,0.09652706235647202
0.04446278512477875,0.0714690089225769,1.0634856224060059,-0.13140809535980225,-0.11908550560474396,-0.07301609963178635,0.052439216524362564,0.06986848264932632,0.04748314619064331,0.261716365814209,0.10981063544750214,-0.02041173353791237,0.07171984016895294,0.006061238702386618,0.020040620118379593,0.10813136398792267,0.07750426232814789,0.014847967773675919,-0.07316188514232635,0.022053387016057968,0.01351432129740715,-0.18203586339950562,-0.27497613430023193,0.003196264384314418,-0.023755865171551704,-0.04877441003918648,0.08919494599103928
0.0119185671210289,0.09670069068670273,1.0486825704574585,-0.08462437242269516,-0.006952004507184029,-0.05921028181910515,0.49980929493904114,0.0780266672372818,-0.06826014071702957,0.1231895461678505,-0.17712116241455078,0.007945362478494644,0.2472299039363861,0.051889568567276,0.19372950494289398,0.051169224083423615,-0.008851582184433937,0.026262177154421806,0.08352187275886536,0.00015771134349051863,-0.045295245945453644,-0.10230927914381027,0.22048722207546234,-0.07787064462900162,-0.22126182913780212,-0.012654568068683147,-0.009392368607223034
-0.023054122924804688,0.09208255261182785,1.0390613079071045,0.015121475793421268,0.09667510539293289,-0.03637123480439186,0.5775019526481628,0.06439236551523209,-0.09219758212566376,-0.02577652968466282,-0.11485996842384338,-0.059172071516513824,0.18559493124485016,0.0631430447101593,0.2369617372751236,-0.07784685492515564,-0.10594449937343597,0.041716884821653366,-0.026098884642124176,-0.026503417640924454,-0.009017646312713623,0.23905985057353973,0.5695472955703735,-0.2531861662864685,-0.32527807354927063,-0.01814226247370243,-0.035316161811351776
-0.04874086380004883,0.06348265707492828,1.0804039239883423,0.049249421805143356,0.1754067838191986,-0.0157599076628685,0.15521365404129028,0.01729067787528038,0.04618893936276436,-0.04037369042634964,0.05718516930937767,-0.07343798130750656,0.05076341703534126,0.06645352393388748,0.1558363139629364,-0.09046518802642822,-0.2355179786682129,0.04784413427114487,-0.16115310788154602,-0.03382716327905655,0.07051980495452881,0.42168131470680237,0.4959378242492676,-0.28642284870147705,-0.280215859413147,-0.021105678752064705,-0.052539579570293427
-0.07428646087646484,0.05165198817849159,1.1075220108032227,0.06655249744653702,0.15907883644104004,0.012252186425030231,0.04770635440945625,-0.014582229778170586,0.02065449208021164,-0.06595160812139511,0.011512047611176968,-0.05162004381418228,0.021518709138035774,0.06005488708615303,0.02986147254705429,-0.08717852085828781,-0.1999656856060028,0.0515352264046669,-0.04837831109762192,-0.02379135601222515,0.010170796886086464,0.4843352138996124,0.4137164354324341,-0.2801554799079895,-0.29017025232315063,-0.022859562188386917,0.004730566404759884
-0.08715486526489258,0.06505383551120758,1.1226750612258911,0.04524604231119156,0.10856505483388901,0.026635756716132164,-0.1895807981491089,-0.03313165530562401,-0.00034555280581116676,-0.07663856446743011,-0.023944057524204254,-0.01779807172715664,0.06217377260327339,0.04920213297009468,-0.11914743483066559,-0.08059860020875931,-0.15939860045909882,0.0282824095338583,0.037874191999435425,-0.017160242423415184,-0.029624121263623238,0.41980746388435364,0.30852389335632324,-0.27387672662734985,-0.27358484268188477,-0.002149462467059493,0.02998361922800541
-0.07358932495117188,0.06762214004993439,1.1143704652786255,0.04556204378604889,0.11505253612995148,0.015153954736888409,0.08446459472179413,-0.02285090647637844,-0.08251538127660751,-0.09201563894748688,-0.08746697753667831,-0.003255767747759819,0.1268981695175171,0.02749151922762394,-0.05056189373135567,-0.0915122777223587,-0.08653457462787628,-0.013046720065176487,0.18521644175052643,0.00525236502289772,-0.05145885795354843,0.3700324594974518,0.39383000135421753,-0.2816622257232666,-0.31147465109825134,0.0017144595040008426,0.0013950977008789778
-0.05902910232543945,0.05024218186736107,1.111746907234192,0.059239648282527924,0.10771040618419647,0.003116805572062731,0.21286991238594055,-0.01705283299088478,-0.059233516454696655,-0.08924326300621033,-0.14938019216060638,-0.013279017992317677,0.08967876434326172,0.0261911042034626,-0.003644341602921486,-0.10166430473327637,-0.07424718141555786,-0.03546573221683502,0.1689448058605194,0.013557188212871552,-0.03313116356730461,0.357517808675766,0.49347060918807983,-0.28274598717689514,-0.27925458550453186,0.0035067382268607616,-0.04169426113367081
-0.041599273681640625,0.019052822142839432,1.116210699081421,0.08456574380397797,0.09193947166204453,-0.010257516987621784,0.27317145466804504,-0.017835039645433426,-0.04963700473308563,-0.0843137726187706,-0.22937661409378052,-0.018373092636466026,0.039491742849349976,0.04886774718761444,-0.05558791384100914,-0.10693607479333878,-0.06378872692584991,-0.03131967782974243,0.1932671219110489,0.01913784258067608,-0.033853448927402496,0.37131595611572266,0.48276299238204956,-0.26225510239601135,-0.23175334930419922,-0.006683824583888054,-0.0635431632399559
-0.0165863037109375,-0.009572982788085938,1.1221448183059692,0.11651985347270966,0.05327492207288742,-0.018234040588140488,0.2771680951118469,-0.02177373692393303,-0.041464537382125854,-0.09892211854457855,-0.35456520318984985,-0.007260019425302744,-0.08951321244239807,0.03147076442837715,-0.050951939076185226,-0.10583847016096115,-0.04971423000097275,-0.0056020948104560375,0.1405647248029709,0.022815871983766556,-0.008327865973114967,0.3740158677101135,0.3908582925796509,-0.2136804461479187,-0.13526973128318787,-0.016185808926820755,-0.041283007711172104
0.006762292701750994,-0.002365589141845703,1.1270339488983154,0.12357491999864578,0.023164600133895874,-0.017811182886362076,0.11450710892677307,-0.027186857536435127,-0.024150531738996506,-0.13596047461032867,-0.35504472255706787,0.006822948809713125,-0.2166668325662613,0.004753578454256058,-0.05839929357171059,-0.09515951573848724,-0.06929604709148407,0.030753793194890022,-0.055031485855579376,0.021519431844353676,0.054825834929943085,0.269490122795105,0.06664732098579407,-0.10700079053640366,0.0033140284940600395,-0.025181636214256287,-0.05287526547908783
0.05251524969935417,0.02565472386777401,1.151944637298584,0.028690222650766373,-0.020930305123329163,-0.05296733230352402,-0.166812464594841,-0.0157221257686615,0.01461455225944519,0.01308260578662157,0.26822519302368164,-0.1932784616947174,-0.3145889639854431,-0.007369803264737129,-0.017825011163949966,-0.02977197989821434,0.003903536591678858,0.0038174602668732405,-0.5009117126464844,0.013752271421253681,0.15020206570625305,0.04079468548297882,-0.2924913763999939,-0.037460263818502426,0.10426695644855499,-0.05433712154626846,-0.05597508326172829
0.05286417528986931,0.008501614443957806,1.182869791984558,-0.05077095329761505,-0.18798814713954926,-0.04681297019124031,-0.031823065131902695,-0.009684260003268719,0.007445731200277805,0.24487169086933136,0.6624277234077454,-0.26532819867134094,-0.30099740624427795,0.0005852044560015202,0.04470735043287277,0.027003956958651543,0.21320901811122894,0.007174964528530836,-0.3785260319709778,-0.019513826817274094,0.0617542639374733,-0.021647023037075996,-0.080034039914608,-0.01498236320912838,0.07930930703878403,-0.06402590870857239,-0.096234992146492
0.06645410507917404,-0.023156166076660156,1.1974560022354126,-0.12286121398210526,-0.1938023865222931,-0.04918552562594414,0.027548570185899734,0.024576084688305855,0.018452037125825882,0.5028685331344604,0.6290982365608215,-0.27219831943511963,-0.286201536655426,0.003093800973147154,0.009494559839367867,0.06174632906913757,0.1262616664171219,-0.006449685897678137,-0.2072783261537552,-0.02495086006820202,0.05010836571455002,-0.011403331533074379,0.016112759709358215,-0.02875879965722561,0.005353858694434166,-0.06535299122333527,-0.16017068922519684
0.08700547367334366,-0.049648284912109375,1.1925528049468994,-0.1274092048406601,-0.15037058293819427,-0.05229586735367775,0.015539064072072506,0.04739898070693016,0.006807924248278141,0.5986619591712952,0.3993341326713562,-0.2770310640335083,-0.2802354097366333,0.003995944280177355,0.021163715049624443,0.08124114573001862,0.06356316804885864,-0.02413545548915863,-0.08450111001729965,-0.018850883468985558,0.025189373642206192,0.011735999956727028,-0.03601104021072388,-0.04474347457289696,-0.030203266069293022,-0.06738803535699844,0.0141593711450696
0.10590504109859467,-0.02777862548828125,1.1764168739318848,-0.10643639415502548,-0.0864037498831749,-0.06069553270936012,-0.07946020364761353,0.04312089830636978,0.017687998712062836,0.4932558834552765,0.28926074504852295,-0.26220637559890747,-0.24122419953346252,-0.0014032382750883698,-0.01953289657831192,0.06374192982912064,-0.02499419078230858,-0.03765097260475159,-0.0678253173828125,0.0018822624115273356,0.0657104104757309,-0.008057564496994019,-0.15016014873981476,-0.0283276978880167,-0.03783287853002548,-0.06863529980182648,0.10968539118766785
0.09996382892131805,0.011079510673880577,1.1713355779647827,-0.11950920522212982,-0.11821645498275757,-0.046838775277137756,-0.099784255027771,0.02212648279964924,0.04746365547180176,0.40647533535957336,0.38279062509536743,-0.2487322837114334,-0.24040013551712036,-0.006752991117537022,-0.03790124133229256,0.03662516549229622,0.044977638870477676,-0.02721230313181877,-0.1061028465628624,0.008606617338955402,0.04632300138473511,-0.04410397261381149,-0.11847670376300812,-0.0035641088616102934,0.029354646801948547,-0.06810721755027771,0.0910724401473999
0.08577891439199448,0.02374035120010376,1.1671422719955444,-0.12594303488731384,-0.131062850356102,-0.030941439792513847,-0.18185648322105408,0.01362667791545391,0.09116298705339432,0.38278457522392273,0.4334571957588196,-0.23861120641231537,-0.23327283561229706,-0.008643393404781818,-0.02031659707427025,0.03258639574050903,0.09686967730522156,-0.012494847178459167,-0.20650853216648102,0.010680966079235077,0.07770300656557083,-0.05918429046869278,-0.11668919026851654,0.003277463372796774,0.10182477533817291,-0.06707999110221863,0.06382416188716888
0.06885600835084915,0.016289133578538895,1.165771722793579,-0.13228760659694672,-0.16725684702396393,-0.02928827702999115,-0.17769309878349304,0.01771911419928074,0.0941280946135521,0.41382908821105957,0.5173153877258301,-0.22748181223869324,-0.21967345476150513,-0.004966935142874718,0.004079923033714294,0.05670524388551712,0.14109866321086884,-0.0027333225589245558,-0.30744028091430664,0.009155260398983955,0.09009164571762085,-0.07886908203363419,-0.16141076385974884,0.0063918461091816425,0.12739147245883942,-0.06452684849500656,0.0508478507399559
0.05822792276740074,0.019385259598493576,1.163231611251831,-0.12691642343997955,-0.14802469313144684,-0.05198918655514717,-0.1275925636291504,0.03911847621202469,0.09475868940353394,0.3800758719444275,0.3015040159225464,-0.14458651840686798,-0.07057583332061768,0.003890929976478219,0.023194290697574615,0.09360489994287491,0.11217638850212097,-0.009811152704060078,-0.2164483368396759,0.012536520138382912,0.06696110218763351,-0.14614859223365784,-0.3035164475440979,0.03363371267914772,0.07710591703653336,-0.04673063009977341,0.08833339065313339
0.04842876270413399,0.04182163253426552,1.156136155128479,-0.1276935636997223,-0.1002473384141922,-0.07903271168470383,0.18662616610527039,0.06609228998422623,0.008885242976248264,0.3061850666999817,0.030094537883996964,-0.06615819036960602,0.1497611254453659,0.011084383353590965,0.05989917740225792,0.09577900916337967,0.08994705975055695,-0.021961510181427002,0.044871121644973755,0.021676508709788322,-0.006086335051804781,-0.19007228314876556,-0.19040493667125702,0.052844300866127014,-0.03812520205974579,-0.021000776439905167,0.078402079641819
0.02043062448501587,0.05661609768867493,1.1521220207214355,-0.11972525715827942,-0.010017448104918003,-0.07478747516870499,0.6612215638160706,0.07676872611045837,-0.10571873188018799,0.23445415496826172,-0.20466580986976624,-0.013573087751865387,0.2842749357223511,0.025795772671699524,0.23359645903110504,0.07825586199760437,-0.021121680736541748,-0.012888913042843342,0.1691528558731079,0.02389337122440338,-0.06055399030447006,-0.16808126866817474,0.2958056330680847,0.023164737969636917,-0.23571515083312988,0.00822305865585804,-0.01798795908689499
-0.025744915008544922,0.044079262763261795,1.1275360584259033,-0.020893221721053123,0.07623837888240814,-0.04216659814119339,0.7485507130622864,0.06016455963253975,-0.14222195744514465,0.10522907227277756,-0.17047251760959625,-0.056850772351026535,0.20471088588237762,0.07854833453893661,0.26619550585746765,-0.022209517657756805,-0.09748305380344391,0.02358563244342804,0.10116990655660629,0.0014560500858351588,-0.039464615285396576,0.11342815309762955,0.6077902317047119,-0.15623800456523895,-0.34949761629104614,-0.004829954355955124,-0.06866507232189178
-0.06637716293334961,0.03804774582386017,1.1462023258209229,0.019840190187096596,0.13289815187454224,-0.009341436438262463,0.23776452243328094,0.02713952399790287,0.0017921263352036476,0.0638849213719368,0.02524205669760704,-0.12381546199321747,0.07907125353813171,0.08048749715089798,0.15099354088306427,-0.07639981061220169,-0.1873941272497177,0.04826509580016136,-0.16514098644256592,-0.02567327208817005,0.04981619864702225,0.31031379103660583,0.5640442967414856,-0.2342739701271057,-0.3000243902206421,-0.020151467993855476,-0.09296467155218124
-0.07136058807373047,0.03352063149213791,1.166590690612793,0.044803436845541,0.16034755110740662,-0.011584388092160225,0.22965194284915924,0.0067248777486383915,-0.017097048461437225,0.02453286200761795,0.010429991409182549,-0.10332679003477097,0.048507291823625565,0.08386046439409256,0.0712859109044075,-0.08547705411911011,-0.18747985363006592,0.03299415856599808,-0.0476040318608284,-0.01647701859474182,0.013462668284773827,0.3963328003883362,0.4767407178878784,-0.23609203100204468,-0.28869298100471497,-0.029145214706659317,0.019981006160378456
-0.08464479446411133,0.045614395290613174,1.1827661991119385,0.046709101647138596,0.12587112188339233,0.0018374144565314054,-0.01306487899273634,-0.013390373438596725,0.004450780339539051,-0.011518420651555061,-0.008568333461880684,-0.07990968227386475,0.0593448132276535,0.08053897321224213,-0.040979187935590744,-0.09525984525680542,-0.17052757740020752,0.025704724714159966,0.030870500952005386,-0.011305891908705235,-0.027791233733296394,0.417853981256485,0.38148051500320435,-0.24561350047588348,-0.2767769694328308,-0.028210310265421867,0.02124263159930706
-0.08680105209350586,0.058922335505485535,1.1913187503814697,0.04664267972111702,0.1187669038772583,0.006069304421544075,-0.11348407715559006,-0.023557117208838463,-0.009914813563227654,-0.04939890652894974,-0.02741304785013199,-0.05094299837946892,0.10227658599615097,0.07632788270711899,-0.08557313680648804,-0.10390809923410416,-0.15072761476039886,0.004517383873462677,0.08554597944021225,-0.01456602755934,-0.06322772800922394,0.4031740427017212,0.35827696323394775,-0.26683732867240906,-0.27174514532089233,-0.023450186476111412,-0.0060294996947050095
-0.08150577545166016,0.05532276630401611,1.1927202939987183,0.0668068379163742,0.12303611636161804,0.006962811108678579,-0.009837196208536625,-0.02462076209485531,-0.025593172758817673,-0.08570335060358047,-0.08582130819559097,-0.034923117607831955,0.08960992097854614,0.07143854349851608,-0.09167639911174774,-0.11130073666572571,-0.12436813116073608,-0.000349264097167179,0.1671871691942215,-0.002379908226430416,-0.05183085426688194,0.4048634469509125,0.4078066945075989,-0.27294594049453735,-0.27608972787857056,-0.02071390300989151,-0.004707609303295612
-0.07046175003051758,0.04119943454861641,1.1927374601364136,0.09745747596025467,0.12119053304195404,0.007556854747235775,0.058878425508737564,-0.02293330989778042,-0.001825293991714716,-0.1189035028219223,-0.18091170489788055,-0.018505673855543137,0.04721803590655327,0.06031101569533348,-0.0654267817735672,-0.11006009578704834,-0.10704503953456879,0.011496780440211296,0.14627805352210999,0.0027188581880182028,-0.05422109365463257,0.4047934412956238,0.41511058807373047,-0.24056300520896912,-0.22637015581130981,-0.01936110481619835,-0.007829478941857815
-0.055928707122802734,0.033595021814107895,1.1937204599380493,0.11543822288513184,0.11735141277313232,0.009157117456197739,0.1326008439064026,-0.02296946756541729,-0.03822964429855347,-0.14182837307453156,-0.24298889935016632,-0.00626750523224473,0.033644258975982666,0.04445194825530052,-0.09517093002796173,-0.10859061032533646,-0.09068837761878967,0.03569597750902176,0.10526330769062042,-0.005964695475995541,-0.037700626999139786,0.3871058225631714,0.32402652502059937,-0.22121106088161469,-0.15776604413986206,-0.018485408276319504,-0.024037310853600502
-0.03322172164916992,0.03772621229290962,1.192804217338562,0.125568225979805,0.09016133099794388,0.0053063430823385715,0.07608949393033981,-0.020939607173204422,-0.03847981616854668,-0.17308086156845093,-0.33880287408828735,0.010307859629392624,-0.05657203122973442,0.026044154539704323,-0.09521345794200897,-0.10496675968170166,-0.07628200948238373,0.06114876642823219,0.0410308763384819,-0.014864305965602398,-0.004277461674064398,0.33053678274154663,0.15922407805919647,-0.16750161349773407,-0.040814951062202454,-0.019708825275301933,-0.03716006129980087
0.006616765167564154,0.06529701501131058,1.203012228012085,0.07882429659366608,0.00754875224083662,-0.023302875459194183,-0.08689296990633011,-0.025689125061035156,-0.003015523310750723,-0.12511110305786133,-0.07805584371089935,-0.07145697623491287,-0.21216146647930145,0.009312951937317848,-0.04931800439953804,-0.05389340966939926,-0.02348778024315834,0.04935067892074585,-0.3327096104621887,-0.011093834415078163,0.11834805458784103,0.11580127477645874,-0.18982115387916565,-0.011892530135810375,0.13335713744163513,-0.041184671223163605,-0.07773388922214508
0.06773045659065247,0.10841584205627441,1.1921932697296143,0.020005449652671814,-0.12512192130088806,-0.07383274286985397,-0.005135637708008289,0.0017852524761110544,0.026691876351833344,-0.0710018053650856,0.5714073777198792,-0.14683294296264648,-0.3067649006843567,-0.011950015090405941,0.06669166684150696,-0.04104415699839592,0.16171415150165558,-0.0016506706597283483,-0.3913317024707794,0.024651197716593742,0.09638089686632156,0.01519349031150341,-0.15944482386112213,-0.08110325038433075,0.15370826423168182,-0.06093776226043701,-0.0665694996714592
0.057686835527420044,0.09414445608854294,1.2004046440124512,-0.04250819981098175,-0.22336190938949585,-0.04596730321645737,-0.061238501220941544,0.0020453862380236387,0.04458208009600639,0.1335081160068512,0.7214626669883728,-0.20299595594406128,-0.33529144525527954,-0.00849092286080122,0.043652139604091644,-0.0020491781178861856,0.2075520008802414,0.01622718758881092,-0.4385754466056824,0.011457781307399273,0.07592953741550446,-0.0262147206813097,-0.025935668498277664,-0.0650496557354927,0.06686198711395264,-0.0715915858745575,-0.18350164592266083
0.059125855565071106,0.06099157780408859,1.2070612907409668,-0.09191885590553284,-0.19266045093536377,-0.0374903604388237,0.010507802478969097,0.012394662946462631,0.019999869167804718,0.35533732175827026,0.6594500541687012,-0.24212248623371124,-0.3183242082595825,-0.006175278685986996,-0.002069920301437378,0.04016026109457016,0.1189924031496048,0.014271240681409836,-0.2732711136341095,0.003342005657032132,0.04375843331217766,-0.030748413875699043,-0.02056853100657463,-0.07014051079750061,0.005047518759965897,-0.07269454002380371,-0.13457876443862915
0.06969631463289261,0.04087067022919655,1.2047734260559082,-0.10644643008708954,-0.16076800227165222,-0.04228156432509422,0.00841198954731226,0.024029221385717392,0.013758311979472637,0.45832711458206177,0.4653366208076477,-0.26183924078941345,-0.2955874800682068,-0.006328175310045481,-0.0061194878071546555,0.06338005512952805,0.07465304434299469,-0.0014313027495518327,-0.07540662586688995,0.007226413115859032,0.017332494258880615,-0.029848890379071236,-0.05656721442937851,-0.07403307408094406,-0.023399682715535164,-0.06718233227729797,-0.033812690526247025
0.07725494354963303,0.043674226850271225,1.2023332118988037,-0.11692361533641815,-0.12604527175426483,-0.04398453235626221,0.025798963382840157,0.02891623042523861,0.00789206475019455,0.4735680818557739,0.4120935797691345,-0.2750650942325592,-0.26829639077186584,-0.007025630213320255,-0.009251749143004417,0.06452738493680954,0.014283662661910057,-0.015634359791874886,-0.10842802375555038,0.012237915769219398,0.036429356783628464,-0.03901056572794914,-0.10557466745376587,-0.06874123215675354,-0.026867752894759178,-0.05996828153729439,-0.013779358007013798
0.07569807022809982,0.05510411038994789,1.1987286806106567,-0.1266552358865738,-0.11280239373445511,-0.03672178089618683,-0.06976329535245895,0.030031729489564896,0.04955302178859711,0.4559805393218994,0.403375506401062,-0.2701078951358795,-0.2551910877227783,-0.010173488408327103,-0.026728838682174683,0.058913446962833405,0.04049396514892578,-0.02135939709842205,-0.11408233642578125,0.017360270023345947,0.04702705517411232,-0.055573590099811554,-0.1095995157957077,-0.057876572012901306,0.03058173879981041,-0.052052129060029984,0.05546918511390686
0.06482243537902832,0.062379565089941025,1.1932710409164429,-0.1329585760831833,-0.12568075954914093,-0.026839377358555794,-0.1876504272222519,0.026017731055617332,0.08591876924037933,0.4436761438846588,0.41510599851608276,-0.2646544873714447,-0.2332567423582077,-0.010361973196268082,0.01866796985268593,0.05582422763109207,0.08223633468151093,-0.019654614850878716,-0.05579743534326553,0.022417275235056877,0.045721083879470825,-0.06733857840299606,-0.1589881032705307,-0.05017814040184021,0.027891185134649277,-0.04231402277946472,0.1161399856209755
0.04815635830163956,0.06580167263746262,1.1886608600616455,-0.1336279958486557,-0.14263080060482025,-0.021527623757719994,-0.17112340033054352,0.025425685569643974,0.10300610959529877,0.4257490932941437,0.3632013201713562,-0.2355237454175949,-0.13897939026355743,-0.008046947419643402,-0.002661272883415222,0.06438099592924118,0.09846474230289459,-0.016870390623807907,-0.21149858832359314,0.025579288601875305,0.06786318123340607,-0.09111379086971283,-0.23210041224956512,-0.038477372378110886,0.07003170996904373,-0.02829350344836712,0.13634681701660156
0.03316367045044899,0.07972832024097443,1.1845653057098389,-0.12486332654953003,-0.12567304074764252,-0.02702491544187069,-0.05530652031302452,0.03969120979309082,0.08242367953062057,0.34550344944000244,0.1667652577161789,-0.12765321135520935,0.027348222211003304,-0.0023177240509539843,0.01712581142783165,0.07469125837087631,0.08533462882041931,-0.022118670865893364,-0.15237291157245636,0.029197292402386665,0.03355772793292999,-0.1403714120388031,-0.28133755922317505,-0.013864218257367611,0.04051683843135834,-0.008253781124949455,0.07941102236509323
0.015486151911318302,0.09829476475715637,1.175460934638977,-0.10254084318876266,-0.02132052183151245,-0.02696641907095909,0.39155855774879456,0.058001868426799774,-0.036358512938022614,0.22886744141578674,-0.1461118757724762,-0.026229482144117355,0.24567671120166779,0.018694456666707993,0.13907985389232635,0.05386359617114067,0.01203326229006052,-0.028716741129755974,0.07133741676807404,0.022459644824266434,-0.028546122834086418,-0.1335383802652359,0.04546205699443817,-0.018999362364411354,-0.14122644066810608,0.014740211889147758,0.002224727300927043
-0.011651039123535156,0.09846232086420059,1.1663970947265625,0.02664848603308201,0.046218227595090866,-0.014488783665001392,0.6923011541366577,0.05066193267703056,-0.1289503276348114,0.023567432537674904,-0.2018882781267166,-0.0950324609875679,0.23474793136119843,0.0343022495508194,0.26849445700645447,-0.07302887737751007,-0.06642702221870422,-0.01060502976179123,0.10952037572860718,-0.012104185298085213,-0.04991620406508446,0.18239443004131317,0.48669296503067017,-0.22052142024040222,-0.30564966797828674,-0.012615528889000416,-0.04470574110746384
-0.04020500183105469,0.09380632638931274,1.1931216716766357,0.046186160296201706,0.18954026699066162,0.00918291974812746,0.13586430251598358,0.01714303530752659,0.07139177620410919,-0.010913039557635784,0.09279082715511322,-0.12940356135368347,0.04623987153172493,0.03265971690416336,0.15068648755550385,-0.14365525543689728,-0.26123368740081787,0.02068309858441353,-0.22309930622577667,-0.0016706733731552958,0.11048737168312073,0.39759039878845215,0.46886348724365234,-0.24914246797561646,-0.25048938393592834,-0.021387498825788498,-0.055988859385252
-0.034577369689941406,0.06563746929168701,1.1957366466522217,0.08127529174089432,0.14088748395442963,-0.005439523607492447,0.3078620135784149,0.017570747062563896,-0.05170328915119171,-0.022246835753321648,-0.05550062656402588,-0.12538911402225494,0.006564921699464321,0.04170425236225128,0.09466391801834106,-0.14967304468154907,-0.15316437184810638,-0.005761133506894112,0.010403797030448914,0.025581154972314835,0.0018256399780511856,0.48126012086868286,0.5524908304214478,-0.25581783056259155,-0.33228743076324463,-0.02057662606239319,0.019825594499707222
-0.04222393035888672,0.051527272909879684,1.2152817249298096,0.0861818939447403,0.06868419796228409,-0.0002455452049616724,0.18551461398601532,-0.002503833035007119,-0.04587821289896965,-0.015395859256386757,-0.04742741584777832,-0.12225174903869629,0.025104017928242683,0.042053911834955215,0.039121586829423904,-0.12819045782089233,-0.09885673224925995,-0.01525852084159851,0.09643906354904175,0.02401239238679409,-0.021047210320830345,0.4677826762199402,0.46645110845565796,-0.2906568944454193,-0.3106285035610199,-0.02007536217570305,-0.010450921021401882
-0.047852516174316406,0.05159902945160866,1.2337403297424316,0.07799135893583298,0.10326769948005676,0.00911263283342123,0.11863101273775101,-0.022517945617437363,-0.01024646870791912,-0.0201924629509449,0.006104511208832264,-0.10866862535476685,0.07259929925203323,0.03600422292947769,-0.010552851483225822,-0.1279062032699585,-0.14637748897075653,-0.009616454131901264,0.051864832639694214,0.01829325035214424,-0.018937572836875916,0.44717952609062195,0.438657283782959,-0.2839931845664978,-0.28252139687538147,-0.014937284402549267,0.0012132483534514904
-0.04546356201171875,0.04636598378419876,1.2445006370544434,0.07834889739751816,0.10916884243488312,0.014698175713419914,0.10907323658466339,-0.03376195579767227,-0.006974486168473959,-0.030139682814478874,-0.09271601587533951,-0.09373574703931808,0.036808229982852936,0.026551131159067154,0.012898948974907398,-0.13274624943733215,-0.12030494213104248,-0.0013882447965443134,0.051994889974594116,0.01040667574852705,-0.039825696498155594,0.4330430328845978,0.4822657108306885,-0.2657320499420166,-0.2661091387271881,-0.012019114568829536,-0.01700611039996147
-0.03430747985839844,0.035453569144010544,1.2488020658493042,0.08548008650541306,0.062155626714229584,0.015032141469419003,0.10367541760206223,-0.037327323108911514,0.009137315675616264,-0.039923764765262604,-0.19320891797542572,-0.08046340942382812,-0.004313074052333832,0.014570393599569798,-0.04619762301445007,-0.13627049326896667,-0.08928777277469635,0.008165375329554081,0.12393110990524292,0.003176691010594368,-0.06029113382101059,0.4208601117134094,0.489194393157959,-0.26389139890670776,-0.20370998978614807,-0.01271838415414095,-0.04850112274289131
-0.011466503143310547,0.02987111546099186,1.2496509552001953,0.11333803087472916,0.04484691470861435,0.00851395819336176,0.09947345405817032,-0.0361698642373085,-0.02835695818066597,-0.10029977560043335,-0.2801765203475952,-0.04287963733077049,-0.033804845064878464,-0.000865568348672241,-0.10758745670318604,-0.1329304575920105,-0.06982748210430145,0.019467994570732117,0.12981368601322174,-0.002854917896911502,-0.045765891671180725,0.3828428089618683,0.38197052478790283,-0.18704640865325928,-0.14618335664272308,-0.028564171865582466,-0.05769098922610283
0.01465504802763462,0.04650421440601349,1.2551405429840088,0.11471401154994965,0.061369746923446655,0.001663166331127286,0.06593236327171326,-0.039735883474349976,-0.0149492546916008,-0.15289320051670074,-0.3031828999519348,-0.012956727296113968,-0.15057949721813202,-0.018609054386615753,-0.011191198602318764,-0.12006548792123795,-0.0881919264793396,0.0359717421233654,-0.015730643644928932,-0.0039194682613015175,0.020444944500923157,0.2919486463069916,0.13102439045906067,-0.11167416721582413,-0.05218496173620224,-0.027808180078864098,-0.011857626028358936
0.05223769694566727,0.07347908616065979,1.2690246105194092,0.047713086009025574,-0.00032472237944602966,-0.025120418518781662,-0.1753067821264267,-0.024389099329710007,0.022727955132722855,-0.06707240641117096,0.18076084554195404,-0.1281457394361496,-0.2434491068124771,-0.02533840946853161,-0.03212780877947807,-0.054294269531965256,-0.013346532359719276,0.021842950955033302,-0.38971075415611267,-0.0025918155442923307,0.11305072158575058,0.10399932414293289,-0.26101869344711304,-0.09120076894760132,0.08884910494089127,-0.06299994885921478,-0.04425978660583496
0.06403917074203491,0.08562168478965759,1.2638964653015137,0.002600861946120858,-0.1611747443675995,-0.030078230425715446,-0.03359599784016609,-0.005139011424034834,0.02611781470477581,0.028404779732227325,0.6221840381622314,-0.18855296075344086,-0.2928983271121979,-0.021558716893196106,0.06266415119171143,-0.03644820302724838,0.1857771873474121,0.02438802644610405,-0.3503116965293884,0.005741606000810862,0.06218147277832031,0.03883121535181999,-0.15239889919757843,-0.08731400221586227,0.08017650991678238,-0.0865289568901062,-0.05212867632508278
0.06264448910951614,0.06915618479251862,1.272635579109192,-0.04455224424600601,-0.20889315009117126,-0.03383659943938255,-0.023511279374361038,0.0019174577901139855,0.022877514362335205,0.19424979388713837,0.6524046063423157,-0.21576891839504242,-0.3071916699409485,-0.013660565949976444,0.015828054398298264,0.005859896540641785,0.1546979546546936,0.028163347393274307,-0.4731692671775818,-0.0043321880511939526,0.0909329354763031,-0.008594686165452003,-0.03999393433332443,-0.06658240407705307,0.04545131325721741,-0.09094789624214172,-0.19862981140613556
0.072451151907444,0.047835446894168854,1.2780712842941284,-0.07925219088792801,-0.17302346229553223,-0.054509926587343216,0.05463362857699394,0.018832722678780556,0.005034369882196188,0.344987690448761,0.5869779586791992,-0.25368639826774597,-0.31673315167427063,-0.008045184426009655,0.012463618069887161,0.0374140627682209,0.10156697034835815,0.013557849451899529,-0.2410968542098999,-0.007973698899149895,0.037674058228731155,-0.022618981078267097,-0.03868011385202408,-0.0632656067609787,-0.026251109316945076,-0.08706292510032654,-0.10622178763151169
0.0728771910071373,0.0433020256459713,1.2767903804779053,-0.10063865035772324,-0.13777156174182892,-0.05980854108929634,-0.021358966827392578,0.03493175283074379,0.02348380535840988,0.41636642813682556,0.4289843440055847,-0.27455219626426697,-0.27945175766944885,-0.0035839511547237635,0.006870027631521225,0.053149640560150146,0.0631897896528244,0.00924539752304554,-0.0232107974588871,-0.006160368677228689,0.030976861715316772,-0.044841062277555466,-0.08358929306268692,-0.05213836953043938,-0.033865466713905334,-0.08194595575332642,0.018836285918951035
0.06618569791316986,0.05277404934167862,1.271410584449768,-0.11368382722139359,-0.14320772886276245,-0.0589887835085392,-0.01090651098638773,0.03550516068935394,0.01217003632336855,0.42249923944473267,0.4299479126930237,-0.2566821873188019,-0.24308127164840698,-0.007144545204937458,-0.023508090525865555,0.048983488231897354,0.055369820445775986,0.012684608809649944,-0.2124691903591156,-0.0008598972926847637,0.05288439616560936,-0.059423692524433136,-0.09414307773113251,-0.042402233928442,0.0007376782596111298,-0.07770346850156784,0.00014156458200886846
0.05307382345199585,0.05897846445441246,1.2669823169708252,-0.12056003510951996,-0.1585974246263504,-0.0519196018576622,-0.056350503116846085,0.03472502902150154,0.06223694235086441,0.4186864495277405,0.4348081350326538,-0.24979349970817566,-0.24271883070468903,-0.012093910947442055,-0.03679720684885979,0.04776041954755783,0.09406137466430664,0.019968939945101738,-0.3105219900608063,0.0022475614678114653,0.07087502628564835,-0.06919069588184357,-0.09488257765769958,-0.03729652985930443,0.09974411875009537,-0.0724233090877533,-0.00682856747880578
0.03889917954802513,0.060437314212322235,1.2645902633666992,-0.12482290714979172,-0.1558867245912552,-0.049989741295576096,-0.13018248975276947,0.04271814599633217,0.10084928572177887,0.4120829105377197,0.47074073553085327,-0.2321934998035431,-0.21166150271892548,-0.005948921199887991,0.020467519760131836,0.05804837867617607,0.10350990295410156,0.02167268469929695,-0.2553859055042267,0.0038767014630138874,0.0689159706234932,-0.08835586160421371,-0.15552596747875214,-0.029809294268488884,0.08276717364788055,-0.0597933754324913,0.016246100887656212
0.026582950726151466,0.0622570663690567,1.2608929872512817,-0.13109974563121796,-0.1487046778202057,-0.060412999242544174,-0.09151417016983032,0.05576702579855919,0.0979587733745575,0.40271785855293274,0.36690521240234375,-0.20447757840156555,-0.10497861355543137,-0.004395081661641598,-0.018223851919174194,0.07087258249521255,0.10778146982192993,0.014533545821905136,-0.1965932548046112,0.008052965626120567,0.060384467244148254,-0.1130811795592308,-0.24765445291996002,-0.019694112241268158,0.07060301303863525,-0.04006132110953331,0.07439510524272919
0.013508778996765614,0.06470606476068497,1.2520596981048584,-0.13471725583076477,-0.11273127794265747,-0.07558891177177429,0.1505701094865799,0.06876405328512192,0.030078044161200523,0.3852354884147644,0.0773179680109024,-0.17210321128368378,0.09078356623649597,-0.004752457141876221,-0.0016242899000644684,0.0774071216583252,0.08036121726036072,0.0036365375854074955,-0.04244820028543472,0.01745733805000782,-0.003036415670067072,-0.1287495344877243,-0.2005591094493866,-0.013079592026770115,0.009732772596180439,-0.0151456817984581,0.05219219624996185
-0.011723518371582031,0.07396476715803146,1.2152131795883179,-0.013941502198576927,-0.031875129789114,-0.07011345028877258,0.6089059710502625,0.07347531616687775,-0.11038845032453537,0.1231631264090538,-0.21619421243667603,-0.04688265174627304,0.2697604298591614,0.07556603103876114,0.16277393698692322,-0.011994864791631699,-0.014549076557159424,0.019178543239831924,0.17200827598571777,-0.009731223806738853,-0.06836938858032227,0.05075922980904579,0.22296199202537537,-0.15019188821315765,-0.21822945773601532,-0.02680778130888939,-0.03245453163981438
-0.09040355682373047,0.11569005250930786,1.242738127708435,0.02646704949438572,0.12329541146755219,0.005821817554533482,0.2606049180030823,0.01171250268816948,0.020245932042598724,-0.04243094101548195,0.011761367321014404,-0.06896264851093292,0.1078866496682167,0.08548929542303085,0.19823560118675232,-0.09052266925573349,-0.1721266657114029,0.11140501499176025,-0.24389107525348663,-0.0584433376789093,0.06817343831062317,0.17444276809692383,0.4503366947174072,-0.2024955153465271,-0.22518105804920197,-0.023032722994685173,-0.014355023391544819
-0.09894895553588867,0.11128950119018555,1.2652783393859863,0.049301423132419586,0.23352186381816864,0.004358761943876743,-0.05475398525595665,-0.004133520182222128,0.056679822504520416,-0.08689890056848526,0.06137077882885933,-0.06180678680539131,0.0633809044957161,0.09730882942676544,0.06908543407917023,-0.1447346955537796,-0.2569102346897125,0.091649629175663,-0.21679052710533142,-0.05083274468779564,0.06426951289176941,0.35386964678764343,0.3909646272659302,-0.2523471415042877,-0.25857213139533997,-0.013900771737098694,-0.02404586784541607
-0.07349109649658203,0.06858751177787781,1.2611552476882935,0.08540486544370651,0.16043712198734283,-0.03949331119656563,0.2526252865791321,0.011499845422804356,-0.07761459052562714,-0.07434004545211792,-0.0921207070350647,-0.058623556047677994,0.06163030490279198,0.10793047398328781,0.013495790772140026,-0.13599653542041779,-0.13207611441612244,0.012991257943212986,0.11173993349075317,-0.002027716487646103,-0.01701744832098484,0.4272155463695526,0.4488063454627991,-0.2613109350204468,-0.3375609815120697,-0.012684657238423824,0.01079640258103609
-0.05294084548950195,0.03398066386580467,1.2438690662384033,0.11149442940950394,0.07233285158872604,-0.07393751293420792,0.3173046112060547,0.035749662667512894,-0.1003512442111969,-0.057990655303001404,-0.11413146555423737,-0.07363750785589218,0.06942980736494064,0.11160700023174286,-0.03733927011489868,-0.1386037915945053,-0.0689975768327713,-0.06509413570165634,0.22409024834632874,0.03253819793462753,-0.019964445382356644,0.4361003041267395,0.43990492820739746,-0.261140912771225,-0.3048921227455139,-0.015176510438323021,-0.012098406441509724
-0.052419185638427734,0.007472982630133629,1.239426612854004,0.1236613318324089,0.06745562702417374,-0.08238691836595535,0.27949175238609314,0.041513051837682724,-0.08580096065998077,-0.03736675903201103,-0.12479718029499054,-0.0988335907459259,0.02869812399148941,0.13431468605995178,-0.06263338029384613,-0.1446106731891632,-0.07464814186096191,-0.09658315032720566,0.24601933360099792,0.05154025927186012,-0.02370799146592617,0.4215863347053528,0.49033814668655396,-0.2713346481323242,-0.29353711009025574,-0.019324105232954025,-0.012483309023082256
-0.05657768249511719,-0.023712158203125,1.24461030960083,0.14010228216648102,0.05974818021059036,-0.06960803270339966,0.22273410856723785,0.03773166984319687,-0.01615254022181034,-0.018484896048903465,-0.17464347183704376,-0.10185212641954422,-0.05659857019782066,0.1304289847612381,-0.06406579911708832,-0.1491340547800064,-0.0853981226682663,-0.07434183359146118,0.22462713718414307,0.06634540855884552,-0.03627076745033264,0.4490481913089752,0.5490049719810486,-0.2510121166706085,-0.2602013349533081,-0.02904561720788479,-0.03039417788386345
-0.07130670547485352,-0.03871917724609375,1.2677356004714966,0.1514129638671875,0.06099395453929901,-0.03323572874069214,0.07886294275522232,0.011286983266472816,0.03888583183288574,-0.02714650332927704,-0.1953912228345871,-0.08622699230909348,-0.0700938031077385,0.10564695298671722,-0.12983286380767822,-0.148904949426651,-0.1247047483921051,-0.006812206003814936,0.09939413517713547,0.04734879359602928,-0.032548531889915466,0.47914329171180725,0.4707365036010742,-0.24320824444293976,-0.18355493247509003,-0.031872790306806564,-0.02770906127989292
-0.08324766159057617,-0.027636051177978516,1.2945928573608398,0.14643612504005432,0.07018435746431351,0.005617585964500904,-0.033066749572753906,-0.021520569920539856,0.04256672039628029,-0.0643843486905098,-0.25632208585739136,-0.052759699523448944,-0.08924854546785355,0.07480362802743912,-0.1147531121969223,-0.15193068981170654,-0.15222099423408508,0.069963239133358,0.0020344238728284836,0.013688952662050724,-0.0023605343885719776,0.46451395750045776,0.29884636402130127,-0.2274155616760254,-0.09523697197437286,-0.02981383353471756,-0.025956982746720314
-0.06073427200317383,0.02534320391714573,1.3105731010437012,0.12753167748451233,0.06743288040161133,0.00022264427389018238,-0.19425733387470245,-0.040743373334407806,0.008171683177351952,-0.15200264751911163,-0.2865571975708008,-0.039316579699516296,-0.15392695367336273,0.04386836290359497,-0.10831430554389954,-0.12023310363292694,-0.12547363340854645,0.07774568349123001,-0.18854261934757233,-0.011293930932879448,0.06557685881853104,0.23460039496421814,-0.03580694645643234,-0.027036000043153763,0.06788129359483719,-0.029781149700284004,-0.051666509360075
0.0017813133308663964,0.04623604193329811,1.3650791645050049,-0.016033582389354706,-0.039171550422906876,-0.05640729144215584,-0.03743208944797516,-0.009182116016745567,0.009358538314700127,0.133239284157753,0.3856266140937805,-0.16331739723682404,-0.17764531075954437,0.0279590655118227,0.006607571616768837,0.00014171746443025768,0.1086764931678772,0.010284044779837132,-0.19032657146453857,-0.030278023332357407,0.012344048358500004,-0.060078609734773636,-0.1986161470413208,0.07190010696649551,0.09004998207092285,-0.03324666619300842,-0.048824742436409
-0.02583932876586914,0.04743284359574318,1.3529566526412964,-0.07305144518613815,-0.15276044607162476,-0.0789741650223732,0.1630416065454483,0.050568606704473495,-0.005875901784747839,0.3611050248146057,0.48275667428970337,-0.2306128591299057,-0.2586572766304016,0.016351943835616112,0.019827010110020638,0.04348738119006157,0.11981955170631409,-0.016438443213701248,-0.17788706719875336,-0.010369625873863697,0.029378125444054604,-0.1267840415239334,-0.16854184865951538,0.030429963022470474,0.020225824788212776,0.04576709493994713,-0.12385983020067215
-0.0785665512084961,0.04605879634618759,1.3595525026321411,-0.07558988779783249,-0.2196200042963028,-0.06544908881187439,-0.05428190901875496,0.050272807478904724,0.021407749503850937,0.4439135491847992,0.4496392011642456,-0.22527649998664856,-0.20938032865524292,0.003655571024864912,-0.09139451384544373,0.053943611681461334,0.1014138013124466,0.04384320601820946,-0.5843615531921387,-0.022888097912073135,0.0808665081858635,-0.14059093594551086,-0.06355312466621399,0.04075392708182335,0.047017648816108704,0.03294876217842102,-0.3873930871486664
-0.10825490951538086,0.05957842618227005,1.3777401447296143,-0.08508432656526566,-0.1277276873588562,-0.06405538320541382,-0.01810074970126152,0.05056975036859512,0.014878900721669197,0.46466684341430664,0.47957801818847656,-0.23049111664295197,-0.2201160490512848,-0.006961301900446415,-0.08344811201095581,0.02056480385363102,0.012537229806184769,0.08952251076698303,-0.457782506942749,-0.05271502584218979,0.0793253481388092,-0.08499228954315186,-0.02629091963171959,0.004311841446906328,0.10161762684583664,0.011104068718850613,-0.32164278626441956
-0.11834955215454102,0.07511940598487854,1.4020156860351562,-0.093034528195858,-0.07837231457233429,-0.054553091526031494,0.02288518100976944,0.04907019063830376,0.007427130825817585,0.4547402262687683,0.42393428087234497,-0.2571280598640442,-0.1945352405309677,0.023529278114438057,-0.15255340933799744,0.003161856671795249,-0.05541858449578285,0.10889001935720444,-0.30614805221557617,-0.08332785218954086,0.053239841014146805,-0.06293097138404846,-0.11599355936050415,-0.01677776873111725,0.08127298951148987,-0.0032422789372503757,-0.35299181938171387
-0.11550521850585938,0.08538612723350525,1.405990719795227,-0.11518783122301102,-0.12405239045619965,-0.04666658118367195,0.10127700120210648,0.042619187384843826,0.017587335780262947,0.477090060710907,0.5297142863273621,-0.2579088807106018,-0.21264438331127167,-0.010190737433731556,-0.06958018243312836,-0.007412536535412073,0.012627407908439636,0.11229215562343597,-0.378815233707428,-0.08896461874246597,0.08951053023338318,-0.06010894477367401,-0.09661605209112167,-0.019861914217472076,0.08778975158929825,-0.01050916314125061,-0.1989225596189499
-0.10599184036254883,0.0767427384853363,1.39291512966156,-0.12427365034818649,-0.18663331866264343,-0.03683595731854439,0.0730561688542366,0.05467633530497551,0.02003295160830021,0.5080603957176208,0.5136314034461975,-0.23450924456119537,-0.24904575943946838,-0.021184809505939484,0.031247029080986977,0.007412787061184645,0.11641426384449005,0.10614487528800964,-0.3315192461013794,-0.0721592977643013,0.053038936108350754,-0.07635941356420517,-0.14039957523345947,-0.00951390340924263,0.08862635493278503,-0.01070437952876091,-0.211678147315979
-0.08781051635742188,0.06620874255895615,1.3749467134475708,-0.1243128702044487,-0.18916282057762146,-0.03191803768277168,-0.08570344001054764,0.06328511238098145,0.09066975861787796,0.5131605863571167,0.4639773964881897,-0.22516317665576935,-0.21879690885543823,-0.019777614623308182,0.08834464848041534,0.02439306676387787,0.12694504857063293,0.08542115241289139,-0.12923291325569153,-0.04755466803908348,0.05952223390340805,-0.09481507539749146,-0.21618862450122833,0.003313369583338499,0.08123117685317993,-0.00407253485172987,-0.07200073450803757
-0.06311893463134766,0.06611870974302292,1.356734275817871,-0.11197546124458313,-0.13501417636871338,-0.03696438670158386,-0.09794959425926208,0.06479142606258392,0.09577109664678574,0.4415242671966553,0.2730220556259155,-0.17641091346740723,-0.11462613940238953,0.0070256516337394714,0.11656680703163147,0.04377259686589241,0.09848266839981079,0.052050359547138214,-0.05714339390397072,-0.021036848425865173,0.06435583531856537,-0.13915765285491943,-0.2892201542854309,0.02906273491680622,0.020947333425283432,0.00856596976518631,0.05618584528565407
-0.025791645050048828,0.09387999773025513,1.3259297609329224,-0.048930585384368896,-0.0621146559715271,-0.07737477123737335,0.1644967645406723,0.06875269114971161,0.00811033509671688,0.2425268441438675,-0.04896801710128784,-0.09526630491018295,0.10006283968687057,-0.00010322948219254613,0.015293311327695847,0.013026164844632149,0.0053228652104735374,0.003920629620552063,0.09375981241464615,0.017439214512705803,0.00842710305005312,-0.14794257283210754,-0.1292216181755066,0.027551058679819107,-0.012520251795649529,0.02405085787177086,0.08669111132621765
-0.028067588806152344,0.11981281638145447,1.3123152256011963,0.034104738384485245,0.042390741407871246,-0.08579038083553314,0.36385583877563477,0.07389844954013824,0.024094024673104286,0.03728916123509407,-0.11906750500202179,-0.06667330116033554,0.11185374110937119,0.04272209480404854,0.18257717788219452,-0.08243332803249359,-0.05026739835739136,0.015618746168911457,0.1185036301612854,0.028283093124628067,0.02477121539413929,0.021302813664078712,0.20763574540615082,-0.07130052149295807,-0.10901511460542679,0.013152013532817364,0.004400172270834446
-0.05924510955810547,0.111829474568367,1.3390918970108032,0.07205754518508911,0.1486341506242752,-0.05653196945786476,0.4018966257572174,0.040171314030885696,0.015370259061455727,-0.023981906473636627,0.007451219949871302,-0.07094232738018036,0.10070651024580002,0.11177703738212585,0.2461087852716446,-0.15527315437793732,-0.19832898676395416,0.05528192222118378,-0.2163136750459671,-0.006079194135963917,0.050761982798576355,0.28190508484840393,0.5019386410713196,-0.164950892329216,-0.19547508656978607,0.015818724408745766,0.00587192689999938
-0.08559179306030273,0.08949177712202072,1.3731294870376587,0.0942196175456047,0.1360970437526703,-0.016673428937792778,0.21686291694641113,0.006168818101286888,0.0510556697845459,-0.018903769552707672,0.04354221373796463,-0.09898031502962112,0.019298363476991653,0.1016722097992897,0.05904017761349678,-0.15523475408554077,-0.19636020064353943,0.06279254704713821,-0.1961394101381302,-0.0317043736577034,0.04645291343331337,0.418460488319397,0.44185566902160645,-0.18040280044078827,-0.19001832604408264,0.0038437917828559875,-0.06264342367649078
-0.09379911422729492,0.08459366112947464,1.3852949142456055,0.09850390255451202,0.1339258998632431,1.565192360430956e-05,0.13934452831745148,-0.007467444986104965,-0.005033608991652727,-0.02381463721394539,0.0009079361334443092,-0.10820857435464859,0.05254574492573738,0.08410710841417313,0.003092118538916111,-0.15042071044445038,-0.1934804767370224,0.02798987179994583,-0.02511041983962059,-0.02805008366703987,-0.02150106430053711,0.4594127833843231,0.4061774015426636,-0.19177038967609406,-0.22768373787403107,-0.003807318862527609,-0.010335530154407024
-0.09151029586791992,0.08877498656511307,1.3810688257217407,0.09727740287780762,0.09554162621498108,0.004412285052239895,0.1054472103714943,0.004024873487651348,-0.04322056472301483,-0.028839614242315292,-0.030582256615161896,-0.11904112249612808,0.07772962003946304,0.08264531195163727,-0.025665178894996643,-0.15151521563529968,-0.1376829445362091,-0.029131362214684486,0.10189490020275116,-0.01178473699837923,-0.06383714079856873,0.44802454113960266,0.4019562602043152,-0.20258507132530212,-0.2631724774837494,-0.009597607888281345,0.015118632465600967
-0.09339570999145508,0.0935642421245575,1.381852149963379,0.0928269624710083,0.08548635244369507,0.01663454808294773,0.05844001844525337,0.000278373685432598,-0.059429019689559937,-0.03943011164665222,-0.059824422001838684,-0.13395000994205475,0.07383821159601212,0.07669559121131897,-0.11749568581581116,-0.14837615191936493,-0.13071386516094208,-0.0615798644721508,0.23597389459609985,0.011627499014139175,-0.06300327181816101,0.41780877113342285,0.426516056060791,-0.23324832320213318,-0.28900209069252014,-0.009249238297343254,0.02405097894370556
-0.0899195671081543,0.09202376753091812,1.39274263381958,0.08506684005260468,0.14941230416297913,0.032081082463264465,0.05343225225806236,-0.012453786097466946,-0.014312107115983963,-0.04125749319791794,-0.09665464609861374,-0.13566412031650543,0.08424484729766846,0.056572385132312775,-0.10679209232330322,-0.14475467801094055,-0.1640038937330246,-0.0719071626663208,0.19212006032466888,0.026871901005506516,-0.0851266086101532,0.4057881832122803,0.4618144631385803,-0.24427948892116547,-0.2799105644226074,-0.009738076478242874,-0.011572735384106636
-0.07744026184082031,0.08176819980144501,1.4002530574798584,0.09775011986494064,0.13493724167346954,0.04656418412923813,0.13406546413898468,-0.018983110785484314,-0.020753633230924606,-0.06801003962755203,-0.18549735844135284,-0.11135605722665787,0.04074329137802124,0.02937353029847145,-0.10547953844070435,-0.14366787672042847,-0.14553502202033997,-0.062467195093631744,0.21204233169555664,0.02852572314441204,-0.09112720936536789,0.4121156930923462,0.459239661693573,-0.23124198615550995,-0.23271960020065308,-0.016292018815875053,-0.031468626111745834
-0.06704330444335938,0.07815222442150116,1.40812349319458,0.11111774295568466,0.1154143214225769,0.07101424038410187,0.057840704917907715,-0.026792647317051888,0.0005437699146568775,-0.11290644109249115,-0.31977391242980957,-0.07681528478860855,-0.0637224093079567,-0.005693295504897833,-0.10775209963321686,-0.14229045808315277,-0.1340223103761673,-0.026234187185764313,0.12254655361175537,0.008830117993056774,-0.07727060467004776,0.39538639783859253,0.3084401488304138,-0.2018398493528366,-0.11909648030996323,-0.021985653787851334,-0.04209218919277191
-0.0395808219909668,0.10360036045312881,1.4146449565887451,0.10667014867067337,0.05545678734779358,0.07138323783874512,-0.10680718719959259,-0.02972639724612236,0.001424894668161869,-0.173817440867424,-0.3057803511619568,-0.06349814683198929,-0.1732933074235916,-0.027250058948993683,-0.06679704785346985,-0.10945923626422882,-0.10277707874774933,-0.013440532609820366,-0.12183498591184616,-0.009472250007092953,0.022564353421330452,0.2122393101453781,-0.006141003221273422,-0.03541057929396629,0.04925747960805893,-0.046482935547828674,-0.10525959730148315
0.02333950623869896,0.13889281451702118,1.4244121313095093,0.04548057168722153,-0.02697441540658474,0.022370943799614906,-0.0154264559969306,-0.015178634785115719,-0.006355812307447195,-0.11365730315446854,0.294732928276062,-0.16589047014713287,-0.25936925411224365,-0.03181714937090874,0.0002736039459705353,-0.06656751036643982,0.05580151453614235,-0.06316404789686203,-0.3157135248184204,-0.006704994942992926,0.04522908478975296,0.052504364401102066,-0.23552732169628143,-0.05770488828420639,0.0780990794301033,-0.024214064702391624,-0.07350695133209229
0.06024940311908722,0.15306605398654938,1.4094332456588745,0.003558292519301176,-0.14095313847064972,-0.001063064206391573,0.014045674353837967,7.126980926841497e-05,0.030876534059643745,-0.018828116357326508,0.6231219172477722,-0.20487459003925323,-0.29276910424232483,-0.025850774720311165,0.11037148535251617,-0.05962332710623741,0.15605372190475464,-0.08875517547130585,-0.31690487265586853,0.01657615602016449,0.08721327036619186,-0.006472212262451649,-0.13348914682865143,-0.08700354397296906,0.0494089350104332,0.029766499996185303,-0.08307109773159027
0.04304986447095871,0.11139073222875595,1.4215091466903687,-0.059647079557180405,-0.17775648832321167,0.023656679317355156,-0.07078240811824799,-0.008349436335265636,0.03998977690935135,0.2519703805446625,0.6835229396820068,-0.25361600518226624,-0.33511778712272644,-0.00013929423585068434,0.05721686780452728,-0.003508314723148942,0.12865132093429565,-0.053002871572971344,-0.47755303978919983,-0.006511339917778969,0.10106296837329865,-0.026269102469086647,-0.0665276050567627,-0.08179786801338196,0.003149600699543953,0.00886579416692257,-0.11984845250844955
0.048307519406080246,0.07245258241891861,1.4190815687179565,-0.07717730104923248,-0.14950037002563477,0.0032516373321413994,-5.059037357568741e-05,0.002533447463065386,-0.0011728610843420029,0.41942939162254333,0.5265312790870667,-0.2689971625804901,-0.3101980984210968,0.00327237113378942,-0.027970977127552032,0.03630329295992851,0.06221992149949074,-0.05109487846493721,-0.17284567654132843,-0.005673628766089678,0.05169174447655678,-0.027176454663276672,-0.06774679571390152,-0.08182980120182037,-0.027980489656329155,0.0016590149607509375,-0.11723495274782181
0.060096099972724915,0.06407836079597473,1.411316156387329,-0.08920256793498993,-0.13622251152992249,-0.033935315907001495,0.05575825646519661,0.01565181091427803,-0.017468363046646118,0.47368884086608887,0.4239591360092163,-0.27086809277534485,-0.27727237343788147,0.00028428694349713624,-0.06049264594912529,0.04440569505095482,0.0241303201764822,-0.060586169362068176,-0.10440473258495331,0.0038847853429615498,0.034944526851177216,-0.038267794996500015,-0.09127452969551086,-0.0705932155251503,-0.013325830921530724,0.0006488047656603158,-0.1075294092297554
0.05895117670297623,0.07854839414358139,1.3995847702026367,-0.10531235486268997,-0.12137367576360703,-0.044988129287958145,0.05420247092843056,0.03501160815358162,0.006761580239981413,0.46227580308914185,0.4372788071632385,-0.2670442461967468,-0.2712167799472809,-0.014233918860554695,-0.035704340785741806,0.03471750393509865,0.019484475255012512,-0.05486620217561722,-0.17964406311511993,0.015440425835549831,0.049143604934215546,-0.06879174709320068,-0.10644841194152832,-0.04480239748954773,0.017030715942382812,-0.00226556695997715,-0.07716542482376099
0.04463836923241615,0.08696416020393372,1.3926066160202026,-0.12128215283155441,-0.13308213651180267,-0.03933129832148552,-0.09210271388292313,0.03743201121687889,0.05969282612204552,0.4609658420085907,0.49945831298828125,-0.26465049386024475,-0.2732921242713928,-0.018398378044366837,-0.011121157556772232,0.029316840693354607,0.07073807716369629,-0.03583608567714691,-0.2037316858768463,0.018995968624949455,0.06336202472448349,-0.0889163464307785,-0.11003032326698303,-0.027448385953903198,0.05048425495624542,-0.006396519485861063,-0.051529765129089355
0.02925924025475979,0.08219491690397263,1.3864037990570068,-0.11673508584499359,-0.13983342051506042,-0.03952360525727272,-0.16795404255390167,0.036876074969768524,0.10016466677188873,0.4455837607383728,0.4631471037864685,-0.25633618235588074,-0.22619593143463135,-0.013856431469321251,0.01544787548482418,0.03649967908859253,0.08962076902389526,-0.02027328871190548,-0.17614321410655975,0.021621083840727806,0.07633472979068756,-0.09957169741392136,-0.16183127462863922,-0.019054023548960686,0.08118540048599243,-0.006211954168975353,0.04498942941427231
0.01261535007506609,0.0801088884472847,1.3842633962631226,-0.11700411140918732,-0.14134100079536438,-0.0460035502910614,-0.12419088929891586,0.04244813695549965,0.10458487272262573,0.42002809047698975,0.36279749870300293,-0.22969932854175568,-0.1163032203912735,-0.009564094245433807,0.004844712093472481,0.046584099531173706,0.08761405944824219,-0.009628286585211754,-0.23113849759101868,0.020873377099633217,0.06639184802770615,-0.11878049373626709,-0.26590269804000854,-0.007920774631202221,0.05386323481798172,-0.00044315020204521716,0.038371384143829346
-0.00501251220703125,0.0839734748005867,1.3829413652420044,-0.12072379142045975,-0.08725888282060623,-0.0565352588891983,0.08753407001495361,0.05281928554177284,0.027024807408452034,0.3789108395576477,0.08316036313772202,-0.19182711839675903,0.08095251023769379,-0.006874538958072662,0.019315283745527267,0.05005292966961861,0.0179862380027771,-0.003215246135368943,-0.11742839962244034,0.019921572878956795,0.0265792403370142,-0.13633069396018982,-0.2481662780046463,0.0020979237742722034,-0.017321603372693062,0.010521141812205315,0.03157850727438927
-0.024094104766845703,0.08760418742895126,1.3677418231964111,-0.04570735991001129,-0.007666654884815216,-0.05356762558221817,0.5747544169425964,0.06744761019945145,-0.10373866558074951,0.20220594108104706,-0.22054670751094818,-0.09807559102773666,0.24354074895381927,0.04975327476859093,0.16363778710365295,-0.0019548849668353796,-0.03286687284708023,0.0082900645211339,0.15018495917320251,0.0015496608102694154,-0.05731493979692459,-0.024568073451519012,0.23009712994098663,-0.08168573677539825,-0.21288694441318512,-0.004776970483362675,-0.03148423135280609
-0.060469627380371094,0.10388363897800446,1.3848979473114014,0.015414976514875889,0.11344045400619507,-0.02537383697926998,0.5140193104743958,0.030907664448022842,-0.05473203957080841,0.057080354541540146,-0.06972247362136841,-0.13670717179775238,0.1464294195175171,0.0867924615740776,0.21695071458816528,-0.07969656586647034,-0.14853520691394806,0.04693884775042534,-0.05718475207686424,-0.02379562333226204,0.011787565425038338,0.1501544564962387,0.5181726217269897,-0.18111811578273773,-0.2958049178123474,-0.006952430587261915,-0.003800142789259553
-0.07091045379638672,0.09613820165395737,1.4168822765350342,0.04363119602203369,0.20360565185546875,-0.013383937068283558,0.21805785596370697,-0.005926115904003382,0.022221237421035767,0.005174814723432064,0.044709667563438416,-0.14453206956386566,0.06454018503427505,0.0832001268863678,0.13201062381267548,-0.12184329330921173,-0.2305818349123001,0.05314236134290695,-0.14031550288200378,-0.0213914904743433,0.04957721382379532,0.32294800877571106,0.49979960918426514,-0.23490695655345917,-0.29404810070991516,-0.007849790155887604,-0.025531522929668427
-0.062255859375,0.07042841613292694,1.4264614582061768,0.07617775350809097,0.14770571887493134,-0.018453869968652725,0.2610926330089569,-0.012658409774303436,-0.007101586554199457,-0.016205115243792534,-0.0016877148300409317,-0.1294001191854477,0.014431585557758808,0.07910694181919098,0.1442411094903946,-0.13315652310848236,-0.1861364245414734,0.033013202250003815,-0.01933060772716999,-0.0027302256785333157,0.00856926292181015,0.4438537061214447,0.5102394223213196,-0.27715811133384705,-0.3011783957481384,-0.010030507110059261,-0.013525482267141342
-0.06631088256835938,0.05836465209722519,1.4321242570877075,0.08386413753032684,0.08026263117790222,-0.005318081937730312,0.11799360066652298,-0.019172681495547295,-0.02062755450606346,-0.020742855966091156,-0.015979405492544174,-0.12022384256124496,0.042507532984018326,0.06936215609312057,0.004884455353021622,-0.13183389604091644,-0.12659311294555664,0.023787029087543488,0.032556645572185516,-0.0007614170317538083,-0.008360899984836578,0.4694216549396515,0.4242609143257141,-0.2699599266052246,-0.27372536063194275,-0.012252629734575748,-0.01571355201303959
-0.06512117385864258,0.05565053969621658,1.434269905090332,0.08176272362470627,0.09670602530241013,0.005313289351761341,0.08883523941040039,-0.022292843088507652,-0.023961493745446205,-0.02959504909813404,-0.039744783192873,-0.10669217258691788,0.0570540688931942,0.057207655161619186,-0.04340255632996559,-0.13277305662631989,-0.13824966549873352,0.013368108309805393,0.06827307492494583,0.0016615581698715687,-0.02328476496040821,0.4568387567996979,0.4363923668861389,-0.2681635320186615,-0.2698814868927002,-0.010589933022856712,0.013204274699091911
-0.053365230560302734,0.04692167043685913,1.4322048425674438,0.09284615516662598,0.10100516676902771,0.00872774701565504,0.08313950151205063,-0.019463518634438515,-0.004435779992491007,-0.05040743947029114,-0.10606815665960312,-0.08863633126020432,0.02606726996600628,0.04248233512043953,-0.042735788971185684,-0.13558903336524963,-0.11414122581481934,0.0024410802870988846,0.11149781942367554,0.0029455567710101604,-0.04977799952030182,0.4566798806190491,0.47383129596710205,-0.25824886560440063,-0.24949419498443604,-0.014367740601301193,-0.019632209092378616
-0.0377044677734375,0.03971070423722267,1.4317200183868408,0.11188192665576935,0.08729086071252823,0.013643021695315838,0.09084110707044601,-0.018330015242099762,-0.0004677632823586464,-0.09014781564474106,-0.15787330269813538,-0.06109284982085228,0.012154726311564445,0.022225352004170418,-0.06216703727841377,-0.1302449256181717,-0.10770028829574585,0.006341145373880863,0.12061727046966553,-0.0009763280395418406,-0.05367119610309601,0.43960708379745483,0.46403783559799194,-0.20602631568908691,-0.20595844089984894,-0.023174531757831573,-0.030248763039708138
-0.019474029541015625,0.04687613993883133,1.43366539478302,0.11870984733104706,0.08511912077665329,0.02081950008869171,0.1109590157866478,-0.020100241526961327,-0.009344557300209999,-0.1364688128232956,-0.23329061269760132,-0.029200565069913864,-0.02564227767288685,-0.002987463027238846,-0.0408802293241024,-0.12197256833314896,-0.09768974781036377,0.02482597343623638,0.10677974671125412,-0.007563489954918623,-0.03947453573346138,0.3926123380661011,0.3660394549369812,-0.15715667605400085,-0.14534245431423187,-0.021774977445602417,-0.009359457530081272
0.00441620871424675,0.06931732594966888,1.4348763227462769,0.10361562669277191,0.06506747007369995,0.023283636197447777,0.0282660573720932,-0.020098470151424408,-0.019190236926078796,-0.16752320528030396,-0.2482479363679886,-0.006144007667899132,-0.09113860875368118,-0.029293278232216835,-0.042993057519197464,-0.10646837204694748,-0.09040369093418121,0.0402645543217659,-0.05523727089166641,-0.012228843756020069,0.021329840645194054,0.29611343145370483,0.09737000614404678,-0.09594537317752838,-0.020031647756695747,-0.02049841731786728,-0.026489904150366783
0.03828638046979904,0.09435378015041351,1.4454575777053833,0.01600760966539383,-0.017709922045469284,0.0023306189104914665,-0.153984934091568,-0.006041442509740591,0.02219805121421814,-0.029940592125058174,0.22374723851680756,-0.14357398450374603,-0.24240650236606598,-0.016941513866186142,0.010542981326580048,-0.0170496366918087,0.01824110373854637,0.028876809403300285,-0.42102372646331787,-0.012722112238407135,0.1054297611117363,0.08305823802947998,-0.2465127855539322,-0.10649330168962479,0.11596759408712387,-0.05762314423918724,-0.03226817399263382
0.03508659452199936,0.07575021684169769,1.456894040107727,-0.10656408220529556,-0.19938801229000092,0.011411614716053009,0.014122669585049152,-0.005573773290961981,0.0034321127459406853,0.3052670657634735,0.5659371018409729,-0.24322085082530975,-0.2716382145881653,-0.008086836896836758,0.0045220497995615005,0.06826335936784744,0.2214260697364807,0.04729210585355759,-0.3290146589279175,-0.02445109747350216,0.030182108283042908,-0.04008365795016289,-0.1056564599275589,-0.10572677850723267,0.09014862775802612,-0.08447881788015366,-0.12042105942964554
0.04742923006415367,0.040879856795072556,1.4474581480026245,-0.12736934423446655,-0.19562779366970062,-0.006070262286812067,0.07397834211587906,0.008400886319577694,-0.013085542246699333,0.46428194642066956,0.49232858419418335,-0.2519441545009613,-0.26799899339675903,-0.007976178079843521,-0.01941949874162674,0.11389444768428802,0.08826953172683716,0.03941325098276138,-0.3969886302947998,-0.014412549324333668,0.044455721974372864,-0.061497174203395844,-0.05792804807424545,-0.09434778988361359,-0.016222799196839333,-0.08800733089447021,-0.25525423884391785
0.07823115587234497,0.03857157379388809,1.4358872175216675,-0.13587507605552673,-0.152596116065979,-0.04392179846763611,0.04243047907948494,0.024088533595204353,-0.012965910136699677,0.4884352684020996,0.4322141408920288,-0.2703266441822052,-0.29260289669036865,-0.005772502161562443,0.022880766540765762,0.11110338568687439,0.06895531713962555,0.005844871513545513,-0.10857345163822174,0.0014127311296761036,0.008603939786553383,-0.061802249401807785,-0.0558670312166214,-0.08783426135778427,-0.07464545220136642,-0.08383823186159134,-0.028235265985131264
0.09338736534118652,0.059199560433626175,1.4171091318130493,-0.13432662189006805,-0.111790731549263,-0.055565644055604935,-0.01925140619277954,0.030256375670433044,0.005859923083335161,0.43214380741119385,0.39239031076431274,-0.2726213335990906,-0.2692098915576935,-0.0020342727657407522,0.008345076814293861,0.08473395556211472,0.028084026649594307,-0.009439971297979355,-0.0029811952263116837,0.024349721148610115,0.02514149248600006,-0.07069352269172668,-0.11238934099674225,-0.07167165726423264,-0.05219641327857971,-0.07308633625507355,0.04692502319812775
0.0827668234705925,0.0766887217760086,1.4039243459701538,-0.1412551999092102,-0.16016748547554016,-0.039378631860017776,-0.07161914557218552,0.018367093056440353,0.04318975657224655,0.4109807014465332,0.43351083993911743,-0.27124902606010437,-0.27824199199676514,-0.0034337746910750866,-0.03096725419163704,0.06340475380420685,0.0849914401769638,0.004231700673699379,-0.21816670894622803,0.03690396249294281,0.045953601598739624,-0.07769104093313217,-0.0812990739941597,-0.059715382754802704,0.014429775066673756,-0.06408384442329407,0.02197898179292679
0.07251349836587906,0.0766051709651947,1.3973056077957153,-0.13701078295707703,-0.14684946835041046,-0.03529376536607742,-0.16478881239891052,0.013108293525874615,0.07161305844783783,0.41171011328697205,0.46099358797073364,-0.25752243399620056,-0.26194292306900024,-0.001025007339194417,-0.002521255984902382,0.065635085105896,0.10844479501247406,0.01400897465646267,-0.3010645806789398,0.0417056642472744,0.09780735522508621,-0.08391169458627701,-0.11532054841518402,-0.05503332242369652,0.08354979753494263,-0.07158849388360977,0.03323063999414444
0.0623014010488987,0.07362847775220871,1.4002131223678589,-0.14516007900238037,-0.1624162495136261,-0.04948809742927551,-0.18010002374649048,0.028271596878767014,0.10288168489933014,0.4343876838684082,0.4850856065750122,-0.2204650193452835,-0.22329778969287872,0.005255991127341986,0.00506477989256382,0.0946190282702446,0.1271701604127884,0.01221837941557169,-0.22670878469944,0.03827099874615669,0.07140704244375229,-0.13168656826019287,-0.1978210061788559,-0.033860210329294205,0.09136435389518738,-0.07113232463598251,0.05875497683882713
0.05645442381501198,0.08508960157632828,1.3986384868621826,-0.14741846919059753,-0.15278710424900055,-0.07891906052827835,-0.07514731585979462,0.06434281170368195,0.08599303662776947,0.39797642827033997,0.3438560366630554,-0.1348877102136612,-0.08858516067266464,0.005357400514185429,0.004247836768627167,0.11911989003419876,0.1275840401649475,-0.0037264791317284107,-0.1309676617383957,0.04118542745709419,0.054254721850156784,-0.20391272008419037,-0.30625492334365845,0.0016732563963159919,0.0479951910674572,-0.050556834787130356,0.05785984918475151
0.045081209391355515,0.10697831213474274,1.3932111263275146,-0.13296592235565186,-0.09035461395978928,-0.09870979934930801,0.18705381453037262,0.08947969973087311,0.00926758348941803,0.2942042052745819,0.011069567874073982,-0.03930651396512985,0.11934460699558258,0.005672034341841936,0.030990712344646454,0.10709621012210846,0.08396822214126587,-0.014926206320524216,-0.012735840864479542,0.047001950442790985,-0.006704138126224279,-0.22652654349803925,-0.19230836629867554,0.013544662855565548,-0.024543022736907005,-0.014443663880228996,0.09072975069284439
0.007652004715055227,0.11825592070817947,1.3867629766464233,-0.08611549437046051,0.012611051090061665,-0.07796158641576767,0.6231473088264465,0.08928772062063217,-0.08634818345308304,0.18585005402565002,-0.1955685168504715,-0.02747972495853901,0.26882657408714294,0.03940121829509735,0.21774035692214966,0.05454190820455551,-0.04765491932630539,0.007478555664420128,0.11859130859375,0.01825064979493618,-0.044008273631334305,-0.12250314652919769,0.3263810873031616,-0.04600100591778755,-0.23239633440971375,0.007058970630168915,-0.01897854171693325
-0.036515235900878906,0.12187419831752777,1.3942207098007202,-0.012977994978427887,0.11439689993858337,-0.0540967620909214,0.653687059879303,0.06204958260059357,-0.097307950258255,0.06647753715515137,-0.11573304235935211,-0.09855147451162338,0.18007372319698334,0.09949785470962524,0.25880953669548035,-0.03134624660015106,-0.13024023175239563,0.039827995002269745,-0.02135046385228634,-0.014943070709705353,-0.01500166580080986,0.10134617239236832,0.6066334247589111,-0.16159918904304504,-0.3505306839942932,0.0034436373971402645,-0.05048462375998497
-0.067962646484375,0.10924261808395386,1.420971155166626,0.030721932649612427,0.19246354699134827,-0.02605832740664482,0.310840368270874,0.01939595863223076,-0.005007157567888498,0.014042897149920464,0.03766123577952385,-0.1558043658733368,0.08860589563846588,0.09542834013700485,0.13911211490631104,-0.0938756912946701,-0.21364642679691315,0.0549406036734581,-0.1460106074810028,-0.023854414001107216,0.0511033833026886,0.3298660218715668,0.5447889566421509,-0.24670009315013885,-0.3145679235458374,-0.010364673100411892,-0.0670304149389267
-0.06476736068725586,0.08092358708381653,1.436885952949524,0.06972719728946686,0.16535663604736328,-0.03183119371533394,0.2309872806072235,0.005930495448410511,-0.01592899113893509,-0.009688674472272396,-0.028264179825782776,-0.14143353700637817,0.0293062012642622,0.09667687118053436,0.04109800234436989,-0.09186043590307236,-0.18609541654586792,0.02234816737473011,-0.02609657682478428,-0.005020978394895792,0.007425909396260977,0.42414918541908264,0.4683757424354553,-0.26036617159843445,-0.2928479015827179,-0.016184577718377113,0.0031969372648745775
-0.07390737533569336,0.07249199599027634,1.4403728246688843,0.0819721594452858,0.09796258807182312,-0.017179476097226143,0.03370826691389084,0.0008014291524887085,-0.011918669566512108,-0.027901381254196167,-0.021242287009954453,-0.12666794657707214,0.05604232847690582,0.09078995883464813,-0.05069229379296303,-0.10174346715211868,-0.1486876755952835,-0.0008723468636162579,0.06315628439188004,0.004417815245687962,-0.034059878438711166,0.4414255917072296,0.3949408531188965,-0.2689872086048126,-0.28622129559516907,-0.019930077716708183,0.002085486426949501
-0.0793008804321289,0.07522723823785782,1.4477044343948364,0.08013090491294861,0.0772518515586853,-0.0027198707684874535,-0.08576631546020508,-0.008551745675504208,-0.008243374526500702,-0.05091305449604988,-0.06295368075370789,-0.1039692610502243,0.05170229449868202,0.08101211488246918,-0.11456452310085297,-0.11569879204034805,-0.13116484880447388,-0.02194482646882534,0.11641895771026611,0.0034903541672974825,-0.052235569804906845,0.41811278462409973,0.39341193437576294,-0.2749618589878082,-0.270030677318573,-0.012251745909452438,0.016664158552885056
-0.07623767852783203,0.07023099809885025,1.4580943584442139,0.08704613149166107,0.10319285094738007,0.007801503408700228,-0.002856660634279251,-0.019333284348249435,0.002789584454149008,-0.07625754922628403,-0.10359693318605423,-0.07997950166463852,0.03365221992135048,0.06647049635648727,-0.043834343552589417,-0.12484676390886307,-0.1189766675233841,-0.02175796404480934,0.18207018077373505,0.011149746365845203,-0.05995990335941315,0.40490835905075073,0.4474877119064331,-0.2702207565307617,-0.27811673283576965,-0.017249608412384987,-0.015847904607653618
-0.067901611328125,0.05557434633374214,1.4665480852127075,0.10498543083667755,0.1225978434085846,0.01845586486160755,0.075889952480793,-0.02716793306171894,0.009975711815059185,-0.09990029782056808,-0.18778729438781738,-0.05958154797554016,0.017109135165810585,0.0469978004693985,-0.06761790812015533,-0.13098423182964325,-0.11944952607154846,-0.0025205411948263645,0.1451461911201477,0.008409786969423294,-0.05554702505469322,0.41139912605285645,0.43002021312713623,-0.2473038136959076,-0.22365044057369232,-0.018944861367344856,-0.009090503677725792
-0.05324506759643555,0.04202580451965332,1.4735661745071411,0.1187368780374527,0.09135808050632477,0.02647901140153408,0.08821389824151993,-0.03340275585651398,-0.017026657238602638,-0.11636072397232056,-0.2967607378959656,-0.04371768608689308,-0.03736529499292374,0.023816898465156555,-0.12240669131278992,-0.13369260728359222,-0.0981939435005188,0.027955399826169014,0.12373055517673492,-0.0032469439320266247,-0.037771519273519516,0.4111495316028595,0.32751840353012085,-0.22776935994625092,-0.1425657421350479,-0.01841544918715954,-0.0056054312735795975
-0.027122020721435547,0.03642598167061806,1.4770772457122803,0.1249871626496315,0.05548962950706482,0.024497022852301598,0.04865504428744316,-0.035487622022628784,-0.031031552702188492,-0.13308759033679962,-0.38559865951538086,-0.028333725407719612,-0.138703852891922,-0.0004336402053013444,-0.09322859346866608,-0.13351698219776154,-0.07175511121749878,0.058332666754722595,0.013831600546836853,-0.013162239454686642,0.030229736119508743,0.3868386447429657,0.12661617994308472,-0.20795783400535583,-0.021673021838068962,-0.016678759828209877,-0.007898291572928429
0.01183795090764761,0.03982863575220108,1.477689504623413,0.114378422498703,0.008263344876468182,0.008176530711352825,-0.1060977652668953,-0.03313220292329788,-0.004727046471089125,-0.13215911388397217,-0.09154193103313446,-0.022756287828087807,-0.2883610427379608,-0.02312682755291462,-0.016728311777114868,-0.12392861396074295,-0.03847925737500191,0.07323237508535385,-0.3982373774051666,-0.019930755719542503,0.13754858076572418,0.32111796736717224,-0.2667957544326782,-0.16106069087982178,0.12296565622091293,-0.014404021203517914,-0.03452317789196968
0.055809635668992996,0.04239719733595848,1.4998475313186646,-0.012619581073522568,-0.061640508472919464,-0.02590589039027691,-0.12681260704994202,-0.005554785020649433,0.024351321160793304,0.13749609887599945,0.48554956912994385,-0.21986858546733856,-0.35782870650291443,0.011879601515829563,0.08661335706710815,-0.011514922603964806,0.037457339465618134,0.06010322645306587,-0.643413782119751,-0.018749143928289413,0.19967888295650482,0.08296813815832138,-0.32221829891204834,-0.11598282307386398,0.10986211150884628,-0.10570476949214935,-0.023465709760785103
0.05873069912195206,0.02312864176928997,1.506163477897644,-0.07137752324342728,-0.18292513489723206,-0.028384048491716385,0.06815207749605179,0.0005815933691337705,-0.016106387600302696,0.3380623161792755,0.5600364208221436,-0.2954951524734497,-0.3233354687690735,0.015766019001603127,-0.0041127316653728485,0.05002787709236145,0.1530851274728775,0.06420399993658066,-0.3051578104496002,-0.024476800113916397,0.03320248797535896,-0.0026587587781250477,-0.11526374518871307,-0.07252241671085358,-0.025970561429858208,-0.1260872483253479,-0.07332455366849899
0.07933357357978821,0.01816578023135662,1.5049911737442017,-0.1152166947722435,-0.17836397886276245,-0.05040831118822098,0.02550949528813362,0.016271067783236504,-0.009067559614777565,0.45680227875709534,0.4897308349609375,-0.28201061487197876,-0.28651919960975647,-0.0019764075987040997,-0.03150290623307228,0.06837236881256104,0.10680866241455078,0.03886515647172928,-0.06813906133174896,-0.018030183389782906,0.018328603357076645,-0.032149266451597214,-0.027416877448558807,-0.05701425299048424,-0.05570531636476517,-0.10257315635681152,-0.03396836668252945
0.09955810755491257,0.01720873825252056,1.4971437454223633,-0.11924752593040466,-0.11489173769950867,-0.06492070853710175,-0.057522084563970566,0.026485031470656395,0.018512090668082237,0.47136908769607544,0.33932197093963623,-0.2733285427093506,-0.27587205171585083,-0.011381025426089764,-0.012932728976011276,0.07148629426956177,0.046748172491788864,0.016259191557765007,-0.01149517297744751,-0.006100683007389307,0.04385270178318024,-0.03770613297820091,-0.07854890823364258,-0.05317961424589157,-0.034152619540691376,-0.08752168715000153,0.0885818600654602
0.11466681957244873,0.0384681262075901,1.4734100103378296,-0.09770328551530838,-0.07950745522975922,-0.07951396703720093,-0.14036016166210175,0.026677364483475685,0.034569378942251205,0.37979525327682495,0.3085050582885742,-0.2636011242866516,-0.26086175441741943,-0.0004989260924048722,0.02220313437283039,0.04927150532603264,0.0026254840195178986,0.00027563859475776553,-0.09474033117294312,0.023090971633791924,0.08683910220861435,-0.047123074531555176,-0.1122681051492691,-0.04052606597542763,0.0056298039853572845,-0.07223858684301376,0.127579927444458
0.10689104348421097,0.06260381639003754,1.4580652713775635,-0.1051035076379776,-0.1552731692790985,-0.07640330493450165,-0.08792047947645187,0.018809640780091286,0.05325235426425934,0.3391878306865692,0.394325315952301,-0.2625109553337097,-0.2555907666683197,0.0008674146374687552,-0.0322868637740612,0.034396976232528687,0.10992839932441711,0.005746918264776468,-0.10738203674554825,0.039894480258226395,0.047140587121248245,-0.07531815767288208,-0.10695512592792511,-0.020424632355570793,0.058968931436538696,-0.05766966566443443,0.07075240463018417
0.08772348612546921,0.05786098539829254,1.4625083208084106,-0.1322328895330429,-0.16815780103206635,-0.06744521856307983,-0.14348700642585754,0.028784148395061493,0.0844239667057991,0.39597973227500916,0.4614989161491394,-0.2359182983636856,-0.24010992050170898,-0.006186326965689659,-0.027573812752962112,0.06571652740240097,0.13997575640678406,0.017569687217473984,-0.17378376424312592,0.032345663756132126,0.06375186145305634,-0.11988367885351181,-0.14668698608875275,-0.0029384195804595947,0.07871345430612564,-0.05661257728934288,0.09382887929677963
0.08009782433509827,0.045744702219963074,1.4630504846572876,-0.1386033147573471,-0.1441907435655594,-0.08704651147127151,-0.1288093477487564,0.05339747667312622,0.09214971959590912,0.4219452440738678,0.37450891733169556,-0.21669195592403412,-0.16595838963985443,-0.0083578210324049,0.02128945104777813,0.09440361708402634,0.10585989058017731,0.010276640765368938,-0.1228051409125328,0.031479183584451675,0.05447256192564964,-0.14047522842884064,-0.2531746029853821,0.0009712445316836238,0.03716689348220825,-0.050551362335681915,0.09528794884681702
0.07222677022218704,0.05171428620815277,1.458761215209961,-0.13172100484371185,-0.1116042286157608,-0.11433820426464081,-0.02122769132256508,0.07634377479553223,0.06585023552179337,0.3612671196460724,0.11372917890548706,-0.1466638445854187,0.02255207486450672,-0.007805544883012772,0.013592391274869442,0.10910399258136749,0.07398539781570435,-0.0013667837483808398,-0.03293946757912636,0.03706507384777069,0.039526455104351044,-0.17551200091838837,-0.3142446279525757,0.015366192907094955,0.020103998482227325,-0.03721095621585846,0.16156697273254395
0.040457550436258316,0.07904244214296341,1.429918646812439,-0.04630511626601219,-0.04572402685880661,-0.090245820581913,0.404419869184494,0.10317347943782806,-0.039549775421619415,0.1006619781255722,-0.1699712574481964,0.0738542228937149,0.2864355444908142,0.04008185490965843,0.11682359874248505,0.031137783080339432,0.008980324491858482,0.022946294397115707,0.1176714152097702,0.010484542697668076,-0.026950152590870857,-0.06410062313079834,0.02759704366326332,-0.09498780220746994,-0.1459546834230423,0.005182221066206694,0.07986798137426376
-0.013463973999023438,0.10976192355155945,1.4330055713653564,0.012340842746198177,0.06959604471921921,-0.04910863935947418,0.4158404767513275,0.07637126743793488,-0.015267163515090942,-0.05050255358219147,-0.08877349644899368,0.027631698176264763,0.1908533275127411,0.06642857193946838,0.2691546082496643,-0.0910407304763794,-0.13458718359470367,0.07277899980545044,-0.19841454923152924,-0.02943897619843483,0.039201054722070694,0.16475248336791992,0.44195830821990967,-0.20839999616146088,-0.24732601642608643,0.012516922317445278,-0.012067154049873352
-0.0598597526550293,0.10600493848323822,1.4794297218322754,0.04114623740315437,0.19856685400009155,-0.00430785259231925,0.3305995762348175,0.020202111452817917,0.013595202937722206,-0.09859485179185867,0.003628167323768139,-0.022326074540615082,0.06898567825555801,0.07637100666761398,0.2162231057882309,-0.12075817584991455,-0.21875996887683868,0.09487847238779068,-0.15030184388160706,-0.04977533221244812,0.03781042620539665,0.32004034519195557,0.5481871962547302,-0.2483443021774292,-0.29968932271003723,0.014745977707207203,-0.024687068536877632
-0.07625246047973633,0.08448122441768646,1.5083138942718506,0.05721104145050049,0.20407640933990479,0.0072479769587516785,0.027430981397628784,-0.005982314236462116,0.021384768187999725,-0.08713015913963318,0.01373083982616663,-0.0544767901301384,0.03620802238583565,0.06814014911651611,-0.0481175072491169,-0.11780084669589996,-0.22061535716056824,0.07184536010026932,-0.006923914887011051,-0.023653855547308922,0.009399665519595146,0.42357519268989563,0.42253679037094116,-0.288102388381958,-0.32808271050453186,-0.002086000284180045,-0.044143736362457275
-0.06526994705200195,0.056517135351896286,1.4994524717330933,0.0785604938864708,0.13684283196926117,-0.011344032362103462,0.14256973564624786,0.007769630756229162,-0.0777529776096344,-0.06975752115249634,-0.06457513570785522,-0.06595442444086075,0.0861193835735321,0.07728904485702515,-0.05879100039601326,-0.11183390021324158,-0.12828007340431213,0.010152746923267841,0.12834616005420685,0.0147579750046134,-0.024307111278176308,0.45833414793014526,0.4175635576248169,-0.30540335178375244,-0.3317106068134308,-0.012805487029254436,0.03126171976327896
-0.05737113952636719,0.03576204553246498,1.4885343313217163,0.09283614158630371,0.0762975886464119,-0.019577300176024437,0.13362015783786774,0.021461132913827896,-0.06944435834884644,-0.05761989578604698,-0.11036889255046844,-0.07254727929830551,0.06932570785284042,0.07927216589450836,-0.04109935835003853,-0.10974559932947159,-0.07454754412174225,-0.03612588346004486,0.17478781938552856,0.032786041498184204,-0.03456040471792221,0.43839403986930847,0.4182971715927124,-0.29513630270957947,-0.27966588735580444,-0.016170278191566467,0.01188613660633564
-0.052002906799316406,0.020742282271385193,1.4878253936767578,0.10068307816982269,0.07658921182155609,-0.016526514664292336,0.10651300847530365,0.0229329876601696,-0.012549197301268578,-0.052955303341150284,-0.12291227281093597,-0.06996694952249527,0.033965181559324265,0.07123977690935135,0.007722913287580013,-0.11567439883947372,-0.09815987944602966,-0.05016209930181503,0.18886423110961914,0.036789942532777786,-0.06074974685907364,0.4169853925704956,0.46871209144592285,-0.2754991948604584,-0.2514570653438568,-0.018915101885795593,-0.00933010969310999
-0.044576168060302734,0.006007782183587551,1.4950346946716309,0.11422568559646606,0.0791730135679245,-0.007660337723791599,0.09970223158597946,0.015378381125628948,0.004724178928881884,-0.06442176550626755,-0.18819749355316162,-0.05658119544386864,-0.021243000403046608,0.05410446599125862,-0.0674775242805481,-0.1281755417585373,-0.10472218692302704,-0.03573208674788475,0.1625838726758957,0.031802475452423096,-0.0437944196164608,0.4222637116909027,0.479129433631897,-0.25183114409446716,-0.21174657344818115,-0.024774868041276932,-0.04132576659321785
-0.03558826446533203,-0.0008544921875,1.5066804885864258,0.1300639808177948,0.0630531907081604,0.006051188800483942,0.09982964396476746,0.0022086629178375006,0.01627524383366108,-0.09764877706766129,-0.29395878314971924,-0.03165952488780022,-0.10125478357076645,0.029879571869969368,-0.06712958216667175,-0.1352779120206833,-0.10199315845966339,0.0005573003436438739,0.11262191832065582,0.020241936668753624,-0.023599809035658836,0.41307246685028076,0.39116770029067993,-0.20021581649780273,-0.12705443799495697,-0.022453393787145615,-0.0009421856957487762
-0.015009880065917969,0.02692224271595478,1.5194292068481445,0.12092376500368118,0.041027460247278214,0.007189725060015917,-0.04596515744924545,-0.011095250025391579,-0.0007078163325786591,-0.14494086802005768,-0.30407482385635376,-0.02847352623939514,-0.1670466512441635,0.0025336972903460264,-0.08935703337192535,-0.11161591112613678,-0.09342584013938904,0.023495670408010483,-0.06563126295804977,0.019001692533493042,0.057823553681373596,0.25055503845214844,0.055277615785598755,-0.06308452039957047,0.007199048064649105,-0.027348864823579788,-0.04911564663052559
0.03113393671810627,0.0503511019051075,1.5623352527618408,-0.008118621073663235,-0.014732182025909424,-0.03510195389389992,-0.13207806646823883,-0.011721575632691383,0.003557537216693163,0.10153909772634506,0.30545443296432495,-0.19168861210346222,-0.23835138976573944,-0.0020337344612926245,-0.01555086299777031,0.009408596903085709,0.03844038397073746,-0.021187875419855118,-0.310744047164917,0.00038096713251434267,0.08028052002191544,-0.03921515494585037,-0.24997471272945404,-0.007042998913675547,0.11813265085220337,-0.00847594253718853,-0.03195614367723465
0.025330709293484688,0.030230402946472168,1.578325629234314,-0.08351568132638931,-0.17240335047245026,-0.011765474453568459,0.09604929387569427,-0.0010123784886673093,-0.013954570516943932,0.36976855993270874,0.5119364857673645,-0.2461489588022232,-0.2646822929382324,0.0035880233626812696,0.020769793540239334,0.06941360980272293,0.1934400498867035,-0.0021193816792219877,-0.1466868817806244,-0.02013852447271347,0.023581255227327347,-0.10244940221309662,-0.11974442005157471,0.0022788941860198975,0.03280992805957794,-0.026141135022044182,-0.12577877938747406
0.043643519282341,0.014548244886100292,1.5785489082336426,-0.09895447641611099,-0.1686728596687317,-0.016116004437208176,0.0007322775200009346,0.01257170457392931,0.010238954797387123,0.48478880524635315,0.49565768241882324,-0.2585453391075134,-0.29576390981674194,0.013865262269973755,0.03551267087459564,0.07071884721517563,0.07342933118343353,-0.014225497841835022,-0.33928382396698,-0.016048671677708626,0.07628506422042847,-0.06569363921880722,-0.03271781653165817,-0.02018832229077816,0.0048225559294223785,-0.03213389962911606,-0.13689091801643372
0.06824460625648499,0.01852968893945217,1.5750588178634644,-0.09310656785964966,-0.1120101734995842,-0.03446531668305397,-0.07705750316381454,0.016823982819914818,0.016189953312277794,0.47910821437835693,0.39356309175491333,-0.27759021520614624,-0.30834850668907166,0.017494432628154755,0.018603337928652763,0.054502952843904495,0.043181970715522766,-0.03540658578276634,-0.07800815999507904,-0.007955235429108143,0.0827147364616394,-0.03960016369819641,-0.03444122523069382,-0.03408622741699219,0.01593245193362236,-0.03468622267246246,0.011602620594203472
0.07618634402751923,0.03371485695242882,1.5707088708877563,-0.1010693609714508,-0.11414279788732529,-0.03701275959610939,-0.052749041467905045,0.013604998588562012,0.01480853371322155,0.4538641571998596,0.4077650308609009,-0.2766660749912262,-0.2764649987220764,0.011163560673594475,-0.03301654011011124,0.036776818335056305,0.03300994634628296,-0.03913327679038048,-0.05782989412546158,-0.0014459118247032166,0.07153408974409103,-0.03810802102088928,-0.050019361078739166,-0.032947566360235214,0.029255444183945656,-0.037787411361932755,0.008461961522698402
0.07241421192884445,0.04564784839749336,1.559008002281189,-0.10426023602485657,-0.13128706812858582,-0.02923170104622841,-0.06611000001430511,0.022028420120477676,0.04766545072197914,0.41958746314048767,0.4078177809715271,-0.2547438442707062,-0.25646165013313293,-0.01494467630982399,-0.06135164573788643,0.029784806072711945,0.05737151950597763,-0.032298147678375244,-0.17113268375396729,0.00976523756980896,0.07608436048030853,-0.053410496562719345,-0.07890427112579346,-0.02209564857184887,0.05821782350540161,-0.038715142756700516,0.037386152893304825
0.060971006751060486,0.048717036843299866,1.5490881204605103,-0.11366795003414154,-0.13222913444042206,-0.02947867475450039,-0.12177357822656631,0.025451621040701866,0.05363800749182701,0.41317057609558105,0.46356719732284546,-0.24553009867668152,-0.2514269948005676,-0.021671276539564133,0.007761070970445871,0.03653736039996147,0.09316559135913849,-0.02378685399889946,-0.22406145930290222,0.017742926254868507,0.0792478695511818,-0.07446156442165375,-0.1425105482339859,-0.010453012771904469,0.08852384239435196,-0.034425023943185806,-0.006672191899269819
0.04514516517519951,0.04447207972407341,1.542209506034851,-0.12214747071266174,-0.1373620182275772,-0.04370579496026039,-0.17014266550540924,0.04117751494050026,0.10979440063238144,0.4150119125843048,0.4415152668952942,-0.20022894442081451,-0.19661907851696014,0.015217455103993416,0.06786002218723297,0.07733500003814697,0.09643881022930145,-0.019839107990264893,-0.21255242824554443,0.022245144471526146,0.07465821504592896,-0.14284689724445343,-0.24213539063930511,0.02142191305756569,0.09107130020856857,-0.022539464756846428,0.009510400705039501
0.0355464443564415,0.058219172060489655,1.531073808670044,-0.12534970045089722,-0.14407622814178467,-0.0726030096411705,-0.05827200040221214,0.0696394145488739,0.07889609038829803,0.34797587990760803,0.2855660915374756,-0.09775862097740173,-0.07676016539335251,0.007571791764348745,-0.007705945521593094,0.10155706107616425,0.11064223945140839,-0.028446106240153313,-0.12720274925231934,0.03342346101999283,0.05739050731062889,-0.2195771336555481,-0.30345481634140015,0.05988890677690506,0.03638726845383644,-0.0040680826641619205,0.039471663534641266
0.01330321654677391,0.07838712632656097,1.5225578546524048,-0.12727664411067963,-0.05559135600924492,-0.08280816674232483,0.22656859457492828,0.08433546870946884,0.003425069386139512,0.26486119627952576,-0.015811625868082047,-0.04212140291929245,0.12463129311800003,0.005446125287562609,0.04759330675005913,0.09251515567302704,0.026247695088386536,-0.022160377353429794,-0.027822867035865784,0.04002195969223976,0.00747182872146368,-0.23688063025474548,-0.1284678429365158,0.05937308445572853,-0.05475400388240814,0.0112440912052989,0.07066749036312103
-0.023540019989013672,0.08427330106496811,1.5072894096374512,-0.08353123068809509,0.022102847695350647,-0.06555011868476868,0.6467113494873047,0.08425763249397278,-0.10346047580242157,0.17245985567569733,-0.2005796730518341,-0.046656057238578796,0.22316421568393707,0.04646088555455208,0.1947903037071228,0.04009655863046646,-0.06989094614982605,0.0019874481949955225,0.07926064729690552,0.02082771062850952,-0.048541359603405,-0.11601884663105011,0.4010525941848755,-0.042005203664302826,-0.24423342943191528,0.0099620521068573,-0.05964532122015953
-0.06439065933227539,0.08561378717422485,1.5073084831237793,-0.01161918230354786,0.11594581604003906,-0.03970406949520111,0.6283340454101562,0.06167431175708771,-0.09466417133808136,0.06493362784385681,-0.11098591983318329,-0.12468443065881729,0.15221290290355682,0.094689279794693,0.2404526174068451,-0.04242530092597008,-0.13262662291526794,0.03126133978366852,-0.009032979607582092,-0.009427716955542564,-0.014514977112412453,0.10575954616069794,0.606965184211731,-0.15842366218566895,-0.3285469114780426,-0.0013267290778458118,-0.04969492927193642
-0.08034133911132812,0.07666948437690735,1.540474772453308,0.007795663084834814,0.18564438819885254,-0.03278055042028427,0.2672090232372284,0.023628724738955498,0.005774030927568674,0.04660124331712723,0.03006982058286667,-0.13347703218460083,0.07709034532308578,0.11614713817834854,0.10829329490661621,-0.0547349788248539,-0.20515866577625275,0.03541189432144165,-0.136052668094635,-0.016086740419268608,0.046842750161886215,0.22923821210861206,0.5177785158157349,-0.18929193913936615,-0.2793007791042328,-0.008644302375614643,-0.05897039920091629
-0.06671142578125,0.06373924016952515,1.5400195121765137,0.05220745876431465,0.18582580983638763,-0.04623628407716751,0.18195503950119019,0.02668452449142933,-0.0072030876763165,-0.010907444171607494,0.014973577111959457,-0.10758649557828903,0.06128210946917534,0.11578255146741867,0.049608342349529266,-0.09423725306987762,-0.20723667740821838,0.005109637510031462,-0.06353826820850372,-0.003559538396075368,0.001242261379957199,0.3731686770915985,0.4395809769630432,-0.23973748087882996,-0.28189611434936523,-0.005813094787299633,0.00029335758881643414
-0.07028675079345703,0.05884024128317833,1.5563608407974243,0.06195235997438431,0.09131907671689987,-0.03665803372859955,0.07782534509897232,0.00912490300834179,-0.02027365006506443,-0.02698328159749508,-0.012044377624988556,-0.09278558939695358,0.07734566926956177,0.10719376802444458,0.01647179387509823,-0.09972260147333145,-0.12721163034439087,-0.0027632226701825857,0.042663004249334335,-0.01680934987962246,-0.036373332142829895,0.4022917151451111,0.4052799940109253,-0.2581518888473511,-0.2646372616291046,-0.019119249656796455,-0.03607619181275368
-0.07159185409545898,0.059635136276483536,1.5749688148498535,0.060058217495679855,0.11872266232967377,-0.026023250073194504,0.09005101770162582,-0.011222750879824162,-0.008720776066184044,-0.03876226022839546,-0.015895219519734383,-0.07971231639385223,0.07740836590528488,0.09575606882572174,-0.03308045119047165,-0.10764767229557037,-0.1557185798883438,0.0028860236052423716,0.07810941338539124,-0.016908805817365646,-0.016803331673145294,0.4018312096595764,0.41229748725891113,-0.26118671894073486,-0.2649569809436798,-0.024004945531487465,0.005659176968038082
-0.06197929382324219,0.04530689865350723,1.575039267539978,0.08757180720567703,0.1362178474664688,-0.02074064314365387,0.1102939024567604,-0.01078646257519722,0.005566729698330164,-0.06922987103462219,-0.09190995991230011,-0.06267222762107849,0.051056768745183945,0.08121830224990845,-0.03612840920686722,-0.11777043342590332,-0.14065790176391602,0.012636933475732803,0.11152780055999756,-0.005538135301321745,-0.046504490077495575,0.4165751039981842,0.45532381534576416,-0.2573128342628479,-0.2571527659893036,-0.01988864690065384,-0.003305944846943021
-0.053591251373291016,0.02959468960762024,1.5731996297836304,0.10856969654560089,0.09899038076400757,-0.008532090112566948,0.0866110771894455,-0.009206940419971943,0.0011156890541315079,-0.08326049894094467,-0.1776081770658493,-0.0543222613632679,0.025207489728927612,0.06104087457060814,-0.06193089857697487,-0.12471514940261841,-0.10562558472156525,0.03460206463932991,0.09867924451828003,-0.013207734562456608,-0.05627419054508209,0.4195263981819153,0.4103005528450012,-0.25595659017562866,-0.1914854198694229,-0.018060529604554176,-0.03320541977882385
-0.035405635833740234,0.02168472483754158,1.5709766149520874,0.12728974223136902,0.09098848700523376,-0.004029201343655586,0.01844117045402527,-0.006693345960229635,0.0021317871287465096,-0.11114443093538284,-0.26864951848983765,-0.03756677731871605,-0.03101176954805851,0.038696203380823135,-0.11108559370040894,-0.1322726309299469,-0.10458680987358093,0.052761517465114594,0.08836909383535385,-0.025571169331669807,-0.04091232270002365,0.4003084599971771,0.3092993497848511,-0.2120865136384964,-0.10217460989952087,-0.017772825434803963,-0.023120330646634102
-0.0045833587646484375,0.021812546998262405,1.5732808113098145,0.1329244077205658,0.058287300169467926,-0.011912819929420948,0.008914885111153126,-0.0076055461540818214,-0.01652666926383972,-0.13213172554969788,-0.3155311346054077,-0.022480828687548637,-0.13605159521102905,0.01566155068576336,-0.09827665984630585,-0.13729920983314514,-0.08309482038021088,0.06253358721733093,-0.01008269190788269,-0.031730733811855316,0.023192066699266434,0.37020477652549744,0.07701390981674194,-0.18313191831111908,0.008287163451313972,-0.019549230113625526,-0.06829877942800522
0.03294359892606735,0.030428249388933182,1.580574870109558,0.1098625436425209,0.01706434041261673,-0.028102679178118706,-0.13483572006225586,-0.011631426401436329,0.01797124557197094,-0.10926734656095505,0.000622275285422802,-0.04421989619731903,-0.27530625462532043,-0.0062440126203000546,-0.020155109465122223,-0.11313559114933014,-0.05422941967844963,0.05864587798714638,-0.3859461545944214,-0.02524000033736229,0.14805439114570618,0.25867247581481934,-0.2513527274131775,-0.10293957591056824,0.1335827261209488,-0.021811703220009804,-0.06207491457462311
0.09068471193313599,0.04342479631304741,1.5711545944213867,0.08432198315858841,-0.056721873581409454,-0.06341023743152618,-0.12416871637105942,0.00837198831140995,0.04129838943481445,-0.08785217255353928,0.5078274011611938,-0.05321308225393295,-0.33076778054237366,-0.03145666420459747,0.08272376656532288,-0.10320912301540375,0.047384586185216904,0.03195614740252495,-0.5074315667152405,0.003949285950511694,0.14863818883895874,0.21730275452136993,-0.26058876514434814,-0.1601838767528534,0.0953620970249176,-0.07802453637123108,-0.051443349570035934
