sim2sim_base_euler_roll,sim2sim_base_euler_pitch,sim2sim_base_euler_yaw,sim2sim_dof_pos_0,sim2sim_dof_pos_1,sim2sim_dof_pos_2,sim2sim_dof_pos_3,sim2sim_dof_pos_4,sim2sim_dof_pos_5,sim2sim_dof_pos_6,sim2sim_dof_pos_7,sim2sim_dof_pos_8,sim2sim_dof_pos_9,sim2sim_dof_pos_10,sim2sim_dof_pos_11,sim2sim_target_dof_pos_0,sim2sim_target_dof_pos_1,sim2sim_target_dof_pos_2,sim2sim_target_dof_pos_3,sim2sim_target_dof_pos_4,sim2sim_target_dof_pos_5,sim2sim_target_dof_pos_6,sim2sim_target_dof_pos_7,sim2sim_target_dof_pos_8,sim2sim_target_dof_pos_9,sim2sim_target_dof_pos_10,sim2sim_target_dof_pos_11
-1.967283559882326e-05,0.0013089874472836654,0.0004212992369926547,-2.755228315739939e-21,9.535779027475179e-21,-3.040631504251866e-20,-6.059217974425178e-20,-1.6810454603487832e-20,-1.4694366937527292e-21,-1.404110540978484e-20,1.9663017114222505e-20,1.619523750126543e-20,3.217068924235202e-20,1.6810454603487832e-20,-1.7206365914238464e-19,0.04499322548508644,0.09494541585445404,-0.007153198588639498,0.0037863273173570633,-0.15786418318748474,0.14386485517024994,-0.06607195734977722,0.008592002093791962,-0.0017665429040789604,-0.047192491590976715,0.19958308339118958,-0.012601442635059357
-0.009448125173272367,-0.00024528440884857,0.002599947750841782,-0.0025960853707585507,0.011602344947657967,-0.014617713317257464,-0.036432101301791184,-0.0545983350179233,0.021655674722593755,-0.004228139608149065,0.01213572376349396,-0.008325554740857211,-0.005102794080766036,0.039926004940884635,-0.0009594899293196027,-0.0056932359002530575,-0.013911943882703781,0.06358311325311661,-0.042465806007385254,0.04862026125192642,-0.056341007351875305,-0.03439654782414436,-0.03446127846837044,-0.00961605180054903,-0.09188079088926315,-0.0015019997954368591,-0.07424366474151611
-0.02359946120632044,-0.015308929140152281,0.006172160656969786,-0.004717639705729002,0.023717963160643764,0.02043378803113775,-0.007437515614841609,-0.000427021172852737,-0.021956923765632668,-0.006974585145196998,0.027093440810351883,-0.06514611141837912,-0.08100210341972838,-0.03352098261488346,-0.00960764609152405,0.025413384661078453,0.06599545478820801,0.027912156656384468,0.029824741184711456,-0.150898739695549,0.12160635739564896,-0.09190663695335388,0.03671222925186157,-0.0305388905107975,-0.055939920246601105,0.18387646973133087,-0.04435297101736069
-0.02417893107473027,-0.023213358672003727,0.008765948381941998,-0.0066014986861501115,0.02279177117063145,0.03188960539847595,-0.003986071900494308,-0.032970542593093975,0.007979896797857405,-0.02053067901376409,0.028761362419145464,-0.052771963596671294,-0.01942462265429801,0.09651263182594268,-0.018440745882303187,0.04127369448542595,0.029376797378063202,0.05443399026989937,-0.0517282709479332,0.030914306640625,0.028474237769842148,-0.02874099835753441,-0.03637485206127167,-0.04003524035215378,-0.027485840022563934,0.031349651515483856,-0.0664743036031723
-0.024597314161297915,-0.025648814299892953,0.009034961382631995,0.016777511969010315,0.01943625562977938,0.02092794974503441,-0.047537088410678385,-0.007662237999121,0.016123296988035603,-0.03476233684025615,0.028266880013101767,-0.05395165480204158,-0.019117031263162772,0.05879524599116876,-0.05034226809809237,0.020983543246984482,0.15915322303771973,-0.032281193882226944,-0.029181338846683502,-0.021126091480255127,0.1686878204345703,-0.06322341412305832,0.06881113350391388,-0.0455186627805233,0.05877646058797836,0.18865960836410522,0.08167434483766556
-0.025129958066609,-0.020689558507347064,0.008781554017764232,0.016712832162660354,0.02165353973204754,0.007521709134289792,-0.06987693996658657,-0.04688793302703352,0.10211064510013479,-0.058061082291600424,0.028109332832799587,-0.01237751743421541,0.07276386336707383,0.14703444340446092,0.042482732427136106,0.003625622484833002,-0.04482756927609444,0.07226808369159698,-0.141172856092453,0.1425575166940689,-0.03646593168377876,-0.017796695232391357,-0.12530013918876648,0.032449182122945786,0.07053054124116898,0.1306016743183136,-0.13221439719200134
-0.023645536654154035,-0.019702972338390412,0.0073387614232247635,0.019940109324009466,0.0240523152632937,0.001217996755454789,-0.09377193870959233,-0.03291222043993053,-0.0005555221674845282,-0.04848441972039767,0.016850026179591374,0.004974715781978571,0.11141349090186302,0.13862746956826383,-0.0763297466524574,0.023079046979546547,0.26219451427459717,-0.018085559830069542,-0.07018871605396271,-0.09854549914598465,0.24843092262744904,-0.06757202744483948,0.12088605761528015,0.030920743942260742,0.17526376247406006,0.1435864269733429,0.15193569660186768
-0.020750171651989693,-0.02417355080575293,0.0016168779085431594,0.016955515862798462,0.03303273528263169,-0.0066307243228875,-0.11835765508654433,-0.0831028975465611,0.07508747168019589,-0.03928293027563129,0.006732920567729192,0.036666213860165754,0.17977070918863494,0.1370281400903817,0.08173167800099099,-0.02178485132753849,-0.08303749561309814,-0.0031591621227562428,-0.16500219702720642,0.1486818641424179,0.03611210733652115,-0.00426472770050168,-0.16895312070846558,0.06288912892341614,0.16458585858345032,0.24713273346424103,-0.07597292214632034
-0.017420259570044873,-0.019907592100330326,0.0030532936411863127,0.015480284747678477,0.03047711990432281,-0.03180934461812876,-0.1574122275086863,-0.0819364980311911,0.01949245032322701,-0.02634792019125019,-0.01265571431948287,0.05597756804695059,0.20652679421119816,0.20767677571624105,-0.02345321824664551,0.058594413101673126,0.353351354598999,-0.0328504741191864,-0.10500150173902512,-0.17969250679016113,0.2174064964056015,-0.03097369521856308,0.06644373387098312,0.07126304507255554,0.24759575724601746,0.06209254264831543,0.09267175942659378
-0.0038435110234683652,-0.01996606539287133,0.000614493387319242,0.019741622698841464,0.02540738158621276,-0.03736196818575524,-0.1648257352264136,-0.10241932826186416,0.02908876773459979,-0.007262006572401683,-0.039943019496479805,0.07602579123461732,0.22545627214927472,0.11482100940624852,0.05395141134847792,0.004969025496393442,0.025599190965294838,-0.05552928149700165,-0.16831856966018677,0.05695424601435661,0.19998282194137573,-0.0008127703331410885,-0.14739541709423065,0.07794702798128128,0.21698471903800964,0.24167925119400024,0.014499509707093239
0.005659434900667718,-0.01881260040274171,0.001046949168122052,0.018950233414903574,0.010565200080506947,-0.056894240686820294,-0.20013292197285787,-0.11829985134312528,0.056398478060323415,-0.0011977667693255267,-0.06544665467995152,0.08688920335992756,0.23813693476927106,0.18518796268382193,0.029880377401956214,0.05771506205201149,0.29969537258148193,-0.03892558813095093,-0.13869920372962952,-0.14274461567401886,0.17190273106098175,-0.008571144193410873,0.013894585892558098,0.07903137803077698,0.21158355474472046,0.11865533888339996,0.0751294419169426
0.011037826110645452,-0.02609951502844458,0.0015141977217846855,0.019857138504670368,0.017076267809025228,-0.04730148035682977,-0.19996199464763487,-0.12046287029484792,0.014032634762119297,-0.0010042880545388473,-0.07268594830826766,0.0697760645899946,0.20274195384911606,0.10674659431757554,0.06527229499749489,-0.024164004251360893,0.07448476552963257,-0.0316341407597065,-0.18104761838912964,0.02996654063463211,0.19636692106723785,-0.0008544246666133404,-0.14929397404193878,0.0915631577372551,0.2013319432735443,0.20935377478599548,0.0407206229865551
0.012300433095490398,-0.03138377473189744,9.575234974163896e-05,0.018851738395970638,0.016133836222932896,-0.043823713315239814,-0.20722200188592863,-0.12531955929124328,0.01425821237528542,-0.005283967700486079,-0.07647422549056236,0.07494839148749277,0.22980441892920786,0.145908753787424,0.06042823309427629,0.07730048149824142,0.23629017174243927,-0.07683407515287399,-0.11927621811628342,-0.20515750348567963,0.1948889046907425,-0.008820947259664536,-0.02056822180747986,0.09187423437833786,0.2213318645954132,0.1194864809513092,0.06648997962474823
0.01421483930887728,-0.022921134205783053,-0.0007264720114485326,0.02102332266909571,0.02123315237683126,-0.05170882014056418,-0.20308169309989352,-0.12421405492842866,0.010302521668421934,-0.008946612542829496,-0.07065056928439874,0.08674875266581013,0.22038230728215286,0.11846019306273617,0.059629170307559716,0.0010372684337198734,0.16087663173675537,-0.004995682742446661,-0.17753922939300537,0.0581267774105072,0.162618488073349,-0.023059001192450523,-0.1347150355577469,0.07438599318265915,0.24629321694374084,0.17010949552059174,0.06833631545305252
0.014491236874009055,-0.0201956699299637,-0.0034069919879883485,0.02331488893335602,0.027099716175795634,-0.036996385550423276,-0.18249017621840716,-0.1164597467239244,-0.008517019905487689,-0.00971301393312719,-0.06709735219866826,0.08892628514150826,0.2356407474699122,0.15278066034739374,0.06697180992329874,0.03416283801198006,0.16528770327568054,-0.06572648882865906,-0.13501322269439697,-0.11552232503890991,0.23178218305110931,-0.0003814864903688431,-0.025287818163633347,0.11498561501502991,0.21542903780937195,0.11026734858751297,0.06338488310575485
0.014414049252555614,-0.01940444348645769,-0.0048943744931082426,0.024609780088625622,0.030052772248187955,-0.04485828086824198,-0.19095230369936353,-0.1219925801773423,0.04329677922829854,-0.01283266176403586,-0.05825010328810693,0.08929826426986333,0.22281108045276243,0.11653595042524487,0.06256859940178147,0.009851012378931046,0.17989854514598846,0.007093637716025114,-0.15585869550704956,-0.04102296009659767,0.08466622233390808,-0.025601167231798172,-0.09528157114982605,0.09199564903974533,0.2558058798313141,0.10698641836643219,0.07039593160152435
0.013615274046455045,-0.01589277357312008,-0.00761565403924597,0.027067079952609867,0.04169633395205885,-0.026806710356040507,-0.15940484109204064,-0.10706607216264218,0.006663530693906027,-0.016364219932072068,-0.05013296903323487,0.09825243010494987,0.2442649197704979,0.11259165126318985,0.0694027293726928,0.01796281896531582,0.1375383734703064,-0.0465385802090168,-0.1466163545846939,-0.07449915260076523,0.257263720035553,-0.007033283356577158,-0.07678458094596863,0.11270458251237869,0.22422859072685242,0.14623698592185974,0.015188179910182953
0.013171917985705849,-0.017252105562182103,-0.00927820197913119,0.028051778155091047,0.04579168149191971,-0.031961830152760856,-0.17383646464549993,-0.1166183595823549,0.0822752152223113,-0.017139760942015962,-0.04257959007941369,0.09656177433239184,0.24174933997311926,0.12528705047587577,0.03200777244572315,0.026440607383847237,0.17704524099826813,0.014667779207229614,-0.14378875494003296,-0.006700336933135986,0.03145284578204155,-0.02162753790616989,-0.053156252950429916,0.10127706080675125,0.24709203839302063,0.06826658546924591,0.0662551149725914
0.011122261306611654,-0.018655311943100304,-0.01093961795412378,0.025854384048579905,0.06095119418717861,-0.011993826248281256,-0.13977798503955213,-0.09926329859588964,0.016668419927048594,-0.01393945926800315,-0.0368025977943186,0.0903135407740078,0.2302094787534022,0.09074851141762816,0.05664848487620705,0.006896086502820253,0.09394946694374084,-0.013772055506706238,-0.12277161329984665,-0.07639040797948837,0.20544323325157166,-0.012151356786489487,-0.0656573474407196,0.09514536708593369,0.1902891993522644,0.11763010919094086,-0.025765102356672287
0.010837211888004619,-0.022761554236968205,-0.012114331867324425,0.026052495810707236,0.06569292833823864,-0.007919662425566774,-0.1426081772119385,-0.10448720017797412,0.05264980027691406,-0.013258560316674026,-0.03371505450134782,0.07541743849426856,0.1971988060918234,0.09662131454875691,-0.0010015930405546962,0.037280745804309845,0.1834123432636261,0.01650382950901985,-0.10722046345472336,-0.06060445308685303,-0.0042238859459757805,-0.019308775663375854,-0.017139475792646408,0.0694190040230751,0.1863570511341095,0.046138256788253784,0.016991615295410156
0.012646934556654048,-0.025019385265065978,-0.011927467745943103,0.023662324629203885,0.07576822565181246,0.010778563289365389,-0.1066628961559301,-0.08645390269251477,-0.0034907934346670036,-0.01475428308121127,-0.031158173177505855,0.06097882901656397,0.158776041482051,0.0669425120819091,0.010664036095864027,0.01139885000884533,0.036647167056798935,0.001233201939612627,-0.101068414747715,-0.038689687848091125,0.07428409904241562,-0.0021827020682394505,-0.03810837119817734,0.05442570522427559,0.1263098418712616,0.107294961810112,-0.013879026286303997
0.01369317434875143,-0.02475324923088306,-0.013062346186881619,0.024022086816002822,0.08264314084263982,0.009795627533078792,-0.11153768163350875,-0.08827038942342108,0.004488259322597317,-0.014778825730122904,-0.029762421923158283,0.05296289303258225,0.1345541357329624,0.068587315340991,0.016408169232262432,0.043914806097745895,0.12000559270381927,0.004452964756637812,-0.08295273780822754,-0.07172375917434692,-0.03054497018456459,-0.0015986827202141285,0.025859300047159195,0.053337737917900085,0.09182580560445786,0.09052619338035583,-0.024407945573329926
0.012548434944579528,-0.01959466703883829,-0.01345984784607365,0.028305959234109723,0.09706380115706174,0.010498994753340714,-0.09684204012537485,-0.07920485023955033,-0.03672134203663808,-0.013416476145756123,-0.015558169114638436,0.05154208382586207,0.12044689328702714,0.044939823362367765,0.003649851193460988,-0.00310119753703475,-0.0032807961106300354,0.04157121852040291,-0.08576343208551407,0.04672204703092575,-0.04707026854157448,-0.0030387076549232006,-0.02220163494348526,0.02748938649892807,0.09098896384239197,0.05734056234359741,-0.01935293897986412
0.011028533214974948,-0.023976158843393252,-0.01608796935155945,0.028820741292924362,0.11155422581437535,0.03490146836478132,-0.0690151613147207,-0.07010907207190048,-0.06963484283243682,-0.012041709745728236,-0.0032183760657477824,0.03709987344227826,0.11176534856868774,0.044543102700386555,-0.00844986558119501,0.04851674288511276,0.02180115133523941,0.010882653295993805,-0.05937408655881882,-0.015674574300646782,-0.07332302629947662,0.007807640824466944,0.04726848006248474,0.04602283611893654,0.030303331092000008,0.12360112369060516,-0.027632419019937515
0.010502394458579173,-0.022646666463395287,-0.016506178094270678,0.03514619049516668,0.11839685404605038,0.034772415350627126,-0.059288403805874426,-0.0583891921091381,-0.07278572635209442,-0.012127382766765019,0.008608586717677835,0.026326718770953952,0.08581711602703154,0.033061079393398904,-0.016618429273210923,0.020370861515402794,0.002640955150127411,0.053321536630392075,-0.06861431151628494,-0.010440884158015251,-0.09881184995174408,0.004052063915878534,0.013452794402837753,0.0005963407456874847,0.07584172487258911,0.01942197047173977,-0.04255332052707672
0.011446772601165875,-0.016429199506454478,-0.01668387779045125,0.041623193224077246,0.11400292473393409,0.034539270397309835,-0.05192792317815865,-0.04094927358576863,-0.0871404650343256,-0.01067191146603334,0.0158493298489301,0.019440430149774243,0.07094097294275001,0.029349004520461224,-0.028534263267477256,0.040367491543293,0.05742545798420906,0.006274411920458078,-0.038633476942777634,-0.008189171552658081,-0.03619378060102463,-0.0005705072544515133,0.042499203234910965,0.022961582988500595,0.008684948086738586,0.10539592802524567,0.003878507763147354
0.013642058543506048,-0.011568583278367036,-0.014901951046786302,0.051598781639028285,0.10491796731749116,0.029002353624660852,-0.04467918833875894,-0.04059179515103867,-0.04852704084978965,-0.011720467951465946,0.022262626468565548,0.013008461624997848,0.0503585863172641,0.02171600732884709,-0.03677941960861302,0.03556737303733826,0.0020939502865076065,0.05797271057963371,-0.07769625633955002,-0.04430993273854256,-0.11031030118465424,0.013333996757864952,-0.029318034648895264,-0.009003511629998684,0.0333360880613327,-0.008802015334367752,-0.12769684195518494
0.016467267423849408,-0.009189911655151928,-0.014301606455345681,0.052555040540772015,0.09130312012847616,0.025108464479248808,-0.05942660221257156,-0.04670346497121552,-0.08909657988411285,-0.012242841113111915,0.02564656667113427,0.00253305088799344,0.036323289267680456,0.017705226264892817,-0.04347108419431134,0.038416434079408646,0.07989609241485596,0.006812574807554483,-0.04571058228611946,-0.024441301822662354,0.04462825134396553,-0.013807473704218864,0.061785757541656494,0.01093299314379692,-0.0014949589967727661,0.06179635971784592,0.013579785823822021
0.019191803761626065,-0.011603925468845122,-0.013580161069461003,0.04433855084413818,0.07342586858773055,0.028707331265476702,-0.06028696985341274,-0.04367804815561435,0.0075882959504153715,-0.01240621496156059,0.0295569823759936,-0.006382638152376397,0.02615627094350413,0.01504952292686439,-0.04424805496247635,0.022295648232102394,0.010325136594474316,0.03734787553548813,-0.09328896552324295,-0.08399281650781631,-0.10658290982246399,0.007269690744578838,-0.10349096357822418,-0.03207820653915405,0.0031798817217350006,0.02857077121734619,-0.18032464385032654
0.02193701520248381,-0.011183252136283047,-0.01241327158191785,0.029978713158638887,0.05765736254908537,0.02383265163838453,-0.08358337282403831,-0.07663653790334775,-0.0724183265821483,-0.014090824249501997,0.03140677383829072,-0.015363876649083213,0.01803795981413681,0.015327586591305667,-0.05303333551987123,0.04739198461174965,0.10897196829319,0.003063569311052561,-0.08990440517663956,-0.045968834310770035,0.0898156389594078,-0.02160487323999405,0.055796876549720764,-0.003293147310614586,0.018570352345705032,0.014865480363368988,-0.001776229590177536
0.023536101800628505,-0.012749562153140173,-0.012997691186876888,0.02864745613423764,0.039227027741454375,0.013434278187023764,-0.11042948133817489,-0.05539467472099691,0.04185478146736525,-0.013693547470663238,0.0343004067301316,-0.010226369185173627,0.03154168670196271,0.02373394329626824,-0.041342451699668444,0.008198834955692291,-0.025424446910619736,-0.022433627396821976,-0.12883657217025757,-0.07265286147594452,-0.10727251321077347,0.0023750956170260906,-0.1409958004951477,-0.0361165925860405,-0.013022109866142273,0.08785565197467804,-0.22230631113052368
0.023092496445658636,-0.005171148693714921,-0.010663243599165326,0.022733642624020736,0.02460357577693401,-0.007065474040625732,-0.13772985830696122,-0.057363382195968204,-0.06337207381670548,-0.016173486950954646,0.036595199602251965,-0.010163702218587613,0.024080718942074912,0.02746758047652931,-0.06292024351672978,0.05182924494147301,0.11581714451313019,-0.0020634345710277557,-0.15980777144432068,-0.09638619422912598,0.06834328174591064,-0.012274181470274925,0.040327075868844986,-0.0036871926859021187,0.05014219880104065,-0.052828773856163025,-0.017367318272590637
0.021135032464897976,-0.0027348520457314987,-0.011154256534314198,0.030336998246292927,0.012033336573711995,-0.0205620270746119,-0.1685837391773314,-0.08954895670839289,0.027614877864805914,-0.01460886616575281,0.04414255063875131,0.001882029992407219,0.0496247346955126,0.031924384844822205,-0.05069642353307194,-0.008404044434428215,-0.03604111447930336,-0.07745201885700226,-0.17029401659965515,-0.07436396181583405,-0.07461922615766525,-0.0012601935304701328,-0.17771615087985992,-0.025158975273370743,-0.0030502192676067352,0.1660396158695221,-0.2536562979221344
0.019390556694836667,-0.002276339236304208,-0.009205544093629767,0.017394346036150067,0.0013758279604964858,-0.03686798575367762,-0.18441114277236612,-0.06931296705084394,-0.04457685826622933,-0.017582833984398534,0.0454105010285961,-0.0004999821206081349,0.043367018859303205,0.04280823501488261,-0.06540769331268559,0.05827774479985237,0.10526597499847412,-0.02192702516913414,-0.21581554412841797,-0.13060766458511353,0.025271259248256683,-0.009583987295627594,0.028630893677473068,0.0019442979246377945,0.07109558582305908,-0.07094550132751465,-0.04892896115779877
0.018477744375210034,0.0025303907914179984,-0.00882171548099469,0.020596682042539095,-0.006084501051573745,-0.05380298299399782,-0.21849273651627085,-0.11733224746692017,0.0019051092688251213,-0.017058816888790265,0.05304224788086195,0.009069595119474756,0.06625622147685581,0.04655984551067002,-0.06655487512549499,-0.007981248199939728,-0.021541450172662735,-0.11719222366809845,-0.213718444108963,-0.09222033619880676,-0.05337107181549072,-0.005833862815052271,-0.1599912941455841,-0.02209560200572014,0.02332426980137825,0.17922766506671906,-0.2149372696876526
0.012307556436958252,0.001982843353201152,-0.006712921838833948,0.015587718062261158,-0.010500788267855117,-0.06839546273987906,-0.23313680326503258,-0.09139328611893685,-0.037782063617345193,-0.018988697539126253,0.05602536268905274,0.007209187659656094,0.06827905497880862,0.06083022698840872,-0.07011862882386014,0.05227000638842583,0.07850910723209381,-0.05287972465157509,-0.25329750776290894,-0.14435476064682007,-0.02171880006790161,-0.010510493069887161,-0.01105944812297821,0.007527575828135014,0.06881614029407501,-0.04866810142993927,-0.09345798939466476
0.010966823159172348,0.0014713690601340387,-0.00655203500280833,0.020364469652056724,-0.011312627907062736,-0.0794701376065174,-0.24899495456522136,-0.12973816545450667,-0.029171740178552983,-0.017811856833684605,0.06299045097858948,0.007415227462679761,0.0768734879985899,0.0628772820305902,-0.07156632514190121,0.001786812674254179,0.016584191471338272,-0.12967151403427124,-0.23946082592010498,-0.11291079223155975,-0.03056515008211136,-0.008975610136985779,-0.13275104761123657,-0.02014164999127388,0.0528593584895134,0.1499006301164627,-0.20194116234779358
0.007335563755116924,-0.002139779609336579,-0.007539389373647095,0.019420311200896156,-0.008961289862504955,-0.08894481812206582,-0.2514615089709997,-0.11272818787757173,-0.03160246142512222,-0.018935253683805713,0.06786711504513465,0.007849222275361629,0.08950040528553362,0.07809766660527744,-0.07673557550183491,0.03993583098053932,0.043013058602809906,-0.08486144989728928,-0.2660519778728485,-0.15638455748558044,-0.05010986328125,-0.010244613513350487,-0.058628011494874954,0.011591012589633465,0.060760580003261566,-0.004080343991518021,-0.15986770391464233
0.004921707751115823,-0.0008923603918069705,-0.005747900585637013,0.01938138174774676,-0.002128275467671895,-0.10104258409917136,-0.25780637453026767,-0.14190931451699393,-0.04626024576929806,-0.019310079832291605,0.07493833858638117,0.007814655074220928,0.09779794514985679,0.08397666088813331,-0.07821299345124172,0.01623138040304184,0.04767896980047226,-0.12608183920383453,-0.25521689653396606,-0.12907028198242188,-0.034806445240974426,-0.01652034930884838,-0.1371612846851349,-0.013505506329238415,0.07966969162225723,0.11111186444759369,-0.1925395429134369
0.003387809039391169,-0.00402217242210848,-0.005807168454531884,0.021514569085705156,0.0020125556900932135,-0.10708343628145113,-0.2545949327145816,-0.13088549499857594,-0.039775643103333945,-0.019137475194084045,0.07629636752307145,0.004524541197402033,0.10604464866462253,0.09405574252572307,-0.08175470999934048,0.022373927757143974,0.0056728795170784,-0.13334141671657562,-0.28356122970581055,-0.1600375771522522,-0.06969747692346573,-0.001299124676734209,-0.02064165100455284,-0.00017118919640779495,0.05859477072954178,0.009468507021665573,-0.1816004514694214
-0.0015067707151086998,-0.002517052638493043,-0.005693974175042307,0.018899584659105753,0.013792110264491085,-0.13401029318472807,-0.28760195013790113,-0.14989386085351378,-0.06089446114862809,-0.019117056172598023,0.0825012963836892,-0.00010212029620474436,0.10091981499070408,0.09275461404577179,-0.07965828286770603,0.02386648766696453,0.0631815642118454,-0.13752613961696625,-0.2731364369392395,-0.13312247395515442,-0.05335283279418945,-0.026381775736808777,-0.1340668797492981,-0.019930001348257065,0.08069158345460892,0.03249833732843399,-0.16222605109214783
0.0005797944879991677,-0.004062151042454054,-0.006564433192064888,0.01991660079860893,0.017316100553214052,-0.1348494377209572,-0.27024798743231215,-0.13149475074041672,-0.05688555334093317,-0.017845376230702398,0.0801968988706264,-0.008413538411005466,0.09966032502312044,0.09821695742552845,-0.08141345030514903,0.01277473196387291,-0.010387245565652847,-0.16392762959003448,-0.28923389315605164,-0.14996649324893951,-0.06204275041818619,0.0004686000756919384,0.0031270310282707214,-0.013347462750971317,0.04662474989891052,0.06327644735574722,-0.20607566833496094
0.001938016265730613,-0.0027524173563030024,-0.007838495496012374,0.018348835802699786,0.023717532070015812,-0.1532184032193584,-0.2829305776541549,-0.14476677570419538,-0.059083327701529534,-0.01664911511769982,0.08042060969812156,-0.016079014459109933,0.08940310318970705,0.09947168534626571,-0.08643532829172769,0.021199824288487434,0.04771486669778824,-0.15343062579631805,-0.27898162603378296,-0.1439952850341797,-0.07854408025741577,-0.022749533876776695,-0.08172715455293655,-0.044469691812992096,0.07040945440530777,-0.048311926424503326,-0.1177908182144165
0.0017461204239480838,-0.0048016904217715916,-0.009157520822091605,0.017660590298549852,0.02734397449871704,-0.1589920383208704,-0.27830303939480594,-0.13951804631025208,-0.07358293053213913,-0.015887653341420074,0.07672865158969584,-0.030308712121809474,0.07636610683407231,0.09502879391181504,-0.07456509558935431,0.009712627157568932,-0.010766919702291489,-0.1825210005044937,-0.28001031279563904,-0.1318662017583847,-0.06601432710886002,-0.007371694315224886,0.004752516746520996,-0.02998322620987892,0.030704393982887268,0.08593136072158813,-0.19714725017547607
0.004540489287350867,-0.00541567311968946,-0.01048975591133148,0.017092017534393128,0.026386446746667507,-0.16907306751546708,-0.27284132965289554,-0.13250387566138713,-0.06630415363186491,-0.015217658579438654,0.07292149491827225,-0.039219234005477326,0.06642629248639716,0.0962290275271289,-0.08597389721595847,0.019519872963428497,0.032114580273628235,-0.16283255815505981,-0.2711576819419861,-0.13577955961227417,-0.07792071998119354,-0.012185730040073395,-0.04804058000445366,-0.053318921476602554,0.04503129422664642,-0.024540595710277557,-0.11443833261728287
0.008960026371285528,-0.003506686707907049,-0.011131875819293296,0.01825369262618202,0.02085927396234996,-0.17570210217375115,-0.2621993839450735,-0.13194654448050996,-0.07478526193023421,-0.013324940728566216,0.06317837756885654,-0.05078858480427766,0.05047263703970648,0.09283661394647968,-0.07216885912146465,0.010792357847094536,0.008507311344146729,-0.19423308968544006,-0.2622303366661072,-0.12078389525413513,-0.058404095470905304,-0.021529268473386765,0.0041649602353572845,-0.056910958141088486,0.026092180982232094,0.047327570617198944,-0.15283599495887756
0.014288126346728807,-0.0020772906399843627,-0.012668680444753761,0.01551333787009544,0.015826621664399274,-0.18546837177516878,-0.2578903973119712,-0.12401196135264038,-0.06270159772439396,-0.012197023084353845,0.05558274007134133,-0.057685094244328716,0.04310960858957933,0.09422355469267281,-0.0729656238392504,0.01202968880534172,0.004914384335279465,-0.18132269382476807,-0.2550395727157593,-0.12170182913541794,-0.06911227107048035,-0.0024939035065472126,-0.011986568570137024,-0.0628887340426445,0.02362086996436119,0.013290412724018097,-0.12022668868303299
0.017453201539513956,0.0006477828045504311,-0.014173298223775305,0.012050392052286732,0.011096813436928752,-0.19191575226254104,-0.2481461550496146,-0.11978779710710966,-0.06684404985079753,-0.010517532586593853,0.0476611098246913,-0.06544582296466192,0.03439874860138219,0.09505499099250629,-0.066551095118819,0.010944999754428864,0.0166717991232872,-0.20308919250965118,-0.24219894409179688,-0.11050824075937271,-0.04761628806591034,-0.02337564527988434,-0.03234078362584114,-0.07956187427043915,0.018656857311725616,0.033967941999435425,-0.12744639813899994
0.022287671607601898,-0.0002127161367030179,-0.01602460553510102,0.00854033413955485,0.006508309582373665,-0.19439318376476444,-0.2356513302249203,-0.11239103890021095,-0.05327715896162374,-0.00930678991206324,0.040236610765609304,-0.0742217453321602,0.02832130122400267,0.09592807526361723,-0.061845359787630484,0.011826960369944572,-0.0045252032577991486,-0.1916792094707489,-0.22772163152694702,-0.09562277048826218,-0.05038268864154816,-0.00085080461576581,-0.0009206421673297882,-0.07707799226045609,0.00691443495452404,0.044079363346099854,-0.12431859970092773
0.022510061807658868,-0.0004477677027150227,-0.01746800647488028,0.009181805104286051,0.003882890347283506,-0.19518733567312854,-0.21995320629097298,-0.09899577845042702,-0.050706688850909114,-0.007410787260979221,0.035765973393583075,-0.08243823206938623,0.02392055421609991,0.09990477061305464,-0.05840874731985326,0.009588662534952164,0.010263282805681229,-0.19763150811195374,-0.21828550100326538,-0.08198384195566177,-0.03200729936361313,-0.021547313779592514,-0.07037413120269775,-0.09159145504236221,0.006067283451557159,0.047436632215976715,-0.12073972076177597
0.022711900624855536,-0.0020039978307041712,-0.01969681510611816,0.010606771874466302,0.001261478070262029,-0.19554470067264887,-0.20790859734594375,-0.08574235286784698,-0.037481687021891856,-0.00598092226677432,0.03173201166606012,-0.09052875121535327,0.021373055989329592,0.1015590415675175,-0.0556646819034315,0.01222277246415615,-0.0016986913979053497,-0.1935938149690628,-0.20222294330596924,-0.07655774056911469,-0.025304220616817474,-0.005591575521975756,-0.021049953997135162,-0.08320505172014236,-0.0016843006014823914,0.08773896843194962,-0.13075906038284302
0.021529605125113333,-0.0008283454457590073,-0.022368898211623103,0.011346212417435799,-0.0013584449144229435,-0.19732565972019647,-0.19550849355035382,-0.07691006532980518,-0.028641381245410647,-0.00428157250595869,0.027112692429683345,-0.09421346873288647,0.022911555279974932,0.11112171441459069,-0.05045901370921211,0.01753842644393444,0.017141714692115784,-0.18952631950378418,-0.18526488542556763,-0.044945694506168365,-0.019638504832983017,-0.019071616232395172,-0.08690102398395538,-0.10326855629682541,-0.00041496753692626953,0.08343370258808136,-0.10356835275888443
0.022717276281217027,-0.0007584276084099141,-0.020678950100098605,0.012535891851414733,-0.003366002004916594,-0.1897621064169947,-0.17013251547505243,-0.053450424558095996,-0.022841018913905536,-0.0035952070771327876,0.022473757601047167,-0.10264552895433314,0.020982566285943582,0.1162701622758018,-0.04444391689416775,0.013913270086050034,-0.0012805089354515076,-0.17920246720314026,-0.16499260067939758,-0.04175207018852234,0.013669201172888279,-0.01063794456422329,-0.04914998263120651,-0.09517262130975723,-0.002147369086742401,0.07412785291671753,-0.10787380486726761
0.02046673635261799,-0.0024164545830108733,-0.021995428810878244,0.014023283220884544,-0.004083320459090062,-0.18251137010953797,-0.15206798414312417,-0.04383546540294728,0.0033873968456352875,-0.0026886563600559315,0.019128851534684476,-0.10988871476006004,0.022556149834607568,0.12358790175338225,-0.04020398979727468,0.018036065623164177,-0.002434413880109787,-0.17250490188598633,-0.1445077657699585,-0.005088614299893379,-0.008955695666372776,-0.010831937193870544,-0.09312255680561066,-0.1128300204873085,-0.0067587196826934814,0.1225414127111435,-0.09669192135334015
0.017019736651564126,-0.0028260206969352207,-0.023947140493152375,0.016345619937114145,-0.005754173540868703,-0.17228382477268211,-0.13015394538363292,-0.015523081193047357,-0.0054838221457493876,-0.0021241095911219824,0.014301259405498585,-0.11757694086139776,0.02387345559652059,0.1317480604143299,-0.03410166128043928,0.016602441668510437,0.012776527553796768,-0.15258091688156128,-0.12670254707336426,-0.0026037096977233887,0.03756353631615639,-0.01570744439959526,-0.0640321671962738,-0.10588420182466507,0.008593901991844177,0.06222239509224892,-0.04780071973800659
0.01745468538807361,-0.004024553232142602,-0.02377908731472912,0.0169567086221875,-0.007106903152358694,-0.16058828415840595,-0.1125952632171548,-0.005217064615132575,0.024643892506420073,-0.0010194241965410706,0.009269709730696412,-0.12249685905092353,0.03093539931861906,0.14316501623602115,-0.025967384859768856,0.014311641454696655,-0.02364824339747429,-0.14443321526050568,-0.1031246930360794,0.044265467673540115,0.011966424062848091,-0.00827273540198803,-0.07080864906311035,-0.12664374709129333,-0.01229783520102501,0.1474585086107254,-0.021885111927986145
0.014011729875456295,-0.0058434385615264315,-0.02366985779601844,0.01535763786643605,-0.005956581307778031,-0.14213848800302653,-0.08765540402257582,0.030120468482640106,0.01628895396311415,-0.000953034495475702,0.005891987253545955,-0.13622292749048207,0.026089631037728767,0.15164635885267028,-0.018607896331753082,0.013166362419724464,0.0013799425214529037,-0.1092228889465332,-0.08115527033805847,0.04109673202037811,0.0479794405400753,-0.019261598587036133,-0.054549895226955414,-0.1244703009724617,0.005464298650622368,0.059585653245449066,0.03591275215148926
0.008088611732333132,-0.007067949037085611,-0.02457380518042726,0.014598951824158534,-0.004146244151122958,-0.11868372409674892,-0.06320883080079821,0.039495129714588656,0.03886815676660963,-0.00043743326042810615,0.003210178183700516,-0.14890369856733165,0.02480014981935287,0.1578733428313641,-0.0009542912852745081,-0.004925142508000135,-0.023833442479372025,-0.08024944365024567,-0.04639454185962677,0.052239857614040375,0.04087572544813156,-0.019939376041293144,-0.019908200949430466,-0.12771613895893097,-0.006111804395914078,0.1324983686208725,0.0699547678232193
0.0043237892282374955,-0.010013255638174356,-0.024733971031690328,0.013717773390703935,-0.004861340064721007,-0.09842563228213629,-0.037027706169845576,0.07686961830517,0.005988128997586696,-0.0011890176087515762,-0.0026203373642059123,-0.16022845150042858,0.022177833763476495,0.16661432809491708,0.010615003133162052,-0.003468878101557493,-0.0025557279586791992,-0.059788044542074203,-0.03909517079591751,0.06838974356651306,0.06658435612916946,-0.018748514354228973,0.01569400727748871,-0.12469232827425003,0.011859722435474396,0.09666518867015839,0.10761445015668869
0.0021899361601566184,-0.004627885384641217,-0.022379535209315796,0.012398920698122613,-0.011436458779939186,-0.0966893504520554,-0.042424979037924596,0.0646879088658685,0.012133859793617209,-0.0025247893991919464,-0.013650057615072046,-0.15939339023939195,0.033641417928110644,0.1811231015969693,0.044826160602981176,-0.021988628432154655,0.030228793621063232,-0.05680757761001587,-0.03242579102516174,0.023120684549212456,0.08968988806009293,-0.008825326338410378,0.03574084863066673,-0.1229933574795723,0.03544793277978897,0.15970271825790405,0.034423358738422394
0.0029399904997178075,-0.00039799824875706025,-0.022114850071536223,0.010462748277287694,-0.01957667878303972,-0.0952185249546829,-0.047350191798318696,0.05264158977978531,0.017905313193652413,-0.005519080522795752,-0.021343555927003908,-0.1531343208839854,0.050531692525262926,0.1798449725322125,0.029730530585619485,-0.03075784258544445,0.029813207685947418,-0.04597940295934677,-0.05339907482266426,0.0747113972902298,0.10481882840394974,-0.0034306938759982586,0.00813080370426178,-0.1153402104973793,0.040918249636888504,0.1668812483549118,0.012765007093548775
0.0036988485161080177,-0.000577605228849588,-0.020999091695373902,0.008358066341403738,-0.02757254672498015,-0.09135953849977782,-0.05527980681702377,0.043404463902683696,0.029183519959245167,-0.009013676044771074,-0.024529618339699116,-0.15162591581839074,0.05819564335132357,0.17967515350329433,0.02070845601345494,-0.02658613584935665,0.06351359188556671,-0.03723973408341408,-0.05307898670434952,0.0476214773952961,0.10878828167915344,-0.007090799976140261,0.006553526967763901,-0.1047157496213913,0.07072389125823975,0.18236631155014038,-0.029060496017336845
0.0021238406098737393,-0.0039011270451417743,-0.01882350834898409,0.007973253277662563,-0.033476080815012604,-0.08274117123338642,-0.06093137200355277,0.031802224399723744,0.03269442778465423,-0.008099139820448218,-0.02324755052133751,-0.1385069924171526,0.09087298978635326,0.18664045475118715,-0.014854428897682629,-0.018632594496011734,0.04285402595996857,-0.05525554344058037,-0.05227348953485489,0.012245098128914833,0.11954684555530548,-0.006086560431867838,-0.019141921773552895,-0.0897660180926323,0.10114804655313492,0.18467026948928833,-0.03547652065753937
0.0007569718319972898,-0.0034944544615093903,-0.019966089660770604,0.008435382607150897,-0.03796067646570207,-0.07901289216142607,-0.06758787298095295,0.021189976771977787,0.03750600763213099,-0.006807959458028107,-0.019375739348821565,-0.11396695154301291,0.12708193181922225,0.18418433727175562,-0.028485829673219637,-0.004901179578155279,0.07273989915847778,-0.04255155846476555,-0.052886009216308594,0.031295277178287506,0.09756159782409668,-0.012912366539239883,-0.031693894416093826,-0.07330692559480667,0.14158344268798828,0.1774524599313736,-0.028282007202506065
3.2774131563671546e-05,-4.540116274009485e-05,-0.020429411889501717,0.009300275995317927,-0.04116899173144106,-0.07201861872276469,-0.06630534479783858,0.012685300841274802,0.039647077252377705,-0.00961682424614296,-0.016160984383790714,-0.08636313816694269,0.15601366870937222,0.17407013407692454,-0.027988449282324517,-0.004507321398705244,0.06288595497608185,-0.053026001900434494,-0.05371770262718201,0.029706235975027084,0.13817793130874634,-0.009076731279492378,-0.02294749580323696,-0.051954519003629684,0.15948277711868286,0.18126057088375092,0.00420563668012619
-0.00141922221251203,-0.0011786749235257552,-0.022146686148145824,0.01043878239332006,-0.04436009173666881,-0.06896315499614167,-0.0721583308287419,0.004450652472191535,0.04997395429174538,-0.01416500903980626,-0.012873727057155327,-0.06128659577011627,0.1706949997098436,0.17227078825023492,-0.004516676695654563,0.0029169549234211445,0.06418675929307938,-0.04653606191277504,-0.056606750935316086,0.017036277800798416,0.11835075914859772,-0.01353486254811287,-0.034262534230947495,-0.033812202513217926,0.18249374628067017,0.1763312816619873,0.02989424765110016
-0.001968096070243983,-0.0009469707397594604,-0.023460933660974688,0.011974123836529856,-0.048180070386639635,-0.06338784817309667,-0.07583388695938958,-0.0059038052608958785,0.05372755441173967,-0.01569133476538478,-0.011526271453623548,-0.03466097510510484,0.18592558204794704,0.17345788676528667,0.021108373540533083,0.009811243042349815,0.08307814598083496,-0.05213072523474693,-0.05322786793112755,-0.007365601137280464,0.1476641595363617,-0.013630200177431107,-0.02381475642323494,-0.007248858921229839,0.21035337448120117,0.17790406942367554,0.06765753775835037
-0.0002933730134149505,-0.0013779666997243128,-0.026840859184534903,0.014105886420974037,-0.05278191580582696,-0.057805718613507334,-0.08100847012258516,-0.014676895714388547,0.055890866997643465,-0.015333345993077644,-0.011770968519409473,-0.001164309836168768,0.2169605734824819,0.17411758596671287,0.054847499178059034,0.016933497041463852,0.06815659999847412,-0.050251901149749756,-0.0654963031411171,0.0007830839604139328,0.14078457653522491,-0.011475590988993645,-0.04502106457948685,0.028576098382472992,0.2339302897453308,0.18569383025169373,0.08406733721494675
-0.0007566205249583582,-0.0016744671305121762,-0.028151188416548102,0.016515568875903903,-0.05548576098026201,-0.055186087472402924,-0.08938890605713315,-0.025352989643406855,0.058227455008605884,-0.01261061069497066,-0.011393516495270792,0.0333969170165236,0.24407583505926592,0.1782566881522478,0.07716452423441215,0.01890755072236061,0.0790194496512413,-0.046684328466653824,-0.06848243623971939,0.011149479076266289,0.1472088098526001,-0.012323908507823944,-0.028717612847685814,0.04881139472126961,0.25538870692253113,0.1766958087682724,0.11299476772546768
-0.0029913148071522787,-0.003583608955475037,-0.029675700422332335,0.01841572743481094,-0.05505949668677432,-0.04928620700867518,-0.09582373243254315,-0.03578561719146615,0.06420630034448006,-0.010353422500131404,-0.010101166431068202,0.058639512065931425,0.25376283596596805,0.17479972567887264,0.1033312527298437,0.02488502860069275,0.06474989652633667,-0.035640787333250046,-0.07916978746652603,-0.0010728761553764343,0.14764247834682465,-0.013285202905535698,-0.04496033489704132,0.08680789172649384,0.262160062789917,0.18482494354248047,0.10986623167991638
-0.0037342894910048505,-0.006266302871165181,-0.03034192022195159,0.02017043777726548,-0.05593906441225956,-0.04420439925816176,-0.10419793490602468,-0.04648295031096689,0.06356064290960899,-0.009470388533828292,-0.011466130233292345,0.08505722179330977,0.26549566873231156,0.17895424178813416,0.10920857151721364,0.03406056761741638,0.08721622824668884,-0.04444871470332146,-0.07820303738117218,-0.008931607007980347,0.1482739895582199,-0.014493800699710846,-0.03353394567966461,0.10303302109241486,0.2902385890483856,0.18375688791275024,0.1289030909538269
-0.004111471642909025,-0.0072820561401443695,-0.033114542043952665,0.022285277856722668,-0.05589419263488314,-0.03871464892182423,-0.1088854905040823,-0.056980672459334206,0.061230962175007765,-0.01074944601407319,-0.014565439780317487,0.11842322690934781,0.2892419107835713,0.1816055637963207,0.12367580210078467,0.03475171700119972,0.06943660974502563,-0.03571534529328346,-0.09170736372470856,-0.002379167824983597,0.1665196269750595,-0.013871351256966591,-0.04480583965778351,0.13931003212928772,0.3000722825527191,0.19034677743911743,0.12426812201738358
-0.005693470076685845,-0.008694079240176145,-0.03441989688581497,0.02389485659281746,-0.05530717556437877,-0.037154139406843124,-0.12043487378524503,-0.06799705842434875,0.06206245184346499,-0.012821637121505613,-0.017098425571374334,0.1476007288801863,0.30387049056565574,0.18430955761458095,0.12515334730057232,0.03778890520334244,0.08124567568302155,-0.03548745438456535,-0.09080352634191513,-0.011562563478946686,0.15501533448696136,-0.01740124449133873,-0.04295243322849274,0.15711696445941925,0.31714344024658203,0.17766034603118896,0.1278400719165802
-0.006250428225926565,-0.010585857611878548,-0.03644825105343194,0.02575461695856635,-0.05495104940311401,-0.029457427695249915,-0.12458170355344098,-0.07711353986714355,0.07264032928126661,-0.01407306729891714,-0.021803001142369882,0.170279293466665,0.3101466064214777,0.17902013667561473,0.12771455099828305,0.04634224995970726,0.08367212116718292,-0.026735639199614525,-0.09336213022470474,-0.030782420188188553,0.16461880505084991,-0.019551124423742294,-0.04827287048101425,0.18325930833816528,0.3183542788028717,0.16253358125686646,0.1088191419839859
-0.006789100927542856,-0.014476706535917623,-0.03758390603223109,0.027704806037577887,-0.05276221578447714,-0.020578190666095637,-0.12714004402802653,-0.08511479829398917,0.06290167914074102,-0.015955284812261553,-0.026753793267170155,0.19090982120915043,0.31418133164907336,0.1646601959519268,0.1146758913444497,0.04444712772965431,0.08492913842201233,-0.026197470724582672,-0.09560077637434006,-0.038448430597782135,0.1786155253648758,-0.020987875759601593,-0.043877169489860535,0.18893025815486908,0.318915456533432,0.14825040102005005,0.1106143519282341
-0.010305399347258073,-0.017748276039568845,-0.038912835975973406,0.029320405306048812,-0.04817025631447037,-0.012207581337737809,-0.13166070222631124,-0.09443320844986142,0.060377402947763226,-0.018817204935162597,-0.02959916285719808,0.2040848619359494,0.30701967561035576,0.15053056771922155,0.11195931878883139,0.0510815866291523,0.07786060869693756,-0.019859522581100464,-0.09173426777124405,-0.05461021512746811,0.15910102427005768,-0.022702578455209732,-0.04535330832004547,0.20303019881248474,0.3177943527698517,0.13745105266571045,0.09753509610891342
-0.0126456387084056,-0.021041125707050592,-0.04036083839851178,0.030852990447656447,-0.04219882505996606,-0.002431774992927689,-0.13177305130336966,-0.10195181768452324,0.060643327362787734,-0.021728906761151186,-0.03240433235721835,0.21697705973937328,0.30515679690481295,0.1407916798141893,0.10184789878808975,0.0605270080268383,0.07491834461688995,-0.019973797723650932,-0.09243941307067871,-0.07095770537853241,0.1706458032131195,-0.024027101695537567,-0.03737705945968628,0.20840150117874146,0.3180786073207855,0.1265849769115448,0.09715971350669861
-0.015504433167874084,-0.022119452226474615,-0.04147174884400631,0.03212736244621855,-0.03636503142620463,0.003792606446336354,-0.13495897639156398,-0.11029274685215672,0.056978705241365564,-0.0237494708328326,-0.03506484025811303,0.2298710247271482,0.3064429614345445,0.12996805479351883,0.09829274535945387,0.052714135497808456,0.06201479956507683,-0.0015433481894433498,-0.09764031320810318,-0.04848316311836243,0.14846636354923248,-0.027348510921001434,-0.04076012223958969,0.2183539867401123,0.30847808718681335,0.11374109983444214,0.08239249885082245
-0.018778022092767157,-0.024459376408836022,-0.042603497342982875,0.03357814536489012,-0.02974650961817081,0.015411592689558764,-0.1307686031878658,-0.11421158011573024,0.054710287731418346,-0.025837204709154824,-0.03673953560045494,0.23221895320608818,0.2958958648427406,0.11738229836772249,0.08685412221627953,0.052380967885255814,0.06334865838289261,-0.0005482113920152187,-0.08812762051820755,-0.07928252220153809,0.1538570672273636,-0.028669282793998718,-0.029004240408539772,0.21632003784179688,0.301858514547348,0.09696198999881744,0.08650156855583191
-0.02224005984892668,-0.02572977463394971,-0.04334160542994908,0.034014590986209806,-0.022924715840208925,0.025208999350392457,-0.12690299667499805,-0.12106850737254539,0.053298382616587196,-0.030157989737151263,-0.037378949161487145,0.23206437659456358,0.28512311220480835,0.10324324202606434,0.0859190653829258,0.052626773715019226,0.05419716238975525,0.02315283566713333,-0.09386100620031357,-0.04730458930134773,0.13001389801502228,-0.027917683124542236,-0.032550230622291565,0.22282527387142181,0.28330305218696594,0.08487886190414429,0.06149344891309738
-0.02367588103244068,-0.02370353166500233,-0.04538850276956576,0.03514478563213685,-0.01603629336129254,0.03648385233878971,-0.11872753981719313,-0.12499196298320635,0.050365435303394615,-0.03256883463964682,-0.03763928622951882,0.2294131276360435,0.27249130692306706,0.08858733417601783,0.0680203143777006,0.04658978804945946,0.05776076018810272,0.02764379419386387,-0.08831612020730972,-0.05157545581459999,0.13433651626110077,-0.031059570610523224,-0.026699788868427277,0.21042516827583313,0.27536770701408386,0.0756785199046135,0.052332907915115356
-0.025340953500482256,-0.023826432041126725,-0.04503759973211525,0.0354644366726376,-0.009564078141497373,0.046477086681037554,-0.11353508918952851,-0.13011345103905297,0.03878179704863404,-0.033911567731921145,-0.037813567628636094,0.22293746834357608,0.2595635329740553,0.07973702888864317,0.05608164625336937,0.04731469228863716,0.04501943290233612,0.048005323857069016,-0.08783821016550064,-0.04175558686256409,0.0981084555387497,-0.030825603753328323,-0.01718650758266449,0.21347713470458984,0.2547820210456848,0.060981497168540955,0.04029951989650726
-0.02515568509375356,-0.023510748294636948,-0.044949377969355574,0.035593472827429494,-0.00415517157063613,0.05643470169937169,-0.10799690822361627,-0.13500055345753073,0.03119386690715633,-0.035685613206051424,-0.03682806654174598,0.21354236528726483,0.24475708978256586,0.06527755806393588,0.04377671859311991,0.044473472982645035,0.06382942944765091,0.05206141248345375,-0.08150704950094223,-0.05632103234529495,0.10121262073516846,-0.02780037373304367,-0.01462748646736145,0.19411036372184753,0.24262464046478271,0.04474174231290817,0.0128221046179533
-0.025527960044569815,-0.021419787871228013,-0.04502832665001593,0.03603828937381834,0.0021054443614104707,0.06697256669490506,-0.10216912916410568,-0.14026131944722256,0.028860088042457672,-0.035713355118703195,-0.033316041083056885,0.20030615736692484,0.22718143474744498,0.050172229145242546,0.02056039545106432,0.04443114623427391,0.04441684111952782,0.06759368628263474,-0.08271509408950806,-0.04929633438587189,0.061594780534505844,-0.029696937650442123,-0.011295121163129807,0.18562042713165283,0.2177388072013855,0.038773223757743835,-0.0036142170429229736
-0.025747544472744587,-0.022498500713499073,-0.0455296469903375,0.03639911592624584,0.008934421766609973,0.07562297986592273,-0.09945928332285787,-0.14670398691966124,0.019828546396549553,-0.034170098014002205,-0.028255164980088336,0.18369146894671884,0.20632025666330472,0.040485631887373696,0.002439912408819495,0.04686037078499794,0.04713953286409378,0.06964483857154846,-0.08052018284797668,-0.049748048186302185,0.03621939569711685,-0.01884082891047001,0.001903526484966278,0.15764078497886658,0.1961928904056549,0.014802329242229462,-0.02437625452876091
-0.023885189738056475,-0.02160011881815324,-0.04678733143884958,0.03686175855476031,0.014562515204423586,0.08351576424918386,-0.09891345456553757,-0.154429148852072,0.012306695638807064,-0.028541157712279882,-0.022792373394196343,0.16183325925203237,0.1779549765520951,0.022492269264984262,-0.01783026999930709,0.04576097056269646,0.01590023562312126,0.08225568383932114,-0.08417306840419769,-0.04638785123825073,-0.014315619133412838,-0.01242031343281269,0.01369396597146988,0.13521835207939148,0.16273289918899536,0.006934773176908493,-0.045217521488666534
-0.020532806107156378,-0.023047005530073043,-0.047091648851695846,0.03733781202704435,0.017193616820036426,0.09279777184905523,-0.0983838125509979,-0.1622340473471191,0.0018709155729862985,-0.01877924146075045,-0.01861778267291703,0.1346518383450758,0.14568310461645917,0.010719153873865772,-0.03875152103510395,0.05203838273882866,0.002957534044981003,0.07883728295564651,-0.07863031327724457,-0.05962979421019554,-0.06142641603946686,0.005709826480597258,0.029458370059728622,0.09602627903223038,0.12889538705348969,0.004587531089782715,-0.05104663968086243
-0.012810767527216292,-0.023113270931719443,-0.04717102384300429,0.03783867912312909,0.01690251670686237,0.10204078667605095,-0.09626008194166104,-0.16621277036058052,-0.006363996649988183,-0.005120513728198018,-0.016785988096738768,0.10750611703133157,0.11480347201225603,-0.010376287499625778,-0.028551210293879498,0.05625705420970917,-0.01942923292517662,0.08011629432439804,-0.08342267572879791,-0.045781344175338745,-0.07800525426864624,0.017331639304757118,0.026644177734851837,0.0776447281241417,0.10281647741794586,0.023056738078594208,-0.07150420546531677
-0.007515668614103477,-0.02030893154480891,-0.04779471606531636,0.03910412200010393,0.020108085313059687,0.1058468118597023,-0.09772471790505537,-0.1769988908913634,-0.0168346538180424,-0.0003569103500497651,-0.015622375264678686,0.10324874427678307,0.11679977859946905,-0.011826647943120692,-0.016697866150386226,0.037789881229400635,-0.05623393878340721,0.07682089507579803,-0.09731920808553696,-0.046564482152462006,-0.09082339704036713,0.035172197967767715,0.016536135226488113,0.04806946590542793,0.09699562191963196,0.02475839853286743,-0.07727678120136261
-0.007846200540195835,-0.02092800594973058,-0.047918076702036724,0.03808851203995667,0.029275070763224106,0.10693472852808941,-0.1108020761805307,-0.1821628867942046,-0.024450468172522954,-0.0011175894269604887,-0.010208826750627224,0.0884395529876469,0.10672330449415479,-0.008417076611884839,0.008717220869984488,0.04181242734193802,-0.04236840084195137,0.0786605253815651,-0.10483766347169876,-0.09225209057331085,-0.0915825217962265,0.03355276957154274,-0.0005141682922840118,0.05221220478415489,0.08951382339000702,-0.00011098012328147888,-0.08351244032382965
-0.008573937309336832,-0.02282606346089287,-0.04620726282418517,0.03819282247040793,0.036447576232452615,0.10766795082845314,-0.1221024789227461,-0.1822130448846792,-0.04060469067119037,-0.002224673388813946,-0.0031834881297467636,0.07484883669835468,0.10030393237361804,-0.002829302999136666,0.006665438428383743,0.040998414158821106,-0.017793994396924973,0.07453067600727081,-0.11406022310256958,-0.10088419914245605,-0.041056666523218155,0.029995184391736984,-0.022142913192510605,0.03748321533203125,0.08498784899711609,0.02244599722325802,-0.08954010903835297
-0.005635570522730885,-0.021740866187822252,-0.04586711091493727,0.04005070769062082,0.036784046594181274,0.10531601915614307,-0.12914950679357903,-0.17396319426882478,-0.03018657951926534,-0.0031708491719182955,0.0008806379864965803,0.06766146087702546,0.09793524808172924,0.002535651832300205,0.0011426843083891716,0.03681226074695587,0.008005397394299507,0.07109741866588593,-0.1266891211271286,-0.11674056202173233,-0.024522840976715088,0.02855686843395233,-0.029223203659057617,0.03231997415423393,0.0834486186504364,-0.006314925849437714,-0.08183123916387558
-0.0018599821911756118,-0.0198443499944198,-0.043753029694344185,0.04216570830713742,0.036156297133953685,0.09629896816693939,-0.14133586851877195,-0.16417720691843596,-0.029602350163700202,-0.005119245467898589,0.004604937128388776,0.05991430138643984,0.09089393570644225,0.006272360997863709,-0.0034765954019881666,0.03664010018110275,-0.001992754638195038,0.05998026952147484,-0.14486515522003174,-0.12644746899604797,-0.019801951944828033,0.02638767473399639,-0.035552408546209335,0.03265693411231041,0.06706701219081879,0.01982860267162323,-0.09483591467142105
7.72384986949925e-05,-0.014206284855609068,-0.04151093640590589,0.04152630336939947,0.034238095364935765,0.07878314980685208,-0.1588899801615135,-0.1519846621580266,-0.0234981788222814,-0.007561293325626617,0.00869082520362378,0.05461686914074581,0.08162733649637588,0.007803423564091907,-0.00969828488652209,0.03736334666609764,0.024220280349254608,0.04859587177634239,-0.16392958164215088,-0.13761356472969055,0.0006429953500628471,0.0201158095151186,-0.042340800166130066,0.025176849216222763,0.06591933965682983,-0.010722123086452484,-0.09229639172554016
0.00018085469857746949,-0.009186803639530845,-0.039064868072657175,0.03884275656422449,0.03163159467556274,0.06086268914487687,-0.17588187589621698,-0.14783390184122971,-0.008835223592259314,-0.009136742216129779,0.013690992748484966,0.04870684683572802,0.07227371376208898,0.009987181569790749,-0.016699010349577555,0.032464977353811264,0.02143091708421707,0.03033088706433773,-0.17661285400390625,-0.13401752710342407,-0.005467736162245274,0.013800164684653282,-0.059664249420166016,0.018048034980893135,0.056806549429893494,0.009712640196084976,-0.10813998430967331
0.004720893191494179,-0.007851150815594258,-0.03933542213989386,0.03446871954016808,0.02766069630351632,0.04637883695122866,-0.18493783058190677,-0.13370660797195413,-0.006018300534778859,-0.010100103214716464,0.0171187587153972,0.04044145534361479,0.06296790783897308,0.010578744035313031,-0.02131429006054709,0.03476305678486824,0.025567637756466866,0.016447199508547783,-0.19359809160232544,-0.13096433877944946,-0.002909046597778797,0.008551420643925667,-0.04925331100821495,0.019014546647667885,0.047886744141578674,0.008455142378807068,-0.10803645849227905
0.004904112457795422,-0.005932387577208633,-0.036684563186569694,0.032308703330817846,0.023773107111267643,0.02554451539109177,-0.20186635628305802,-0.1281760516460856,-0.003651595283055915,-0.010865794514344407,0.02129281794082934,0.03568785803311701,0.0597045517751142,0.015255425583947756,-0.027463175240377852,0.030449919402599335,0.02464183047413826,-0.0049866619519889355,-0.2128378450870514,-0.13538354635238647,-0.014928787015378475,0.004421429242938757,-0.06374423950910568,0.012029570527374744,0.04472912475466728,0.008894067257642746,-0.12067216634750366
0.004030913450517592,-0.002116859388094097,-0.036321077556496065,0.031708319143984844,0.020939125604677686,0.0021173794452989,-0.22249296472530403,-0.12937382280272558,-0.011823959466636945,-0.01172011837823039,0.026317326958233602,0.0310297800984599,0.05888785407543896,0.020008225610368167,-0.03251835385002098,0.02948128618299961,0.02367919310927391,-0.02466895431280136,-0.23038902878761292,-0.13200724124908447,-0.023237690329551697,0.0033249440602958202,-0.06534616649150848,0.0066851102747023106,0.040236879140138626,0.004372145980596542,-0.12715238332748413
0.0030485712552103775,-0.00377244721609749,-0.0357203238447205,0.03033501208644705,0.018334000213496546,-0.0176579569707548,-0.23694840989911806,-0.12787422568678022,-0.02012282065207482,-0.01250606188638172,0.031302739465849855,0.022848117104599375,0.057930836401902386,0.026611030789046284,-0.03557423383786677,0.027726827189326286,0.021800167858600616,-0.04318396374583244,-0.2436092495918274,-0.14248910546302795,-0.027396902441978455,-0.0002629426307976246,-0.06921355426311493,0.008653096854686737,0.03973319008946419,0.026800058782100677,-0.14448019862174988
0.003244897333206987,-0.0059630459102017735,-0.0340229885657104,0.02856463496305325,0.014702031946985852,-0.03816560784581665,-0.24803945778458014,-0.13429508130208717,-0.025445008937995763,-0.012989166455967113,0.03530152240084818,0.01752401718845181,0.06095407953338006,0.03305108052079509,-0.03913940826650625,0.026138851419091225,0.02082974463701248,-0.06482631713151932,-0.2548459470272064,-0.14356695115566254,-0.027150355279445648,2.4742912501096725e-05,-0.06125033646821976,1.4273449778556824e-05,0.03955573961138725,0.015988849103450775,-0.14112386107444763
0.002232981122882072,-0.005308226091347737,-0.03419683511001197,0.02599011916165794,0.010823564196744693,-0.06106038204016745,-0.2582177616892352,-0.13866187153848275,-0.026959448577969256,-0.013111502820749268,0.038191496375930625,0.011226732259300981,0.06000435698436114,0.03854566257435568,-0.041448630863473154,0.027641676366329193,0.031179796904325485,-0.08169859647750854,-0.2645581364631653,-0.14972388744354248,-0.04558856785297394,-0.008848756551742554,-0.07889826595783234,0.0008195405825972557,0.041331883519887924,0.020411156117916107,-0.149806410074234
0.0014822448749439918,-0.005268128494226234,-0.035022625545543085,0.02456187370117344,0.007813033676778353,-0.08317801779485981,-0.2649477264732326,-0.14382457343043187,-0.041076360555078885,-0.012566771925128867,0.04119847991966868,0.00703853402404949,0.06328033951725456,0.0460872429787767,-0.04978307623367532,0.022838976234197617,0.0194225050508976,-0.1053423061966896,-0.27193135023117065,-0.14492082595825195,-0.04547670856118202,-0.008684948086738586,-0.05105875805020332,-0.00044456589967012405,0.034000445157289505,0.020137690007686615,-0.14955955743789673
0.00023362665129915538,-0.0056642591386888595,-0.03367933941058679,0.022655489720702065,0.007652100207814267,-0.10742376229948557,-0.27183473279644466,-0.1430885103878022,-0.04469402951247804,-0.012065147541078219,0.04503545888122974,0.0016734822090168676,0.061612099656687555,0.04901336793504554,-0.04831976493059122,0.021024327725172043,0.028728045523166656,-0.12032389640808105,-0.27184557914733887,-0.14774146676063538,-0.05371735244989395,-0.015540648251771927,-0.08395857363939285,-0.008100482635200024,0.04074142873287201,0.007783457636833191,-0.15482917428016663
-0.0010112399958179933,-0.004704967812725451,-0.03620645581950054,0.019090157122434934,0.0069951031648247605,-0.12549178388877888,-0.2667655399518777,-0.1428510580915207,-0.051822165717605916,-0.011102505543645997,0.04598441071573525,-0.005436568308739058,0.05860446941162981,0.05443078591826633,-0.044136454034304884,0.020535895600914955,0.03256460651755333,-0.13511371612548828,-0.2702203691005707,-0.13436248898506165,-0.049051202833652496,-0.020043589174747467,-0.06927220523357391,-0.0024771085008978844,0.032752346247434616,0.03909779712557793,-0.16978240013122559
-0.0007558817938030298,-0.0048147500901098445,-0.03645868436881615,0.0154318483777679,0.007345482388227517,-0.14286356775679276,-0.26060404610395027,-0.13655325725462386,-0.05072632706067215,-0.010221164654200848,0.04811029124005385,-0.0065201859831977745,0.06685375890658818,0.06358422461382147,-0.05131927218418988,0.015331558883190155,0.029668394476175308,-0.15208598971366882,-0.2677414119243622,-0.13113754987716675,-0.05652201175689697,-0.0218811072409153,-0.08585454523563385,-0.01160485204309225,0.03682153671979904,0.019959863275289536,-0.16867026686668396
-0.0015321241829209787,-0.0042798082437446585,-0.03727970602308279,0.011244419008696365,0.01029565539839831,-0.16024522410241884,-0.2602500280565512,-0.13070836454198542,-0.05543637608514232,-0.009958272658556073,0.04939428840445166,-0.014391306707786574,0.06394535524581416,0.06586011109285823,-0.04804435068928111,0.015702733770012856,0.035944968461990356,-0.16466361284255981,-0.26562437415122986,-0.12597638368606567,-0.06009478121995926,-0.02509143389761448,-0.0767255425453186,-0.012028445489704609,0.03595443814992905,0.02421627566218376,-0.17418891191482544
-0.0021381160358716032,-0.006295231477622653,-0.03865245378822875,0.009035866640830083,0.012970875565955073,-0.17457429472725697,-0.25744287957325307,-0.12563708101543966,-0.05949372028425921,-0.009173981631079828,0.04992112953183573,-0.019922981052813343,0.06673047286819646,0.07436572808731,-0.050731267261019175,0.01170896366238594,0.0298755019903183,-0.17618192732334137,-0.2616477906703949,-0.12364937365055084,-0.05617038905620575,-0.022242438048124313,-0.08245477080345154,-0.019810836762189865,0.0344855859875679,0.024209368973970413,-0.1777840256690979
-0.0013338310615526772,-0.006832472856095995,-0.03932400226039628,0.008526290606244092,0.015053365882472924,-0.184816439512078,-0.2511196414510429,-0.12264866101089127,-0.057463106731063,-0.008023678622046459,0.04838859195871418,-0.027602545670108124,0.06599423575924718,0.07987225825140061,-0.047453175202623224,0.011065633967518806,0.029501453042030334,-0.18656228482723236,-0.25782397389411926,-0.11895551532506943,-0.060591474175453186,-0.024206271395087242,-0.06977662444114685,-0.025233034044504166,0.03481314331293106,0.01906999945640564,-0.17072775959968567
-0.00036721088186461045,-0.007805246338052258,-0.04096359792526132,0.008086158867946848,0.01762213566797541,-0.19528904147838397,-0.24831825191750742,-0.11932669581804442,-0.06001357602719102,-0.00691632231210909,0.046745122711775694,-0.03501178540165908,0.06440981886360098,0.08525023768050094,-0.04788208714334954,0.008680205792188644,0.02595449611544609,-0.19326362013816833,-0.25434473156929016,-0.11468341201543808,-0.06217429041862488,-0.021827997639775276,-0.06717580556869507,-0.03174082562327385,0.033097006380558014,0.023137260228395462,-0.1682835817337036
0.0011306305200281727,-0.007075798615860195,-0.04186977531083135,0.007446751493288331,0.019513331284472586,-0.20385354891000823,-0.24484042758488686,-0.11483162753363449,-0.0616275099168302,-0.005834451578634781,0.043719710865897286,-0.04270271645644255,0.061201112229183376,0.09013655126522489,-0.04664341236531895,0.008089816197752953,0.023387908935546875,-0.20067094266414642,-0.2491627037525177,-0.11154213547706604,-0.06365860998630524,-0.02048518694937229,-0.05699502304196358,-0.04173628240823746,0.03124571405351162,0.023997895419597626,-0.15672528743743896
0.004360866391879385,-0.005253487949789319,-0.04029210759010552,0.006816272747578452,0.020527758142609258,-0.20883429881209578,-0.23934479940011022,-0.11164383477085378,-0.06301314214676956,-0.0047765291845325315,0.03953357849645459,-0.0514427679406949,0.05662848086409843,0.0946737746536142,-0.04391106053659701,0.007079919334501028,0.017392393201589584,-0.20491419732570648,-0.24126166105270386,-0.10366423428058624,-0.05768929421901703,-0.015345733612775803,-0.04913976415991783,-0.05138828232884407,0.02750083990395069,0.02886281907558441,-0.1499331295490265
0.005899450570061669,-0.008051749152601814,-0.044058607091239196,0.00713179821070758,0.02065824356116716,-0.210869022117243,-0.23182699470783347,-0.10515640870064241,-0.05885371286071842,-0.0036933581058345676,0.03518781809819947,-0.06064425127469958,0.05133704087714688,0.09907965469434388,-0.04209991158115061,0.006473638582974672,0.017135925590991974,-0.20570683479309082,-0.23276105523109436,-0.09933724999427795,-0.05466519296169281,-0.013438645750284195,-0.053345754742622375,-0.061879079788923264,0.02732955291867256,0.024153053760528564,-0.14354074001312256
0.00814007690565422,-0.0061631135608058015,-0.04476457748460074,0.007748862626109087,0.019563561408769355,-0.21018511350793984,-0.2229500889995093,-0.09993523640246758,-0.055554099730872275,-0.0024792651296992796,0.03017329068602808,-0.06941396535285041,0.04707284094268222,0.1041391143900906,-0.040260536470551556,0.0070420182310044765,0.016169056296348572,-0.2050228714942932,-0.22005996108055115,-0.08854058384895325,-0.04322109743952751,-0.011352937668561935,-0.0529438778758049,-0.06962677091360092,0.02356804721057415,0.035600289702415466,-0.13886114954948425
0.010549662541345244,-0.00488340465505935,-0.0461442593517661,0.007834218299996977,0.01717117630553208,-0.20694942948600117,-0.21044141054351698,-0.09066218173722021,-0.04649133022968038,-0.0013195607411534685,0.0242663379417814,-0.07699457936229591,0.044211457729253736,0.11011354041417677,-0.03771912857213282,0.008478755131363869,0.012769617140293121,-0.20422697067260742,-0.2082979381084442,-0.07757622003555298,-0.03914213925600052,-0.005218759644776583,-0.055875346064567566,-0.08376849442720413,0.022287946194410324,0.03787624090909958,-0.13008786737918854
0.012966444520830218,-0.0019256201585226278,-0.04779648189590692,0.008366855592708774,0.015070404531224024,-0.20288834688771226,-0.19953878827240873,-0.08039450218710513,-0.04096375321066925,-0.00023143506340024891,0.01870977520257526,-0.08575071529369635,0.03959882061918665,0.11548422097453206,-0.031765289247734696,0.009540442377328873,0.013414070010185242,-0.19735799729824066,-0.19412383437156677,-0.06467588245868683,-0.024531543254852295,-0.006075505632907152,-0.06223164498806,-0.08933207392692566,0.019714858382940292,0.038041263818740845,-0.12106215208768845
0.013625707469588237,-0.0029910155663670558,-0.04851193354022104,0.009849270506136557,0.012455561262967483,-0.1960383946187319,-0.18533997907268884,-0.06733179995382864,-0.029041484442773963,0.001000741464921562,0.01354440598067577,-0.0938681160235958,0.036804262732758435,0.1218424912873744,-0.028241924081392485,0.010895280167460442,0.006893351674079895,-0.19242168962955475,-0.17910221219062805,-0.04992825910449028,-0.01760058104991913,-0.00013032415881752968,-0.06644454598426819,-0.10272348672151566,0.015521525405347347,0.053107619285583496,-0.11298685520887375
0.014627194314200214,-0.0014909416356812056,-0.04976141135606357,0.011747597845675284,0.009881499342492663,-0.1871789995368126,-0.16981056968293803,-0.05347020351959922,-0.020566468190813304,0.002182601877438222,0.008675463821663884,-0.10335015641957787,0.032564372876769054,0.12838078088720525,-0.023709350514150677,0.013928063213825226,0.012043371796607971,-0.18124407529830933,-0.16260522603988647,-0.03357943147420883,-0.004082287661731243,-0.0015538898296654224,-0.07237248867750168,-0.1105593591928482,0.015744615346193314,0.04893730580806732,-0.09194698929786682
0.014617293227755113,-0.000958067837529779,-0.05136531131810841,0.01388328154003819,0.007216743247637207,-0.17681322885992407,-0.15364845771490626,-0.03756042726128411,-0.008803362921136875,0.0033417004673831547,0.00392790498107925,-0.11286377744469454,0.029352271075073343,0.13573922124542837,-0.018935664553140087,0.01422051340341568,0.0018886607140302658,-0.1698501706123352,-0.14603400230407715,-0.01289212703704834,0.0049702683463692665,0.0031997482292354107,-0.07787223905324936,-0.11856750398874283,0.008312556892633438,0.07145525515079498,-0.07790165394544601
0.014500527439703514,-6.60478684017387e-05,-0.05153706240184837,0.01586807243725349,0.004215952436310994,-0.16491541914787777,-0.13579715643187593,-0.018348794464578808,0.001280982329945955,0.004623451995363906,-0.0011179144775240268,-0.12177107154756452,0.02737372486321601,0.1440622286675216,-0.013765537850858182,0.015343528240919113,0.0013532768934965134,-0.1543353945016861,-0.12686952948570251,0.010821685194969177,0.013285641558468342,0.00045799417421221733,-0.0728486105799675,-0.13055628538131714,0.007910124957561493,0.06841126084327698,-0.03811502829194069
0.013206661925697428,-0.0004345655828768008,-0.053220996648376304,0.01671736565182179,0.0017332774642773371,-0.14967808487317633,-0.11606622419375144,0.003982536117023158,0.009971040030263268,0.00555966145935983,-0.0057507006673327655,-0.13360941670161086,0.02253694241271632,0.1498927479101703,-0.007279072245665122,0.013815591111779213,-0.006510701030492783,-0.13291394710540771,-0.10587465763092041,0.033132754266262054,0.027086539193987846,0.0004586544819176197,-0.0744076669216156,-0.13436003029346466,-0.0016332641243934631,0.08966128528118134,-0.009126202203333378
0.01007931425958291,-0.001591484705495163,-0.054128649212920106,0.01636185913810717,-0.00046229062291644826,-0.13063509292813053,-0.092374148091012,0.02644171267882665,0.022575607123624063,0.006532488866802965,-0.009699021815368792,-0.14476418969770127,0.021096644721785355,0.15837562272035455,-0.0002565902623181931,0.01068158634006977,-0.004599221050739288,-0.10390587896108627,-0.08115328848361969,0.058031149208545685,0.0353124737739563,-0.008106574416160583,-0.05951575189828873,-0.14203855395317078,-0.003589630126953125,0.08355820924043655,0.04107588529586792
0.006090097057054678,-0.0025377806614679975,-0.0548974938424372,0.013011538451967983,-0.0007256582527068482,-0.1065986683912564,-0.06399907651233647,0.04927362035901207,0.031838742736613246,0.007163299509556028,-0.011901250476246695,-0.15909665311602278,0.01552352991948172,0.16484219054658616,0.007176416339562167,-0.0030432227067649364,-0.01545213907957077,-0.07115208357572556,-0.05830555036664009,0.07399724423885345,0.04381217807531357,-0.011966587975621223,-0.03060508519411087,-0.14117331802845,-0.005267135798931122,0.09034638106822968,0.08240283280611038
0.0021175554400548312,-0.002543961944373479,-0.054580273908047226,0.010795579405388741,-0.0006461106538785681,-0.0916550639153586,-0.05385347932405308,0.04559340388713008,0.001466415995198196,0.006482576122108808,-0.01687872446329772,-0.1695909651357294,0.01434023194504675,0.17460414597825846,0.020351444531974454,-0.007928464561700821,0.013182955794036388,-0.03960080072283745,-0.05105770751833916,0.07925854623317719,0.06729187816381454,-0.00555688189342618,0.014168642461299896,-0.13433755934238434,0.004785716533660889,0.11460654437541962,0.07847901433706284
0.0044485014675567855,-0.0015794896396685322,-0.053251546271157586,0.010321463961171857,-0.011758025011342356,-0.08370122766427901,-0.05564739746616819,0.0356876982599672,0.012373796729059411,0.005348017687312836,-0.029476801207520113,-0.17356595054649684,0.023212353074383216,0.18465433733392647,0.037382190427763896,-0.025471990928053856,0.03312898427248001,-0.04331918805837631,-0.05893019586801529,0.06350266933441162,0.10712608695030212,-0.0011579166166484356,0.028855420649051666,-0.1383439600467682,0.015327365137636662,0.17060434818267822,0.040085673332214355
0.005705679106608462,-0.00037216156945223323,-0.05189668591775036,0.008685818024475203,-0.019925106844906924,-0.07904683922856022,-0.06192989954836913,0.02458575961861653,0.019636328957650027,0.0005619803361892361,-0.03480465412791125,-0.17483128012469312,0.030300587901720168,0.1850008062471952,0.031017802136210085,-0.03366571292281151,0.03529004007577896,-0.026009520515799522,-0.07199797034263611,0.0719585120677948,0.09770629554986954,0.00255324668250978,0.000672072172164917,-0.13122542202472687,0.026773303747177124,0.17847606539726257,-0.00924675166606903
0.002390733799319385,-0.0007386135565254154,-0.049874598357546825,0.006713174848531917,-0.021891265986979658,-0.07457014479977639,-0.0694889109540481,0.01220979383677108,0.021234763484821496,-0.0034777639950703157,-0.030916669744568307,-0.16925361114294946,0.04652365707990801,0.1929143288227058,0.006723220326585431,-0.03172536939382553,0.06576453149318695,-0.024026528000831604,-0.07340364158153534,0.04627426341176033,0.10752934217453003,-0.0028709215112030506,-0.006184123456478119,-0.11799249798059464,0.05707155168056488,0.19850997626781464,-0.038759052753448486
-0.0005730309655946873,-0.0018511198980265407,-0.049548443047748504,0.006434528457598312,-0.02448783671254047,-0.07113764511543041,-0.08196590368300821,-0.0011120614768864686,0.025938485007052994,-0.003963983426777317,-0.024394388772927773,-0.15242654340246847,0.08103014148649194,0.19879517994813617,-0.025258025077188304,-0.02449359931051731,0.05447675660252571,-0.03181738406419754,-0.07507680356502533,0.03212245926260948,0.11048483848571777,-0.00413466664031148,-0.02414003759622574,-0.10290113091468811,0.08480900526046753,0.19997382164001465,-0.043763235211372375
-0.00044148027793791526,-0.005052783399221274,-0.05033828969069591,0.006346590245164733,-0.028836555603344777,-0.0639062800427907,-0.0855967572325222,-0.010108847566906817,0.03939417297524126,-0.0049650893886944315,-0.0192742936318678,-0.1314272670056003,0.1090782137395117,0.2006798432921371,-0.0332814187526368,-0.008908571675419807,0.08146396279335022,-0.03831049054861069,-0.06790047138929367,0.005540987476706505,0.11561208963394165,-0.009009722620248795,-0.020718101412057877,-0.09460322558879852,0.12531140446662903,0.1837216317653656,-0.02763436920940876
-0.0021040922467088345,-0.0038020809535469955,-0.050209425307671904,0.006871335018108111,-0.03149114939953453,-0.05728093923189683,-0.08533252763429727,-0.01725588573667297,0.03862454494601996,-0.008111606327488781,-0.014045154404617661,-0.10333415058743743,0.13824117179561024,0.18828320332592738,-0.029264960548711208,-0.0032938974909484386,0.07634985446929932,-0.028823623433709145,-0.07504625618457794,0.034617044031620026,0.1301289051771164,-0.008257675915956497,-0.036777716130018234,-0.06424538791179657,0.14232057332992554,0.18416917324066162,-0.010486535727977753
-0.0025283899807179698,-0.003261106266974419,-0.05140288764031671,0.007702197581794288,-0.03469031001582956,-0.05202335777144405,-0.08729728264953716,-0.025120803928980893,0.038069482175364794,-0.011689610270877398,-0.009796120913100581,-0.07616598212966978,0.15567795442570873,0.17752764991709194,-0.014727051832940522,-0.00016333768144249916,0.09274470806121826,-0.035985786467790604,-0.07195606827735901,0.008765820413827896,0.14104102551937103,-0.012936268001794815,-0.03173297643661499,-0.05211788788437843,0.17198291420936584,0.18069124221801758,0.018539506942033768
-0.0034807613560389225,-0.0044695318524077265,-0.05466096860150083,0.008945013528476486,-0.03779575846354507,-0.045804540963278184,-0.09033305430652741,-0.03362772818245722,0.04653409166539263,-0.014448635571791301,-0.007062281000642043,-0.04779007691929898,0.1749001827256513,0.17726436953976538,0.009981671781320168,0.007433275226503611,0.08155085146427155,-0.032988037914037704,-0.07868446409702301,0.018195725977420807,0.1439666599035263,-0.01147487759590149,-0.040088310837745667,-0.014325127936899662,0.19569528102874756,0.18305538594722748,0.053164854645729065
-0.0009423272855315645,-0.003880824005380052,-0.05411015836900605,0.010510667359452676,-0.04062035825421208,-0.042378945226844274,-0.09689575597385917,-0.0433979409376791,0.043327807703858245,-0.014512114980532504,-0.0065434912434320985,-0.011744274023872844,0.2066377645429273,0.17852995232597801,0.04241921975342939,0.014672042801976204,0.0968455821275711,-0.04078681394457817,-0.07381562888622284,-0.02319345250725746,0.16038189828395844,-0.015431705862283707,-0.03649988770484924,0.010659870691597462,0.22730720043182373,0.1720656454563141,0.08939872682094574
-0.0003706893668950652,-0.0035597539971633143,-0.05481009294889163,0.011916762905063038,-0.04314945783819149,-0.041021022649520754,-0.10574441124246088,-0.05404962692460673,0.045203149105573,-0.013822047612187567,-0.007365891732755783,0.02366484100506211,0.23211568223223164,0.17095032593725162,0.07720504694714841,0.021241797134280205,0.09825697541236877,-0.031600769609212875,-0.08359763026237488,-0.0009123310446739197,0.1605161875486374,-0.014129329472780228,-0.04357604682445526,0.04129427671432495,0.2448478639125824,0.18030500411987305,0.1005949154496193
-0.0010873082637249873,-0.004884484132456047,-0.05655638148748388,0.012989510696005138,-0.04399969494453398,-0.03487041689125116,-0.11101398386285204,-0.06341314768350864,0.04596185976348072,-0.013374849205268186,-0.008941082715079056,0.05038476755911909,0.24553497215130302,0.1738278491735421,0.09523778147387113,0.020810073241591454,0.0958530604839325,-0.029472049325704575,-0.09018949419260025,0.0011843815445899963,0.16270120441913605,-0.01365598663687706,-0.03943609073758125,0.0691387727856636,0.2579556405544281,0.17616958916187286,0.10877517610788345
-0.00205162722531643,-0.007991416858538044,-0.0580268495383545,0.014067786768872503,-0.04449582137591713,-0.029250201498267518,-0.1178243594860991,-0.0731350281963692,0.051808574879556056,-0.012086392894734307,-0.011867644753227624,0.07591266068637673,0.25676477673050346,0.17380904185653992,0.10581697549206766,0.0264449305832386,0.0915682315826416,-0.02707730606198311,-0.09506702423095703,-0.008709892630577087,0.15628682076931,-0.015525884926319122,-0.04134508967399597,0.10091499984264374,0.27916455268859863,0.17675697803497314,0.126800537109375
-0.00272246449970057,-0.009913681505220404,-0.059701222488312104,0.015577255021245575,-0.044948304134974956,-0.02730282586506288,-0.12576849501232576,-0.08292994354219008,0.04906691853610618,-0.011596999425219382,-0.017102531118349414,0.11078024298336142,0.28161829020124846,0.17417674712735165,0.12162609936070441,0.03225448727607727,0.1032307893037796,-0.025939393788576126,-0.09924452751874924,-0.009588614106178284,0.171457439661026,-0.016468562185764313,-0.04472247511148453,0.12813791632652283,0.2988455891609192,0.18198749423027039,0.12876781821250916
-0.002804126247935992,-0.008414695184041598,-0.06121310615867526,0.017185903122417866,-0.04311353018935697,-0.0232013137988134,-0.1299636443979325,-0.09142656043905328,0.052952111722903615,-0.013234077719902758,-0.021704675423185427,0.14221384146873675,0.30017015025468796,0.17647501074896696,0.12735262462541994,0.028071722015738487,0.08711941540241241,-0.014874164015054703,-0.10925997048616409,0.018992628902196884,0.17177116870880127,-0.016430359333753586,-0.05277930200099945,0.15538233518600464,0.30770087242126465,0.1836978942155838,0.11604217439889908
-0.0025861565559398034,-0.010444925636525468,-0.0634120595698238,0.018075159190485284,-0.04107419619074203,-0.01571928992346129,-0.13294444744114273,-0.0991183278612423,0.05720646595245922,-0.014681081354446235,-0.02689541045028337,0.1635210202269956,0.30433984178493784,0.17967176901137744,0.12012239749652885,0.033624082803726196,0.08823120594024658,-0.008906958624720573,-0.10310129076242447,-0.02678000181913376,0.171734020113945,-0.021238505840301514,-0.04612947255373001,0.17719148099422455,0.3095329999923706,0.15609075129032135,0.10846089571714401
-0.00490803590368394,-0.015233875989691812,-0.06345004520566229,0.019681295092064212,-0.03800118759836804,-0.005709675317712762,-0.13341566133483415,-0.10578404235741902,0.046243521889529654,-0.016859921698488815,-0.033323004405552546,0.18199773038262412,0.3033502201735796,0.16158016358962068,0.11194329587386578,0.04035581275820732,0.09869234263896942,-0.015371786430478096,-0.0995313748717308,-0.043890222907066345,0.1809038370847702,-0.022359594702720642,-0.04988980293273926,0.1826537847518921,0.3166913390159607,0.14418348670005798,0.1075759306550026
-0.006435506905213841,-0.016830105445992748,-0.06464435142270583,0.020868544770209305,-0.03486013791877332,0.0014017342866252899,-0.13639548858825037,-0.11367339292735965,0.046021811240438866,-0.021125611130284952,-0.03882083985696356,0.20126093393109803,0.3057034363875031,0.14709011098854513,0.10885602015701831,0.0440499521791935,0.08925288915634155,-0.004295981954783201,-0.10130930691957474,-0.051558367908000946,0.17505834996700287,-0.023669719696044922,-0.0483831986784935,0.20108452439308167,0.31093570590019226,0.13321512937545776,0.0992683544754982
-0.00841410411352154,-0.019832500814842384,-0.0652233573066542,0.022283973992549815,-0.02907533610434732,0.009578382597407422,-0.13754797390931825,-0.12097935383112736,0.04431906188711947,-0.0243432572708318,-0.04203710819673609,0.2146340128489982,0.3010759400738553,0.13482564699882527,0.10197095574656398,0.04341301694512367,0.07837583124637604,-0.00028517795726656914,-0.10015208274126053,-0.05331818386912346,0.15820962190628052,-0.026752594858407974,-0.045012980699539185,0.20403650403022766,0.30861204862594604,0.12166081368923187,0.0884430855512619
-0.012985140431440088,-0.021790619308947202,-0.0666779898949875,0.02370164932624546,-0.0220059841501477,0.020364979562440197,-0.13494018548529743,-0.12672470331914928,0.03908812668442718,-0.026749317171211675,-0.044262161755450224,0.2224255740120632,0.29314148462831946,0.12537049426091812,0.09197817101222658,0.04588823765516281,0.06563316285610199,0.014404036104679108,-0.09812275320291519,-0.0653144121170044,0.15443168580532074,-0.02977948635816574,-0.039064668118953705,0.21729505062103271,0.29932746291160583,0.10506945848464966,0.08071403950452805
-0.014939342621394945,-0.023546359188962362,-0.06783192061640221,0.025141037750867377,-0.016192374873398478,0.031154417146716972,-0.1307594336882235,-0.131874968213406,0.03704541189949974,-0.029998053075654868,-0.046472006098901425,0.22937667686338548,0.2883152277971395,0.11052081049789718,0.08333814340434555,0.04641326889395714,0.07957255840301514,0.017610112205147743,-0.09665926545858383,-0.05779338628053665,0.14871148765087128,-0.029304195195436478,-0.03828243166208267,0.2122921347618103,0.29676273465156555,0.09351895749568939,0.0741155743598938
-0.01838363958833349,-0.024900556966807017,-0.06966009496832938,0.026346669608689515,-0.009515533420750979,0.04073131780824516,-0.128447732099161,-0.1379645480688681,0.037823550195096166,-0.03324136766134077,-0.046362413371094986,0.23194819763799993,0.2818481622549661,0.0979891594468531,0.0761030756431629,0.0418052114546299,0.05820910632610321,0.03582834079861641,-0.09837471693754196,-0.053005531430244446,0.1284409910440445,-0.030610844492912292,-0.03449001535773277,0.22079497575759888,0.2775724530220032,0.08024141192436218,0.06231924891471863
-0.02057774275393182,-0.025855796420767976,-0.07110036164734457,0.027462805184762618,-0.0013600085595201295,0.05136292994859762,-0.12360953804706994,-0.14293380115603485,0.03334576003446361,-0.03463442084188429,-0.04440791486646592,0.22736976516121474,0.2658581261520726,0.0839044782686525,0.06566737975521617,0.040696002542972565,0.06438106298446655,0.04420051723718643,-0.09291332960128784,-0.06345974653959274,0.11719716340303421,-0.032382555305957794,-0.0277929175645113,0.21129581332206726,0.2686901092529297,0.06237758696079254,0.04245952516794205
-0.021484068574781336,-0.025608876657243616,-0.07178534895390673,0.028257763912690585,0.005777063659924119,0.061758756550046395,-0.11685486883097297,-0.14691281815777518,0.025661411497155586,-0.03580547089041134,-0.04233241500530574,0.2224200492297079,0.253033660175319,0.06941770909504079,0.048162645347755446,0.044752173125743866,0.060392122715711594,0.058448534458875656,-0.09314172714948654,-0.05075845867395401,0.10219341516494751,-0.032125771045684814,-0.02503763511776924,0.20983290672302246,0.24986717104911804,0.05424922704696655,0.02631646767258644
-0.023697086194656356,-0.024919543486972305,-0.07333527493223478,0.029040875382540084,0.012333748271519337,0.07100192977916081,-0.11129231259856251,-0.1514493171496073,0.01766235662928429,-0.0364968516847923,-0.03939207564240667,0.21505854269522873,0.23952262808577804,0.05703519620731852,0.03175402230041303,0.038837891072034836,0.06402881443500519,0.06326977908611298,-0.08740311115980148,-0.06073654443025589,0.0854768455028534,-0.02972426265478134,-0.012905661016702652,0.19303373992443085,0.2356659173965454,0.03766224533319473,0.012178502976894379
-0.023141173695476407,-0.023806079486612074,-0.07420602930222103,0.0295281343973424,0.019821898636249495,0.07958917772936934,-0.1073098658069364,-0.1568219976364263,0.006676899555285853,-0.036309359511954346,-0.034203409488750704,0.20179104699852887,0.21916159089800177,0.0434028695707919,0.016676152368094797,0.04096762835979462,0.051157768815755844,0.07733818888664246,-0.08575489372015,-0.06859578937292099,0.047740012407302856,-0.027928687632083893,-0.005366243422031403,0.18189330399036407,0.20963725447654724,0.021472536027431488,-0.013000886887311935
-0.02235879783738349,-0.023106694549911388,-0.07366430767392282,0.02979706843616173,0.026525952852034396,0.08857467803407174,-0.10309734493324814,-0.16229555446438496,-0.0008657058878718238,-0.0344920565491759,-0.02777496807628361,0.1840085826519218,0.19496106077483846,0.027294835467737366,-0.00558575045788979,0.044277697801589966,0.04885120317339897,0.07979223877191544,-0.08724743872880936,-0.05669351667165756,0.018227342516183853,-0.018360763788223267,0.002476584166288376,0.15395960211753845,0.1885751187801361,0.00950084999203682,-0.034536391496658325
-0.021112115333058082,-0.023837833252743554,-0.07512782370588261,0.030555609664490127,0.03128856236215735,0.09622880493048219,-0.10330217493296769,-0.16977782613284828,-0.006914851786878803,-0.027758077447992392,-0.022427303996722787,0.1623224047530871,0.17019722329949935,0.01525215467997811,-0.027346091636838644,0.04523317888379097,0.018308233469724655,0.0857035368680954,-0.0892024114727974,-0.05553729459643364,-0.027308985590934753,-0.007271493319422007,0.015592450276017189,0.12884509563446045,0.15529105067253113,0.002546653151512146,-0.04944980889558792
-0.015611983729692984,-0.02387918012930578,-0.07674560647372262,0.031124789697834363,0.03256505709041529,0.10285895451141851,-0.10663965266300056,-0.1787115917486609,-0.015444210415371846,-0.01532038370387953,-0.01908156793461293,0.13361381572605158,0.13693567750974994,0.006028739953342582,-0.04447952946355282,0.0506010502576828,-0.0006964169442653656,0.08000371605157852,-0.08872172236442566,-0.06614749133586884,-0.07710915803909302,0.01288820244371891,0.0357455350458622,0.08666303008794785,0.11779076606035233,0.005400706082582474,-0.057020802050828934
-0.009464996051500625,-0.024498981233357416,-0.07678189796855175,0.03285536183164818,0.03496143744538311,0.1106611456055077,-0.10713740815493138,-0.18641135972635084,-0.024923768940151463,-0.006072471353795677,-0.019197527926889845,0.11525011866201453,0.11937857515022703,-0.026466653259755023,-0.013400371874771125,0.03970379754900932,-0.03791045397520065,0.08027500659227371,-0.08919750154018402,-0.055296890437603,-0.1018284410238266,0.021608956158161163,0.021986518055200577,0.06646448373794556,0.10649474710226059,0.010361796244978905,-0.07265084981918335
-0.010359036569438953,-0.026117050822815017,-0.07693907199548686,0.03311181503176278,0.041980610922094354,0.1190226670049797,-0.10738377633109489,-0.1926883668776679,-0.03272984497819081,-0.005762723907910427,-0.015672958366992746,0.10406517899499232,0.11549037823825682,-0.021316163003228,0.009800087122555302,0.0429718978703022,-0.04756135120987892,0.08119156211614609,-0.09905067831277847,-0.07374294102191925,-0.1001623123884201,0.031055768951773643,0.012759752571582794,0.060569364577531815,0.09971385449171066,0.008604021742939949,-0.08359363675117493
-0.009133563747298883,-0.02716404787856271,-0.07584389658939725,0.032641188757600734,0.04846345639260827,0.11854279290217863,-0.11435221101352984,-0.1890439293020504,-0.04457775218352075,-0.007117386112269645,-0.009338664069556099,0.09625844074906997,0.11250695322870491,-0.015522350643214248,0.011337263153845409,0.04076255485415459,-0.023438826203346252,0.07956308871507645,-0.10996466130018234,-0.0982804000377655,-0.0746954157948494,0.02906855009496212,-0.0019303187727928162,0.05043898522853851,0.09955202788114548,0.00377519428730011,-0.07777275145053864
-0.006661846436155009,-0.02367163950315118,-0.0745753439865259,0.034125134670982236,0.051132109438994426,0.11116633303474278,-0.12763934244157557,-0.18493611596690945,-0.04527268670597434,-0.00865159997134311,-0.003823758180790529,0.08838120128797604,0.10626387009196958,-0.011952797816888993,0.009193280349809605,0.03801921382546425,-0.00629672035574913,0.07437288016080856,-0.11983109265565872,-0.10591191053390503,-0.04728800803422928,0.026672031730413437,-0.016039874404668808,0.046154532581567764,0.08689417690038681,0.00997769832611084,-0.07740005850791931
-0.004000739932168793,-0.021711960678141632,-0.07406230423949915,0.03871838666673262,0.0495896197370005,0.10435278802353753,-0.13635813530417978,-0.17320148906035251,-0.04570216812173842,-0.010068573769709687,0.00040082625579454685,0.07776724710340696,0.09618317167387935,-0.009037954942171569,6.478486328093114e-05,0.03517130762338638,0.006919529289007187,0.06677374988794327,-0.13461849093437195,-0.12635686993598938,-0.0251530259847641,0.022690802812576294,-0.0315883606672287,0.040833715349435806,0.07902999222278595,0.002263162285089493,-0.08563176542520523
-0.0009703269355074567,-0.020140890175777925,-0.07145345995792723,0.042065055013642876,0.04476627022632966,0.09175377252621207,-0.14935754648381128,-0.1632508754894885,-0.03351177813205305,-0.012413454569962358,0.0035128180476855443,0.06913660582669255,0.08619364973352822,-0.00951578416719857,-0.00429748462864509,0.0394088551402092,0.016773493960499763,0.0587141178548336,-0.14833110570907593,-0.1270708292722702,-0.012747206725180149,0.020345214754343033,-0.028203509747982025,0.044891875237226486,0.06767735630273819,0.006696783006191254,-0.08950993418693542
0.001736149068121647,-0.015977129999866307,-0.06867568328889068,0.04368575960598747,0.038108588700573626,0.07437686019621696,-0.1607520465469038,-0.15090218189247395,-0.0215051615508454,-0.014615884862564344,0.006482117364211161,0.06407244390557086,0.07790247709069337,-0.00793833210931434,-0.009853575306650738,0.03583083674311638,0.03464064002037048,0.04424848034977913,-0.16490241885185242,-0.1228945255279541,-0.007763269357383251,0.01052648201584816,-0.05415450781583786,0.03714583069086075,0.06077598035335541,0.021860357373952866,-0.09395450353622437
0.003197770555874766,-0.011673195803828603,-0.0675269923699494,0.04088429863057043,0.03235798869544788,0.054914345760217365,-0.17439179193040757,-0.13902996941117698,-0.013426066405686226,-0.016615041352415233,0.01054510022847741,0.05862832697364241,0.07023246887454077,-0.005047556292153914,-0.016642294326504253,0.03621552512049675,0.02427203394472599,0.02587401308119297,-0.17906606197357178,-0.1264059692621231,-0.008962086401879787,0.006886947434395552,-0.04447915777564049,0.03687099367380142,0.052811428904533386,0.02277105301618576,-0.10243088752031326
0.004297651056353838,-0.009147093184549154,-0.06678428395717026,0.036276903828227146,0.02766709129312725,0.035112803169031384,-0.1877730484898771,-0.12584668524839415,-0.009973575099461477,-0.018251773661359882,0.015259836250494218,0.05333221550977292,0.0654834169389072,-0.002349869600720391,-0.020713084585007566,0.03268825635313988,0.02419128827750683,0.0054468014277517796,-0.19645842909812927,-0.12566685676574707,-0.010668336413800716,0.0015154439024627209,-0.0656462013721466,0.030934803187847137,0.04785057529807091,0.021107178181409836,-0.12116795778274536
0.0046033759897585414,-0.0070396688731072035,-0.06417400711433739,0.03276640077329384,0.023212257917932157,0.013283665519540182,-0.20383694734562186,-0.12173983227558054,-0.010340746100697958,-0.019206026040901967,0.020428089874302627,0.048899060674451426,0.0640990741793947,0.0020286997727537873,-0.025085326328412736,0.0335627906024456,0.0373220331966877,-0.012162955477833748,-0.2103259265422821,-0.12392406910657883,-0.010770807974040508,-0.006686825770884752,-0.07140716910362244,0.031215693801641464,0.044920194894075394,0.02569974586367607,-0.11980974674224854
0.005522764501411402,-0.006334772566726857,-0.0647952129792011,0.03157644645034114,0.019207228807088552,-0.007197806851619403,-0.21660082347348827,-0.11976907974589525,-0.011184857130268504,-0.019655335014922986,0.02551107443248372,0.04389467759279128,0.06487907819754217,0.007631065092616084,-0.02963052192084782,0.02843729592859745,0.02306012064218521,-0.03265831246972084,-0.22351202368736267,-0.12486371397972107,-0.016685377806425095,-0.008025731891393661,-0.07464821636676788,0.028829004615545273,0.04019887372851372,0.037017833441495895,-0.1340847611427307
0.003301008615392391,-0.007699248112723931,-0.06317070020686393,0.03001088941790232,0.015798488686628823,-0.028171104534238312,-0.22699863618996763,-0.1200397371689172,-0.015313062043539553,-0.020155233923732203,0.03042300547373298,0.03894624641747946,0.0662798830630561,0.013699035962711686,-0.03377951863379288,0.02813527174293995,0.028704702854156494,-0.05341844633221626,-0.2378351390361786,-0.1332312822341919,-0.0208934023976326,-0.008015934377908707,-0.07640865445137024,0.024754449725151062,0.042906127870082855,0.025447838008403778,-0.14189636707305908
0.0016209545511680925,-0.00783067584476025,-0.06342027828575755,0.027373649798814,0.01337531765383679,-0.05219800371797871,-0.2414587780258343,-0.12681875466500664,-0.019803981548254614,-0.020499657607768063,0.03552386579953994,0.03430695296416735,0.067873982370897,0.01979206145081566,-0.037495898703143744,0.026595020666718483,0.031142204999923706,-0.07363539934158325,-0.2480994164943695,-0.1321014165878296,-0.027964603155851364,-0.01583254709839821,-0.08039762079715729,0.02215716242790222,0.0415831133723259,0.03563418984413147,-0.14650243520736694
0.00038538485819342405,-0.008104179257054091,-0.06280903553710215,0.024783980631655225,0.01139631340954469,-0.07374844291976519,-0.24982683228776958,-0.12787216598943538,-0.026311997280724378,-0.020579734046277418,0.03973614010336251,0.028529454404791633,0.06911968219655956,0.025890716535419255,-0.04062273662261076,0.0250848401337862,0.0243990458548069,-0.09430074691772461,-0.25655049085617065,-0.14037157595157623,-0.03885860741138458,-0.01530272513628006,-0.07251447439193726,0.018428079783916473,0.03993567079305649,0.025600615888834,-0.15034669637680054
0.0002814754710313236,-0.009750517971499336,-0.06324241376239852,0.022999266819313188,0.01044902815016392,-0.09480907872522716,-0.2557759568221096,-0.13412077560806485,-0.03572641282188148,-0.020306194730221654,0.0437713845171336,0.022046468342258818,0.06873540978181436,0.031170246038802533,-0.04314949086851796,0.022660939022898674,0.033187493681907654,-0.10906025767326355,-0.2588713765144348,-0.1399349570274353,-0.03871497884392738,-0.02451501041650772,-0.08174839615821838,0.019004903733730316,0.042425863444805145,0.021463707089424133,-0.15462231636047363
-0.0011007888956661356,-0.008939706649058958,-0.06326563033338371,0.020926314639998903,0.008737646080660362,-0.11429367808016029,-0.25476891035026517,-0.13606198372741432,-0.038690487859517425,-0.019721829812110635,0.045770118709296426,0.017593757689952437,0.06988112483873192,0.036983335531137085,-0.04513575264617442,0.021131573244929314,0.03316137194633484,-0.12494686245918274,-0.26061052083969116,-0.13558554649353027,-0.04835996776819229,-0.024782227352261543,-0.08005276322364807,0.015324021689593792,0.03923085331916809,0.031552135944366455,-0.16634026169776917
-0.0004685621776053311,-0.007553525248229981,-0.06421858284929481,0.017489935233400315,0.00836162559914946,-0.1326588627894082,-0.25295026845132057,-0.13484899282261348,-0.046523222239135166,-0.018982005437955227,0.04685371977907729,0.013208612333411364,0.07125547612100071,0.043056423894734276,-0.046513632333698804,0.01879427768290043,0.036529652774333954,-0.1426072120666504,-0.2615048885345459,-0.12836642563343048,-0.05243769288063049,-0.02959420531988144,-0.07505998015403748,0.01028203871101141,0.0406397208571434,0.020340576767921448,-0.16022133827209473
-0.00045006224024118734,-0.008876165507873079,-0.06482723951861596,0.013653386366648288,0.011176042558033441,-0.15097039823220665,-0.25600105839270054,-0.1291805058163973,-0.05167118540140662,-0.018235620079073717,0.04892595676969437,0.006479965922417423,0.07015343212426599,0.04819374274957758,-0.04762698226303362,0.014522278681397438,0.028109364211559296,-0.15764541923999786,-0.2628209888935089,-0.12600982189178467,-0.05789736658334732,-0.028687074780464172,-0.07479844987392426,0.005923009477555752,0.03560285270214081,0.02833438292145729,-0.16840803623199463
-0.0023108206752299187,-0.009717561254327645,-0.06599106360479803,0.010745826511130133,0.014590236064240213,-0.1661901086043782,-0.25634539904126147,-0.12460074295602373,-0.056459660511865704,-0.017312230172060347,0.05016183554313301,-0.0014609986214326515,0.0675371711421959,0.05274386755888349,-0.048273785174883066,0.0143035389482975,0.034355565905570984,-0.1664661467075348,-0.26016029715538025,-0.11999255418777466,-0.05908087641000748,-0.031544510275125504,-0.07552668452262878,0.0008792346343398094,0.03528936952352524,0.02554330974817276,-0.1687699854373932
-0.0014152320098890744,-0.010217217421857864,-0.0671796438485061,0.00973613370528589,0.016299525840208804,-0.17644264107190602,-0.24998282862644494,-0.11988759443826365,-0.05882630597925518,-0.0159319070441458,0.04889806094275792,-0.008863388274615533,0.06596319028722523,0.05785635444810409,-0.04867633031553125,0.011917546391487122,0.031123921275138855,-0.1793464869260788,-0.2578369081020355,-0.11732681840658188,-0.05987668037414551,-0.031059056520462036,-0.06836757063865662,-0.006334991194307804,0.03209688141942024,0.02362554892897606,-0.16609343886375427
-0.000509662991211352,-0.009869875395440169,-0.0689049398697635,0.009143150406803503,0.01851775542280804,-0.18781177030846213,-0.24883815717198254,-0.11739070794851686,-0.0599054260919257,-0.014594956412918813,0.047284246050817866,-0.015627457413731713,0.06381753512542072,0.06380275451624585,-0.050790893339387806,0.01091407984495163,0.030856259167194366,-0.18698650598526,-0.2554417550563812,-0.1137748509645462,-0.06539598107337952,-0.030939288437366486,-0.06465055048465729,-0.013662287034094334,0.03328608721494675,0.012440193444490433,-0.16066837310791016
0.0012949660904205765,-0.009591009760208153,-0.07027508225416562,0.008355437308716109,0.020741435728392515,-0.19720038178110258,-0.2474829449218553,-0.11361016012152027,-0.06408432052635687,-0.013407108866388587,0.04424813528487961,-0.022994261191858337,0.060213142537818294,0.06762761614362708,-0.04629786820339199,0.009347179904580116,0.025253556668758392,-0.19460104405879974,-0.25259268283843994,-0.11146258562803268,-0.06418563425540924,-0.026128873229026794,-0.05665544047951698,-0.021505579352378845,0.02905207872390747,0.02216459810733795,-0.1610424816608429
0.0035998990200275856,-0.009043188077144094,-0.0713943407901067,0.008074884925235323,0.02239985123721718,-0.20246694313502175,-0.24339283890739635,-0.11122360714043035,-0.06407924085342097,-0.012125084799421587,0.04098624795713928,-0.030610948372902177,0.057482636187773196,0.07241550995792341,-0.04611122783143838,0.008979907259345055,0.022150125354528427,-0.19806087017059326,-0.24625951051712036,-0.10596603155136108,-0.06244070827960968,-0.023790862411260605,-0.053823813796043396,-0.03027842566370964,0.026670189574360847,0.023179687559604645,-0.15267598628997803
0.0029924123203632583,-0.010672725780466477,-0.07234184202665868,0.00863852164173353,0.023136735013200564,-0.2041913478423971,-0.23691081043060502,-0.10662392576065498,-0.0626526512276943,-0.010804772831043023,0.03689039545632622,-0.0399037232195428,0.05239875289450108,0.07644120212756839,-0.042989938194209175,0.008635226637125015,0.023194465786218643,-0.1985747367143631,-0.23858490586280823,-0.10072415322065353,-0.05665898323059082,-0.022097229957580566,-0.056632596999406815,-0.03847813978791237,0.024724364280700684,0.025005262345075607,-0.14911052584648132
0.006861508919084514,-0.009876623210692966,-0.0736439014460163,0.009223566536791572,0.022608698076547123,-0.20362420231850276,-0.22870540947594922,-0.1014805748778664,-0.05818178441351142,-0.009431990575336727,0.03208821506363178,-0.047879366755765915,0.049036229274976924,0.08145936888329781,-0.04143383003484797,0.008598746731877327,0.020007893443107605,-0.20076963305473328,-0.22886019945144653,-0.09614948183298111,-0.051961690187454224,-0.016569435596466064,-0.054281458258628845,-0.04977020248770714,0.024083148688077927,0.028407040983438492,-0.14633715152740479
0.009410010608446269,-0.008167818664524538,-0.07549478562918475,0.009219641226104672,0.021615905123714384,-0.20201718813482195,-0.2206222226630118,-0.09656311246975552,-0.05348287895566262,-0.008144937545707866,0.027102869154931923,-0.05488256679814785,0.04663421691122903,0.08713275390577604,-0.04025967626487653,0.010287405923008919,0.02142072468996048,-0.19844333827495575,-0.21802809834480286,-0.08636298775672913,-0.04468169063329697,-0.014781758189201355,-0.06079483404755592,-0.059038881212472916,0.022118760272860527,0.031249389052391052,-0.1386246681213379
0.012750291052191234,-0.005871801094605013,-0.0757462534735221,0.009541130665295886,0.020102384355061745,-0.1978261217570871,-0.2096244938166643,-0.08798293246051749,-0.04703085920437142,-0.0070101682031968125,0.021638846210579245,-0.06305904296322329,0.04249265138384717,0.09231133853163288,-0.0354391993102379,0.010723253712058067,0.016837000846862793,-0.193553626537323,-0.2066439390182495,-0.07654832303524017,-0.03322065994143486,-0.01052355021238327,-0.05933971330523491,-0.06710504740476608,0.019358906894922256,0.03541656583547592,-0.13336056470870972
0.013479715692571453,-0.0062065570732439835,-0.07920526412182081,0.011017247811415175,0.01828425491683701,-0.19211611435246184,-0.19784844055216835,-0.07860721892135045,-0.03688819079248036,-0.005709104312069334,0.016531334939664896,-0.07092332392817718,0.0389541707199732,0.09785392397572076,-0.03120512647109347,0.011590853333473206,0.015270113945007324,-0.18899449706077576,-0.1929066777229309,-0.0661969855427742,-0.026021625846624374,-0.00828804075717926,-0.06845919787883759,-0.07708418369293213,0.016911383718252182,0.04521053284406662,-0.12572336196899414
0.013412993701889784,-0.004545835806526738,-0.0786198396161721,0.012664401351705379,0.016076988739453426,-0.18492908738260175,-0.1847642615043064,-0.06799020281796063,-0.028909284609775113,-0.004436582110065824,0.011248938375092752,-0.07872680342233634,0.03565946000230723,0.10376651094080194,-0.025448519368977116,0.013636484742164612,0.015350136905908585,-0.180241197347641,-0.17858904600143433,-0.05251782760024071,-0.01525226142257452,-0.005369959864765406,-0.07121284306049347,-0.0856461152434349,0.016365714371204376,0.044931910932064056,-0.11569183319807053
0.014547150271272785,-0.0027665741744804,-0.08003915296106315,0.014076693106224076,0.013649571815145386,-0.1756601607286013,-0.16972411311443852,-0.055468703888713576,-0.019046561851711063,-0.003142673210349323,0.00618232700121063,-0.08630449751186423,0.033898795218934435,0.11129170818829141,-0.02232597595833106,0.015257801860570908,0.012328382581472397,-0.1714039146900177,-0.16217631101608276,-0.03504616767168045,-0.00547397043555975,-0.002622938249260187,-0.07972928881645203,-0.0950951799750328,0.013556621968746185,0.056309379637241364,-0.10187891870737076
0.013847313562831339,-0.003255203383954851,-0.08009860473935579,0.015559919663997066,0.0110840661235799,-0.1644653386411141,-0.1533994283884456,-0.0391703381838662,-0.009219877857723222,-0.0018388683018123737,0.000849980497978166,-0.09511222831190745,0.03143307132570733,0.1189274731382635,-0.016607739537442007,0.016856228932738304,0.008094914257526398,-0.15841162204742432,-0.14550888538360596,-0.017113834619522095,0.0032938020303845406,-0.00016505317762494087,-0.07968870550394058,-0.10326573997735977,0.011474281549453735,0.06451287865638733,-0.08291316777467728
0.014153828560547537,-0.001504835173681981,-0.08230763808738832,0.01758009512361597,0.008485754387582083,-0.15173717325432903,-0.13642450987857538,-0.021598338449591532,-0.0001055142157108767,-0.0005001674991134241,-0.004239152323413649,-0.10410993777927875,0.029339238538255066,0.12364928274753055,-0.011900815884072009,0.01581108570098877,0.003464583307504654,-0.14288486540317535,-0.1260477602481842,0.00428352877497673,0.014183596707880497,0.000505219679325819,-0.08478668332099915,-0.11277701705694199,0.008720474317669868,0.07416090369224548,-0.05357946455478668
0.014627306202272707,-0.0029523607673825583,-0.08360061078317571,0.018401525438376393,0.005144335238964935,-0.13575005081263908,-0.11566165370860512,-0.0011003520573019802,0.010282084023782579,0.0010232746765454276,-0.010223085038164615,-0.11430485011148031,0.027798521578179664,0.13432521379070986,-0.0040856542764957544,0.016196604818105698,0.0015222765505313873,-0.12272532284259796,-0.10570034384727478,0.024874668568372726,0.024644747376441956,-0.0021217945031821728,-0.07800889015197754,-0.11867206543684006,0.005099456757307053,0.0805545225739479,-0.018292704597115517
0.012702781413262145,-0.002805301051195668,-0.08640186778118242,0.017256266370934532,0.0030435846317564763,-0.11787046636807108,-0.09399854136464009,0.018777500011130314,0.020747233856759438,0.0020185320290508433,-0.014832821918097296,-0.12598886414065041,0.02385874383439566,0.14023835780181243,0.002600764961071584,0.013126330450177193,-0.0015383139252662659,-0.09493976086378098,-0.0796041190624237,0.048708733171224594,0.03127407655119896,-0.007953053340315819,-0.06260334700345993,-0.1262778788805008,-0.00027794018387794495,0.0832323208451271,0.030376046895980835
0.006933894168048825,-0.0048039058994209785,-0.08485927818531598,0.014493106550772737,0.002868584628039273,-0.09413043293284665,-0.06409753853993731,0.04133673210225398,0.028433105222214407,0.003093896784775376,-0.017579926613292392,-0.13838574949319948,0.02106805090122108,0.14830950053021985,0.01123967676141434,-0.0002767867408692837,-0.01839110255241394,-0.06352169811725616,-0.05329270660877228,0.06581783294677734,0.036183491349220276,-0.012831661850214005,-0.04163076728582382,-0.12606476247310638,-0.001399114727973938,0.08544142544269562,0.07634107023477554
0.004181819920437773,-0.004812591578082215,-0.08638315483033797,0.01271976802121705,0.0034638596889636215,-0.07691749421526915,-0.04991955147137661,0.03752284727492353,-0.0038471378375775924,0.0026533022099161307,-0.022305109488700296,-0.14912776467621702,0.01983353647262871,0.1575789265913553,0.02529505558631414,-0.0011177449487149715,0.015635434538125992,-0.031278226524591446,-0.04140738397836685,0.06456217169761658,0.05880136787891388,-0.007132988888770342,0.007958270609378815,-0.11989457160234451,0.009381342679262161,0.10042044520378113,0.07929978519678116
0.005243313728472142,-0.002948767942792066,-0.08524902709293578,0.012474659524403603,-0.007263803199480635,-0.06742616205287562,-0.04830812179750489,0.028019936640959715,0.006119374501918256,0.0016602849809683443,-0.03425990247140059,-0.15517447949343088,0.024052394027951476,0.16684276778415205,0.038542521282356336,-0.018353315070271492,0.03011508099734783,-0.03590387850999832,-0.04823697358369827,0.055831655859947205,0.10272370278835297,-0.003219368401914835,0.023692868649959564,-0.1279420554637909,0.015887200832366943,0.15644830465316772,0.04736832156777382
0.006283460513284106,-0.00107865453103456,-0.08414917059084488,0.010921384915694252,-0.01647601997110853,-0.06434199546701246,-0.05443531271271027,0.017699194280403438,0.018200858274508926,-0.0026666127301868117,-0.04035353141027241,-0.15786965143133513,0.026614760872339667,0.16964170035413992,0.03660205618881039,-0.026246080175042152,0.04368496313691139,-0.01320071704685688,-0.06484682857990265,0.07118812203407288,0.09568201005458832,0.00034495024010539055,-0.0029088109731674194,-0.12011907249689102,0.02580179274082184,0.1599837690591812,-0.0030485298484563828
0.003983984347483427,-0.00075959775770583,-0.08269839707350683,0.009775910866551689,-0.019390419928605247,-0.06033849604026765,-0.06283725012464969,0.0054551132958483356,0.01814169679564605,-0.0063127643713195136,-0.037328163994778986,-0.1543005544082136,0.04165807045663372,0.17608853381396739,0.010447707152135234,-0.030114969238638878,0.06246226653456688,-0.01517469622194767,-0.06554955244064331,0.042644601315259933,0.10698632895946503,-0.004111767280846834,-0.008492138236761093,-0.10818963497877121,0.051958341151475906,0.18985378742218018,-0.03612786531448364
-5.302650475198337e-05,-0.0028065251447380603,-0.08222973959628271,0.00942228907590373,-0.0214276674774987,-0.05612054560337959,-0.07442907191962544,-0.008264387823335608,0.022141849802297678,-0.006953968835031776,-0.030512721555375672,-0.14111150516822088,0.073966508912313,0.1842674967720905,-0.02322620709394239,-0.01950003020465374,0.05956529825925827,-0.012755859643220901,-0.07285705208778381,0.03614148125052452,0.10383551567792892,-0.005966734606772661,-0.032951511442661285,-0.09229230880737305,0.0793992429971695,0.19106817245483398,-0.051038648933172226
-0.0008309912939771017,-0.00485214961796627,-0.08266878014748893,0.009710626282928096,-0.02498344216353192,-0.0496089280198983,-0.08065370771393884,-0.019043283369549673,0.02752148575627259,-0.00706401305587247,-0.024622567116190094,-0.12340616675112046,0.10269753582047214,0.18767053296021688,-0.04185457595258496,-0.00828363373875618,0.08705857396125793,-0.02306150086224079,-0.06545304507017136,0.008957321755588055,0.1275946944952011,-0.010598594322800636,-0.02608337625861168,-0.08508524298667908,0.11817861348390579,0.18519645929336548,-0.03143729269504547
-0.0012835331625026172,-0.005323827524223967,-0.0838329935913839,0.010507125624923775,-0.029463193994563226,-0.04360393633043063,-0.08322269052178764,-0.027724927426163105,0.032147175398018576,-0.010044106550271872,-0.02043458827073215,-0.097564247227441,0.1320944411747079,0.18100276052589398,-0.03435010005873373,-5.9617217630147934e-05,0.07441975176334381,-0.021854722872376442,-0.06796012818813324,0.014313504099845886,0.12760494649410248,-0.010757571086287498,-0.03687778860330582,-0.06140298768877983,0.1412905752658844,0.18013012409210205,-0.014538083225488663
-0.0005601567700620899,-0.0036979112050643317,-0.08425086633564141,0.011544814275630139,-0.033804441186152015,-0.038389138081605274,-0.08405786466351678,-0.035283254665214904,0.03593264038178737,-0.014039077441989999,-0.016822320038288048,-0.06931009461240728,0.15448418202291103,0.17464201103051163,-0.019404433217530558,0.004876342136412859,0.09353627264499664,-0.019757136702537537,-0.07123695313930511,0.014218103140592575,0.14058861136436462,-0.012957736849784851,-0.03477536141872406,-0.0433962382376194,0.1698090136051178,0.1783226579427719,0.01112012006342411
-0.0014645983153400587,-0.002233405392231967,-0.08579480951286811,0.01275837974795005,-0.03636909694334064,-0.03245363858166182,-0.08579961469241305,-0.04308899356315446,0.03867621467754287,-0.016107565005908427,-0.013094820372208039,-0.04136871996558177,0.17446962518979997,0.17404515260564035,0.0032633368880974284,0.006270762998610735,0.07956031709909439,-0.01925167627632618,-0.0761277824640274,0.010447030887007713,0.13562516868114471,-0.014476915821433067,-0.04477274417877197,-0.01199358981102705,0.189704030752182,0.17892304062843323,0.04811399430036545
-0.0007558661550699357,-0.004023887788017009,-0.08782593723120669,0.013868670237227024,-0.0383473788666084,-0.029398516631724388,-0.09381587939994666,-0.05375306621568464,0.04369996394275073,-0.016154522222708315,-0.010559900063341692,-0.010924747002690591,0.1983794198930727,0.17452819984855486,0.0368454253364297,0.015444187447428703,0.09138436615467072,-0.019663462415337563,-0.07649420201778412,-0.01005723886191845,0.1476432830095291,-0.017032507807016373,-0.04016004875302315,0.016699135303497314,0.2202593982219696,0.17087699472904205,0.08181276172399521
-0.001876501501126774,-0.004609948973513327,-0.08885926402016785,0.015552737499745947,-0.04119470826382421,-0.026543996626623174,-0.10192001389918552,-0.06397489919098673,0.052967173055640755,-0.015504804279977446,-0.011181238027830881,0.02327105971535126,0.22699267618197472,0.16966810093807855,0.07016583475573902,0.02182592824101448,0.09979090094566345,-0.022327544167637825,-0.08319525420665741,-0.00912189856171608,0.1695845127105713,-0.01647905260324478,-0.044190309941768646,0.042008135467767715,0.24383580684661865,0.1784190535545349,0.0952584370970726
-0.0019514532615409472,-0.005799036526256977,-0.09008334337142565,0.01672794769816782,-0.0415896593946629,-0.022429016422996738,-0.11059104830464257,-0.07506009724824272,0.04482193181732202,-0.01572212395150205,-0.012124719134072207,0.05260087319354169,0.24770900946070248,0.1719338958826251,0.08930383691336433,0.024371450766921043,0.08474404364824295,-0.014066264033317566,-0.09035594016313553,-0.004116818308830261,0.15384255349636078,-0.016812702640891075,-0.04333464056253433,0.07361138612031937,0.2586023509502411,0.17699334025382996,0.10586501657962799
-0.002179212815432294,-0.00799779754220415,-0.09123045013477012,0.018095020505446095,-0.04157445042437967,-0.01661533064431877,-0.11677823239525498,-0.08504420012620321,0.04585817999040692,-0.015192866298969508,-0.014894514309573269,0.07829541700885187,0.26003952424208915,0.17331781985805922,0.10227358436466613,0.028333755210042,0.10856461524963379,-0.014453187584877014,-0.0946425348520279,-0.018394924700260162,0.16403643786907196,-0.018247291445732117,-0.04371395707130432,0.10035783797502518,0.28043636679649353,0.17495641112327576,0.11709628254175186
-0.0018709971046313642,-0.009389793950291391,-0.09201612372770322,0.01919210215639289,-0.04325308793388658,-0.014644590569474284,-0.12618195154852424,-0.09559847768030612,0.04985312980104646,-0.01514363267954303,-0.01991151220444715,0.10964904331311441,0.2804496848591133,0.17271806558790445,0.11349427606381506,0.02999529056251049,0.08893299102783203,-0.009938586503267288,-0.1039947047829628,-0.006934557110071182,0.1651776134967804,-0.019251495599746704,-0.049073874950408936,0.13139092922210693,0.2936277687549591,0.18375949561595917,0.1248423233628273
-0.0011636675137787528,-0.008943041182635302,-0.09381385956723103,0.019951527349716777,-0.04343426563531308,-0.010043946014378127,-0.1295706545736689,-0.10505470544170549,0.05508315887794805,-0.016260055365670163,-0.0251443830501862,0.13956761415707977,0.29684697413992306,0.17704322275429815,0.12241142764227698,0.02984255738556385,0.09683682024478912,0.0030721654184162617,-0.10877945274114609,0.00838884711265564,0.15979936718940735,-0.02088802307844162,-0.052187420427799225,0.1544196903705597,0.3067658543586731,0.17477527260780334,0.10768774896860123
-0.0023189480533399374,-0.013279413420188515,-0.09509866113362496,0.021180812573215416,-0.04128984221660613,-0.001918903464754634,-0.13270755281339278,-0.11213353676370164,0.04815469541924492,-0.018254444856091415,-0.030056318192292368,0.16159369823410097,0.3029623386518036,0.174023566369582,0.11245858413368764,0.0344868004322052,0.10186496376991272,-0.0007119900546967983,-0.10700083523988724,-0.03290165215730667,0.18493159115314484,-0.02235986851155758,-0.05165810510516167,0.17569895088672638,0.30687007308006287,0.15440180897712708,0.10896728187799454
-0.003151418122305533,-0.016501011793535122,-0.09690157061979793,0.02270599612012562,-0.03892829794152195,0.004486770338946964,-0.14029256082599445,-0.1218315842124858,0.051458497766179945,-0.020344414415093232,-0.034703711509057246,0.17999934357771108,0.3015848413514861,0.15705461096006992,0.11031251828340878,0.03631714731454849,0.09620919823646545,0.0005013984628021717,-0.1044735312461853,-0.048777125775814056,0.17236633598804474,-0.025491120293736458,-0.0550934262573719,0.18470782041549683,0.31174206733703613,0.1408543586730957,0.10278014093637466
-0.005796122542475878,-0.018567027886858125,-0.09791595241081238,0.023857832229508356,-0.03435786593958805,0.013655577313607005,-0.13925687497343778,-0.12791336377663243,0.042213257854438635,-0.023137284107680955,-0.03928074511380576,0.19882808421817705,0.3014443799697438,0.14368989138985894,0.1051958664109918,0.047760751098394394,0.0997936874628067,0.007141674403101206,-0.10732675343751907,-0.054152995347976685,0.18126048147678375,-0.025058412924408913,-0.055591683834791183,0.2017466425895691,0.3089202046394348,0.13166755437850952,0.08809024840593338
-0.0065920234317788946,-0.01991734003930813,-0.09950429846308619,0.025100431607748594,-0.02994004735237823,0.019980842295505473,-0.14210745038048483,-0.13577479014937854,0.0463291993667763,-0.02465753684898335,-0.04334077126828473,0.21536821094804529,0.29968394930676995,0.1328530772331629,0.09313099845220463,0.043416086584329605,0.07901683449745178,0.010524634271860123,-0.10412948578596115,-0.06639094650745392,0.160451278090477,-0.028863493353128433,-0.043051816523075104,0.20881465077400208,0.30592939257621765,0.11499124765396118,0.09716466814279556
-0.010721129453480064,-0.020494978516849366,-0.09991366439768525,0.02625585041197971,-0.022669799323294222,0.029314433396439285,-0.13980724457684682,-0.14176971017254497,0.04118680803711998,-0.026988909513820443,-0.04545668411192801,0.2259723299914201,0.2920116072558972,0.11952618008864621,0.09557410101140033,0.04695557430386543,0.07296036183834076,0.024577703326940536,-0.10422166436910629,-0.06377917528152466,0.1515037566423416,-0.02958960086107254,-0.044884443283081055,0.21919819712638855,0.29663777351379395,0.10262696444988251,0.07619460672140121
-0.015080659522388198,-0.022557529627320053,-0.10054609192075704,0.02721844238694768,-0.015383844945144757,0.0408622881873887,-0.13417051105532185,-0.14633076560974206,0.034724120367834566,-0.03068327426681891,-0.04646254280634079,0.23253301745680624,0.28396499001121217,0.10681164099934894,0.08134667396612742,0.04496582970023155,0.07229524850845337,0.03561444580554962,-0.10547538846731186,-0.04777893051505089,0.1452246457338333,-0.03001685068011284,-0.03925873339176178,0.22098040580749512,0.2889907658100128,0.09277710318565369,0.07113783806562424
-0.016485247448394722,-0.023471380367424508,-0.10090692315818635,0.028140460689120864,-0.008692792712958823,0.05213145027149708,-0.13094342017156455,-0.15222157332814254,0.034857071638330336,-0.03325730279167931,-0.04692496380898961,0.234697599559842,0.2758376724757433,0.09639018928594474,0.07347862746791073,0.04443541541695595,0.06343896687030792,0.04315207153558731,-0.09910468012094498,-0.0744737982749939,0.1305595338344574,-0.032013602554798126,-0.03331308811903,0.22346165776252747,0.27684348821640015,0.07390829920768738,0.057766497135162354
-0.018855080077262915,-0.025564186020179767,-0.10251402472769802,0.028883737302599626,-0.0013392097164493702,0.062476015757096326,-0.12731377583546455,-0.15794563635900802,0.033097459891574775,-0.035456263174046036,-0.04552690943047407,0.2336615582325631,0.26452131181323063,0.0798621847769558,0.06147406748826314,0.045367177575826645,0.06512020528316498,0.055456407368183136,-0.09797246009111404,-0.07099734246730804,0.11661680042743683,-0.033818092197179794,-0.030351432040333748,0.21820959448814392,0.26423418521881104,0.06276913732290268,0.03674968332052231
-0.020490064141476562,-0.025387000320027744,-0.10105608521131469,0.029522401983913874,0.006431119199751107,0.072896633035708,-0.12147918532694577,-0.16258436759263734,0.025876491058167427,-0.03751949114511015,-0.04267426247333309,0.22924266147913971,0.25017879473196697,0.06694307571357402,0.043002793600073384,0.04294612631201744,0.059559229761362076,0.06777456402778625,-0.09637859463691711,-0.05976611375808716,0.09342395514249802,-0.03325051814317703,-0.022073831409215927,0.2128136157989502,0.2484038770198822,0.0510992705821991,0.023808687925338745
-0.02215373846267729,-0.025017698196008922,-0.10412659626072539,0.029981565615276116,0.014321922709268207,0.08373788582450807,-0.11472310472678092,-0.16677657555888734,0.013679385788552349,-0.038753496923452,-0.03891822144218577,0.22118548751891526,0.23452041455312883,0.05561933468580139,0.028400997035365402,0.04529513046145439,0.05808698385953903,0.07487721741199493,-0.09105290472507477,-0.07682844996452332,0.07334049791097641,-0.03171054273843765,-0.010107770562171936,0.20093649625778198,0.22961610555648804,0.03082319349050522,0.004408381879329681
-0.023223965181064114,-0.024646700541088556,-0.1045520609314574,0.030418838605364464,0.022419608415306266,0.09308030425462499,-0.10883935463177181,-0.17099044493162582,0.005336528410251867,-0.038721839930856795,-0.03287318420204243,0.20943987928831445,0.21432173333911572,0.03781888114012739,0.01009860703927906,0.04212113097310066,0.04216519370675087,0.08946505188941956,-0.09239692986011505,-0.06211221218109131,0.028913434594869614,-0.02790425717830658,-0.0016947649419307709,0.18389065563678741,0.21000808477401733,0.019613124430179596,-0.020332014188170433
-0.02271120915019911,-0.024592384827642144,-0.10524874901617155,0.030776288478988393,0.028262253836768936,0.10100738833391895,-0.10986416201801709,-0.17967319665624296,-0.0023220729328077656,-0.036074616671139766,-0.02714113661736024,0.1923712112014637,0.19352497307954283,0.02536493874621836,-0.012764555978240381,0.04920279234647751,0.04021211341023445,0.08703211694955826,-0.08918534964323044,-0.07624070346355438,0.010200810618698597,-0.018160831183195114,0.007938120514154434,0.16245606541633606,0.1861421763896942,0.0018817856907844543,-0.0379219725728035
-0.019075425980753753,-0.025890239207685597,-0.10579571747096252,0.03153491927887883,0.03130905944378141,0.11009719007086477,-0.10962489194005444,-0.1876892549864518,-0.010730679362827867,-0.028001042565078706,-0.02312274617086877,0.17059188600632857,0.16899894433878904,0.008910638958216987,-0.03202386033617423,0.05183432996273041,0.016054129227995872,0.09185803681612015,-0.09171700477600098,-0.06572093069553375,-0.047219596803188324,-0.004794927779585123,0.019842524081468582,0.127143993973732,0.15545427799224854,-0.004378136247396469,-0.05774713307619095
-0.013040501173761628,-0.02555268014263863,-0.10687950360894556,0.03228526343898116,0.03244061156568891,0.11813649938583556,-0.10937399867736682,-0.19561678378498112,-0.0192444075370568,-0.014920732651943946,-0.02016697438541894,0.14372633828738726,0.1367395725417032,-0.01234206905991242,-0.041909701447545494,0.053770292550325394,-0.002039264887571335,0.09082154184579849,-0.09386678785085678,-0.07198438048362732,-0.07334253937005997,0.008482592180371284,0.025719821453094482,0.10239707678556442,0.12718942761421204,0.00713094137609005,-0.06361612677574158
-0.007706956802933193,-0.02390322753196733,-0.1078937242197738,0.03331090382241605,0.035449853355410815,0.12319041517413594,-0.11081242893843778,-0.2035358571149343,-0.026843608065192797,-0.008086292185481701,-0.01982148883194277,0.13415121460044654,0.13209615609360756,-0.03149816741333831,-0.0190261839230859,0.04616696387529373,-0.035908546298742294,0.09107929468154907,-0.09857756644487381,-0.05838712304830551,-0.11144010722637177,0.022743791341781616,0.02090119943022728,0.07677803188562393,0.11365962773561478,0.012574169784784317,-0.07865633070468903
-0.008199964656213388,-0.025998701441320403,-0.10818582517917175,0.033016976735845104,0.04511196550270643,0.129571541350584,-0.11552556423593575,-0.20947122413724326,-0.038105802349770394,-0.008183046772500844,-0.014677477476695181,0.11977111390010865,0.12368318764597547,-0.02765274187292726,0.009144028415728244,0.04421014338731766,-0.05361773446202278,0.08920163661241531,-0.10523441433906555,-0.09044979512691498,-0.10125579684972763,0.0298308152705431,0.011306576430797577,0.07098443806171417,0.108922578394413,0.003585483878850937,-0.08509979397058487
-0.008860726386010953,-0.02696540834897514,-0.10747488308665823,0.03297395975269345,0.05186497953223969,0.13029462315172438,-0.12415680293253914,-0.20526008833993797,-0.04526510935617649,-0.009201047773219723,-0.00757739286590477,0.10808954404499567,0.11783036524170988,-0.023651469496880892,0.011703472720064534,0.04514800384640694,-0.017493601888418198,0.08721617609262466,-0.11365149915218353,-0.1125664934515953,-0.06900089979171753,0.026098158210515976,-0.005597811192274094,0.06167961284518242,0.1077178493142128,0.00497504323720932,-0.08326598256826401
-0.005514009097727865,-0.02470476329576348,-0.10569529884542121,0.03684524149655273,0.051547619178477,0.12413113248590991,-0.13261610191868303,-0.19857458459501054,-0.04580496325040267,-0.01047136177292854,-0.003313658844312355,0.10196677279922475,0.11501905988428868,-0.018242537869430076,0.005092877613399007,0.04220090061426163,-0.003043048083782196,0.0811617374420166,-0.1241840347647667,-0.11361680924892426,-0.046181440353393555,0.028671707957983017,-0.01143404096364975,0.05380603298544884,0.09596513956785202,0.006343133747577667,-0.07778443396091461
-0.002649324522593841,-0.023056599132560106,-0.10446622641663905,0.04291365615255757,0.048902764239874504,0.11438634733564901,-0.1429392214702207,-0.1857945826473722,-0.04551079538341761,-0.012367040648703417,0.0005737150773708401,0.09110601047004231,0.10324510512634469,-0.017071005408812186,0.0010389337640463686,0.040671344846487045,0.0020052846521139145,0.07710878551006317,-0.1423547863960266,-0.12577354907989502,-0.030260685831308365,0.02334611862897873,-0.025496870279312134,0.05534522980451584,0.07980222254991531,0.005836658179759979,-0.0887460857629776
-0.0009467533468209916,-0.020845159298851057,-0.10185116184737632,0.0484273063641572,0.04465385089967153,0.09924497617289206,-0.1573538793716137,-0.17181977934439302,-0.036752475643196086,-0.014755772097059413,0.005066640253591459,0.0804689953472075,0.08932262661485678,-0.0168615971100016,-0.005687954863463397,0.04013686999678612,0.021383224055171013,0.06777221709489822,-0.15606045722961426,-0.13585439324378967,-0.013819257728755474,0.015853596851229668,-0.03209593892097473,0.05505698174238205,0.0719185620546341,0.018748601898550987,-0.08968617767095566
0.002496038046978266,-0.014750132285464658,-0.09977668995571871,0.048006177175118875,0.03769006056517089,0.0819443957713495,-0.16712144957327216,-0.15720883655718254,-0.02388912529745987,-0.017296739275698664,0.008641011800220422,0.07411728213232056,0.07990552476389715,-0.015914587274300424,-0.014362578101123824,0.042879682034254074,0.030096426606178284,0.0562158040702343,-0.1705310344696045,-0.12701623141765594,-0.006191768683493137,0.011179329827427864,-0.0404556542634964,0.051394592970609665,0.056849636137485504,0.023922715336084366,-0.09580635279417038
0.0036907712974800387,-0.011986969133135579,-0.09716804432715356,0.04425941154398036,0.03155265774495524,0.06405592600322739,-0.17806951530028037,-0.14665479089997335,-0.013138253629235092,-0.01899115173406849,0.012639112514966999,0.06641905107525024,0.06955814852216402,-0.013923087969467608,-0.020321112626265018,0.03523790091276169,0.02395610325038433,0.031194346025586128,-0.18334877490997314,-0.1250939965248108,-0.006773411296308041,0.004549253266304731,-0.05293072760105133,0.0424087829887867,0.055898211896419525,0.0338984839618206,-0.09948164969682693
0.0053256859530891,-0.009437743679989478,-0.09568064106961192,0.0380522762460638,0.025402004065455175,0.04270861127993868,-0.1926965387228417,-0.12796223891416336,-0.008392206391350441,-0.020511101332625018,0.016379573743798653,0.062046502900340805,0.06574670084265503,-0.011160343796525456,-0.023478983755931656,0.03769085183739662,0.02605619467794895,0.013625815510749817,-0.20069429278373718,-0.12880617380142212,-0.015774302184581757,-0.0014553018845617771,-0.043021347373723984,0.04610120505094528,0.04698984697461128,0.018326852470636368,-0.10813338309526443
0.005797863222733547,-0.006727498934073268,-0.09486978972033497,0.033959483771754596,0.020512578508869297,0.018375263917819594,-0.20944852139738981,-0.12395368802237454,-0.013762681985333196,-0.02129721532460427,0.021182307206295367,0.059715355928447476,0.06520725660348521,-0.005949171851034921,-0.028240876020032234,0.031424667686223984,0.03074745461344719,-0.010545551776885986,-0.21644914150238037,-0.12354298681020737,-0.010594482533633709,-0.0076227872632443905,-0.07638349384069443,0.032667167484760284,0.04720569774508476,0.01307261735200882,-0.1244211420416832
0.00508808276153717,-0.005857453757667381,-0.09454793820366766,0.031904649090356965,0.017372176165720756,-0.002990200361037869,-0.2227530356965292,-0.12035660097183974,-0.01184635184834022,-0.02143399561720694,0.026831406918442005,0.05262195244421413,0.06202287675074543,-0.001302439535863017,-0.03340012769917366,0.03070835955440998,0.022146329283714294,-0.02592589147388935,-0.22730758786201477,-0.12646110355854034,-0.014586194418370724,-0.008468836545944214,-0.05139815807342529,0.04205433279275894,0.03862646967172623,0.032855674624443054,-0.12434328347444534
0.003365699688632633,-0.006741119884100414,-0.0942732524465022,0.030211130652796455,0.014912318737237371,-0.023260980530229045,-0.23126159471651617,-0.12110666937474095,-0.013988749911785952,-0.021713879372548334,0.032531344331689596,0.04755699293276137,0.06410302874981838,0.004445639411524354,-0.03597071958834888,0.025497352704405785,0.017763223499059677,-0.04986579343676567,-0.2400071918964386,-0.137691929936409,-0.02227659523487091,-0.009882092475891113,-0.0838456004858017,0.02894730493426323,0.0409180223941803,0.027399413287639618,-0.14944225549697876
0.0023392681510888175,-0.007042144665405673,-0.09426442569682006,0.027100748916435845,0.01223158408271405,-0.045784602992349634,-0.24180576141152987,-0.12994152919866855,-0.020056352124853353,-0.021949574004939052,0.037864277996001394,0.0430515739251931,0.06725837549846767,0.012789322540263943,-0.04230967302489393,0.030455851927399635,0.03982400894165039,-0.06603492051362991,-0.2483888864517212,-0.1396690458059311,-0.02253900095820427,-0.01864067278802395,-0.08094458281993866,0.03186448663473129,0.044544368982315063,0.006368260830640793,-0.1388654112815857
0.0005625050674529117,-0.008583120499416386,-0.09444416994364158,0.02552310288416702,0.009616485461009391,-0.06687127696606993,-0.24957364700997992,-0.13477821182822464,-0.022821586212525013,-0.02156099665084007,0.04148885364223449,0.03696429260967181,0.06910142709426573,0.018600979218002606,-0.04277051916404752,0.02490648441016674,0.02309437096118927,-0.08749797940254211,-0.25637131929397583,-0.13413888216018677,-0.03491220623254776,-0.02247496135532856,-0.08087614178657532,0.031914304941892624,0.036240097135305405,0.033760808408260345,-0.15777885913848877
-0.0007106930815533138,-0.008334753479007632,-0.09429197304495476,0.024508697974046485,0.008177648747920261,-0.08947760115476514,-0.2545228156213702,-0.13186832077239438,-0.03198323782922271,-0.02139715895104386,0.04511915400660237,0.03305113764623466,0.07188061076648318,0.02439129456015062,-0.04468637730114654,0.022867297753691673,0.03217366337776184,-0.1046779602766037,-0.26088520884513855,-0.14370058476924896,-0.03447037562727928,-0.023913472890853882,-0.07604221999645233,0.026023514568805695,0.04419507458806038,0.0034072846174240112,-0.14893949031829834
-0.002140968183852798,-0.008637702473787714,-0.09559261939673297,0.02131378695925552,0.008335519325528779,-0.11090826765560817,-0.2574914203542535,-0.13759880395032287,-0.0346059436527511,-0.021272059256552255,0.048784650754573916,0.027272026879752827,0.07147639372145756,0.028003362156180205,-0.046552912336937355,0.021130509674549103,0.03485199436545372,-0.1196698397397995,-0.26135942339897156,-0.13727021217346191,-0.04280642420053482,-0.03087734431028366,-0.091240793466568,0.028483007103204727,0.03830753266811371,0.030733928084373474,-0.17185720801353455
-0.0020352202053227843,-0.009207561867408561,-0.09577045738372311,0.017088480155121953,0.008498590299432606,-0.1281958797747172,-0.25301540227449043,-0.1359853038605581,-0.0413664444970632,-0.020827688515400573,0.05020753114023961,0.0220096103658763,0.07268514698108762,0.03552131642756639,-0.04833354702536696,0.019452041015028954,0.03413413465023041,-0.13667361438274384,-0.2626745402812958,-0.13136757910251617,-0.048215270042419434,-0.031134244054555893,-0.07410972565412521,0.02018086239695549,0.04016083478927612,0.02195064350962639,-0.165910542011261
-0.002586432509994742,-0.009838347214456897,-0.097543482035095,0.013791110249106625,0.010173351718321054,-0.1464684464152318,-0.2547487850729813,-0.1322966153556462,-0.047061286034572984,-0.020215731608953652,0.0510609927137192,0.014994604377828371,0.06948663071636499,0.038621112078972994,-0.05339192626067081,0.013880740851163864,0.031762853264808655,-0.15426689386367798,-0.2619728446006775,-0.1291612684726715,-0.05933442711830139,-0.031984247267246246,-0.0702870711684227,0.00865077879279852,0.039506472647190094,0.001722291111946106,-0.1577969789505005
-0.0017855425155789372,-0.012363727873692446,-0.09654877233441592,0.010554431099149322,0.013526683540243355,-0.16150238679534507,-0.25724677120711215,-0.1279760115534995,-0.05647981827480487,-0.019683642391452157,0.0512854037367238,0.005579526408399392,0.06657088541388667,0.04223106264411107,-0.04998984469926989,0.01374738197773695,0.029700763523578644,-0.1628071367740631,-0.2617649435997009,-0.12099026143550873,-0.06004023551940918,-0.0352068655192852,-0.07556827366352081,0.013988710008561611,0.029610833153128624,0.02316603809595108,-0.17384552955627441
-0.001746665596401425,-0.012833406407438202,-0.09866122769052647,0.009126313040751623,0.015720838653709258,-0.17308214040149225,-0.2520374145000936,-0.12111575466212357,-0.05932342511112978,-0.018473285379029265,0.05030605668073928,-0.0005891252350796017,0.06735781110090114,0.049239232609414804,-0.05038853732080758,0.011342618614435196,0.03380198776721954,-0.17293211817741394,-0.26058417558670044,-0.11733567714691162,-0.05697392672300339,-0.03614123910665512,-0.07176224887371063,0.004215816967189312,0.03328021243214607,0.0207827128469944,-0.16700661182403564
-0.0014059805968229862,-0.012855766281888224,-0.09997276627438682,0.008427089351142593,0.017993215358540728,-0.1851719906196409,-0.24992999299174967,-0.11785223473384684,-0.05810002142480868,-0.017043105478992068,0.04844588803685625,-0.00609015065809789,0.06609595838826425,0.054103184201413794,-0.04907118636493757,0.008361760526895523,0.025621559470891953,-0.18762245774269104,-0.25820958614349365,-0.11652837693691254,-0.06557370722293854,-0.03193768858909607,-0.05778788775205612,-0.004311230964958668,0.0328570157289505,0.007441811263561249,-0.16060882806777954
0.0010688576423774755,-0.010625256809792065,-0.10257120027742335,0.006862563194203017,0.021236880190573446,-0.19660078159869263,-0.2513193639222035,-0.11576112992272848,-0.06349136222705812,-0.01592556464293186,0.04662214015020125,-0.013106920315255713,0.062066236104733205,0.057984617000132695,-0.0478693935072383,0.009741289541125298,0.028222516179084778,-0.19000981748104095,-0.253363698720932,-0.11050781607627869,-0.06780833750963211,-0.03150707483291626,-0.0646042600274086,-0.010356471873819828,0.031048519536852837,0.016596753150224686,-0.16292744874954224
0.0029629966981240172,-0.009264803095291286,-0.10255553050925856,0.006917123053873668,0.021805688988804705,-0.20018808239640865,-0.24240995032082463,-0.11070334366161251,-0.06657905043037586,-0.014593792372736255,0.0423770177790132,-0.02103222048574238,0.058396841741364794,0.06234632460088176,-0.047210024464835305,0.0075707691721618176,0.022141452878713608,-0.1969069540500641,-0.24531158804893494,-0.10585203766822815,-0.059924907982349396,-0.02452598512172699,-0.0494161956012249,-0.021261464804410934,0.025566356256604195,0.022310689091682434,-0.1557134985923767
0.00520413543582612,-0.010682547077881101,-0.10396279235385535,0.007831438017081164,0.021880044229520713,-0.20150552531976412,-0.23485030685787678,-0.10701308121662698,-0.061641540228805365,-0.013105043196319194,0.03772328713761369,-0.030475260503366693,0.05272488724232704,0.06603005529645846,-0.044315601455320375,0.00881928764283657,0.025102615356445312,-0.19536881148815155,-0.23736143112182617,-0.09885375201702118,-0.05768387019634247,-0.026552066206932068,-0.058846086263656616,-0.028990864753723145,0.025211039930582047,0.01116269826889038,-0.1470470428466797
0.007460815955013465,-0.010171256713706986,-0.10550270502251717,0.008407617779499945,0.021673728987597434,-0.20180995513098074,-0.22814693442945935,-0.10021076269807969,-0.05874510665291826,-0.011614047203778923,0.032811334670099446,-0.03896887188336342,0.04788386053444971,0.07015670512382476,-0.04182946307019491,0.007932811975479126,0.019052382558584213,-0.19752703607082367,-0.23081457614898682,-0.09591732919216156,-0.05116455256938934,-0.01979266107082367,-0.05160745978355408,-0.037968993186950684,0.021154208108782768,0.036182284355163574,-0.14990022778511047
0.0077920327780681975,-0.009281229423695202,-0.10538974323249896,0.008696912758382452,0.02084428320865803,-0.20103947948362433,-0.2222866056546873,-0.09629279589848365,-0.05306832839822061,-0.010049030772532372,0.027913351340476022,-0.04518454079081099,0.046462495992701726,0.0761376559833102,-0.04302181238746462,0.008341668173670769,0.018045511096715927,-0.2005818635225296,-0.2198358178138733,-0.08901788294315338,-0.049267321825027466,-0.013573408126831055,-0.051674436777830124,-0.05153955891728401,0.021801602095365524,0.026408541947603226,-0.13908734917640686
0.011748470681451035,-0.009495311436308706,-0.10916299659409612,0.00868066749795205,0.02023214910009867,-0.19797724533489464,-0.2138153194562849,-0.08947954166208437,-0.050113768193197204,-0.008763926696563201,0.022970429425777608,-0.05346850148336595,0.041526405134916185,0.08076350385838263,-0.038681316806481715,0.012294730171561241,0.019900083541870117,-0.19090993702411652,-0.20656222105026245,-0.07580715417861938,-0.0346992053091526,-0.014772161841392517,-0.06316521763801575,-0.058594610542058945,0.016891177743673325,0.03262187913060188,-0.13205817341804504
0.013424223078019043,-0.006239591040122743,-0.10945669444169949,0.010711655819221396,0.018097439264259937,-0.18923590227946593,-0.19610463054530994,-0.07810900534195508,-0.038889608327134936,-0.007396925874745339,0.01717437127298712,-0.06303332632844141,0.035741250743448395,0.08510214616407247,-0.031963365860055604,0.01083010621368885,0.013879112899303436,-0.18424297869205475,-0.1902366578578949,-0.06396743655204773,-0.02453572303056717,-0.009338274598121643,-0.06215757876634598,-0.06694819033145905,0.012034714221954346,0.04100612550973892,-0.12601156532764435
0.014641724626911516,-0.007498628337651753,-0.11049095836575833,0.013128691775665625,0.01598613147818643,-0.18059635908840388,-0.17987482622149062,-0.06696817772769,-0.02839803359373836,-0.005904198488628788,0.011981660985410647,-0.07079249091194925,0.03240664544910825,0.09072455614969914,-0.027410901640396907,0.013863276690244675,0.015140343457460403,-0.17820607125759125,-0.1766386330127716,-0.053005412220954895,-0.01760789006948471,-0.00819406472146511,-0.07626596093177795,-0.07809550315141678,0.013268431648612022,0.04310508817434311,-0.11671500653028488
0.014273156931509216,-0.0060508512406582515,-0.11203460437061495,0.014472815138937195,0.014024507535437618,-0.17373298583189037,-0.1689980366866606,-0.05554729398846647,-0.02054251463894682,-0.004659115922503408,0.007048547619490473,-0.07743023560128805,0.03101559670395476,0.0982470203655945,-0.023885016525596353,0.01601475290954113,0.016588132828474045,-0.1680942177772522,-0.1617637574672699,-0.03725745528936386,-0.0052247485145926476,-0.005078429821878672,-0.07409913837909698,-0.08206139504909515,0.010556284338235855,0.05958250164985657,-0.10502803325653076
0.015066736995180014,-0.004158457862917061,-0.11324415991113612,0.015676941989000027,0.011631478938199222,-0.1636367484159424,-0.15356883849859285,-0.040569224663220375,-0.009643765692185096,-0.0033524962576561537,0.0014509082185422818,-0.08414538399708503,0.030677827039709636,0.1060533712927178,-0.017614615977445975,0.01620577834546566,0.006415430456399918,-0.15849031507968903,-0.14496836066246033,-0.0175472404807806,0.003700130619108677,-0.0006076064892113209,-0.08136376738548279,-0.09568960219621658,0.0073721278458833694,0.06294460594654083,-0.08629097789525986
0.01558141259901871,-0.003028496702865095,-0.1148515552711886,0.017113568178582114,0.009887917536969059,-0.15012012077237863,-0.13541893431074659,-0.022498231123840896,0.00019052027027934915,-0.002035855840765556,-0.0032599225965115226,-0.09405481979013332,0.027614679391221565,0.11373725418491057,-0.011967161526551084,0.01889927126467228,0.006299573928117752,-0.1395552009344101,-0.12427496165037155,0.0015524011105298996,0.015093409456312656,-0.0011116978712379932,-0.08153359591960907,-0.10181427747011185,0.006291937083005905,0.07666078209877014,-0.060266632586717606
0.014281465240230716,-0.003769267697692441,-0.1161578584810274,0.019680726357993512,0.007356019333783617,-0.13264223871800085,-0.11343526964428477,-0.003207498418923895,0.011045046959722377,-0.0005463154986989104,-0.00821294932717168,-0.10548084583982399,0.02421154967856906,0.11961254266633238,-0.006519192925593426,0.01583990268409252,0.0018727406859397888,-0.12079320102930069,-0.10377892851829529,0.021222516894340515,0.024246608838438988,-0.0011494955979287624,-0.0783737525343895,-0.1093219593167305,0.00016643665730953217,0.08059601485729218,-0.023305945098400116
0.010780962445787662,-0.005630890337107517,-0.11717960636899438,0.019816271582855892,0.005486065750574592,-0.1150554544128591,-0.09224557886836707,0.015423583631499021,0.020647653703895787,0.0008511882681499957,-0.012592098114285945,-0.11557201114196194,0.02324690873622402,0.12873759298965626,0.0007400840576933137,0.015205597504973412,-0.0022126715630292892,-0.0952243059873581,-0.07752027362585068,0.04672226682305336,0.028867464512586594,-0.008754456415772438,-0.06760705262422562,-0.11812133342027664,-0.0017033666372299194,0.07886971533298492,0.02889900654554367
0.008092645842115926,-0.004837303153396787,-0.11861558051749622,0.016669075846721813,0.004973797611105577,-0.09229040501722653,-0.06290990396861021,0.03939982571719928,0.026868547684948604,0.0015915595086131698,-0.01553168195337905,-0.1283054804677436,0.018640620842870072,0.13522871281892634,0.00817310484355333,0.006347740534693003,-0.009100038558244705,-0.06213454529643059,-0.05058394372463226,0.05752958357334137,0.03556060791015625,-0.010883031412959099,-0.040952056646347046,-0.11679316312074661,-0.0038406141102313995,0.09038025140762329,0.06945232301950455
0.003057591492029228,-0.005226632178615962,-0.11865507419428918,0.014409469330615795,0.006359598171548362,-0.07363740845853535,-0.0444553321934529,0.041143530071811193,0.003975500741438704,0.0017244578726186713,-0.019357588635088126,-0.13834025792472626,0.017673851255969375,0.14375870026662838,0.02322236783032691,-0.002480157185345888,0.0035898201167583466,-0.03171975165605545,-0.03556589037179947,0.06635408103466034,0.05023782700300217,-0.010063566267490387,-0.0010081417858600616,-0.1133880689740181,0.0036154724657535553,0.08619944006204605,0.08489220589399338
0.0033019903838224637,-0.004031894982308569,-0.11811006440981878,0.014371159563303789,-0.0012201010770166506,-0.06327097268213473,-0.04112840929059175,0.03187309672286049,0.0021128546829724485,0.0009878135236618794,-0.029746937114746384,-0.14539495271045536,0.020139353229568543,0.15442320970461226,0.03844502530633895,-0.012564336881041527,0.037010692059993744,-0.030899418517947197,-0.040170520544052124,0.04958076402544975,0.0980524942278862,-0.004843056667596102,0.02733844518661499,-0.11877093464136124,0.01604074239730835,0.14524401724338531,0.05330818146467209
0.00665730794316948,-0.0022496811518105623,-0.1162836649990033,0.012686247986327316,-0.010673401944225412,-0.06051182546953678,-0.04808648991724591,0.020758866008098537,0.01058565212375186,-0.0022367059232107737,-0.037132259318997524,-0.14764236260559027,0.026239823010010845,0.15974242541002245,0.04052702869935625,-0.02398729883134365,0.03896653652191162,-0.014471534639596939,-0.05895044282078743,0.06937059760093689,0.09858398139476776,0.0015230150893330574,-0.0048582665622234344,-0.11180252581834793,0.02328088879585266,0.15457352995872498,0.00031764619052410126
0.0024780246344255257,-0.0009409614045022032,-0.11489330357482812,0.010788059115443071,-0.014352765912252853,-0.0567923309296494,-0.05630591749000917,0.008379521353751201,0.012676609016341515,-0.004515804009924971,-0.03588135379079593,-0.14521131736076082,0.04011419317353531,0.1670172424342877,0.014112605222192015,-0.02468585968017578,0.07071559131145477,-0.007866721600294113,-0.06271907687187195,0.046982042491436005,0.10959586501121521,-0.004076032433658838,-0.008559325709939003,-0.1004803255200386,0.05073726177215576,0.17918655276298523,-0.03413411229848862
0.0020489690680004177,-0.003764201286122766,-0.11388198161213813,0.010335711905715503,-0.01811401242864445,-0.05390128412726067,-0.0717927112534336,-0.006965510295624419,0.018118234129985592,-0.004735923789946578,-0.03162123311012779,-0.13415854421482099,0.07250321893446708,0.18125062623582613,-0.01863118853428267,-0.01937360316514969,0.06101752072572708,-0.01576818898320198,-0.06946925073862076,0.029732413589954376,0.11287327855825424,-0.004000721964985132,-0.030820585787296295,-0.08808062225580215,0.07772146165370941,0.1877928376197815,-0.04980149120092392
-0.00024298561847799395,-0.006321412901394696,-0.11488010530383969,0.010367913339769769,-0.02240169487098184,-0.047498187048371755,-0.07968219001414661,-0.018834222395954673,0.024610890709836016,-0.0056158739921424875,-0.027434486568533343,-0.11840577373951411,0.10216351092471672,0.18766532933767852,-0.03894417941816981,-0.006482712458819151,0.08449491858482361,-0.018998024985194206,-0.06770539283752441,0.016015751287341118,0.12429427355527878,-0.008963210508227348,-0.028172887861728668,-0.08004451543092728,0.11511432379484177,0.1768375039100647,-0.031324371695518494
-0.0005170857249486517,-0.0063307001621237405,-0.1149643293815806,0.011132608729605127,-0.026734558077101196,-0.042204800448850194,-0.08403791464666464,-0.028535778325999052,0.034586293348136225,-0.008582836352843173,-0.024013810913743012,-0.09536982254591357,0.12929073948764605,0.1757008958740782,-0.033532891911093085,-0.00017824163660407066,0.08218902349472046,-0.019858025014400482,-0.06904993206262589,0.014595933258533478,0.13287235796451569,-0.010448683053255081,-0.040209971368312836,-0.059647489339113235,0.140575110912323,0.17742307484149933,-0.019476352259516716
-0.001356045861750861,-0.004520449410075007,-0.11691260825686986,0.012053338679013635,-0.03086980448759158,-0.03782941846689791,-0.08691449547645427,-0.036547186817990934,0.0366948578434244,-0.012326961466592255,-0.021216829789807146,-0.06922088888714521,0.15555308954910138,0.17771923723886587,-0.021276777703602714,0.0037004747427999973,0.09571917355060577,-0.014369087293744087,-0.07552850991487503,0.02133392170071602,0.14252786338329315,-0.011938011273741722,-0.035051729530096054,-0.039432063698768616,0.16436442732810974,0.1743161976337433,0.015254052355885506
-0.00035090696235814706,-0.004756160806684022,-0.119039345244796,0.013826611355345315,-0.03370825896508947,-0.03286056748979588,-0.09147960963827607,-0.046514311339009004,0.03711610473228376,-0.015045844632157338,-0.01812096250620804,-0.04562935397048815,0.17039848628103507,0.17019339651741452,0.005539639994024929,0.002992942463606596,0.08812619745731354,-0.01822611317038536,-0.07966528832912445,0.015000736340880394,0.1469183713197708,-0.014342084527015686,-0.045455824583768845,-0.01800212636590004,0.18533888459205627,0.1782849133014679,0.03760916739702225
-0.0012565574890696146,-0.0052549382560617705,-0.12025370362683543,0.015048509240370182,-0.0361243615637696,-0.027894002873329254,-0.0957818791292291,-0.05631733770158499,0.043049800505086236,-0.016488981054385198,-0.015848497420711875,-0.017829915177626852,0.19230398313935124,0.17281453895139068,0.029659894822903567,0.01136227510869503,0.09048764407634735,-0.014768168330192566,-0.0795464739203453,-0.0061719175428152084,0.1454053372144699,-0.01729804277420044,-0.041263364255428314,0.013456079177558422,0.21401289105415344,0.17050881683826447,0.07974813133478165
0.0011466406886217837,-0.005839154606048635,-0.12209656175879355,0.016497753732662743,-0.039042248812316376,-0.025518142740632112,-0.10331604113871717,-0.06579883711513261,0.04272936193479662,-0.017329021603858623,-0.016282143052196777,0.01619379293235146,0.22280908576454395,0.1689225551936975,0.06660362813938125,0.0220020841807127,0.10363583266735077,-0.019118865951895714,-0.08412246406078339,-0.01431015320122242,0.1658816784620285,-0.01688464730978012,-0.04668630659580231,0.040123101323843,0.24277770519256592,0.17503318190574646,0.08901635557413101
0.00024311073795953115,-0.004808790097291765,-0.12322089983594722,0.018150903382080714,-0.04087832916582702,-0.02224973307366914,-0.110844543513008,-0.07605794288001567,0.04312660203107002,-0.017302775367551922,-0.016991839351956417,0.048637672623125607,0.24938281797716252,0.16914691273267768,0.08370222852278784,0.020888011902570724,0.08847041428089142,-0.011559251695871353,-0.09395768493413925,0.003438863903284073,0.15422412753105164,-0.01769794151186943,-0.045308176428079605,0.06843788921833038,0.2577614486217499,0.17908775806427002,0.10520138591527939
-0.0017352925512200423,-0.007487803001992809,-0.12489905299029255,0.01956882826669209,-0.039871726237776926,-0.015655273788567056,-0.11569012872899949,-0.08536158144507693,0.04814513612147921,-0.016578511028634304,-0.017488157091098824,0.07258820912124209,0.25988482584801564,0.17282462620045896,0.10008064777639245,0.02233176678419113,0.08641637861728668,-0.004649804439395666,-0.0964357927441597,-0.006656132638454437,0.14870212972164154,-0.020089060068130493,-0.044425345957279205,0.09943125396966934,0.2755529582500458,0.17623010277748108,0.11549495905637741
-0.0015764792056115894,-0.009455107381436453,-0.12573132639608375,0.020646877105463583,-0.04075447050851912,-0.011274828349299635,-0.12199105868404561,-0.09505678276880851,0.04779476562295552,-0.01680841027317672,-0.021176017149892944,0.10172608080783893,0.2774731538253558,0.17405935222333913,0.1118661139308787,0.033567532896995544,0.10758452117443085,-0.009199824184179306,-0.09950835257768631,-0.02369379624724388,0.17309527099132538,-0.020381037145853043,-0.04608355462551117,0.12470845878124237,0.29589900374412537,0.17972496151924133,0.12082818895578384
-0.002385512257391422,-0.010767324185063007,-0.12701302867421127,0.022071894466157767,-0.040877739106022264,-0.00903894242868328,-0.12944219126800752,-0.10461736511968828,0.046637134460689775,-0.018322420073730347,-0.02511112572892532,0.1345742250953093,0.2987028180989862,0.17488246727857018,0.11882547423944569,0.028522003442049026,0.0929366797208786,-0.003492878284305334,-0.10765891522169113,-0.006279565393924713,0.16483499109745026,-0.021895017474889755,-0.0565604642033577,0.14801782369613647,0.30684491991996765,0.17845536768436432,0.11252749711275101
-0.0032193343745101533,-0.010529890957108143,-0.12874585123616195,0.02295147582518716,-0.03861243195277627,-0.0025072826135779606,-0.13216122040948464,-0.11120567364568647,0.04787210016198394,-0.019858227974271142,-0.02826381200070741,0.15805325875083232,0.30472765766661153,0.17499744352701582,0.11527189408537207,0.03608383238315582,0.10499082505702972,0.008468279615044594,-0.11047781258821487,-0.021888665854930878,0.17740194499492645,-0.023356091231107712,-0.057106129825115204,0.17480042576789856,0.30684271454811096,0.15841670334339142,0.10002904385328293
-0.005294942055886492,-0.0136102029843694,-0.12962149790611607,0.024115735801497337,-0.034654225987420864,0.005331020144196953,-0.1362970942700822,-0.12045673442384024,0.046331695467546424,-0.020136151473199082,-0.03193010166957227,0.17590015238226453,0.3013864689801886,0.16099811310409623,0.1050666482014009,0.034079261124134064,0.09046822786331177,0.0025701248086988926,-0.10335975885391235,-0.048521626740694046,0.17032477259635925,-0.026989826932549477,-0.05175483971834183,0.1846219003200531,0.31101274490356445,0.14409464597702026,0.11081089079380035
-0.00666691686432004,-0.016507011639304337,-0.13055030392454106,0.02518361113720792,-0.0317568397053758,0.01315749903401421,-0.13837112351403918,-0.128297755341023,0.04235570184931895,-0.022229977051421462,-0.03794206434420795,0.19601108273565454,0.30294892387035477,0.1470848812025063,0.10942921207187929,0.04880387708544731,0.10878092050552368,0.007260714191943407,-0.1030784323811531,-0.06968067586421967,0.18053051829338074,-0.02608545497059822,-0.054005883634090424,0.19765886664390564,0.3105039596557617,0.12833411991596222,0.08853770792484283
-0.008454263860248423,-0.018123634794906175,-0.13118503847057605,0.026162127264286638,-0.02735368754215077,0.021091528056923534,-0.1394159164421106,-0.1357535963177289,0.040843153579933685,-0.025461341995153604,-0.04212656326916869,0.21256060933818868,0.3004114026843033,0.131394230802741,0.09455147024658375,0.04315616562962532,0.08033978939056396,0.01456904225051403,-0.10538113862276077,-0.05610428750514984,0.1611926108598709,-0.028209872543811798,-0.04799659550189972,0.20741058886051178,0.3048337996006012,0.1213856190443039,0.09293290227651596
-0.011520974801225027,-0.020052551558143124,-0.13305222946531978,0.027188061131964467,-0.021287753460486294,0.030972514260042897,-0.13855259092362227,-0.14248102546588823,0.03868190957035878,-0.027834827916796936,-0.04525290556399597,0.22227508826089754,0.2917583568733159,0.1228384037646748,0.09325355187092467,0.04688325151801109,0.07932047545909882,0.02408926747739315,-0.10096661746501923,-0.07634181529283524,0.15460030734539032,-0.03013550490140915,-0.04084227979183197,0.21612584590911865,0.2979014813899994,0.09978753328323364,0.08073712140321732
-0.013814930651668892,-0.020362946488796958,-0.1330429030878621,0.028111561739517687,-0.014938276709374863,0.04211409682685393,-0.13461677571085326,-0.14793332238663712,0.03479437469556643,-0.031036043620294405,-0.047245103324328026,0.22986633855906127,0.28428413400404534,0.10655451681818873,0.0836795216048137,0.04681994393467903,0.07276370376348495,0.035271428525447845,-0.10404326021671295,-0.055263031274080276,0.14524273574352264,-0.030772559344768524,-0.04291119799017906,0.22004373371601105,0.29019877314567566,0.09496920555830002,0.06735868006944656
-0.01613480654622478,-0.02372754981571572,-0.13480075139946032,0.02897610917847508,-0.008818660591900254,0.0528077506200698,-0.13142063152036695,-0.15380291384590453,0.034151063556003274,-0.033720760337913415,-0.04822409575313507,0.23461302838918532,0.2782582932039443,0.09714445039515959,0.07152936179792958,0.0454879030585289,0.07022347301244736,0.044466618448495865,-0.10046403855085373,-0.0712067261338234,0.1330508589744568,-0.03201920539140701,-0.0330972857773304,0.22243504226207733,0.27940890192985535,0.07471073418855667,0.062025152146816254
-0.018734195680796283,-0.0258858058801191,-0.13530121670864484,0.02972937528718788,-0.0012567310102433965,0.06309480344135486,-0.128309730546483,-0.15986430834461124,0.03192246871399411,-0.03573207780980083,-0.04677114549090886,0.23398076760559222,0.2660550759780172,0.08078373346764935,0.0638891135245244,0.04359384998679161,0.06122564896941185,0.05462626740336418,-0.0977650135755539,-0.07537826895713806,0.11309713125228882,-0.03338449448347092,-0.029347795993089676,0.22050103545188904,0.2657369375228882,0.06247334182262421,0.0410035066306591
-0.020598166997005563,-0.025854223496242376,-0.13602588381733596,0.030207753120248412,0.0068905903649207345,0.07301489984953119,-0.12282061579238905,-0.16467107788009397,0.02354819213207031,-0.037809136177427906,-0.04347879851245292,0.23091397017108298,0.25201070554585875,0.0670792958699015,0.04667608191090535,0.045362185686826706,0.06065231189131737,0.06876298040151596,-0.09700281172990799,-0.06446509808301926,0.09711199998855591,-0.033476751297712326,-0.02177177183330059,0.21386611461639404,0.250516414642334,0.051215775310993195,0.025401704013347626
-0.023732788183925414,-0.02454558819719863,-0.1365823945953465,0.030648664655318753,0.014541821600664437,0.08385440006464404,-0.11611904066223033,-0.16902141077354638,0.012263660019534528,-0.038882957530516925,-0.039547819434093065,0.22373343166119225,0.2362814190235457,0.055632207606075415,0.030530258045648878,0.04525313526391983,0.057934556156396866,0.07536476850509644,-0.09339272975921631,-0.06958232074975967,0.07366954535245895,-0.03183739632368088,-0.014011625200510025,0.20438070595264435,0.2312067449092865,0.033751726150512695,0.004159055650234222
-0.02311520046767602,-0.024298728047621124,-0.13695627083462125,0.03109319961406712,0.02168096129311221,0.09269289318415631,-0.11264638907035647,-0.17507811085326022,0.0032324734736694067,-0.03844728450348383,-0.034165713538538964,0.2123286731592859,0.216172190434931,0.039931489468932456,0.010661380815121127,0.04604875296354294,0.049000632017850876,0.08572164922952652,-0.09105506539344788,-0.0794152244925499,0.0393165647983551,-0.02728092670440674,0.0006234496831893921,0.18641075491905212,0.20927730202674866,0.01402648538351059,-0.01606101170182228
-0.024618400482273105,-0.021218472629492384,-0.1371887636021934,0.03176124582623764,0.027573762033376026,0.10149363825020766,-0.11092961985198405,-0.18230335478304655,-0.003651492396120448,-0.03549128853231244,-0.02803890706275484,0.195277678695459,0.1912928502247813,0.02166516220795108,-0.009746738515319098,0.048673365265131,0.04027867317199707,0.08854226768016815,-0.08963288366794586,-0.0780370831489563,0.005754251964390278,-0.01962774246931076,0.005575947463512421,0.163274884223938,0.1877242624759674,0.0034758485853672028,-0.03925718739628792
-0.019368273819190162,-0.024341035370288103,-0.13858030627120857,0.03247699410934165,0.030676567087444824,0.11119300910565601,-0.10917001196784949,-0.18965446315567588,-0.010356854634691107,-0.02854872816808496,-0.02309030860857404,0.1748792436141614,0.16900011371113194,0.009779391159742324,-0.03205529885348349,0.05484636127948761,0.015045363456010818,0.09287470579147339,-0.09270816296339035,-0.06590943038463593,-0.043866630643606186,-0.004608085844665766,0.01889324188232422,0.13395872712135315,0.15645208954811096,-0.0049164630472660065,-0.05876537412405014
-0.014196205833819016,-0.024728352723428573,-0.1394821147943667,0.03314684128073025,0.03187537083194044,0.11952927518870106,-0.10870154122553753,-0.19754148184781656,-0.017846863873888733,-0.015611028466894753,-0.01928915237652178,0.14812727429113004,0.13765913422781598,-0.0072029334841824996,-0.040699454811283745,0.06460794061422348,0.009144319221377373,0.09318698197603226,-0.09231992810964584,-0.0753227025270462,-0.06783963739871979,0.006122754421085119,0.02839352935552597,0.11509234458208084,0.12919774651527405,0.005586709827184677,-0.06782426685094833
-0.00891542616266991,-0.020562783588832064,-0.1415972214102063,0.03555017120321074,0.034770920678157104,0.1221081360567105,-0.11074469848653974,-0.20626872271046034,-0.02532980688000113,-0.006218460504265924,-0.017953272461283736,0.14199972181806358,0.1339650089778703,-0.035289947946123154,-0.033377515297212286,0.04077055677771568,-0.03931194543838501,0.09278132021427155,-0.10238601267337799,-0.04699491709470749,-0.10255609452724457,0.023767467588186264,0.019800513982772827,0.07482144236564636,0.1174214631319046,0.014063261449337006,-0.08230339735746384
-0.009274875282472922,-0.02239342199210819,-0.1423250981098244,0.035741191746786985,0.04394966061039537,0.1295763581432988,-0.11677910165134722,-0.21229521130194262,-0.03427932823823456,-0.005673546205709224,-0.01402471758405868,0.12534868805148627,0.12434440249428255,-0.03072766814834785,0.0026975843656727545,0.046914804726839066,-0.059815261512994766,0.08843399584293365,-0.10530197620391846,-0.1008036881685257,-0.11589528620243073,0.03136409819126129,0.01775139570236206,0.08033416420221329,0.10573484748601913,-0.0023116618394851685,-0.08739756047725677
-0.00972742336811585,-0.026957955384365247,-0.14180684561015752,0.03658625909056824,0.05103338753522483,0.1310890543406253,-0.12631045596036986,-0.21338138906410764,-0.05212303360716196,-0.007040529280816036,-0.007473065339091433,0.11092262974550518,0.11717016000087034,-0.02598915860025908,0.009914269582867482,0.04671443626284599,-0.021507438272237778,0.08819898962974548,-0.11718747764825821,-0.11322448402643204,-0.06388623267412186,0.030290178954601288,-0.005241062492132187,0.061078473925590515,0.10813967138528824,0.008578155189752579,-0.08943013101816177
-0.006293680090046547,-0.024115709982479423,-0.13985326600693732,0.0397967296966423,0.049758554535582325,0.12434996158688685,-0.13609537323668072,-0.19934986357899598,-0.043411207864342674,-0.008627030298462596,-0.003098842935885184,0.10430154391592043,0.11486271999731695,-0.020082291626209815,0.002080088383611769,0.04352623224258423,0.0005634967237710953,0.07912876456975937,-0.12334001809358597,-0.12486281245946884,-0.041463401168584824,0.028580931946635246,-0.014863356947898865,0.05921870097517967,0.09791140258312225,0.0070223137736320496,-0.07154448330402374
-0.003664227311366102,-0.02220915167992084,-0.13768998114895728,0.045714469615313474,0.04543730836189023,0.11501869734571173,-0.14322546134194605,-0.1877523976975624,-0.04222903503708235,-0.01102177641204285,-0.0006691596503634902,0.09369761736175686,0.10384912984875777,-0.01774654529887062,0.001382710726896858,0.04515313729643822,-0.004801930859684944,0.08126065880060196,-0.14384858310222626,-0.13123449683189392,-0.03655826300382614,0.029831450432538986,-0.014766875654459,0.05989711359143257,0.0760778933763504,0.011729951947927475,-0.0939275249838829
-0.0020564174328839726,-0.018188997091956455,-0.1354754878703167,0.051462769654702034,0.04108004812566953,0.09944860979971795,-0.15531149149655676,-0.17114418479827878,-0.037434141308408296,-0.013172286921783214,0.0048384784561045805,0.08392743486213063,0.08988796914299647,-0.01795177216241018,-0.007693245477732035,0.03711521252989769,0.017874544486403465,0.06470353156328201,-0.15187278389930725,-0.14165490865707397,-0.01147081982344389,0.014103470370173454,-0.042616695165634155,0.05439590662717819,0.07628439366817474,0.0206449031829834,-0.08633193373680115
0.001301199159337672,-0.01514804064501259,-0.13365149308110752,0.048319772742529216,0.033511292701619656,0.08258630490278462,-0.16380784707217097,-0.16318262743185383,-0.020480692268471126,-0.01605635705123827,0.008481134155091488,0.07695508594294555,0.08014458562360642,-0.0165665841588636,-0.01324221957321405,0.045662056654691696,0.028209175914525986,0.056340292096138,-0.16546374559402466,-0.14214608073234558,-0.011205579154193401,0.014153605327010155,-0.03844614326953888,0.05721888691186905,0.06121966242790222,0.012306403368711472,-0.0997762605547905
0.002578880997807164,-0.009702851913562635,-0.12996217455258133,0.04286073183066553,0.026015857206599647,0.06376321615073316,-0.17009316435049257,-0.1449724070064533,-0.01378316076681384,-0.018175876845683305,0.01217550705358902,0.07240076818963216,0.07390251279021574,-0.014083689947629973,-0.01789252861966142,0.03646618127822876,0.029196128249168396,0.03378387913107872,-0.1754150092601776,-0.12729118764400482,0.00409968476742506,-0.0012901686131954193,-0.06544443964958191,0.04881151765584946,0.055043984204530716,0.0362614169716835,-0.10281141847372055
0.003086995603405227,-0.006622586595696119,-0.1295616833308145,0.03803705552011883,0.020252690685000307,0.04231786037271433,-0.18394145253405753,-0.13767937380314113,-0.0024655862250729157,-0.01980928999908364,0.016457195236945662,0.06649405413150054,0.06821404309843399,-0.011173131281489754,-0.024308513544526643,0.03699469938874245,0.0294839758425951,0.018829016014933586,-0.18960565328598022,-0.13197654485702515,-0.012578056193888187,-0.005055487621575594,-0.05954034999012947,0.05358610674738884,0.04960588738322258,0.014903567731380463,-0.11754622310400009
0.0025892459830846723,-0.0030524418177266385,-0.12726983807437933,0.034453947632968024,0.015629411660160016,0.02122705483955026,-0.19444189771015236,-0.12887260344062218,-0.010188380461168165,-0.020641293130491182,0.020836583271663614,0.06386306638862574,0.06949274498226778,-0.00494802790555718,-0.024911773536473777,0.03127671405673027,0.0260586179792881,-0.008376074954867363,-0.20748215913772583,-0.12903755903244019,-0.002086288295686245,-0.007862070575356483,-0.08619498461484909,0.03770313039422035,0.05223756283521652,0.010861698538064957,-0.13258959352970123
0.002415415594476541,-0.004144902677743958,-0.12626885912485097,0.03157295976823273,0.01312844520582497,-0.0020515437440122306,-0.21371307099531783,-0.1263342579061398,-0.004713332231024765,-0.021433603916264338,0.026833822748994283,0.0584127474548805,0.0712855377518053,0.002956596599558864,-0.029105493852485703,0.03220668435096741,0.029614213854074478,-0.026010999456048012,-0.22049099206924438,-0.12967891991138458,-0.011279805563390255,-0.013017918914556503,-0.07417923957109451,0.04883216693997383,0.04437193647027016,0.029268614947795868,-0.13110753893852234
-0.0004550137003149491,-0.0056987379270642185,-0.12624263914826186,0.029893096442103476,0.011502667943507258,-0.02385908467801857,-0.22680350285100173,-0.12421135046372145,-0.009995617810030867,-0.022045471801144554,0.03274507479341592,0.05221192812390016,0.07242881922464818,0.00956723886161486,-0.03613778113026389,0.025874244049191475,0.01747559756040573,-0.047366511076688766,-0.23389682173728943,-0.13994532823562622,-0.015128321014344692,-0.007832352072000504,-0.08402076363563538,0.03229093551635742,0.04659136384725571,0.029016554355621338,-0.15087199211120605
-0.0009906082186794303,-0.006877049926237324,-0.12618693628583744,0.027896161932701807,0.009883496622981701,-0.04375432346808511,-0.23463877596358174,-0.13219185134279374,-0.013885124451767454,-0.022001223837345985,0.03740413528994773,0.04563640224048011,0.07374164093739297,0.015393853010274535,-0.03659213382807204,0.030351005494594574,0.04162139445543289,-0.06253156065940857,-0.23659485578536987,-0.13497738540172577,-0.024412397295236588,-0.025426331907510757,-0.09515874832868576,0.036471474915742874,0.04670961946249008,0.00633789598941803,-0.14099276065826416
-0.0020133600303913913,-0.00732247634193575,-0.1254008153470727,0.025817162737412525,0.007850570014154368,-0.06173481521373157,-0.23560966635592276,-0.13152786569914487,-0.022571903122531704,-0.02215797535137961,0.04014039487478286,0.037845926967818855,0.07345758393002934,0.02092472776773369,-0.03926785207433517,0.02592955157160759,0.020124103873968124,-0.08270478248596191,-0.250049889087677,-0.13622501492500305,-0.025607842952013016,-0.019626814872026443,-0.08211800456047058,0.032348040491342545,0.03775959461927414,0.035801466554403305,-0.16326111555099487
-0.0011671033513083909,-0.006729903447880352,-0.12612751013042053,0.024819407671695354,0.007329252301295404,-0.0879852730547935,-0.24779107343349993,-0.1335656374110688,-0.025106366609659002,-0.021949538093567558,0.04279458651248787,0.03345592246860516,0.07246253217652034,0.024395971850248735,-0.041366517289124015,0.023398878052830696,0.03340514376759529,-0.10614077746868134,-0.2558102011680603,-0.14462396502494812,-0.037284672260284424,-0.024669619277119637,-0.07068557292222977,0.024641968309879303,0.04795733094215393,0.0011874809861183167,-0.13881823420524597
-0.003131340936672283,-0.00720119860938879,-0.1265289547576978,0.021993800424711676,0.00881145777958475,-0.11206120760490544,-0.2573707319587637,-0.13840242415566165,-0.034803774655190224,-0.021569474005826754,0.04632831329007462,0.02783714733352224,0.07180779898279029,0.031210826773987062,-0.050078774656656194,0.020598826929926872,0.029129553586244583,-0.12063008546829224,-0.2608180642127991,-0.14153724908828735,-0.04950802028179169,-0.02478228323161602,-0.07902079820632935,0.022106431424617767,0.040017109364271164,0.014727957546710968,-0.1633443832397461
-0.0037119269331911957,-0.008883238245683281,-0.12722513472844846,0.018016200857220836,0.010788538604945469,-0.12719351062374956,-0.2535501051662489,-0.13910788661733597,-0.0459742886105894,-0.02090912339872659,0.047391177676966316,0.01920826236473384,0.07037328693387479,0.036693362835667875,-0.04602587336434626,0.017864802852272987,0.026186928153038025,-0.13636811077594757,-0.2575741112232208,-0.1292298138141632,-0.04614840820431709,-0.03003796935081482,-0.07383783161640167,0.018414504826068878,0.03789232298731804,0.021250814199447632,-0.16099777817726135
-0.0027690100329513974,-0.010625906670453305,-0.12695471075635262,0.014585468486683878,0.012530300105536244,-0.14236171253559635,-0.2494063354882189,-0.13081855169404102,-0.0464028761597682,-0.01995692255169481,0.04787416206312514,0.011775528637919877,0.068376087403858,0.04022201368865884,-0.05014413087123963,0.01528814248740673,0.03555373474955559,-0.150004044175148,-0.25935178995132446,-0.12715557217597961,-0.055847689509391785,-0.031219907104969025,-0.07650149613618851,0.007737993262708187,0.04082266986370087,-0.00032923370599746704,-0.15701249241828918
-0.003076129926681923,-0.010624572719232292,-0.12876367026984709,0.011251702326153582,0.015119066135500826,-0.1592224998163974,-0.2527928711285543,-0.1267951834150931,-0.0538633058129712,-0.018897983361942216,0.04707601110495199,0.0044724058551601515,0.06735490644647424,0.04605264876438763,-0.04557681865760015,0.012988109141588211,0.028792593628168106,-0.16897065937519073,-0.25791624188423157,-0.12196610867977142,-0.059766098856925964,-0.03173978999257088,-0.0662723034620285,0.0067942580208182335,0.03363494202494621,0.017027512192726135,-0.16458088159561157
-0.001950303053214408,-0.01062303186228775,-0.1304946685900886,0.009037250251691099,0.018120519116706913,-0.17526314927939302,-0.2535477287046195,-0.12084569834062416,-0.05834389820274051,-0.017747539167302942,0.04628561454651154,-0.0012164572810374854,0.06660553123524854,0.05079185826063655,-0.045004732679087875,0.012471772730350494,0.03346545621752739,-0.17282472550868988,-0.2587898373603821,-0.11780737340450287,-0.06220860779285431,-0.03327328711748123,-0.07574410736560822,0.001909489743411541,0.03434604033827782,0.012356363236904144,-0.16728103160858154
-0.0009901309258187189,-0.010402524797617272,-0.13211174163056857,0.008838528932802993,0.019993499745491403,-0.1860598339016245,-0.24719287510431787,-0.11753920457564875,-0.061420442223074564,-0.016229570197370757,0.04394302500334597,-0.00776415900604485,0.06431082262737318,0.0551957887674165,-0.044854016999565094,0.010034819133579731,0.029751382768154144,-0.1874590516090393,-0.25298169255256653,-0.11231562495231628,-0.06100962311029434,-0.03138817846775055,-0.06349936872720718,-0.007071052677929401,0.03076728992164135,0.015476107597351074,-0.1616794466972351
-0.0006536861126481691,-0.010206996616030375,-0.13260638945189773,0.008569441924972792,0.022146242517260446,-0.1950882101508241,-0.24375194831446156,-0.11332060759933382,-0.06127842690027084,-0.014835698891004402,0.041051934930666,-0.016273442951541674,0.059742585677340414,0.05893331619670891,-0.04277108346011606,0.011172251775860786,0.03071669116616249,-0.18856532871723175,-0.2510497272014618,-0.10767634212970734,-0.0653725117444992,-0.03359537944197655,-0.06781003624200821,-0.01114210207015276,0.02909380942583084,0.00879032164812088,-0.15854600071907043
0.002213279820425595,-0.01084102930705255,-0.13424635538709928,0.00868333866009758,0.02362827588578946,-0.20160857744668992,-0.24061621586338158,-0.10858354523934802,-0.06427787772080269,-0.01341973391985231,0.03734469422804897,-0.02419590316928863,0.056612044750051646,0.06352385119716761,-0.042645919761765544,0.00802706740796566,0.023119740188121796,-0.20016297698020935,-0.24588614702224731,-0.10576436668634415,-0.06158997118473053,-0.024152979254722595,-0.05317159369587898,-0.0239284448325634,0.026045383885502815,0.02840851992368698,-0.15695807337760925
0.00457362451705763,-0.010990413358941253,-0.13647463923765646,0.008752894476634012,0.024531048481962577,-0.20573908764096427,-0.2380932212859504,-0.10573399415028446,-0.062137697853195825,-0.012029722564710585,0.03330974955048345,-0.03228276957874992,0.05377010805025215,0.06862662803685265,-0.04336896380464544,0.010396171361207962,0.027595065534114838,-0.1991412192583084,-0.237891286611557,-0.09839887917041779,-0.06325753033161163,-0.02545386552810669,-0.06265118718147278,-0.030384782701730728,0.025520959869027138,0.01467263326048851,-0.14926639199256897
0.00717983475395054,-0.010433015803007054,-0.137306784328003,0.008988583018852374,0.02421247807033012,-0.2051154588126567,-0.2283395123602578,-0.09910240909604663,-0.0628704297522802,-0.010683476910700972,0.027959235176280125,-0.04086483640853061,0.049749038526954184,0.07337248240733583,-0.041291134519133244,0.009582770988345146,0.019439805299043655,-0.19850385189056396,-0.22999805212020874,-0.0933535248041153,-0.04980453848838806,-0.0192728154361248,-0.05480515956878662,-0.039646685123443604,0.021445661783218384,0.034045323729515076,-0.15058735013008118
0.009870845617394848,-0.00972304903823833,-0.13885828476293932,0.010344714137288198,0.02310844404053634,-0.20293785060745823,-0.21915963586049594,-0.09474394609239414,-0.053140650945903534,-0.009050332899880347,0.02282235314361451,-0.048325369909777816,0.04712221983346272,0.07890321570623747,-0.04142555971630406,0.00937490351498127,0.021256890147924423,-0.20085355639457703,-0.2171463966369629,-0.08389393985271454,-0.0521351620554924,-0.01681900955736637,-0.05962318181991577,-0.051057491451501846,0.02086532860994339,0.02790994383394718,-0.13905870914459229
0.011053561333588735,-0.008819312619197531,-0.13986666284828317,0.010619587737975472,0.022498565078102304,-0.20025004829723955,-0.20993044201447242,-0.08552392633111591,-0.05225383598891608,-0.007833888437404266,0.017861418291626095,-0.056434802126794956,0.04206167407262621,0.0833892307497916,-0.03772364704658739,0.011710431426763535,0.01998133957386017,-0.1942567676305771,-0.20746925473213196,-0.07723408937454224,-0.03644770383834839,-0.013900771737098694,-0.06718717515468597,-0.059574756771326065,0.019794657826423645,0.030645761638879776,-0.13395047187805176
0.01266833311412716,-0.00755954872948214,-0.1411821563131988,0.011373492529714842,0.02055286962691269,-0.1949844756113957,-0.1978300234160252,-0.07827991225136707,-0.04064372461901087,-0.006617057417087706,0.012216517701915605,-0.06377154137044248,0.03858170690739533,0.08884739751879528,-0.03319157989361017,0.012658758088946342,0.019012678414583206,-0.1886107474565506,-0.19092139601707458,-0.06285995244979858,-0.0263475701212883,-0.011060168966650963,-0.06465273350477219,-0.0666385143995285,0.013449665158987045,0.05160985141992569,-0.12488048523664474
0.01384308130813989,-0.0057842998097458,-0.14282654487470972,0.012794555480715305,0.01818219416541334,-0.18628375103367278,-0.1812330033849127,-0.06606211383497045,-0.03030071695997067,-0.005340326626173469,0.00631409557119681,-0.07164723201609631,0.034851901655482916,0.09446496790658304,-0.026563854460018212,0.013406110927462578,0.012897130101919174,-0.1831250786781311,-0.17815610766410828,-0.05245162919163704,-0.016172785311937332,-0.006276172120124102,-0.07589680701494217,-0.08043323457241058,0.014128725975751877,0.04196007177233696,-0.11666806042194366
0.014129742002698864,-0.004406883632074159,-0.14399814768532015,0.014506712612878926,0.01625723530852654,-0.17835122725725921,-0.16960580682589063,-0.05531343985719575,-0.019863841808672573,-0.00419439550460096,0.001031837565877567,-0.08016812197454465,0.030746316409759576,0.10004977955088348,-0.017530545601028028,0.016721781343221664,0.017039183527231216,-0.17141160368919373,-0.16162645816802979,-0.036348216235637665,-0.005403674207627773,-0.005774546880275011,-0.07590052485466003,-0.08448374271392822,0.012557735666632652,0.06298881024122238,-0.10589762777090073
0.014242329483355569,-0.0035960649008902256,-0.1472786538583724,0.01672372622954338,0.013432324538727333,-0.16720806520214687,-0.1534718474550616,-0.03974185395323344,-0.009528920383591084,-0.0028916756696606306,-0.00449793366335442,-0.08700240492766503,0.031147523183079145,0.10813201703076188,-0.011631693029936403,0.016137903556227684,0.008407961577177048,-0.16204585134983063,-0.14533109962940216,-0.017317498102784157,0.0019390443339943886,0.0009629125706851482,-0.08688629418611526,-0.09649442881345749,0.008670080453157425,0.06518308073282242,-0.08722849190235138
0.013282207955586703,-0.003093112450234504,-0.14544973201227435,0.01819792750771429,0.011048472363569524,-0.1538506724423014,-0.1356758101643786,-0.022285503413397745,-0.0011125086701313281,-0.0016108075800106108,-0.009792835752990411,-0.09606084571421153,0.02923023240725906,0.1165943557311339,-0.004271685565120991,0.019613277167081833,0.009388525038957596,-0.14316369593143463,-0.12419057637453079,0.0057127587497234344,0.01334530208259821,-0.0025314330123364925,-0.08640871942043304,-0.10335160046815872,0.009222010150551796,0.07795138657093048,-0.058103352785110474
0.011840245245166595,-0.003760124427313965,-0.1472750299335179,0.019728122510408824,0.008576719498117362,-0.13663661494241255,-0.11346897912064012,-0.0002079055645961979,0.009369330026632084,-0.0001973343402530106,-0.014637371402441292,-0.10604550946189334,0.027758377104094192,0.12381476394938407,-0.0003831332363590841,0.0173089187592268,0.002457268536090851,-0.12118841707706451,-0.10279029607772827,0.02494790218770504,0.023743467405438423,-0.0012792912311851978,-0.08383966237306595,-0.10850314795970917,0.0010811127722263336,0.08540105074644089,-0.02480516955256462
0.009790386359847792,-0.005524385645448314,-0.14965455689619556,0.020198233103518006,0.006658533460285884,-0.11699165760103374,-0.08951520796245307,0.01901730401937746,0.019887651788009837,0.0012942765507158562,-0.019294466845347275,-0.1177992811061835,0.023879749477221872,0.13081450945807915,0.009322442907380634,0.013850253075361252,-0.0019849464297294617,-0.09509367495775223,-0.07523500919342041,0.05286063998937607,0.02915767952799797,-0.011016270145773888,-0.06671266257762909,-0.12198186665773392,0.0008287783712148666,0.07030510902404785,0.03496371954679489
0.006159592716324771,-0.006271919941098074,-0.15005533869688212,0.016790532482487828,0.007088724509571688,-0.09233643418666708,-0.059935928817608744,0.04411117191514715,0.02686013361080699,0.001954039836285896,-0.02133309918005314,-0.1310810116533748,0.020552353922484265,0.13861846250250245,0.0173428144964484,0.0056115989573299885,-0.016491830348968506,-0.061839744448661804,-0.04696648567914963,0.056276679039001465,0.028482787311077118,-0.012287039309740067,-0.0485864132642746,-0.11144012957811356,-0.0023495331406593323,0.09385889768600464,0.07056476175785065
-0.00016262942088253433,-0.005565063482469668,-0.14968574047981642,0.01514017515352381,0.007323559129337946,-0.07604374502934669,-0.04461696432988303,0.04273862446680538,-0.00981289666727798,0.0015737780569354983,-0.027074116549760517,-0.13878886322644407,0.02179138437585411,0.14854084781727875,0.03067431216280031,0.0009451825171709061,0.014193915762007236,-0.037546753883361816,-0.03256707638502121,0.06245352327823639,0.06113073229789734,-0.011376064270734787,0.007828239351511002,-0.11597014218568802,0.011491034179925919,0.09743180125951767,0.09141362458467484
0.0049553821947242414,-0.0018447889449632023,-0.14841024972916386,0.014458822503478583,-0.00432258104332491,-0.06899432475663968,-0.041987723016475194,0.034914053726598886,0.0040005354968803315,-1.6573707325416017e-05,-0.03962306558743598,-0.14341554029523165,0.02484548993368342,0.15928637435369153,0.04397235331300263,-0.011145291849970818,0.03535781055688858,-0.03153599426150322,-0.04118292033672333,0.04886782169342041,0.09880039095878601,-0.0013110642321407795,0.02152785286307335,-0.11669544130563736,0.014100942760705948,0.1398974359035492,0.05071396380662918
0.00640153224432202,-0.001121485179478892,-0.1474045110661951,0.012998301443386718,-0.013053484844432616,-0.06504613983300435,-0.047958722664226704,0.023803988577099006,0.010651627794408133,-0.0034095849253186726,-0.045843076168638586,-0.14937634599599733,0.023364899375884818,0.16063947307671483,0.04121705378659747,-0.027500702068209648,0.03894069045782089,-0.01870534010231495,-0.054411374032497406,0.06924526393413544,0.09740299731492996,-0.002045742701739073,-0.0015681535005569458,-0.11678291112184525,0.020854856818914413,0.16219791769981384,0.004437979310750961
0.004303156244851987,-0.0002109443939272775,-0.14563454547718802,0.011772913248760297,-0.01725890984382927,-0.05996379391227759,-0.05635060833241014,0.011374335502366582,0.013673800588808042,-0.006676369031658655,-0.04355387809533317,-0.15000813420027725,0.03433078542221625,0.1700721666903484,0.015891994561786863,-0.024758750572800636,0.06693091988563538,-0.00658451346680522,-0.06306493282318115,0.048437703400850296,0.10888538509607315,-0.004146990831941366,-0.013376981019973755,-0.10121810436248779,0.045879513025283813,0.1816333830356598,-0.0413534939289093
0.0013884027049041894,-0.0034258674504665477,-0.14578585015586687,0.011023949185071361,-0.01933507002507907,-0.05357127474610242,-0.06606525638512901,-0.002906336871401341,0.022501230409540968,-0.007886356360679312,-0.03656466170981436,-0.13784273131641686,0.07024404428858631,0.18400724572641194,-0.02362800603894248,-0.019580170512199402,0.05579733848571777,-0.02424783818423748,-0.061810992658138275,0.02163061313331127,0.10686997324228287,-0.006473378743976355,-0.028591353446245193,-0.09393288940191269,0.0799030140042305,0.19259849190711975,-0.04522845894098282
-0.0013963132197098084,-0.005768620831733089,-0.14678067703408149,0.011546238329329382,-0.02119693020152645,-0.050186993221363246,-0.07656157688442178,-0.01519591551584827,0.02273757277271096,-0.009269598191253454,-0.028714914792543345,-0.11857179444271354,0.10242273889879497,0.1847079929242628,-0.03934585716825306,-0.0050052921287715435,0.08113392442464828,-0.018344001844525337,-0.06398392468690872,0.016871921718120575,0.11563846468925476,-0.011545639485120773,-0.037892259657382965,-0.08000732958316803,0.11505088210105896,0.1781274378299713,-0.04274874925613403
-0.0016701071707026776,-0.003530301586941691,-0.14795636933727555,0.012516943754494641,-0.02544489874997715,-0.04482599021611101,-0.08025676883030942,-0.02460329840590242,0.029869847522660548,-0.011934889226853377,-0.02380218815316056,-0.09456171940660357,0.12984086822134633,0.1758142947496376,-0.04135751349931568,0.00046560587361454964,0.08963087201118469,-0.026642130687832832,-0.06386205554008484,-0.004076479002833366,0.14339207112789154,-0.01229950413107872,-0.031173430383205414,-0.06144830957055092,0.14177396893501282,0.1745883822441101,-0.008473223075270653
-0.0002425927543138137,-0.0035792223104873944,-0.1482753107142166,0.013775591149087083,-0.03014189072177114,-0.04024679314570273,-0.08403187416521331,-0.03331788964767199,0.0338717242345686,-0.015144887458591733,-0.019829318993806435,-0.0681779171382962,0.15310254018940747,0.16916754053195862,-0.01742104199155333,0.0031887036748230457,0.08194474875926971,-0.0183291956782341,-0.07475677132606506,0.031121663749217987,0.12985289096832275,-0.011801961809396744,-0.04011289030313492,-0.042623694986104965,0.16036701202392578,0.17902208864688873,0.011605899780988693
-0.0007965129776697177,-0.003945939709357366,-0.14948446107463279,0.01507612544137813,-0.0329593520761536,-0.03385594701922498,-0.08761077753924693,-0.04229868403441324,0.03461818961714806,-0.01613321659523278,-0.01525658335047965,-0.04578467262261411,0.1661711442858219,0.17191691695554495,0.004372170523371433,0.007797777187079191,0.09699679911136627,-0.02005871571600437,-0.07701855897903442,-0.0023245299234986305,0.1533052623271942,-0.01404244638979435,-0.0421600379049778,-0.017232485115528107,0.1858426332473755,0.17282284796237946,0.04337558150291443
-0.0016685279330597735,-0.00533281015314968,-0.15195205181773336,0.01638573794244395,-0.034630632431546335,-0.029688693751119367,-0.09529381458404083,-0.053277969431137204,0.0417191729629006,-0.014825180500647484,-0.011950559952092137,-0.0163277200994806,0.19209050939868638,0.17136904337140893,0.03346440207517282,0.016157589852809906,0.08099006116390228,-0.020195813849568367,-0.07881339639425278,-0.007223433814942837,0.14321208000183105,-0.01637730747461319,-0.047321610152721405,0.016685429960489273,0.21491199731826782,0.17399533092975616,0.07889402657747269
-4.187617720147806e-05,-0.004619061359488908,-0.15287129151063833,0.017837678984575306,-0.03834230837290053,-0.028575112980319884,-0.10454412102821929,-0.06420007052470934,0.039585687974387385,-0.013743673152430847,-0.012884238273751274,0.021105360130946008,0.2277549039580575,0.1697948310117222,0.06751519867430725,0.02677133120596409,0.12458787858486176,-0.02278275229036808,-0.08516360074281693,-0.008173173293471336,0.1799931675195694,-0.014299938455224037,-0.045553602278232574,0.03815384581685066,0.2436322569847107,0.17200104892253876,0.08540638536214828
-9.35046105588822e-05,-0.0054008753569630445,-0.15351222903447972,0.019105190623888695,-0.04002135488501416,-0.025078626228307623,-0.11418833495781712,-0.07593551176824904,0.040507930328284834,-0.013705010979926097,-0.013314963696803055,0.04896414339900682,0.24547563865225036,0.16731145315426535,0.08134588610379469,0.019903499633073807,0.08368594944477081,-0.014163238927721977,-0.09556803107261658,0.001036589965224266,0.1524670273065567,-0.01593950018286705,-0.05020812526345253,0.07093396782875061,0.25101521611213684,0.17899450659751892,0.1046166941523552
-0.00015205594902529312,-0.009052474190525536,-0.1557351708328695,0.01987069887171153,-0.04055805239547523,-0.018434536665925757,-0.11952227873208904,-0.08477554753196603,0.04278134773114602,-0.01353783693399658,-0.01538203089117888,0.07118472275521459,0.25253268078297825,0.17249341051162376,0.09942180282408637,0.03196784853935242,0.12102155387401581,-0.016747135668992996,-0.09389205276966095,-0.03863866627216339,0.165342777967453,-0.017933785915374756,-0.04020275920629501,0.09402204304933548,0.2774279713630676,0.16524939239025116,0.11751497536897659
0.0003783670142113553,-0.010155432275626064,-0.15601677282291793,0.020908023100842953,-0.04085416782196214,-0.016739356037336294,-0.12836775139978387,-0.0957597779045528,0.04313157086724262,-0.014767237289554688,-0.018901465755204586,0.10432808339760213,0.2761260563606571,0.16704870477017053,0.11280484258596944,0.029269248247146606,0.09149907529354095,-0.011987527832388878,-0.1104649230837822,0.0055372454226017,0.16927780210971832,-0.017473779618740082,-0.05642841011285782,0.1281798928976059,0.29173287749290466,0.1908225119113922,0.11905451864004135
-0.0006410469425753941,-0.008474105610836558,-0.15827244692608217,0.021565535222974393,-0.04083300492313054,-0.013477375417235468,-0.13261251718402572,-0.10146908165394582,0.0541642369274968,-0.015861194670523236,-0.02325319907345554,0.1368206900589272,0.29887716792550956,0.1791198610921033,0.11854722710640023,0.03143149986863136,0.09715969860553741,-0.0158493984490633,-0.10036730021238327,-0.039589282125234604,0.17399848997592926,-0.02189517393708229,-0.04142481088638306,0.14931046962738037,0.3112587332725525,0.1687878519296646,0.1363493800163269
-0.002554769188820226,-0.008618104398743281,-0.15812775582965077,0.02187024367783531,-0.03726108446166689,-0.01073590935021802,-0.13945460800782375,-0.11311461957216513,0.04182797371168578,-0.018498165830576136,-0.027412721507261564,0.16252550087611484,0.3061638512999164,0.17158640771013353,0.13168689899025346,0.040530215948820114,0.10711388289928436,-0.0012934687547385693,-0.11121078580617905,-0.027909550815820694,0.1796656996011734,-0.02124122530221939,-0.05949290841817856,0.17540103197097778,0.30803412199020386,0.15945467352867126,0.10138624161481857
-0.0021685444420464946,-0.010352165023134094,-0.16030263566229463,0.023199690274422348,-0.03651548005508569,-0.003872031497608802,-0.1436088378738501,-0.12187680398426859,0.05103893063005149,-0.01963880763850079,-0.03317950125616914,0.1801509780969704,0.3024380478768551,0.15928107995612834,0.11074912893656742,0.034282051026821136,0.10895712673664093,-0.006020692642778158,-0.10480983555316925,-0.05108604580163956,0.187516987323761,-0.02516346052289009,-0.04935435205698013,0.17891950905323029,0.31033429503440857,0.14008092880249023,0.10712704807519913
-0.0047521687180205685,-0.014866014609635289,-0.16127068483642143,0.024657162590462498,-0.03357028990732671,0.009276438981794368,-0.1408252968618106,-0.12801912664995335,0.04851665524746298,-0.021271841585715795,-0.03918726746051902,0.19215200089931248,0.2960582285714823,0.14458238881254332,0.10804124407431277,0.04433884099125862,0.09559521079063416,0.007609956432133913,-0.10750330239534378,-0.05304063856601715,0.1701565980911255,-0.02520952746272087,-0.056806780397892,0.19966432452201843,0.30423668026924133,0.13247919082641602,0.08922020345926285
-0.0057899780424599655,-0.018740136654280128,-0.1606445160381258,0.025600541165789092,-0.02883977806241911,0.020018980591225057,-0.1373237327103198,-0.1334616886528588,0.04424829641149318,-0.02448800258057058,-0.04354333397365574,0.207648521890254,0.29713206016971666,0.13365857901206005,0.09473580634010527,0.04502713307738304,0.09186655282974243,0.011244330555200577,-0.10250045359134674,-0.07133405655622482,0.17133019864559174,-0.02800578624010086,-0.046284690499305725,0.2029176950454712,0.30421608686447144,0.11453927308320999,0.0866587683558464
-0.009270077867373761,-0.01754944626149985,-0.16268800331997402,0.026654716460983274,-0.021576209323459005,0.027886874169305916,-0.13695397936090153,-0.1405708651868778,0.04386603824663429,-0.027681269168569934,-0.044912146358801565,0.21973983474476166,0.29258590628952613,0.11865643115647195,0.08864629932201407,0.04390677809715271,0.07045769691467285,0.026552854105830193,-0.10450931638479233,-0.04893184080719948,0.1420125514268875,-0.03140246123075485,-0.04974132403731346,0.21426397562026978,0.2982548475265503,0.11134815216064453,0.0705462321639061
-0.012691473500610496,-0.019054805020764336,-0.16326508223410502,0.027501816245653142,-0.013532285899142099,0.040448949898956844,-0.1307443115418969,-0.14503524330448844,0.03555053764054236,-0.03113418564253238,-0.04604221962255511,0.2261779379968233,0.2870419672498051,0.11270607131154363,0.07560488938718891,0.04443703964352608,0.06993143260478973,0.03447481989860535,-0.10013826936483383,-0.060954123735427856,0.14726953208446503,-0.03090129792690277,-0.03468222916126251,0.21796879172325134,0.2894168198108673,0.09085670858621597,0.07031583040952682
-0.01564677627798987,-0.020960406537208986,-0.1643327224429735,0.02827759651322941,-0.006453841066482417,0.05135163095183718,-0.12690750962514236,-0.15079990448757377,0.035221110905249035,-0.03432496293653887,-0.04665810809681599,0.2291773125767853,0.2779672056435822,0.09665064825686,0.07110577992117043,0.040880847722291946,0.06168021634221077,0.04609780013561249,-0.098485067486763,-0.06663215160369873,0.12509235739707947,-0.03313560038805008,-0.030657052993774414,0.2185211479663849,0.27918541431427,0.07852528989315033,0.05962485820055008
-0.01887294445665876,-0.021918123684199715,-0.16471889473857113,0.028790257084272085,0.0012634674465922585,0.06155069517112456,-0.12295038384123222,-0.15647001100836652,0.03271107686990845,-0.03766779698976361,-0.045083565192313796,0.22883431799064766,0.26633901721670067,0.0828494512268316,0.06204347416493587,0.042668670415878296,0.062593013048172,0.056825533509254456,-0.09527501463890076,-0.06305445730686188,0.11396953463554382,-0.03213825076818466,-0.027183489874005318,0.214361310005188,0.2659783363342285,0.06563425809144974,0.04175007343292236
-0.019459441125966533,-0.022643725705131543,-0.16596863000520048,0.029341535979212772,0.009196415036675355,0.07319766970908168,-0.11678980908664537,-0.16124195312317235,0.02482189381159934,-0.03883555473578863,-0.04260954457683288,0.22435319919294786,0.2527265800246635,0.07015687459745602,0.04671607748862927,0.04280046001076698,0.05938982218503952,0.0690307468175888,-0.09497580677270889,-0.0579170286655426,0.09135258197784424,-0.03418218344449997,-0.023629913106560707,0.20945848524570465,0.2503368556499481,0.05504022538661957,0.024438142776489258
-0.021770551693505096,-0.02214844691799975,-0.16677379174189297,0.029757969815200243,0.016887927368129798,0.08393211044695166,-0.11162560834369699,-0.1664595642400887,0.014740128498047242,-0.0383725070914467,-0.03930793725846254,0.21675929287033463,0.23744517200655152,0.05905549496235566,0.029918456814030228,0.042575206607580185,0.05639449879527092,0.07747440785169601,-0.09115344285964966,-0.07163012772798538,0.08065028488636017,-0.031495533883571625,-0.007417231798171997,0.20094390213489532,0.23197337985038757,0.03390520066022873,0.0020045042037963867
-0.022139674457441805,-0.021828758910784108,-0.1656475482105776,0.030116092658959495,0.024507790943014404,0.09145141730481231,-0.10982126383083288,-0.17325625617538568,0.004817710925464345,-0.037961882067658166,-0.033677547735382105,0.2069158119443174,0.21825951146603453,0.04075506716079878,0.008637889626892527,0.043565962463617325,0.05904700979590416,0.08485271036624908,-0.08914104104042053,-0.06923408061265945,0.04274122044444084,-0.02855236828327179,-0.00983206182718277,0.18039865791797638,0.212394118309021,0.023150458931922913,-0.015430075116455555
-0.022625136182496633,-0.022055435221376866,-0.16709160853416916,0.03043864077700066,0.03154976922496741,0.10110054222126251,-0.10652437249244819,-0.1799405762653554,-0.00486971341147843,-0.035290754832232346,-0.027725042677531512,0.19071098014915638,0.19487168827457838,0.028212856630129325,-0.009376873006086587,0.0492781437933445,0.03657457232475281,0.09166967123746872,-0.08977442979812622,-0.07166420668363571,0.005445544607937336,-0.019778307527303696,0.010786261409521103,0.16392561793327332,0.18696659803390503,0.0038532018661499023,-0.0406087227165699
-0.019726037964291985,-0.02205806144741463,-0.16742940465461528,0.031144611515474863,0.03548300160979925,0.10924531287596057,-0.10663110796118942,-0.1875060963292475,-0.014113141518783711,-0.028563109198470073,-0.022969922952199347,0.1708116620633169,0.1698126398112384,0.011669579106978474,-0.03314277168431239,0.04952462390065193,0.02276814728975296,0.09002858400344849,-0.09119253605604172,-0.07186125218868256,-0.03051256760954857,-0.005767675582319498,0.01956930384039879,0.12844768166542053,0.16158491373062134,-0.0021140314638614655,-0.05445051193237305
-0.013769823194587706,-0.02216142577991509,-0.16938094451691663,0.03152596376614734,0.03649322681482902,0.11609586937181662,-0.11016624529082028,-0.19740232823372222,-0.022198689492916788,-0.0165949830586446,-0.019821467517602116,0.14603239607096952,0.1415942590132513,-0.0034548140977165645,-0.03852513527096763,0.06403125822544098,0.012291066348552704,0.09210042655467987,-0.09034310281276703,-0.07314540445804596,-0.061697766184806824,0.006338519509881735,0.026202194392681122,0.11506213247776031,0.12934610247612,0.01194852963089943,-0.06321623176336288
-0.007872511882465951,-0.020245140269272238,-0.17038930501924593,0.03397095382086179,0.03845114138326479,0.1208873873203487,-0.11156729396534315,-0.20613904394818444,-0.030405629478635666,-0.008253822487701463,-0.02056675689080964,0.13943840040612923,0.1388869993066614,-0.025939195460195213,-0.023176684451977327,0.03854178264737129,-0.03461219370365143,0.088109090924263,-0.10053065419197083,-0.04350940138101578,-0.09217225015163422,0.023083318024873734,0.020753029733896255,0.06858424097299576,0.11811680346727371,0.024368902668356895,-0.0770561620593071
-0.006811836118287243,-0.02250501207104292,-0.17125501135103857,0.034205894203172875,0.047547072062598915,0.12965159342786245,-0.1163992084099975,-0.21100174813454733,-0.0389656283557346,-0.007552884949670438,-0.016807153868465926,0.12028204413231679,0.12549026498567242,-0.024508135482894187,0.013892078752498272,0.0467512272298336,-0.06496453285217285,0.08959461748600006,-0.10645289719104767,-0.1011529415845871,-0.12318494915962219,0.03313659504055977,0.02274739369750023,0.07846543937921524,0.10433395951986313,0.0017419233918190002,-0.09172195941209793
-0.008753919194039029,-0.027427445769935697,-0.17042915213081672,0.03583212603102323,0.055325358583793206,0.1297958567518238,-0.12616598072910837,-0.21161990251609475,-0.05827603717310717,-0.008448192530172252,-0.00865309950624529,0.10676811847223258,0.11784670452255225,-0.020273271749904294,0.013374625084802522,0.04441316798329353,-0.0148165263235569,0.08837383985519409,-0.11563202738761902,-0.1061227098107338,-0.06566992402076721,0.026419134810566902,-0.010546866804361343,0.05514277145266533,0.10992058366537094,0.014028593897819519,-0.08385070413351059
-0.0059961589163479235,-0.02351045029683561,-0.16953706974206498,0.04001454091985113,0.053782541555272775,0.124042740794568,-0.133705831017355,-0.19692562958058515,-0.04863218630918601,-0.0095185945646295,-0.003943454200246659,0.09937418497688598,0.11418244490519605,-0.014994315061772347,0.0020174262313918897,0.0453636534512043,0.0013340134173631668,0.08310533314943314,-0.12367932498455048,-0.11678075045347214,-0.04862380027770996,0.03021695837378502,-0.008608069270849228,0.05754754692316055,0.09440145641565323,0.004453692585229874,-0.07662259787321091
-0.0024505859094049714,-0.022523056448526386,-0.16807398102350413,0.04701520275930483,0.049653114303071705,0.11540836182799477,-0.14038420066197627,-0.17979121618459884,-0.04668499275208182,-0.011338405774557947,-0.001502947135799986,0.0872267759358978,0.10090531613107796,-0.01445644688530916,0.0027857270939066377,0.04043252393603325,-0.0062719471752643585,0.07448217272758484,-0.14104071259498596,-0.13133276998996735,-0.028137613087892532,0.022652557119727135,-0.013135198503732681,0.05408031865954399,0.07753846049308777,0.028608014807105064,-0.07842768728733063
-0.0007019836512754678,-0.016771949144114926,-0.16619471181014298,0.0504087308093663,0.04373018549680289,0.09543632351902324,-0.15600247894972835,-0.16903748601547414,-0.034483484910046325,-0.014302737791549181,0.002503472428304468,0.07942604679215322,0.08737072669840866,-0.013655573571740116,-0.0040456694920866735,0.04158708080649376,0.01930156722664833,0.06947953253984451,-0.1552039086818695,-0.14741075038909912,-0.022035837173461914,0.021753249689936638,-0.030408818274736404,0.05229467898607254,0.07152073085308075,-0.0017812028527259827,-0.09618804603815079
0.0024174227105113358,-0.013165413121749752,-0.16245046660745602,0.047720035519944325,0.03643027346139109,0.0785627120321406,-0.16218784586299992,-0.1548152616515201,-0.026675476595229893,-0.016431931700852262,0.007185061808004293,0.07280506398822623,0.07815135144501238,-0.012506563044426815,-0.01403243180445124,0.039972033351659775,0.03341589868068695,0.05489474907517433,-0.16208353638648987,-0.12316899746656418,-0.005847386084496975,0.0029187947511672974,-0.05724805220961571,0.05065085366368294,0.059380292892456055,0.030439384281635284,-0.09690035879611969
0.0028196083333641374,-0.011921221401985066,-0.16030001435651184,0.04200012013735291,0.028977797745265103,0.06406027449694246,-0.16681041634398625,-0.14374979387895406,-0.014156233114408804,-0.017781248359954715,0.010962045426604556,0.06441454836440157,0.07079113784084382,-0.010098388176704444,-0.018258359928704945,0.03764692321419716,0.02717873454093933,0.0374368280172348,-0.1765158474445343,-0.12414078414440155,-0.0012715039774775505,0.0018502133898437023,-0.04996240884065628,0.048829782754182816,0.05258192867040634,0.03427814319729805,-0.1075231209397316
0.0050095873625279055,-0.00813516158964587,-0.15994538433975383,0.0366872414579228,0.022725253519551226,0.04185370789839186,-0.1835774021177084,-0.13000389936894563,-0.004955562943489733,-0.019046015380986516,0.015093163784045405,0.060169442346595735,0.06919230344141564,-0.00497047267895333,-0.021696669965407044,0.035576097667217255,0.03443443775177002,0.01289868913590908,-0.1967540681362152,-0.12419832497835159,-0.008615038357675076,-0.009984802454710007,-0.06599704176187515,0.04652002826333046,0.04942597076296806,0.02667759731411934,-0.11186876893043518
0.004395692956199564,-0.005142535741115868,-0.15943061937897018,0.03345726263720653,0.018905611879716885,0.014739627324058265,-0.20609232842720537,-0.1212782694601703,-0.008050699321315143,-0.02001516455425866,0.02078368763934298,0.05787568902778709,0.06972803050591954,0.0013817053884316666,-0.025848960949487212,0.03274170309305191,0.029119569808244705,-0.0076459557749331,-0.21388256549835205,-0.12257074564695358,-0.012385128997266293,-0.008450880646705627,-0.07519997656345367,0.03805001080036163,0.04874151200056076,0.01547902449965477,-0.1285928189754486
0.0034101582674344005,-0.004748862069733519,-0.15829991285356781,0.03224967824778232,0.016283600756980474,-0.005753270229752583,-0.21886335297332826,-0.11824861527499046,-0.011527408094707876,-0.02042620733885837,0.026749661600314955,0.051837403506008496,0.07014920841643939,0.008178714558437447,-0.03163293836600566,0.02831927128136158,0.023006834089756012,-0.029237180948257446,-0.22425884008407593,-0.12854152917861938,-0.012380621396005154,-0.011320173740386963,-0.07372042536735535,0.041628170758485794,0.044802162796258926,0.042053911834955215,-0.13678009808063507
0.002338308096578676,-0.004914831526213337,-0.15894224107107455,0.0298681763528328,0.013486155522180214,-0.025343758749165925,-0.2268119350778648,-0.12204198746239145,-0.012396024860776626,-0.020712474534426786,0.03190104908238254,0.047246376729483675,0.07321274368448213,0.015873772505318358,-0.03706794255440343,0.026086600497364998,0.022626399993896484,-0.050190843641757965,-0.23560592532157898,-0.13488304615020752,-0.01792719215154648,-0.008956696838140488,-0.08470983803272247,0.027799710631370544,0.05204024538397789,0.0001757293939590454,-0.14468830823898315
0.0016321530697776092,-0.004968796645516471,-0.15842149265175104,0.025709506272055302,0.011004899044552938,-0.04727037555408283,-0.23746996852547414,-0.1287702096601654,-0.01670350319077276,-0.020899692626245747,0.036230768856825524,0.04245223866611107,0.07613546003681441,0.023217736258248387,-0.037906127331325264,0.029454156756401062,0.038060300052165985,-0.06620244681835175,-0.24505114555358887,-0.1361076533794403,-0.02483220398426056,-0.01989801973104477,-0.08744294941425323,0.03264087811112404,0.051994502544403076,0.02915034070611,-0.14705628156661987
0.0007176192094830688,-0.007274318862973058,-0.15804887048929972,0.024236616956815477,0.008864365609871867,-0.067369025170776,-0.2456808875727076,-0.13174154940393581,-0.023462256235686128,-0.0206792465624945,0.03966538890873163,0.036440454791474494,0.07937533810931255,0.030364363918112355,-0.04152268543255994,0.02241649478673935,0.02278660610318184,-0.0888468474149704,-0.25486019253730774,-0.13379515707492828,-0.034032486379146576,-0.018557317554950714,-0.07627829164266586,0.025310177356004715,0.04329769313335419,0.008107393980026245,-0.1479196846485138
-0.0007678850633172763,-0.0085784137735726,-0.15910407287519984,0.022750606635345446,0.009805960885612454,-0.08947199926407377,-0.25480109025665015,-0.13089679253030018,-0.03156092576750872,-0.02029266350039413,0.044574173209143426,0.028057529035792724,0.07680429047187735,0.035646420745920136,-0.04331639728543119,0.021213863044977188,0.03165237233042717,-0.1045549064874649,-0.2569853961467743,-0.14659076929092407,-0.03383433818817139,-0.024589622393250465,-0.09240448474884033,0.022433161735534668,0.053787801414728165,0.007029309868812561,-0.1577366292476654
-0.0019177598601471588,-0.009568417542329863,-0.15866247739486605,0.01966542077673916,0.008731343813198506,-0.10859675090330795,-0.2538169037983294,-0.1379223290526739,-0.033858254818023834,-0.019742138835574415,0.04616204971424637,0.0223686921173047,0.0763127789601352,0.04066080361836682,-0.04720015433871291,0.021310938522219658,0.03294672444462776,-0.11861415207386017,-0.2617785334587097,-0.1372222900390625,-0.04532204568386078,-0.02564755268394947,-0.07475794851779938,0.02267518639564514,0.04142230376601219,0.0318213552236557,-0.1666378676891327
-0.0010982365409865427,-0.005339655398790339,-0.15857567028535985,0.016567872479615903,0.008713425193115359,-0.12793981942442365,-0.25330781665652247,-0.13805104764210532,-0.042989624124953836,-0.01879077127150579,0.04699502645632812,0.018165287143908852,0.07760667029317611,0.0473738923499016,-0.049205769466616714,0.016775723546743393,0.03773542493581772,-0.14015328884124756,-0.2608798146247864,-0.1321132779121399,-0.050572484731674194,-0.030884768813848495,-0.0819091871380806,0.010527077130973339,0.049857862293720245,0.0036501213908195496,-0.15582841634750366
-0.0014376000304764543,-0.007396878736187184,-0.16171071634593806,0.012751962511875608,0.011959793933519416,-0.14673424437561267,-0.2567803561360839,-0.13190071111548338,-0.04934289415985038,-0.01806707559059539,0.04846670759353606,0.010070083786722925,0.07417316880823611,0.05118398225409854,-0.04719076294595954,0.015496116131544113,0.028705406934022903,-0.15014700591564178,-0.2616675794124603,-0.12723346054553986,-0.05887681245803833,-0.029694654047489166,-0.07162722200155258,0.011647182516753674,0.037230487912893295,0.0288550928235054,-0.16954591870307922
-0.0014966405237074793,-0.008550000551722885,-0.1623970567278729,0.010583098442870266,0.01465414491819848,-0.16043641448386392,-0.25335376538058135,-0.12645581384854343,-0.05651699653266891,-0.017160644074251302,0.04801600905320721,0.001111174180007044,0.06954708106288439,0.05374004210955228,-0.04690898243333703,0.012649111449718475,0.03355446085333824,-0.1626669466495514,-0.2608725130558014,-0.12470407783985138,-0.058978334069252014,-0.030079565942287445,-0.07645025104284286,0.0007839081808924675,0.03923596441745758,0.011465907096862793,-0.165871262550354
-0.00046064453008419753,-0.00926424139327461,-0.16372112403251882,0.009924266573246082,0.017134692517856587,-0.17227463160437667,-0.25118445764855013,-0.12442238537077144,-0.05875355315203407,-0.01555465860395179,0.04692003928871275,-0.006369083178992571,0.06848592462193079,0.058911387813616156,-0.04721578706204472,0.012056750245392323,0.02828820049762726,-0.1777317225933075,-0.2599916458129883,-0.11843287944793701,-0.062265172600746155,-0.03251499682664871,-0.06263601779937744,-0.0023344838991761208,0.033267080783843994,0.027184754610061646,-0.16425654292106628
0.00055046669990738,-0.009351561487208749,-0.16592681791373862,0.009189196025386998,0.020228777154341883,-0.18630639607199737,-0.25383511684767207,-0.11898748899004606,-0.06142168061681113,-0.014306812781157958,0.0455982968914854,-0.01335746286723996,0.0653949783335442,0.06335693134906512,-0.046840403167679276,0.011051111854612827,0.03382684290409088,-0.18316246569156647,-0.258841872215271,-0.11691639572381973,-0.0675952136516571,-0.030568066984415054,-0.06701822578907013,-0.011854206211864948,0.034641146659851074,0.004845373332500458,-0.15733128786087036
0.001407992831453764,-0.009121684222477826,-0.16619707021499797,0.008697312391080068,0.02256989584099653,-0.19506511408812838,-0.24961837328495112,-0.11584330326733469,-0.06612611535819098,-0.013147311568389157,0.04295150297028293,-0.02144061303815004,0.06065217348975694,0.0680235968360579,-0.04728298803424626,0.009761322289705276,0.02517865225672722,-0.19180551171302795,-0.25176358222961426,-0.11034819483757019,-0.0669742226600647,-0.027224935591220856,-0.05653423070907593,-0.02110978588461876,0.029697904363274574,0.01777595281600952,-0.15936917066574097
0.003586263840784639,-0.0077288749838379045,-0.16834841405987913,0.008693020939670837,0.023768170547037573,-0.19846204749203292,-0.24089029516899263,-0.11132376715946908,-0.06657404366269595,-0.011898688986825345,0.038910109320884435,-0.030553745599937378,0.05598225658479198,0.07186099703599819,-0.04529242497664745,0.010033359751105309,0.020223114639520645,-0.19288787245750427,-0.24481812119483948,-0.1036510095000267,-0.06291203200817108,-0.023095455020666122,-0.050468575209379196,-0.029099736362695694,0.024238647893071175,0.024631597101688385,-0.15002954006195068
0.006422209956319296,-0.008582199520060022,-0.16874707776600903,0.01012492577923133,0.02407452115197262,-0.20064462922600465,-0.23443926865377143,-0.10541406988220701,-0.06355961359604262,-0.010507459607308872,0.03461588631188203,-0.04023918860680592,0.05018745758647021,0.07553875582944021,-0.04215399439605307,0.008387396112084389,0.02518106997013092,-0.1976911723613739,-0.23794025182724,-0.10331900417804718,-0.058223605155944824,-0.02195557951927185,-0.05575929582118988,-0.039834585040807724,0.026217395439743996,0.014022303745150566,-0.14366519451141357
0.007958975830246325,-0.007809109644489677,-0.1719573426403138,0.01032930540856635,0.02374214085885862,-0.20243005335365394,-0.2300983090528818,-0.10273736992901897,-0.059645399054844304,-0.009134131043772066,0.029989682595447036,-0.04775215420604177,0.047195704586117423,0.08068244179311676,-0.040776733214944606,0.01016479916870594,0.019867222756147385,-0.19906456768512726,-0.22739753127098083,-0.09543147683143616,-0.0522998571395874,-0.016630733385682106,-0.05512189492583275,-0.0489242859184742,0.022150300443172455,0.030998019501566887,-0.14871811866760254
0.00979677882849864,-0.006247629692102837,-0.17163909133403354,0.009797350783974677,0.022183634690091977,-0.20046145868752396,-0.21901583470680905,-0.09603640187567358,-0.05408145677011383,-0.007923835230306216,0.024575314766604565,-0.054114292557777936,0.04578956872624335,0.08695037518537636,-0.04063213550536373,0.011215424165129662,0.022773534059524536,-0.195963516831398,-0.21624255180358887,-0.08566869795322418,-0.046172961592674255,-0.01322779431939125,-0.0608723983168602,-0.06112149730324745,0.021945718675851822,0.02687397599220276,-0.1354912668466568
0.012128667574558152,-0.006106462616519724,-0.17280698106300837,0.01029478284181806,0.020721747838809614,-0.19513376993215903,-0.20638402036557246,-0.08794420377128538,-0.04831408025790571,-0.0067408927661536866,0.01907369278795888,-0.06394022341112482,0.040357816783248686,0.09160613084074194,-0.03440958899629508,0.011390285566449165,0.017369184643030167,-0.19178059697151184,-0.20366120338439941,-0.07434259355068207,-0.03126306086778641,-0.013422325253486633,-0.063422791659832,-0.06536894291639328,0.016563713550567627,0.033998336642980576,-0.13466674089431763
0.014117916396235485,-0.00497764097772245,-0.1743507026860695,0.011821110520116617,0.01901201419658502,-0.1905244762603194,-0.19550494258031395,-0.07676715616581618,-0.03581727535304827,-0.005496204870733147,0.014286174229716946,-0.07160674484809229,0.037242915118945376,0.09735693922328581,-0.03114102480618336,0.012752680107951164,0.016516607254743576,-0.18705777823925018,-0.19169855117797852,-0.06635794043540955,-0.027696561068296432,-0.007626414764672518,-0.06826277077198029,-0.07863612473011017,0.015997475013136864,0.04716535657644272,-0.12364432960748672
0.014234224909502305,-0.0036833653902517134,-0.17512857709094687,0.013524800489021003,0.016974988953033066,-0.18439631380279145,-0.18352894957852878,-0.06766625063064985,-0.0298335712968332,-0.004321122095187838,0.009187494334681447,-0.07937480441559439,0.034052458048625375,0.10335453923334371,-0.025203095440754438,0.014145005494356155,0.017432697117328644,-0.18063968420028687,-0.17697936296463013,-0.051868993788957596,-0.012971683405339718,-0.0059441314078867435,-0.0718456357717514,-0.08559370040893555,0.014960838481783867,0.044056639075279236,-0.11487653851509094
0.014578376143310506,-0.0019133629241804976,-0.1764208197730384,0.01472796984661712,0.014744286753127838,-0.17582386920744425,-0.16876045815811072,-0.05487720102648016,-0.017722919239001367,-0.003162349939313203,0.0042151631286982336,-0.08714143884391241,0.032179272494365085,0.11092872848985,-0.021070491628616076,0.016165098175406456,0.010788515210151672,-0.17018941044807434,-0.16128292679786682,-0.034170858561992645,-0.0059911934658885,-0.003000228200107813,-0.08410858362913132,-0.09500526636838913,0.011212443932890892,0.0599723756313324,-0.10498853027820587
0.01499432220079698,-0.001133737548040365,-0.17725764468214442,0.01642329745777986,0.011847847739685625,-0.16472202275942,-0.15133200390015306,-0.03840594265005175,-0.009096727783863483,-0.0019069070342966907,-0.001506258811718172,-0.09546192587170431,0.030536974738580348,0.11851915215684743,-0.013569720525345124,0.017327597364783287,0.011330515146255493,-0.1577182561159134,-0.14407098293304443,-0.01653345674276352,0.0028691524639725685,-0.001352932769805193,-0.07715198397636414,-0.1031486764550209,0.012656919658184052,0.06111922860145569,-0.0815775915980339
0.014953083105312258,-0.0015304117415521025,-0.17924588659226978,0.018261830713569217,0.009340286528613606,-0.1520056736896979,-0.13489279914333813,-0.021398679803628917,-0.0005257691256750762,-0.00044338213517377406,-0.0064245457878196344,-0.1044443701081868,0.029963314189701586,0.12740052600593404,-0.008740798221505279,0.016197338700294495,0.0017132610082626343,-0.14370188117027283,-0.12552525103092194,0.004446353763341904,0.015081155113875866,0.00038893288001418114,-0.08774310350418091,-0.1114630475640297,0.005823647603392601,0.08158446848392487,-0.05696522444486618
0.012998746829401277,-0.0023439757756556503,-0.1803021253207179,0.01879419987200802,0.007127650232098745,-0.13664572617084753,-0.11544851573653075,-0.000789556102893711,0.01102785317173666,0.0008623597143884654,-0.011032889047579654,-0.11491242752700903,0.027381521893381215,0.13273265882690155,-0.002938372091764523,0.01677045039832592,0.0053495727479457855,-0.11983375251293182,-0.10394567996263504,0.02577996999025345,0.02368583157658577,-0.005381132010370493,-0.07948590070009232,-0.12174374610185623,0.007335450500249863,0.06927214562892914,-0.012723159976303577
0.00961857492826858,-0.003450048290105678,-0.18014190191230806,0.01763578136078517,0.004912434210030475,-0.1161451641149774,-0.09067097677929699,0.01959789351091582,0.02012471816449145,0.002027215823461915,-0.01565208357057917,-0.1276895307968185,0.02477144422974162,0.142348658930765,0.005139763780371474,0.011712618172168732,-0.008666325360536575,-0.0951363742351532,-0.07731015980243683,0.04890967160463333,0.03182067722082138,-0.00700359744951129,-0.06408844888210297,-0.124074287712574,-0.004168417304754257,0.09434182941913605,0.028101351112127304
0.006682297347772761,-0.005583698559379896,-0.18189567859570444,0.014595308184135104,0.004160851452896461,-0.09314977366937714,-0.06198123498060117,0.041537141413445056,0.029040692530424597,0.0026676537354835134,-0.018475189387578642,-0.1408383365315852,0.02020867350822601,0.14894725815604345,0.014477285027387625,0.0037484620697796345,-0.010280687361955643,-0.06179123744368553,-0.05266854912042618,0.06455796957015991,0.03435130789875984,-0.014476260170340538,-0.04260367155075073,-0.12644325196743011,0.001736033707857132,0.0818248838186264,0.07731401920318604
0.0026239696533767207,-0.0038669438902195334,-0.18220575354181404,0.01310339508787023,0.004451014855723084,-0.07871189967628073,-0.050019693761347905,0.038043675097649145,-0.004164753643774578,0.002322836874551899,-0.023812459138271888,-0.1490499318905329,0.02048140625889059,0.15894192248755118,0.028051982792628927,-0.004310475196689367,0.01452920213341713,-0.032570868730545044,-0.040361154824495316,0.06767339259386063,0.05986497178673744,-0.008077461272478104,0.008608806878328323,-0.12108122557401657,0.010751159861683846,0.10256088525056839,0.08176314830780029
0.005865891798305869,-0.0028717445842045375,-0.1810637912679754,0.012404254929931278,-0.007309211482441747,-0.06966189248730695,-0.04878086325279543,0.029557874568225593,0.004129434446246371,0.0012741487161419254,-0.03685542610422099,-0.15484050594327495,0.02534409952592289,0.16864226631641424,0.04099403501793188,-0.017444880679249763,0.030455676838755608,-0.03564378619194031,-0.05002453178167343,0.05702430009841919,0.10165265202522278,-0.0025501702912151814,0.024065203964710236,-0.1271451860666275,0.014809206128120422,0.15594860911369324,0.04576508328318596
0.007819006494129109,-0.0013344770623022893,-0.1800061139214231,0.010904770665093605,-0.017107182941377162,-0.06509918204054488,-0.054411603754410065,0.019219518786454632,0.01813176940547089,-0.0032749384218268706,-0.04303240725030887,-0.1596638360424541,0.0255177987857968,0.17083541981507577,0.03397894340213144,-0.028009725734591484,0.04044247418642044,-0.016239043325185776,-0.06629940867424011,0.07038295269012451,0.09539051353931427,0.0009412220679223537,-0.001979358494281769,-0.12312284857034683,0.026762617751955986,0.1605241894721985,-0.0041857389733195305
0.004754488588430539,2.7225773549682413e-05,-0.17876250937412902,0.010010511105775477,-0.019147088930042196,-0.061116238781018566,-0.06396460704842512,0.005648106253817936,0.015528928355135982,-0.006940633529746979,-0.039279070722958304,-0.15581902229746306,0.043168934836619564,0.1805059860824501,0.011327434819522699,-0.031110690906643867,0.05513550341129303,-0.01817416213452816,-0.06544578075408936,0.05024862289428711,0.10141606628894806,-0.004355683457106352,-0.013792991638183594,-0.1095307394862175,0.0537501759827137,0.1837567239999771,-0.037729039788246155
0.001358154425906929,-0.0020339099810056382,-0.17808414597415595,0.009524775648575023,-0.021959457910962925,-0.05788357781679898,-0.07623568722389934,-0.0077468359289422,0.022360267056481822,-0.007667006041737996,-0.03327098412390081,-0.14173622483925527,0.07796075258201403,0.18956082219342474,-0.01943991646477037,-0.016509583219885826,0.06081150099635124,-0.018030090257525444,-0.07135628163814545,0.035405781120061874,0.10702987760305405,-0.005982160102576017,-0.030340969562530518,-0.09171727299690247,0.09141746908426285,0.18141640722751617,-0.04639369621872902
0.0007344292411340751,-0.003795490329863156,-0.17844955127892054,0.009813458840632696,-0.02666130402489716,-0.05261505107904466,-0.08110059593470227,-0.01771918046511662,0.027425615615618768,-0.007068333984332624,-0.02894245134909761,-0.11867507505871024,0.11840384971205019,0.1908735860948103,-0.03559436861550838,-0.009000038728117943,0.07868722081184387,-0.026404505595564842,-0.07055231928825378,0.024427495896816254,0.1288055032491684,-0.00781947374343872,-0.027862969785928726,-0.08045672625303268,0.12653860449790955,0.17579390108585358,-0.029894335195422173
-9.318290641456941e-05,-0.003003210568182835,-0.17950032382594838,0.01018070466418514,-0.029741980699745187,-0.048443004925695005,-0.0843501489819745,-0.02647117395225926,0.03190943085951066,-0.008020815876755481,-0.02347884789427789,-0.09561965094238266,0.14494099852268968,0.18538548814287661,-0.027534077354096624,-0.006015376653522253,0.07186393439769745,-0.01331365667283535,-0.07677967101335526,0.047192979604005814,0.1150430217385292,-0.009770873934030533,-0.03873332962393761,-0.05880970135331154,0.14492851495742798,0.17319615185260773,-0.013436529785394669
-0.0022501554684130377,-0.002018393951671547,-0.1798437479502437,0.010667430043886792,-0.03196362205991854,-0.04165451578801814,-0.08459310431628295,-0.033760963342431206,0.03542480243377404,-0.010565606369179702,-0.01807192790199719,-0.07668634503965022,0.15621780126218981,0.17265013180887875,-0.016686836703765147,-0.001562011893838644,0.09003974497318268,-0.01621192693710327,-0.07647429406642914,0.022346245124936104,0.1467122882604599,-0.012005619704723358,-0.03439894691109657,-0.042104434221982956,0.17061814665794373,0.17724481225013733,0.01425592228770256
-0.002359243004618774,-0.001896119557273845,-0.18133819680194047,0.011671919598725922,-0.03426653568324374,-0.0352142607143023,-0.0857171981730314,-0.04108546662684338,0.03900135338436879,-0.01351957958402387,-0.01441902515863395,-0.04974945263268198,0.17937076089180948,0.1717196138135003,0.0061674360568339205,0.001994118560105562,0.07282061874866486,-0.01725228689610958,-0.07693445682525635,0.020262591540813446,0.1317329853773117,-0.015507781878113747,-0.04679464176297188,-0.013796498067677021,0.19593438506126404,0.1821625828742981,0.03792703524231911
-0.0038412872232975095,-0.0013744974683746914,-0.1810961827345397,0.013034343277940803,-0.037513534972676114,-0.0323068288484389,-0.091702844239379,-0.05031971262113807,0.04156960204927389,-0.016537817318506322,-0.013193389372607455,-0.01613768986692237,0.20962788983960237,0.17549833856457148,0.030314915583950258,0.011489208787679672,0.09542752802371979,-0.018427029252052307,-0.07546575367450714,-0.003345642238855362,0.15119272470474243,-0.017183855175971985,-0.03817526251077652,0.014465280808508396,0.23016899824142456,0.1728770136833191,0.07794775068759918
-0.0022274875035108847,-0.0010723504698870443,-0.18298289348873398,0.0143771003385843,-0.04063029816490215,-0.028595133689715425,-0.09633024572070538,-0.05875805197555602,0.045232471956008574,-0.018502007080161677,-0.014082236492089183,0.018599889590540316,0.23786404472581701,0.17082294011933938,0.06536528765409297,0.01654791459441185,0.08432351052761078,-0.021436084061861038,-0.07881733775138855,-0.01373358629643917,0.1577427238225937,-0.018259627744555473,-0.04392499476671219,0.0393245667219162,0.24876677989959717,0.18080982565879822,0.09362753480672836
-0.0023669773274640903,-0.003580979652583236,-0.18555924037751861,0.015636626897563986,-0.04186846748798472,-0.024670203560977395,-0.1039210471524624,-0.06847920567583612,0.049520790805481746,-0.019268308601852142,-0.014558611482298695,0.046650132564455486,0.25295210776882227,0.17350745488218944,0.08676047372247016,0.019304241985082626,0.08733521401882172,-0.012590410187840462,-0.08532784879207611,-0.007377505302429199,0.14683304727077484,-0.020191984251141548,-0.037896834313869476,0.0672605112195015,0.2636571526527405,0.17511074244976044,0.10661645978689194
-0.003691803894949432,-0.006458007634656155,-0.18660397831968886,0.0172964445732869,-0.0422160237759657,-0.018330414526469486,-0.11078486875338836,-0.07875064335240858,0.046434927761081234,-0.019070945882396523,-0.016287937768083707,0.07111696715485696,0.2624017230708761,0.1730762259470331,0.10167946545513816,0.023740466684103012,0.09570392966270447,-0.0134257972240448,-0.09342833608388901,-0.010681789368391037,0.16219599545001984,-0.019897466525435448,-0.04752298444509506,0.09812898933887482,0.2817797064781189,0.18362510204315186,0.11222494393587112
-0.004253236396665563,-0.008391865830736657,-0.1877117847434058,0.01881693086354612,-0.0431176735392022,-0.015209702655593196,-0.11867745716738745,-0.08870645268202938,0.049469616850111094,-0.01838234731538848,-0.019892177494926836,0.10413981904393965,0.28529326613771094,0.17816914481138554,0.11010650205365201,0.02915319986641407,0.0925300121307373,-0.015466731041669846,-0.0975051298737526,-0.016683753579854965,0.1636793166399002,-0.020649507641792297,-0.04496455937623978,0.12477804720401764,0.30028778314590454,0.1815006285905838,0.13209620118141174
-0.004972071623424976,-0.00805052927574761,-0.1889216915236051,0.020363032254270663,-0.042293032978549173,-0.015002829188702467,-0.12934070745627635,-0.09964385687020196,0.04800650905451169,-0.01807295568633151,-0.02354961243690889,0.13661636740710908,0.3022565642231774,0.1778881747786405,0.12660145375013476,0.029736895114183426,0.09664183855056763,-0.006137582939118147,-0.10418064147233963,-0.012948926538228989,0.16713692247867584,-0.02182740904390812,-0.056181054562330246,0.1516406536102295,0.3103036880493164,0.1777552217245102,0.11235997080802917
-0.004816237229440773,-0.010274942091026118,-0.19121167101465342,0.021821309435588514,-0.039327947736905886,-0.007365544054785649,-0.1314456394160978,-0.10738361192932237,0.04646903200602126,-0.01837490034364309,-0.027702888322042964,0.15995744995663988,0.30654048117212124,0.17559276163161378,0.11728831851770703,0.03658115491271019,0.0972067266702652,-0.006915354635566473,-0.10536972433328629,-0.03141646832227707,0.1829722821712494,-0.021867617964744568,-0.05112866312265396,0.17281240224838257,0.31214311718940735,0.16095100343227386,0.11423089355230331
-0.005978229840467133,-0.01262316178252509,-0.19250154176477408,0.023116472653554553,-0.03812264560810458,-0.0018492018074960732,-0.1382276468226261,-0.1165673072816495,0.04970026656521227,-0.018731867071106714,-0.033625629826841315,0.18028372169295392,0.30546194824190065,0.16309100910960195,0.11550527128699062,0.03973737731575966,0.09877176582813263,-0.00610545976087451,-0.10319379717111588,-0.05962483212351799,0.18041299283504486,-0.024017449468374252,-0.053425706923007965,0.1849002242088318,0.31530219316482544,0.14297421276569366,0.10471069067716599
-0.00708932168670909,-0.013804025229071005,-0.1926742258946707,0.02427211502997328,-0.03505016815515077,0.006033888978319253,-0.1396441918569156,-0.12390057951585556,0.04570526919976659,-0.020549322791323398,-0.03900553512221278,0.19950166860799806,0.30478222837298563,0.14716478607912464,0.10794077186972849,0.045922521501779556,0.09564089775085449,0.0007430301047861576,-0.10423553735017776,-0.05462566763162613,0.18086333572864532,-0.023942094296216965,-0.05074971169233322,0.19837108254432678,0.3125852942466736,0.13678917288780212,0.09652121365070343
-0.00924620531046945,-0.018021185817128384,-0.19488283331288975,0.025298076278986857,-0.030380611797183828,0.015283091270376659,-0.14017498999535527,-0.13090379148962966,0.043369099514291076,-0.022987239759697922,-0.042960854346267556,0.2136203925118654,0.3015063206256507,0.13758288890696357,0.0997171745966433,0.04613679274916649,0.0818997472524643,0.009333563968539238,-0.10351528972387314,-0.05407916009426117,0.1595699042081833,-0.026396142318844795,-0.04630056768655777,0.20944684743881226,0.3091992437839508,0.12272874265909195,0.09293792396783829
-0.011821632067425852,-0.02075890774111235,-0.19544451072523633,0.026400820376801425,-0.024226908906789905,0.027700079152549482,-0.13439758532782892,-0.13457658164761466,0.04664718820154868,-0.02572397891990171,-0.04535894012700478,0.22374272243347912,0.29672953454300455,0.1265108387887513,0.09450715772301845,0.04712258651852608,0.06794175505638123,0.023833073675632477,-0.10395172238349915,-0.05601007863879204,0.15492857992649078,-0.02869352698326111,-0.04515450447797775,0.21884362399578094,0.2986045777797699,0.11013570427894592,0.073001928627491
-0.014931966809386094,-0.023044423421640804,-0.1970046159494583,0.027607514663719888,-0.016732619177955783,0.03775760751086326,-0.13330229136534685,-0.1412054708455299,0.036265828711285794,-0.02908509932749666,-0.04615422634783309,0.23006188314728904,0.28798378093246685,0.1134100721781319,0.07882213303860214,0.04427594318985939,0.0741954818367958,0.02748001180589199,-0.09762929379940033,-0.06877340376377106,0.14499367773532867,-0.030631382018327713,-0.0359015092253685,0.21747921407222748,0.2950000464916229,0.09045344591140747,0.07906867563724518
-0.017123759691243464,-0.02567298470523868,-0.19664942773113758,0.02855988831719303,-0.010306568180815876,0.04810943077222178,-0.1311754469039551,-0.14747056415070534,0.03242012250533578,-0.03297452301747097,-0.046562510407852566,0.23344930555100482,0.2796044933209768,0.09737124482393787,0.0782842279798446,0.0481049008667469,0.06949704885482788,0.03690853342413902,-0.09807614237070084,-0.07817421108484268,0.13602903485298157,-0.031010501086711884,-0.037403423339128494,0.22256585955619812,0.2807311415672302,0.07717867195606232,0.05825088173151016
-0.019351391089061906,-0.025491815934604953,-0.19879990960112623,0.02947278042513383,-0.003752160998236475,0.056894430316150865,-0.12863540498964698,-0.15352399019091856,0.030573098231376373,-0.03576658105375288,-0.045215225776826046,0.234261182335299,0.26888643218414093,0.08146571415901774,0.06340533812300757,0.0445629321038723,0.06884393095970154,0.04870239272713661,-0.09832537174224854,-0.06543168425559998,0.12078499794006348,-0.0322967991232872,-0.030908267945051193,0.21623314917087555,0.268797904253006,0.06434320658445358,0.042448077350854874
-0.021743469848396497,-0.02545538648492232,-0.1999757196285595,0.03037829381710396,0.003562580760624642,0.06677583825426489,-0.12387093476089481,-0.15862283904210475,0.024938670041515027,-0.03636913740323597,-0.042703446507446646,0.22919164626022878,0.25263180568138416,0.06906023115518016,0.0476688872364436,0.04352815821766853,0.05804691091179848,0.06164750084280968,-0.09588709473609924,-0.06746359914541245,0.09658227115869522,-0.03246740251779556,-0.023055419325828552,0.21435551345348358,0.24915257096290588,0.04850952327251434,0.029785990715026855
-0.022774617368118623,-0.02583996802027866,-0.20115148148669704,0.030999912413423467,0.01090766946669266,0.07771360130828238,-0.11659474204664723,-0.1625616989089412,0.013537824643397521,-0.03653189070299853,-0.03938006364525673,0.2208155411909467,0.23532606630963557,0.054260019621227125,0.034004857321998934,0.046825919300317764,0.0636986792087555,0.06862317770719528,-0.09094750881195068,-0.07190823554992676,0.07828745245933533,-0.030016951262950897,-0.012844938784837723,0.20039516687393188,0.23270028829574585,0.03163154423236847,0.00942135602235794
-0.022521082239132427,-0.024878457362602083,-0.20134587184401745,0.03152612211107848,0.01738355310174576,0.08573439887609102,-0.11317585417773494,-0.16841133539839562,0.007174608703640397,-0.0363038492927676,-0.03432455903131316,0.21005310535709285,0.21676485076249508,0.037965607795701475,0.015291321235197733,0.04532928764820099,0.05223928764462471,0.08042972534894943,-0.09171546995639801,-0.06818538904190063,0.04965028539299965,-0.02659241296350956,-0.006303410977125168,0.18567699193954468,0.20981377363204956,0.01998862251639366,-0.013427900150418282
-0.023056642026418793,-0.02463501610406899,-0.20294900738689567,0.03219259065599761,0.023261298947562337,0.09514326607564946,-0.11019631879349032,-0.17484406799528662,0.00032191833336491415,-0.033713791135510436,-0.028335291235956364,0.1925695751499441,0.1934324980963715,0.02484176316259587,-0.006274138116820218,0.04849123954772949,0.03805366903543472,0.08326105773448944,-0.08842604607343674,-0.07020576298236847,0.005510260351002216,-0.01793171651661396,0.006013758480548859,0.16130462288856506,0.1848929524421692,0.0026198290288448334,-0.03860487788915634
-0.021866441582040277,-0.027021753121708823,-0.20288510727553977,0.032959421561401726,0.027130576383784463,0.10488595944672299,-0.10722655211631214,-0.18139407524450704,-0.006584808078199238,-0.02698153151781412,-0.022924141449159552,0.1699402816061588,0.16567106841267173,0.009770674734051523,-0.03063824095985349,0.05321132764220238,0.014007431454956532,0.09034933894872665,-0.0906873345375061,-0.06369362026453018,-0.0439191572368145,-0.005176045466214418,0.01994980126619339,0.1310369223356247,0.1543806791305542,-0.005437958985567093,-0.05553591251373291
-0.01551515503651642,-0.02443150480196545,-0.20332113467899487,0.0335819898116712,0.02851350059209209,0.11347626417860653,-0.10570425885105171,-0.18859243205861925,-0.0139299031872268,-0.015089960397099655,-0.018364820991002236,0.14203655956720507,0.13282602258298642,-0.0003888663510988118,-0.049971105716788276,0.053548794239759445,-0.012018334120512009,0.08691280335187912,-0.09315532445907593,-0.06193288788199425,-0.08528308570384979,0.01419592835009098,0.03575778007507324,0.09307420998811722,0.11823650449514389,-0.0031654611229896545,-0.06360194087028503
-0.010176575833959227,-0.02403253268424937,-0.20447843351493944,0.034697723485525064,0.03304761447108968,0.11887901518826284,-0.10973242410062248,-0.19730879635692664,-0.02459756411490563,-0.006100557977853924,-0.01720907456171456,0.12604956409498969,0.11948780531633715,-0.035867978257705393,-0.022981645678232576,0.04467889666557312,-0.04436740651726723,0.08491958677768707,-0.0938483253121376,-0.062169138342142105,-0.10986480861902237,0.02298802323639393,0.022374294698238373,0.07365227490663528,0.10656416416168213,-3.407523036003113e-05,-0.07327276468276978
-0.00968029271641261,-0.02536924111125653,-0.20519137183571912,0.034886474783818136,0.04093029088150395,0.12497169646325806,-0.11282457240024774,-0.19774922200947034,-0.04399436009828299,-0.00608450962012351,-0.0137423529376356,0.11321983422850769,0.11271803229053964,-0.03199850458286623,0.005368550795822345,0.0462237149477005,-0.0464928038418293,0.07785614579916,-0.10062886774539948,-0.09709803760051727,-0.07763636112213135,0.02934696152806282,0.014348104596138,0.06536117196083069,0.10126737505197525,0.009360676631331444,-0.07735072076320648
-0.008433288830876125,-0.02611956306882711,-0.20337208770593332,0.03563601445870855,0.044376515224348254,0.12130888491663756,-0.12148812507506265,-0.19999698197884566,-0.03606192623954069,-0.007865407063320708,-0.00841270088975687,0.10642414534373325,0.10965225830372036,-0.026737605847738162,0.010751789330326271,0.045870449393987656,-0.023532293736934662,0.08524086326360703,-0.1140861064195633,-0.10947615653276443,-0.07343672215938568,0.03349985182285309,-0.007840164005756378,0.05692001059651375,0.10075780004262924,-0.018964268267154694,-0.09262540191411972
-0.007059426913715323,-0.02428257641312008,-0.2017367133806789,0.040002594198015384,0.044238380141794015,0.11571204475443748,-0.12899702670367383,-0.1919278939315651,-0.038071483084216436,-0.00936518847586781,-0.003085898757831052,0.0991047832099496,0.10635495517629229,-0.021516249680980242,0.005518323932835317,0.03870759159326553,-0.0013911817222833633,0.07639560103416443,-0.1158275380730629,-0.11381693184375763,-0.04634939134120941,0.02260795794427395,-0.02254486083984375,0.05490164831280708,0.09057006239891052,0.012297825887799263,-0.07523483037948608
-0.004349038766775277,-0.022896177084515332,-0.20009559509948252,0.04468229193733952,0.04118511996502012,0.11101402298896583,-0.1327864059507276,-0.1805736469836424,-0.038352284795414054,-0.011650524825744687,0.0008372665565152961,0.08741584171724097,0.09814953166179709,-0.018384299271501123,0.002446854927535941,0.04067757725715637,0.0026830360293388367,0.07803434133529663,-0.14004546403884888,-0.13423705101013184,-0.03499846160411835,0.02688557282090187,-0.0300036258995533,0.055836159735918045,0.07874443382024765,-0.012375514954328537,-0.10418040305376053
-0.00300749019589603,-0.02125923753257646,-0.19667754300485482,0.047756050169200835,0.038086548841653224,0.09470297010248906,-0.15160727036016441,-0.16905188629423076,-0.034612989366217116,-0.014738966547168558,0.006694679337162142,0.07876945367690381,0.090484907465024,-0.01581922248664771,-0.00741034830604831,0.03978351131081581,0.025716885924339294,0.057980041950941086,-0.15110105276107788,-0.12685273587703705,-0.007910341955721378,0.013098923489451408,-0.048463158309459686,0.055137716233730316,0.07155179232358932,0.030629795044660568,-0.08766161650419235
-6.796467940995865e-05,-0.01754704335970089,-0.19225297280792572,0.04726185987385945,0.032542829909945954,0.07460337938337352,-0.16623454579201405,-0.15438739569251275,-0.017390780786929554,-0.01777742727905045,0.01006387259378183,0.0729203181059095,0.08257043925483783,-0.013743848064114042,-0.010094865217661994,0.04324547201395035,0.026898181065917015,0.04659034311771393,-0.16798806190490723,-0.13284605741500854,-0.008587746880948544,0.012523608282208443,-0.04623441770672798,0.05459674075245857,0.0589032918214798,0.030226152390241623,-0.10135095566511154
0.0016892884658973556,-0.01158369933228833,-0.1914438256880862,0.04457415076094252,0.02710490190822602,0.05430115442457048,-0.17348914162919596,-0.14156744975782434,-0.012037804865388586,-0.019794844880795023,0.01344293722827518,0.0700914751002167,0.0766178794375831,-0.0104567468929781,-0.016004087369707147,0.03616523742675781,0.024741459637880325,0.02509291097521782,-0.1771184504032135,-0.13333192467689514,0.0013086171820759773,0.0010690023191273212,-0.057280417531728745,0.046450838446617126,0.05965035408735275,0.022976022213697433,-0.1019035279750824
0.0026728262025636595,-0.0077776411027661845,-0.18990860844436275,0.03882149556314058,0.022892810535406156,0.03368448119094995,-0.18398083122704073,-0.13790134359915251,-0.0036984234074065887,-0.02111158342021126,0.017788591068648305,0.06630571111712469,0.07233859830399239,-0.006854496572528,-0.020816780404649956,0.03522498160600662,0.027353232726454735,0.006008042488247156,-0.19038188457489014,-0.12816239893436432,-0.008222944103181362,-0.0028968541882932186,-0.07200125604867935,0.04591751843690872,0.051520150154829025,0.020271077752113342,-0.12130217254161835
0.003339916232606473,-0.006405997999020236,-0.18833787683803757,0.032906224614768026,0.019285272622698916,0.012674565394353195,-0.1953576390519443,-0.12699386921909456,-0.007118854327069295,-0.02216433568822166,0.022051632228604692,0.06184395469208847,0.07035543474723427,-0.0037823820979137374,-0.025874067692388193,0.031720615923404694,0.02727571874856949,-0.01740095019340515,-0.2095908522605896,-0.12350396811962128,-0.008138555102050304,-0.004002999980002642,-0.06272859871387482,0.03726612776517868,0.046910081058740616,0.034828197211027145,-0.1196160539984703
0.0010347910341590694,-0.0044200678077393005,-0.18839051694155579,0.02985951749760532,0.018750213340794856,-0.011933434645490225,-0.21791271797530026,-0.12172859528637014,-0.008060587265918207,-0.02276424847548482,0.028754268992534943,0.05413761790714169,0.06798171412503014,0.0032976820444353626,-0.030835921635610875,0.029322823509573936,0.024977676570415497,-0.03547107055783272,-0.22009596228599548,-0.12216506898403168,-0.01903054118156433,-0.018633335828781128,-0.08039551973342896,0.03951746225357056,0.03745273873209953,0.019742343574762344,-0.12146491557359695
6.862407590739133e-06,-0.007265073895255613,-0.18851226478030386,0.02877842045768922,0.01750144104173081,-0.03082145700256986,-0.22508042524069863,-0.11605060267920261,-0.015982629956754143,-0.023050098996708138,0.034186931452164886,0.04484847928887034,0.06383767982365796,0.005765233839433119,-0.03329475759670479,0.029727021232247353,0.029296349734067917,-0.050240565091371536,-0.2318408191204071,-0.1345222443342209,-0.013064219616353512,-0.013672243803739548,-0.08066893368959427,0.03434113785624504,0.039422113448381424,0.04195578396320343,-0.15156078338623047
-0.00019251602755729957,-0.007616898952913887,-0.18883826104241683,0.02917959861172156,0.01398403775105795,-0.05037357367777824,-0.22946330937483866,-0.126801541945285,-0.014281444672123392,-0.022944746888848844,0.03758134974001735,0.04009887098230621,0.06607069761140744,0.013104154945969544,-0.040023060126433446,0.02668202482163906,0.029400866478681564,-0.0717402845621109,-0.23869475722312927,-0.1309128701686859,-0.016822736710309982,-0.0214538611471653,-0.07668779790401459,0.031109556555747986,0.03468898683786392,0.02601313591003418,-0.14025458693504333
-0.00014374106061610447,-0.007497951850660473,-0.18848934598410794,0.027176632931441305,0.01163649064646887,-0.07382986309640477,-0.23929521187004907,-0.12847571042172953,-0.016798037243654022,-0.023207153827819172,0.0402650696854449,0.03427268522999211,0.06464946028288829,0.016175989291879283,-0.040665792786802754,0.028220346197485924,0.03224870190024376,-0.0923411101102829,-0.2503615915775299,-0.13550539314746857,-0.03709015995264053,-0.023823775351047516,-0.07826696336269379,0.026177816092967987,0.03647428750991821,0.0303351990878582,-0.14920678734779358
-0.0036497947797321495,-0.006731391440981358,-0.18816990966491343,0.024491629725733297,0.011093564469662675,-0.09762897625987868,-0.2500856126979869,-0.13118747509838857,-0.03206105308588235,-0.023492576809266214,0.04306618935549276,0.028392237349906493,0.06416155562654531,0.022933278604307297,-0.04192451206011504,0.023104509338736534,0.025825802236795425,-0.11208774149417877,-0.2558564245700836,-0.1392248570919037,-0.04052852466702461,-0.02376120537519455,-0.05586536228656769,0.021772261708974838,0.034720223397016525,0.019897304475307465,-0.14569637179374695
-0.0031886056145739544,-0.00826576444832636,-0.18746818002259116,0.02209772143094811,0.011744131856553215,-0.1172106036877966,-0.2544134720830304,-0.13476866878885627,-0.03867762356255359,-0.023291658089856074,0.046129076572080416,0.02063937852691193,0.06212144035412996,0.029010817988853067,-0.046039526516444544,0.02088981866836548,0.026625405997037888,-0.12707321345806122,-0.25849246978759766,-0.14012101292610168,-0.04590684175491333,-0.025963032618165016,-0.08556926250457764,0.01610272377729416,0.03236175328493118,0.0272505022585392,-0.15960130095481873
-0.0024732352417928963,-0.009166009693325405,-0.1893368356835996,0.019177577482217063,0.01133641802172923,-0.1324107603102155,-0.251336823927829,-0.13670052985321304,-0.04424122543259136,-0.02252280852846218,0.04657756690101425,0.01356868183847199,0.06175637198746022,0.033441557295645734,-0.044278107121716724,0.021890830248594284,0.0371738038957119,-0.13970303535461426,-0.2565387785434723,-0.12353673577308655,-0.04746381938457489,-0.03391660004854202,-0.06819360703229904,0.0176064632833004,0.031350359320640564,0.030178159475326538,-0.1574113368988037
-0.0025476657033838153,-0.01038959937110471,-0.19030278014572205,0.016580701107824062,0.01067721496618506,-0.14872108576514353,-0.24895098792512502,-0.12693174823626496,-0.04749070326515135,-0.021480444410221674,0.04533978550241774,0.009187137859231384,0.06276196262118808,0.03879206281342567,-0.04541625034746483,0.016462450847029686,0.03289077803492546,-0.15676379203796387,-0.25881269574165344,-0.12221197783946991,-0.05754799395799637,-0.03263087570667267,-0.07051251083612442,0.008761568926274776,0.03338153660297394,0.021227754652500153,-0.160258948802948
-0.0013503064675055632,-0.008443157679918979,-0.19181861869764705,0.013107278630905215,0.013198559143241324,-0.16653997613979385,-0.2531120274640222,-0.12190506636201137,-0.05540295161852469,-0.020369735200136678,0.04536360178142774,0.004506535079262077,0.0629051979834995,0.04512089695255418,-0.04961294324914909,0.01487884484231472,0.028457075357437134,-0.17195802927017212,-0.2575816214084625,-0.11577275395393372,-0.06371939182281494,-0.03149595484137535,-0.06273414939641953,0.0014600260183215141,0.029971059411764145,0.02096017450094223,-0.16024601459503174
-0.0016190283672986665,-0.00910235113386087,-0.19209843231474236,0.010290757877525966,0.01721254188086872,-0.17883886522141954,-0.25200476695563656,-0.11559019711616714,-0.06168249334983022,-0.01934458273771546,0.04521972326308796,-0.0033170747047166155,0.061040439144224225,0.05035718177330529,-0.04617143637515721,0.011923227459192276,0.032465629279613495,-0.176177978515625,-0.25604090094566345,-0.11478576809167862,-0.05585449934005737,-0.034744348376989365,-0.08015984296798706,1.7519108951091766e-05,0.02943071536719799,0.019210003316402435,-0.16594132781028748
-0.0002423652273105374,-0.00995528289831121,-0.1933692698773714,0.009059098974154238,0.019895887319741765,-0.18568186434959394,-0.2447545327694762,-0.11348503705659603,-0.057713998538912153,-0.017992504425695832,0.04373056393184738,-0.011124832549126032,0.060195001858028875,0.05542482023074948,-0.04533461051257862,0.011882289312779903,0.029307279735803604,-0.1843683123588562,-0.25071874260902405,-0.11223018169403076,-0.054500460624694824,-0.03353669494390488,-0.06718815863132477,-0.007475321181118488,0.027479548007249832,0.02321149781346321,-0.1639571487903595
0.002690407283372504,-0.011354507650640838,-0.1953242754167929,0.008870451216826883,0.02159934589182999,-0.19249692320951825,-0.2407300381732306,-0.11221467245410065,-0.0555006558358838,-0.01652426834577177,0.04084129119118589,-0.018127695303883994,0.059216977892766136,0.06089884442169204,-0.043937903271601964,0.0115666463971138,0.0324481762945652,-0.1889372169971466,-0.2475816011428833,-0.10623762756586075,-0.05957336723804474,-0.03261402249336243,-0.07068412750959396,-0.014842328615486622,0.02882562391459942,0.019552994519472122,-0.1604216992855072
0.0006644906031899109,-0.010111416073406918,-0.19589479884960875,0.009315260570595335,0.022963181577474522,-0.1982831630181313,-0.23850988303445936,-0.1073665522639244,-0.05863604771817782,-0.015120337629613545,0.037142023966033916,-0.025130924285597066,0.057662889099711685,0.06645090341381187,-0.042172078765450524,0.009553365409374237,0.02547036111354828,-0.19551193714141846,-0.2445252537727356,-0.10427139699459076,-0.06296173483133316,-0.027802590280771255,-0.05805782973766327,-0.022497307509183884,0.027095267549157143,0.02092212438583374,-0.15972265601158142
0.004393258271656534,-0.009262804987859799,-0.19838135223971498,0.009438743706896747,0.024427038030884543,-0.2022831577411905,-0.23672661749352247,-0.10413045204781168,-0.061647217490912815,-0.013780769663318135,0.03353054687051789,-0.032111049849645766,0.055785005294515244,0.07209505896191502,-0.04239752506177477,0.010755110532045364,0.026038505136966705,-0.1964850276708603,-0.236789733171463,-0.0986507460474968,-0.05695262551307678,-0.025601044297218323,-0.061232153326272964,-0.03296879678964615,0.02577218785881996,0.02239810675382614,-0.14951154589653015
0.006001055430983335,-0.00852713686961863,-0.1994497923143257,0.009865861394936844,0.02489546979065645,-0.2008166585521138,-0.22774982747177028,-0.09880425438334298,-0.058111528363893744,-0.012564690855508216,0.028967340067015714,-0.04141607969263847,0.05056814767878218,0.07653805360677951,-0.039197154720234,0.009221656247973442,0.019027192145586014,-0.1963529884815216,-0.22968325018882751,-0.09521736949682236,-0.04897020012140274,-0.018583480268716812,-0.053606703877449036,-0.04303807392716408,0.02454039640724659,0.027692163363099098,-0.1472553014755249
0.006215831865737755,-0.008462393627583296,-0.20056128313615446,0.010865059719270551,0.024693588151423838,-0.19832886870668598,-0.22035217358842293,-0.09576320656916067,-0.05113170991507368,-0.011193616385494131,0.024740600468055613,-0.04961892917978393,0.04721066557739123,0.08206192765153594,-0.039060181818814155,0.00994100235402584,0.024661295115947723,-0.19260470569133759,-0.2163906991481781,-0.08700145781040192,-0.04285544157028198,-0.01992681995034218,-0.0700695738196373,-0.05078498274087906,0.02265511266887188,0.030121374875307083,-0.13947972655296326
0.009548187408349338,-0.006926950446869189,-0.2014465793510407,0.0108181790814546,0.0227230580691688,-0.19269371194068813,-0.20747777931893394,-0.08765840179973576,-0.045082820054897575,-0.009981232423935713,0.018697223876645415,-0.057072594706465585,0.044503492064961014,0.08808327200272907,-0.035720709654316465,0.012008890509605408,0.021663837134838104,-0.1897786408662796,-0.20583850145339966,-0.07778101414442062,-0.03878422826528549,-0.012700989842414856,-0.061882711946964264,-0.0626426413655281,0.02304989844560623,0.029245123267173767,-0.135976642370224
0.010143761723190087,-0.005126078555645035,-0.2029629474927261,0.011004017523139939,0.021025699229040778,-0.18718400195819365,-0.19712610548920936,-0.08011757410158633,-0.040443123817884924,-0.008710927793371886,0.013037148796994903,-0.06413624247321673,0.04216309546882488,0.09441118303602061,-0.03169844617202213,0.012209884822368622,0.01805862784385681,-0.18474411964416504,-0.19236767292022705,-0.06473135203123093,-0.025638513267040253,-0.012502901256084442,-0.0720880776643753,-0.07067007571458817,0.019292155280709267,0.03875748813152313,-0.12611690163612366
0.011889336053175385,-0.004020942149730494,-0.20396707694039154,0.012419052976979065,0.019022069277850603,-0.1803289491696907,-0.1855542133184245,-0.06706124229432867,-0.02958798066621021,-0.007520882205536019,0.007428941249439839,-0.07239119146231962,0.03801530717376264,0.09999554110362742,-0.024315116145569454,0.013314623385667801,0.013363957405090332,-0.1764616072177887,-0.18137049674987793,-0.05666087940335274,-0.01652321219444275,-0.005392853636294603,-0.07147012650966644,-0.08037569373846054,0.017884068191051483,0.047078341245651245,-0.11956926435232162
0.011912259394879023,-0.0017848002420144042,-0.2043632205360879,0.014693136389733524,0.016575158684751796,-0.17166942831965867,-0.17323115340780618,-0.058071060888259154,-0.01994625905871752,-0.0061363400801251414,0.0020936779751731553,-0.0804120132492523,0.03547638907554472,0.10655253624102508,-0.018319278144190394,0.014798475429415703,0.015169188380241394,-0.16777586936950684,-0.163405179977417,-0.03857465460896492,-0.005587874911725521,-0.004518518690019846,-0.08072631806135178,-0.08935386687517166,0.017495956271886826,0.054389432072639465,-0.10520413517951965
0.01330263273123892,-0.0047899949540092576,-0.20625169148431913,0.01630953593728178,0.013368428967570832,-0.15961004523437117,-0.15541383201765663,-0.04208158025379127,-0.009610710031359061,-0.0047102103079483355,-0.004063768289740747,-0.08877767446012236,0.033776867446209696,0.11382007328893731,-0.01004138743928555,0.0173206590116024,0.011455420404672623,-0.15322545170783997,-0.14659684896469116,-0.019948819652199745,0.0031148316338658333,-0.002087969798594713,-0.08865614980459213,-0.09757779538631439,0.013316646218299866,0.06376780569553375,-0.0875982716679573
0.01406512936228926,-0.0021651314559991827,-0.20925411312082676,0.017556903052560503,0.010241986680186308,-0.14588414309435957,-0.13637886862428686,-0.024743617199118727,-0.00041398523233639444,-0.0031699079472932335,-0.010029739354071934,-0.09776872125371258,0.032394255126352044,0.12253944980590614,-0.003245282902988615,0.01749117113649845,0.007862642407417297,-0.1389268934726715,-0.1256142556667328,0.0034321825951337814,0.01157268788665533,-0.0027614417485892773,-0.08465003222227097,-0.10728414356708527,0.012222345918416977,0.07162944227457047,-0.0560397244989872
0.01267201999804385,-0.0021791775170589907,-0.20992112453296605,0.018441339449644552,0.0075924398629416915,-0.13060422303369865,-0.11636459682772517,-0.0026959308972766783,0.008253039878198552,-0.0016891323334912286,-0.015597608868512157,-0.10815875194120304,0.02960900396601476,0.1296487645933841,0.0036880118947147426,0.016979850828647614,-5.9485435485839844e-05,-0.11798654496669769,-0.10541771352291107,0.023824293166399002,0.021522507071495056,-0.0031807846389710903,-0.08627597987651825,-0.11347655951976776,0.0056336019188165665,0.08321478217840195,-0.024612225592136383
0.010322256280662434,-0.0027272855023333796,-0.21095439178932163,0.018715313427356384,0.0056554488429687265,-0.11256895523488146,-0.09341068884976779,0.018150889093367418,0.018059360447341945,-0.00036363752102417854,-0.019871254020563105,-0.1189391860636978,0.028110196522036543,0.13908688641225095,0.010092336907560786,0.013271614909172058,-0.0007576551288366318,-0.09099040925502777,-0.07842133939266205,0.04612221568822861,0.02850417047739029,-0.00881301797926426,-0.07018013298511505,-0.11938437074422836,0.0035094451159238815,0.08289919048547745,0.02841837704181671
0.006476267623986336,-0.0049796788036037464,-0.21329982656249638,0.016318961395144112,0.005502559607373125,-0.08901275177070124,-0.06285731079983135,0.039389101986243576,0.025775876584278063,0.0006472523885260618,-0.022395439904494618,-0.1319424990266169,0.023926553689706823,0.1453197744854063,0.017721214801833467,0.004135740455240011,-0.01351873204112053,-0.058665722608566284,-0.05040255934000015,0.06060473620891571,0.030902374535799026,-0.015071911737322807,-0.04862087965011597,-0.11871295422315598,0.0023064501583576202,0.08511270582675934,0.07366537302732468
0.004250692422262949,-0.003010852779619541,-0.21366864512679673,0.01558656352296331,0.00397308747343489,-0.07266167651952304,-0.049128395537124614,0.03302084107382983,-0.0016042945365081166,0.00031640258196280794,-0.0284590443674766,-0.14246239672965727,0.02149473091416157,0.1537914039280596,0.02755317833224447,0.001603489276021719,0.023755274713039398,-0.03144019469618797,-0.038034744560718536,0.04849443584680557,0.053383879363536835,-0.008157961070537567,0.011683188378810883,-0.11492016166448593,0.013482427224516869,0.10014426708221436,0.0858212485909462
0.0063921770277304175,-0.0020498974645110648,-0.21134465120666526,0.014822200619341652,-0.008518342460373573,-0.0654365714266103,-0.04905503108290612,0.023478796211893353,0.003907678853952788,-0.0007777257848790135,-0.041765342439641126,-0.14676419450925426,0.02636218782943255,0.16343838610933129,0.042361700215407104,-0.017173735424876213,0.02416093274950981,-0.03173908591270447,-0.04863383620977402,0.06742983311414719,0.09552784264087677,-0.0047926162369549274,0.01622498780488968,-0.12596315145492554,0.010868305340409279,0.14724326133728027,0.05046483129262924
0.0067586157929114985,0.0006862132801994353,-0.20980627496549484,0.013171099717916648,-0.017371495956120142,-0.05886715338227558,-0.05164392383211795,0.01443396515021689,0.016223338646469743,-0.0062942526281717474,-0.047469276735595554,-0.15589153838916112,0.017690164295599504,0.1637598583708742,0.043194319435795124,-0.0223158560693264,0.04603324458003044,-0.008843585848808289,-0.06103857606649399,0.065480075776577,0.09340980648994446,-0.001372532919049263,-0.0014343596994876862,-0.1175457313656807,0.023281395435333252,0.15674220025539398,0.0006077904254198074
0.004525938138377106,0.0002519315156182487,-0.2086956414188932,0.012447830610449075,-0.02029537416038338,-0.05443729239781275,-0.06012562735175734,0.0018619196645699317,0.017748457408625087,-0.009596129047484133,-0.04408922861218304,-0.15044003863423788,0.03924745508465822,0.17386625475166625,0.015652116412326486,-0.02924937568604946,0.05128104239702225,-0.01470058411359787,-0.0612010583281517,0.04373873025178909,0.10384818911552429,-0.004892889875918627,-0.01515975221991539,-0.10671165585517883,0.053313132375478745,0.18808721005916595,-0.04262187331914902
0.0012336263451792797,-0.0017639709000845172,-0.21171263977356478,0.012260831748941306,-0.022403700683794263,-0.0507215951321494,-0.07186153184858786,-0.012099020281799691,0.022709052825097806,-0.00968605458345521,-0.037005782083874714,-0.1346960371456272,0.07817853028080626,0.18646250488111424,-0.025326019210150538,-0.01405334286391735,0.06013494357466698,-0.009240098297595978,-0.07126028835773468,0.03179493546485901,0.10472099483013153,-0.005999115761369467,-0.033528901636600494,-0.08657968044281006,0.0831192284822464,0.18079997599124908,-0.04621744900941849
-0.0010009001358051418,-0.0034947808393290133,-0.2088375186482501,0.01256739987600972,-0.025149752526811568,-0.04523316848125559,-0.07873377477726279,-0.023311984821307107,0.02761480162565785,-0.007891305588234037,-0.03025561721732531,-0.11689920396324932,0.10758739475372586,0.18697018279566655,-0.037508500825516045,-0.008889244869351387,0.07910361886024475,-0.016870278865098953,-0.0652240440249443,0.01822858490049839,0.11937449127435684,-0.011951673775911331,-0.032459355890750885,-0.08183763176202774,0.11868911236524582,0.17923139035701752,-0.033008404076099396
-0.002703935281288763,-0.0037031308113261324,-0.20953029522587735,0.012900476466048968,-0.028486920877988254,-0.038605468126787994,-0.08133193917232867,-0.03207216918891597,0.03201367803210903,-0.009726069884814066,-0.02468519268691949,-0.09577250842642697,0.13198195035948654,0.17695887955863362,-0.03420022595161739,0.0008010393939912319,0.07897084951400757,-0.00956517644226551,-0.07195277512073517,0.022709321230649948,0.12777486443519592,-0.009056851267814636,-0.04018526151776314,-0.05618235841393471,0.13679540157318115,0.17363496124744415,-0.020210091024637222
-0.003537847442279401,-0.0027438515411579603,-0.21082828986400903,0.013494101170948363,-0.03164497808426336,-0.03224227302788104,-0.08192900148119205,-0.03937360579882784,0.03726800733592344,-0.012885685382944219,-0.019854813752734523,-0.07180502960402195,0.15032131476227686,0.1683373256273306,-0.023444848313810177,0.0018149116076529026,0.08567984402179718,-0.01438368670642376,-0.07329300791025162,0.017963789403438568,0.137815922498703,-0.014175919815897942,-0.03786380589008331,-0.04476213827729225,0.16640281677246094,0.17987573146820068,0.010542470961809158
-0.0037323094709205574,-0.003309466409532267,-0.21107427792969066,0.014176554603937824,-0.03397734709468157,-0.027501482425512286,-0.08581240942446135,-0.04877042158508525,0.04346808266904082,-0.015490860995603794,-0.015668420570327166,-0.043904196140550064,0.17290547364138698,0.17332709840378135,0.001701139706461265,0.009935390204191208,0.0800561010837555,-0.005657630041241646,-0.07842780649662018,0.016457365825772285,0.13303686678409576,-0.014757785946130753,-0.047498226165771484,-0.005994093604385853,0.18907034397125244,0.1753428727388382,0.039074234664440155
-0.004219680361726473,-0.003571003903521702,-0.21336408512335042,0.015673271856585857,-0.03634106470091269,-0.02398116060627942,-0.0929748460445937,-0.05928188407217266,0.04418368911509452,-0.016401858751224473,-0.013816825183528503,-0.01099112346238903,0.20208974715378758,0.17190951388446937,0.02993236615219205,0.013205071911215782,0.09435874223709106,-0.015209842473268509,-0.07607381045818329,-0.008002862334251404,0.14869023859500885,-0.01803661324083805,-0.04192608594894409,0.015183108858764172,0.22563445568084717,0.1732979118824005,0.07316683232784271
-0.0027134427186665615,-0.004186501240766032,-0.21584465643351894,0.017539546305944724,-0.03984267216995567,-0.020365262354985383,-0.10117355384448448,-0.06939365801279256,0.04250961375334795,-0.0169640152411925,-0.015174544139748052,0.023725785239724087,0.23293947019722563,0.16983534055132515,0.06191841109259134,0.02206234820187092,0.09396614134311676,-0.013860601931810379,-0.08265580236911774,-0.016995904967188835,0.16419439017772675,-0.018092487007379532,-0.04390335455536842,0.043076347559690475,0.242093026638031,0.17205458879470825,0.09370182454586029
-0.0026517108192081035,-0.00722236628126259,-0.21606353558020505,0.018726016869753788,-0.04151392037875381,-0.0153260077201758,-0.11000428558529456,-0.07993723797761053,0.04513071662348328,-0.018391403375984983,-0.015892397359296404,0.04918563261037341,0.24534881885571586,0.16704600526791855,0.08576388702580393,0.025659790262579918,0.09480397403240204,-0.010788483545184135,-0.09200742095708847,-0.012388790026307106,0.1507062464952469,-0.018620554357767105,-0.046210840344429016,0.07017353177070618,0.2603255808353424,0.17215213179588318,0.099740169942379
-0.0015584153577296062,-0.00893616376988239,-0.21702171245015234,0.019775817033933316,-0.04171002603738801,-0.011610177507515982,-0.11836853060603429,-0.0905439340854778,0.04695912628347476,-0.01832044158778171,-0.01724004645028337,0.07686838991356902,0.2591743803706813,0.16902388569971524,0.09670542529191455,0.0279987882822752,0.09192399680614471,-0.006797584239393473,-0.0998220443725586,-0.00926608219742775,0.16770556569099426,-0.019600749015808105,-0.045425109565258026,0.10281897336244583,0.2780837416648865,0.17973476648330688,0.12232685834169388
-0.0039825883223769025,-0.008632900663190371,-0.21852772374214255,0.021394617227657405,-0.041018728434655365,-0.009639930864785434,-0.12637551976448055,-0.10081492483363345,0.047216763476456564,-0.01722089975671764,-0.02083764392760826,0.11093623851726772,0.28236120281037425,0.17418931634664592,0.11594745048655446,0.032308366149663925,0.0943375676870346,-0.00861123576760292,-0.10270712524652481,-0.018928736448287964,0.16017259657382965,-0.02074405923485756,-0.04861583933234215,0.13078220188617706,0.2978750169277191,0.18119406700134277,0.12500089406967163
-0.0014447156971298682,-0.008515755603525658,-0.21975453089926816,0.022462323851413224,-0.04145566494740838,-0.00815209857464654,-0.13525179389849923,-0.11291161915467705,0.04829796773282089,-0.017202571172818,-0.0258619879820408,0.142297332769094,0.29894881599099865,0.17692440424686265,0.12317693226989558,0.03314953297376633,0.10148726403713226,0.005624065641313791,-0.11249540746212006,0.0004070065915584564,0.1724703013896942,-0.020983509719371796,-0.05397350713610649,0.15699617564678192,0.3046092689037323,0.17206138372421265,0.11085456609725952
-0.002018829043302198,-0.012455136001371422,-0.22062697669003123,0.024133255205827504,-0.04157763014295961,0.00103099251484258,-0.13822449496483014,-0.11941402088611455,0.048144321113502794,-0.01779429246772643,-0.03178471250786085,0.16225705815367206,0.3006083465025256,0.17099875048453578,0.11495732366712783,0.035813428461551666,0.1099521815776825,-0.0048578581772744656,-0.10643443465232849,-0.054260775446891785,0.18967954814434052,-0.022686496376991272,-0.052829012274742126,0.1720447540283203,0.30776646733283997,0.15003298223018646,0.11146308481693268
-0.0037627013436474753,-0.015448765146580858,-0.22294373111469334,0.02522353626705233,-0.039307106212936184,0.00845619866075365,-0.14248604524837835,-0.12828130431596316,0.050685038903938384,-0.02006101145327613,-0.03594721512972598,0.18097344114430677,0.2985404515123222,0.1540183603145079,0.11265097512779312,0.04242587462067604,0.09686419367790222,0.00899374671280384,-0.11259698122739792,-0.04549788683652878,0.17516545951366425,-0.024679282680153847,-0.0633460134267807,0.19091428816318512,0.3065190017223358,0.144078329205513,0.09307587891817093
-0.005282806564840356,-0.016958751449924085,-0.2240584422878785,0.02618674673742693,-0.034978282500074634,0.01551727814465925,-0.14308701712595737,-0.13517761506008225,0.045556984420008544,-0.02215996954020952,-0.03987229781791334,0.2014587740444354,0.29952546998180185,0.14422110654563336,0.09928400637613687,0.04688284918665886,0.10085791349411011,0.009854773059487343,-0.11082054674625397,-0.04668880254030228,0.18072324991226196,-0.025208469480276108,-0.05330649018287659,0.202022522687912,0.3099100887775421,0.13320700824260712,0.09362194687128067
-0.007862504090456175,-0.018102210784647337,-0.22512018052375982,0.027344396501016593,-0.0294495439515959,0.02345573457258744,-0.14393131851667113,-0.14240425541174398,0.04292637180093406,-0.02326619796935544,-0.04364088182332153,0.21798902829243363,0.2991515420243975,0.1352052018836684,0.09527858153324113,0.04521911218762398,0.07467387616634369,0.017905982211232185,-0.10653167217969894,-0.07003536820411682,0.15516768395900726,-0.029619261622428894,-0.04693648964166641,0.21562796831130981,0.30225640535354614,0.11537784337997437,0.09310717135667801
-0.011088926571404775,-0.01977047002538622,-0.2255005781200623,0.028428471283722705,-0.022336282058091492,0.033929686753973384,-0.13988884060049703,-0.14326857974803214,0.037638499722100684,-0.026797042132236326,-0.045703439772566405,0.22833362605271862,0.29145715788921656,0.11976704520099518,0.09351116467522691,0.05101851001381874,0.07936783134937286,0.017089877277612686,-0.09575897455215454,-0.10666733980178833,0.16224810481071472,-0.0309549942612648,-0.03727114200592041,0.21675562858581543,0.3025863766670227,0.09672798961400986,0.08378387242555618
-0.0145102405191742,-0.020406464209411553,-0.2263439134871826,0.028858733232978273,-0.01445782346522038,0.04234412036956408,-0.13569613440157802,-0.15122072852083593,0.04083006864847391,-0.03318553823411745,-0.04521555497547301,0.23811406777956604,0.2864669087454371,0.10364309809309806,0.08581418220917153,0.04897278919816017,0.06418353319168091,0.04325335845351219,-0.11063739657402039,-0.047597289085388184,0.1370307207107544,-0.030447810888290405,-0.04513042792677879,0.22870588302612305,0.286363422870636,0.09624317288398743,0.06105129420757294
-0.017591622590885595,-0.021607574549463073,-0.2269806408722818,0.02996522795754897,-0.006872107490993174,0.05310115705902286,-0.1333655829208314,-0.1579649820412175,0.03444901002673737,-0.03526213145808592,-0.0451025463415053,0.23931471734091392,0.27626307762583563,0.09647188522970608,0.06803256623969252,0.04228402301669121,0.06941626965999603,0.04219307377934456,-0.0975937470793724,-0.08180402219295502,0.13367843627929688,-0.034502413123846054,-0.031897302716970444,0.2226174920797348,0.2778063118457794,0.07126177847385406,0.060497790575027466
-0.019205039463476754,-0.02428256135951688,-0.22809383072434516,0.030893236002243165,-0.00024299495931809118,0.06598118375559327,-0.12797532571526052,-0.16341545385176878,0.030168875526863953,-0.03593487546930583,-0.04539579102109498,0.2349126866533645,0.26129360269763935,0.07957424531501274,0.061792129817301464,0.046780090779066086,0.06175169721245766,0.061097223311662674,-0.09734480082988739,-0.07934903353452682,0.10929067432880402,-0.03551025316119194,-0.02587778866291046,0.22267594933509827,0.2606642544269562,0.05911668390035629,0.03658299148082733
-0.020285166937292234,-0.02423107542286997,-0.22852530095285575,0.03116541192353067,0.006619026553046666,0.0776070128190497,-0.1202612632267961,-0.16738518380328637,0.021057379063973727,-0.039367428478270725,-0.04322156530895865,0.23048353706305874,0.2482682301286328,0.06383709817205233,0.042704265692091604,0.045882198959589005,0.06888420134782791,0.06885222345590591,-0.09450007230043411,-0.0746832862496376,0.09831690788269043,-0.032618314027786255,-0.022525066509842873,0.21030937135219574,0.24753737449645996,0.04432767629623413,0.01200227439403534
-0.021722544629490154,-0.02411085008719109,-0.22946292156374298,0.0315801145430144,0.014396111453650646,0.08751039504868663,-0.11531084881208514,-0.1727969806536474,0.012142168441698124,-0.04081054412093183,-0.03860806555534734,0.22186984548440195,0.23203359596854636,0.04970775009975009,0.01987923924600048,0.046168211847543716,0.05560881644487381,0.08125315606594086,-0.09434513002634048,-0.07500914484262466,0.06694833934307098,-0.034005019813776016,-0.013944936916232109,0.20137393474578857,0.22658386826515198,0.03480491787195206,-0.0010142195969820023
-0.023271150446288344,-0.023672944567655906,-0.23020994986472681,0.03196448682484977,0.022144507291153623,0.09623268968750956,-0.11308841435328625,-0.17981903345182396,0.005540178537473199,-0.039448475928155105,-0.03282341664375278,0.2081326208460639,0.21184431716771762,0.038743202659679926,0.00402988504466108,0.045405540615320206,0.04669644311070442,0.08550509065389633,-0.09176979213953018,-0.08428708463907242,0.03614411503076553,-0.025950681418180466,0.0014539249241352081,0.1815342903137207,0.20636072754859924,0.009804032742977142,-0.025638796389102936
-0.022475623957507632,-0.022384068417554633,-0.23014011439893864,0.03248974003576357,0.02877924676827187,0.10395351547932119,-0.1125606144194765,-0.18766560786828282,-0.0041723076838536145,-0.03511481074497432,-0.026681031199590043,0.1907508022569778,0.1886689122322296,0.019158657098570755,-0.018427480006798756,0.048998281359672546,0.03297904133796692,0.09623700380325317,-0.09566759318113327,-0.060586825013160706,-0.008249777369201183,-0.01860920898616314,0.006218228489160538,0.15910111367702484,0.18250271677970886,0.0035359635949134827,-0.04582664743065834
-0.019363153417680887,-0.023254303077501624,-0.23075817723720132,0.03297551665045679,0.031555998370161195,0.11379839406263376,-0.11090473462173797,-0.19513093646123167,-0.01137618249302736,-0.026319490601507258,-0.022830843423499024,0.1682455472021312,0.1650730551480681,0.008209268385600618,-0.03920105091628791,0.05325767770409584,0.011012154631316662,0.09477889537811279,-0.09186065942049026,-0.06803350895643234,-0.054442211985588074,-0.0008215238340198994,0.03003784269094467,0.12553201615810394,0.15288162231445312,-0.0079580619931221,-0.055225517600774765
-0.01313388688880086,-0.02390123855221359,-0.23154753468685124,0.03350077377503083,0.032507967129660434,0.12337658278103773,-0.10930888128845231,-0.2026172829165741,-0.019570692301155695,-0.013333303433094471,-0.020358663411381824,0.1421235364272685,0.13767772009409135,-0.01791367649900498,-0.04444155561880588,0.053996846079826355,-0.012753721326589584,0.09579682350158691,-0.09829355031251907,-0.06996378302574158,-0.08267422020435333,0.012231696397066116,0.026465699076652527,0.0984182059764862,0.129808247089386,0.0028411000967025757,-0.0703631341457367
-0.009068407035766031,-0.022608236472392216,-0.23240554058341104,0.034330257901262484,0.03673761372917111,0.1276974998579669,-0.11346080304467643,-0.21030446364256056,-0.02755001724361805,-0.0082137840185009,-0.019935169581496392,0.13376961645532515,0.13714971458501798,-0.026007613704229618,-0.016902097834128917,0.04534299299120903,-0.03741130977869034,0.09320294111967087,-0.10075791925191879,-0.06041458249092102,-0.10403364896774292,0.02580719068646431,0.018498696386814117,0.07608628273010254,0.12019234150648117,0.009219061583280563,-0.08362735062837601
-0.010437744883155688,-0.02560163619189442,-0.23223695405973246,0.03395010370799758,0.046432813662682336,0.13365670536426727,-0.11996184652818932,-0.21486400471487846,-0.03709078213033013,-0.008303311542685645,-0.013962802677022,0.1184608036704025,0.12867555612488182,-0.021398710822311807,0.005553067976014187,0.04364101588726044,-0.046959053725004196,0.09236286580562592,-0.10857870429754257,-0.09349063783884048,-0.0992036908864975,0.028626281768083572,0.0022362545132637024,0.06892156600952148,0.11392095685005188,-0.005212005227804184,-0.0876278355717659
-0.00901883689927861,-0.026248754284922036,-0.23145663637844974,0.03424428309962068,0.052021618587451746,0.13417246837694446,-0.12764082557055795,-0.21000149068232074,-0.04411378247335659,-0.00943415928543803,-0.007886080254484043,0.1062086769253423,0.12152326814102675,-0.017060446353222496,0.008743091450571198,0.044824808835983276,-0.0146372951567173,0.09010988473892212,-0.11557517945766449,-0.11652054637670517,-0.065285325050354,0.027089910581707954,0.0009103491902351379,0.058671701699495316,0.11370392143726349,-0.003917276859283447,-0.08374582976102829
-0.006109541952311952,-0.023545973204511923,-0.22946524716450553,0.03821629360436587,0.05131439429983562,0.12748518298866696,-0.13454651921093083,-0.19928985576928157,-0.04586332720361515,-0.011010846302433529,-0.004088883073586395,0.09972416423987222,0.11732930736520475,-0.012905381644278336,0.001423827874038571,0.04018155112862587,-0.002486368641257286,0.08274444937705994,-0.12781226634979248,-0.12469147145748138,-0.04906977713108063,0.029887095093727112,-0.01891680434346199,0.05126507207751274,0.10116884112358093,0.006425201892852783,-0.08008857816457748
-0.0023870063118565247,-0.021198019405489016,-0.22815728266713292,0.043969317171915,0.04797100699993197,0.11559338911710801,-0.14589688723130176,-0.185161441677876,-0.04550261136848526,-0.013389628545653478,-0.0013868847654174116,0.08906238296514654,0.1056223935970367,-0.009952650590279754,7.811221532908266e-06,0.03984256461262703,-0.0035959258675575256,0.0740780234336853,-0.14466166496276855,-0.1360209882259369,-0.029604051262140274,0.027899011969566345,-0.02140738070011139,0.05324680730700493,0.08424744755029678,0.012023212388157845,-0.08634160459041595
0.0006378199439633568,-0.017664795615217707,-0.22484784404714445,0.04827032554337236,0.04247063904649146,0.09725203319680908,-0.16069202065045773,-0.17351160922616135,-0.03529253440591052,-0.01605172843026206,0.0021617791756292433,0.08053374040421771,0.09387996524412336,-0.009174215213398692,-0.0061797888564332085,0.040675994008779526,0.02736075408756733,0.06838839501142502,-0.15973469614982605,-0.13716131448745728,-0.009648163802921772,0.014208164066076279,-0.03755798190832138,0.05240929126739502,0.07745952904224396,0.000940375030040741,-0.08571163564920425
0.0031305139576111225,-0.014218434546698765,-0.2224467424189634,0.0477282999099082,0.03598898338872332,0.07986187084128886,-0.16846480320532345,-0.15708523604142594,-0.017847467193673777,-0.01836097035232672,0.005685148950139888,0.07240975470937382,0.08308781963374585,-0.009071088676208178,-0.010026294340360247,0.037510693073272705,0.024837428703904152,0.04613076522946358,-0.1670239269733429,-0.13346946239471436,-0.008818120695650578,0.009954758919775486,-0.0497092604637146,0.048202257603406906,0.06321674585342407,0.047651443630456924,-0.09772037714719772
0.0037664078403643,-0.010405605036751323,-0.22108732233742381,0.041586835433612544,0.030056334709785113,0.060441156764033464,-0.17555403264501696,-0.14488048751326285,-0.012066057203227438,-0.02065154991325798,0.009746388427626993,0.06650714219767713,0.07639682317277811,-0.0064941403134424905,-0.016217603952438785,0.03861529752612114,0.02363494597375393,0.032393280416727066,-0.1841067373752594,-0.13427294790744781,-0.007924471981823444,0.004209753591567278,-0.047733236104249954,0.04665336385369301,0.05820609629154205,0.017541449517011642,-0.10274265706539154
0.0031364852802450638,-0.008449535035740054,-0.21865152930940754,0.03632433041036465,0.025258919416845372,0.03597720524890992,-0.18976988075735646,-0.13329508139508672,-0.008862630195990458,-0.021970894338797137,0.014932410253608197,0.062230418268172945,0.07217479524801564,-0.003809062180091408,-0.02084719074138985,0.03242636099457741,0.02964210882782936,0.005004850681871176,-0.19536703824996948,-0.12570393085479736,-0.010950270108878613,-0.009046891704201698,-0.07240162789821625,0.04029487818479538,0.052239201962947845,0.03620334714651108,-0.1148131787776947
0.004557075904131414,-0.006512216333125423,-0.21740815585015252,0.03262999611684649,0.021165210503787783,0.012184719618379514,-0.2031032985331247,-0.12346139385748894,-0.0105535691838745,-0.022775800662239363,0.02050865130897288,0.05733614642813056,0.0710934479631168,0.001403506057483579,-0.025728288338279635,0.03349512442946434,0.032352253794670105,-0.010832242667675018,-0.20978066325187683,-0.12422941625118256,-0.009427777491509914,-0.010004891082644463,-0.07585533708333969,0.039282843470573425,0.048338014632463455,0.017378561198711395,-0.1267091929912567
0.004613425550664637,-0.007170873550086394,-0.21786287650443723,0.031106817750838192,0.017883372377206653,-0.00867529064361532,-0.2124908411177407,-0.12055439056305599,-0.010108893040993678,-0.023218543411223452,0.02616227593012349,0.050015370453086724,0.07043773529632703,0.0069310943886236225,-0.030288723231050096,0.02748105116188526,0.021330710500478745,-0.035910461097955704,-0.22257232666015625,-0.127695232629776,-0.010883077047765255,-0.01395907998085022,-0.07464371621608734,0.036434587091207504,0.04372648522257805,0.03971618413925171,-0.13488176465034485
0.003535915502357492,-0.006363052309671276,-0.21673771823886812,0.029274433865184826,0.01521864079529231,-0.033301332150622115,-0.22661210963311001,-0.12254388276041148,-0.010784588224254304,-0.023718694710978892,0.03216716462235989,0.04346907163397513,0.07053123030686002,0.013535330868983942,-0.038188260725228275,0.0306266937404871,0.032851506024599075,-0.051363617181777954,-0.2347394824028015,-0.12881562113761902,-0.017811141908168793,-0.020564798265695572,-0.08052490651607513,0.03704534471035004,0.040366336703300476,0.029714956879615784,-0.13594752550125122
0.0014673085441065767,-0.007953940687363707,-0.21642862733304005,0.027968705621306322,0.012065965313485682,-0.057009818625229025,-0.2350060000460411,-0.12422528105145844,-0.01648180523412836,-0.02384025656293314,0.03598669980502576,0.03717716302771045,0.06910856289500929,0.017267934951170492,-0.038122015136656466,0.0270699355751276,0.03375055640935898,-0.07714280486106873,-0.24350908398628235,-0.1370876431465149,-0.027219686657190323,-0.022391213104128838,-0.08139690011739731,0.02556588500738144,0.04087509214878082,0.04343118146061897,-0.1466810405254364
0.0011705669822399663,-0.007926650995656311,-0.21564025367645848,0.02618317405212228,0.010641217016612109,-0.07940846904180839,-0.2425928301849175,-0.13137196762622733,-0.025053371426859608,-0.023851074029026607,0.04019237996106453,0.03055910928715831,0.06970458278182101,0.02610550600575171,-0.042662454118291546,0.026503220200538635,0.026136603206396103,-0.09438598901033401,-0.2476748824119568,-0.12965402007102966,-0.035063523799180984,-0.028150219470262527,-0.07778976857662201,0.026991665363311768,0.03443840146064758,0.01684441789984703,-0.14283570647239685
-0.00020334792598859688,-0.00825266587808429,-0.21778304511163066,0.023920613641953567,0.010194912078349248,-0.10009246060987828,-0.24439695816357027,-0.1280490118846134,-0.032689757850689935,-0.02389535972203004,0.04380439354813013,0.02265363369149099,0.06643031876083008,0.028718666900943286,-0.04423920963485047,0.02452484890818596,0.03123464807868004,-0.11193995922803879,-0.25247588753700256,-0.1372143179178238,-0.0383530855178833,-0.027625881135463715,-0.08354555070400238,0.022574570029973984,0.03943555802106857,0.03452339395880699,-0.16171938180923462
-0.0013957077919341894,-0.008354371517078164,-0.21784039809041905,0.0223440767689758,0.009005465656208805,-0.1209918112138189,-0.24607880437176605,-0.132686192109009,-0.03745715676582525,-0.023048298363825364,0.045621872124833096,0.019482827847787362,0.06943168326669502,0.035406473164686265,-0.04530415808841351,0.02098817750811577,0.03482402116060257,-0.1306210607290268,-0.2545849680900574,-0.13037225604057312,-0.04568216949701309,-0.033139027655124664,-0.07254977524280548,0.020410124212503433,0.036554642021656036,0.025802131742239,-0.15753597021102905
-0.0012876230822159935,-0.0077108729614667635,-0.218440948006387,0.018265052933063696,0.009816326459176185,-0.14102140495370885,-0.24901811630305223,-0.13050721703211646,-0.04432332907413495,-0.022280373303292394,0.04702679011297576,0.014150037521520484,0.06841172644682601,0.0402393277929312,-0.0480804806219045,0.019689567387104034,0.0368482768535614,-0.14645805954933167,-0.25565192103385925,-0.12414399534463882,-0.05506826192140579,-0.035493310540914536,-0.08015333116054535,0.013311258517205715,0.038049086928367615,0.02505212277173996,-0.16216427087783813
-0.001814627864228328,-0.00918624998507884,-0.219483723278003,0.013635566307618557,0.01225252814456615,-0.15665163011880998,-0.24832793670889877,-0.12441206685096384,-0.052857678509315664,-0.021499359605205753,0.04757013170498338,0.0075743126443744676,0.06846883541397453,0.047205833703060446,-0.046912285991074484,0.014478025957942009,0.023270349949598312,-0.16173553466796875,-0.25580424070358276,-0.12035221606492996,-0.055213771760463715,-0.03166009858250618,-0.06400703638792038,0.007082953117787838,0.03495418280363083,0.02547071874141693,-0.16795122623443604
-0.0014931847908833732,-0.008886894318628704,-0.22109690013240696,0.011045958308829464,0.01536202917588543,-0.16977002744553782,-0.24830164894196766,-0.12019011355648777,-0.05465919567528267,-0.02031907317004969,0.04833315277149513,2.7497292755228287e-05,0.06802980555120765,0.05264450607338877,-0.04797222788603874,0.014324285089969635,0.03724026307463646,-0.17079779505729675,-0.2549583911895752,-0.1180051788687706,-0.056809283792972565,-0.03649507462978363,-0.08080200105905533,0.001694544218480587,0.03422592952847481,0.018881507217884064,-0.1614820957183838
-0.0017093858263224184,-0.010153987807344835,-0.22228057254431358,0.009835981785795369,0.017890455435616567,-0.18022734273972496,-0.24667070934159505,-0.11702405377440048,-0.05671827848386528,-0.018991755537094788,0.047770242531107614,-0.009270686562455705,0.06375239876329351,0.057063540562759446,-0.05313781539872113,0.012981686741113663,0.03253529593348503,-0.18229719996452332,-0.2525455355644226,-0.11139577627182007,-0.05969436466693878,-0.03613043576478958,-0.062263332307338715,-0.005552434362471104,0.03211960941553116,0.024225234985351562,-0.1637398600578308
-0.0004760158609385669,-0.008064855126346027,-0.22373281023212566,0.009346855372208356,0.01983824934968563,-0.190461266590193,-0.24455773343240542,-0.11203751076640069,-0.05921252921361565,-0.01771323208038217,0.04490875951434812,-0.015732292438417186,0.06208254787660705,0.062069848146373605,-0.04639444489706269,0.010938500985503197,0.027725480496883392,-0.1872674524784088,-0.2515636682510376,-0.11285020411014557,-0.061298683285713196,-0.031568147242069244,-0.065218985080719,-0.012723700143396854,0.03128797933459282,0.016239002346992493,-0.161281555891037
0.0016734133526007458,-0.008875556898059156,-0.22486040678827832,0.009439759331437715,0.02165592622301593,-0.19806489140670075,-0.2421507528347973,-0.1115776791559338,-0.060759880412326134,-0.016329349567115185,0.04204052900763068,-0.022067128611149903,0.06093722552089293,0.06772659448349408,-0.04488823053787104,0.010908424854278564,0.028810981661081314,-0.19500860571861267,-0.24740540981292725,-0.10620935261249542,-0.06640458852052689,-0.03124333918094635,-0.05959172174334526,-0.02087477222084999,0.028643906116485596,0.01894325017929077,-0.1581089198589325
0.003529570226770748,-0.008478725572902742,-0.22607772941535303,0.009415458804289123,0.023629825311423346,-0.20201245727858047,-0.23852918093416778,-0.10734790214973629,-0.0648832073324818,-0.015038760311435997,0.03895566466943063,-0.030815993155712353,0.05699780938879832,0.07249225272274383,-0.043241521103241164,0.010604940354824066,0.02595880627632141,-0.19604048132896423,-0.24294030666351318,-0.10309995710849762,-0.059397175908088684,-0.027455367147922516,-0.05700366571545601,-0.030014898627996445,0.02776160091161728,0.020106911659240723,-0.15088260173797607
0.004574565175227413,-0.008833720286824439,-0.2274799020960445,0.009954666874072716,0.024836821901870386,-0.2029634415775063,-0.23382163731358,-0.10336635422218796,-0.060759879545969696,-0.013697892670358652,0.03540385770206296,-0.04025712484936687,0.05235975104759295,0.0771600881083045,-0.04162504965813345,0.008965587243437767,0.022039256989955902,-0.1998799592256546,-0.23513707518577576,-0.10021363198757172,-0.05526214838027954,-0.022989563643932343,-0.05575951933860779,-0.04091620072722435,0.02585885487496853,0.02382296323776245,-0.14932790398597717
0.006470506839983251,-0.009332262525401253,-0.22845429428899677,0.010277780063914485,0.024557535949299044,-0.20186813599846967,-0.2270809029615372,-0.09978388816853609,-0.05652258918005003,-0.012370329758746936,0.030825701307153706,-0.048203111235501715,0.04945958159640528,0.08281238827984395,-0.04073238574397166,0.011620070785284042,0.02652086317539215,-0.19603568315505981,-0.224967360496521,-0.09281333535909653,-0.04995649307966232,-0.020392660051584244,-0.06273066997528076,-0.04980449005961418,0.024783024564385414,0.02733466401696205,-0.14482930302619934
0.008584553414582157,-0.007722634043475999,-0.22998710296155822,0.010623791093721018,0.022927950975188325,-0.19748904512820548,-0.21546708364172462,-0.0936306832343361,-0.051757858463871396,-0.011030167924007942,0.025034276349910477,-0.055737179800993034,0.046942234527608206,0.08890655087923782,-0.03822526498500442,0.010958116501569748,0.021543540060520172,-0.19605757296085358,-0.2157060205936432,-0.08501158654689789,-0.04396273195743561,-0.015780583024024963,-0.0585608035326004,-0.06035182252526283,0.02355995588004589,0.026221979409456253,-0.13901686668395996
0.01036557153081406,-0.006953080774179976,-0.23214626134014538,0.011221894577262269,0.021958567807319924,-0.1940925126767337,-0.20809614919169978,-0.08678891668276122,-0.04600032720343386,-0.009693047682401233,0.01996749240392914,-0.06335551276906319,0.043558159222015905,0.09462925226033907,-0.03439975234036789,0.0123460553586483,0.019451972097158432,-0.19175858795642853,-0.2045847475528717,-0.07627382129430771,-0.0351446308195591,-0.014461684972047806,-0.06604614853858948,-0.06996172666549683,0.02122865803539753,0.029854128137230873,-0.13040557503700256
0.011422172865284899,-0.0038881271878584405,-0.2333469736341429,0.01238054808755038,0.020468180081272484,-0.1887266554715402,-0.19802860008677362,-0.07711463270970337,-0.03797238368714617,-0.00854389705313173,0.014671617177083696,-0.07175716385378654,0.03896222615528956,0.09993966168794272,-0.028030806113792682,0.013138465583324432,0.01577819138765335,-0.1853712648153305,-0.19323945045471191,-0.06631681323051453,-0.026616666465997696,-0.007581949699670076,-0.06522022932767868,-0.07953158020973206,0.019393140450119972,0.04091448709368706,-0.12516531348228455
0.013550914173382932,-0.0038428678133219127,-0.23332521885813481,0.014361324071678977,0.018194283416782656,-0.18060173674142557,-0.18494378318948484,-0.06799152399571526,-0.029580444626573058,-0.007216179185409259,0.009435457946192822,-0.07965873643133346,0.03661774043267488,0.10662513308928137,-0.023972806430917492,0.014109788462519646,0.016098547726869583,-0.17701584100723267,-0.17754074931144714,-0.053019292652606964,-0.012763178907334805,-0.007544067222625017,-0.0766310915350914,-0.0877780169248581,0.017001764848828316,0.045649223029613495,-0.11348145455121994
