train_base_euler_roll,train_base_euler_pitch,train_base_euler_yaw,train_dof_pos_0,train_target_dof_pos_0,train_dof_pos_1,train_target_dof_pos_1,train_dof_pos_2,train_target_dof_pos_2,train_dof_pos_3,train_target_dof_pos_3,train_dof_pos_4,train_target_dof_pos_4,train_dof_pos_5,train_target_dof_pos_5,train_dof_pos_6,train_target_dof_pos_6,train_dof_pos_7,train_target_dof_pos_7,train_dof_pos_8,train_target_dof_pos_8,train_dof_pos_9,train_target_dof_pos_9,train_dof_pos_10,train_target_dof_pos_10,train_dof_pos_11,train_target_dof_pos_11
0.012183117680251598,0.08529866486787796,-0.0027170181274414062,0.013624471612274647,0.048408348113298416,-0.03300807625055313,0.07600703835487366,0.0025956982281059027,-0.009600008837878704,0.014195144176483154,0.013335246592760086,-0.08323248475790024,-0.18874181807041168,0.041808247566223145,0.15363460779190063,-0.029829250648617744,-0.06728062033653259,0.03608493506908417,0.0024119755253195763,0.020327512174844742,0.010691238567233086,-0.014341158792376518,-0.07176031917333603,0.04516663774847984,0.2189992070198059,-0.045326877385377884,-0.03622927889227867
-0.00926065444946289,0.10822835564613342,-0.0027256011962890625,0.009146077558398247,0.02988607995212078,0.004252692684531212,0.20854516327381134,-0.014864086173474789,0.2000206708908081,0.0007221713312901556,-0.14128121733665466,-0.07801308482885361,0.446065217256546,0.022062329575419426,0.0588519424200058,-0.028266334906220436,-0.046541862189769745,0.06165503337979317,0.14169955253601074,0.0274361502379179,-0.03178369253873825,-0.047553952783346176,-0.056512393057346344,0.02939278446137905,-0.07331414520740509,-0.04807811230421066,0.04024658352136612
-0.03207540512084961,0.08584422618150711,-0.003223896026611328,0.00997681263834238,-0.07319538295269012,0.0378907173871994,0.017422962933778763,0.01048719510436058,0.18266884982585907,-0.016651490703225136,-0.12068366259336472,-0.1036815345287323,0.46762707829475403,-0.006047957111150026,-0.10538298636674881,-0.02817133255302906,-0.046884581446647644,0.08578119426965714,0.08066842705011368,-0.011626160703599453,0.007330401800572872,-0.067140132188797,-0.1476135551929474,0.03826378285884857,0.031668394804000854,-0.039990514516830444,-0.0753023698925972
-0.03945207595825195,0.03812222182750702,-0.0020341873168945312,0.008309254422783852,-0.04080498591065407,0.047738585621118546,0.03308609873056412,0.04568025842308998,0.15255407989025116,-0.05341818928718567,-0.12325417250394821,-0.11621186882257462,0.14166030287742615,-0.008914167061448097,0.02307264134287834,-0.028126507997512817,-0.035180799663066864,0.09503860026597977,0.05750712752342224,-0.06497125327587128,-0.0017449511215090752,-0.06710131466388702,-0.10723530501127243,0.04844306781888008,0.09233295917510986,-0.06208623945713043,-0.1467105746269226
-0.03237342834472656,-0.0017056465148925781,-0.0019392967224121094,0.0072992355562746525,-0.004864310380071402,0.03731750696897507,0.09045262634754181,0.07959277182817459,0.003235804382711649,-0.07600711286067963,-0.024477286264300346,-0.12863054871559143,-0.25412634015083313,0.02224569395184517,0.21050328016281128,-0.020393243059515953,-0.024940913543105125,0.08994404226541519,0.0071583278477191925,-0.07697409391403198,-0.0675533339381218,-0.010430088266730309,0.03749410808086395,0.09506736695766449,0.2767600417137146,-0.06204984709620476,-0.06708158552646637
-0.020148277282714844,-0.012546539306640625,0.001202244427986443,0.003984247334301472,0.052581604570150375,0.022030875086784363,0.15780620276927948,0.08830167353153229,0.029527517035603523,-0.08128573000431061,-0.03215430676937103,-0.13259842991828918,-0.3076390326023102,0.0401543453335762,0.127433642745018,-0.02074369415640831,-0.02564742974936962,0.07915184646844864,-0.011970726773142815,-0.0646335557103157,-0.07287821173667908,0.018213331699371338,0.1250392496585846,0.10531964898109436,0.2318466454744339,-0.08480948954820633,-0.08568304777145386
-0.010931968688964844,-0.010938644409179688,0.003084290772676468,0.01574716530740261,0.061574097722768784,0.015518829226493835,0.20251090824604034,0.08444992452859879,0.10220365226268768,-0.08708375692367554,-0.09990540891885757,-0.15410135686397552,-0.23790991306304932,0.06826315820217133,0.14432339370250702,-0.01942739449441433,-0.005638611037284136,0.0707610473036766,0.020017322152853012,-0.023927802219986916,-0.027220364660024643,0.09065604209899902,0.1592167317867279,0.12432442605495453,0.13612091541290283,-0.0759853720664978,-0.07531163096427917
-0.011314868927001953,-0.017487049102783203,0.0036412396002560854,0.01838088408112526,0.03824400156736374,0.022367024794220924,0.1616256982088089,0.0804666131734848,0.13188476860523224,-0.11008770763874054,-0.12106045335531235,-0.16629065573215485,-0.1040567085146904,0.02717455103993416,0.0863688588142395,-0.016761962324380875,-0.026514578610658646,0.07097307592630386,-0.0303952693939209,-0.016790812835097313,0.040795061737298965,0.10506182909011841,0.15290194749832153,0.12265019118785858,0.1367177963256836,-0.09167660027742386,-0.015316090546548367
-0.0051479339599609375,-0.02378225326538086,-0.0015864372253417969,0.023616373538970947,0.031356554478406906,0.018564078956842422,0.13773663341999054,0.07593827694654465,0.112172931432724,-0.13689720630645752,-0.1334000527858734,-0.18218547105789185,-0.16575686633586884,0.00968602579087019,0.11445455253124237,-0.008320726454257965,-0.02426775172352791,0.062257569283246994,-0.04602259397506714,0.00809177104383707,0.07943135499954224,0.160733163356781,0.15686962008476257,0.1312713623046875,0.15948598086833954,-0.05174833908677101,0.08169013261795044
0.003712468547746539,-0.030143260955810547,-0.010364055633544922,0.032168950885534286,0.015887320041656494,0.011882342398166656,0.17486856877803802,0.0814749076962471,0.047904085367918015,-0.14764676988124847,-0.13368958234786987,-0.19107858836650848,-0.15815982222557068,-0.007977011613547802,0.21584899723529816,-0.0009879734134301543,-0.029252126812934875,0.04925135150551796,-0.01897534355521202,0.02109435759484768,0.04629119113087654,0.19015009701251984,0.19432702660560608,0.13190674781799316,0.18455283343791962,-0.019496867433190346,0.10183234512805939
0.006746242288500071,-0.032364845275878906,-0.017718791961669922,0.03947589173913002,0.03596927598118782,0.009666511788964272,0.17179672420024872,0.08523143827915192,0.04057107865810394,-0.1537206768989563,-0.1236206516623497,-0.19865237176418304,-0.11315030604600906,-0.0059413788840174675,0.18337836861610413,0.006131620146334171,-0.019448470324277878,0.047873325645923615,-0.02776947058737278,0.024256164208054543,0.06148003414273262,0.2019561380147934,0.2101874053478241,0.13827566802501678,0.1358838677406311,-0.026202484965324402,0.0670110210776329
0.008883807808160782,-0.02205944061279297,-0.022036075592041016,0.04405280202627182,0.016702625900506973,0.006564763840287924,0.12994982302188873,0.07261644303798676,0.08987516164779663,-0.16248221695423126,-0.16327333450317383,-0.20568449795246124,-0.0986379086971283,0.00831544678658247,0.11844352632761002,0.004991267342120409,-0.013952486217021942,0.04409601166844368,-0.04314769431948662,0.04348163306713104,0.09014681726694107,0.21733000874519348,0.23479309678077698,0.14471092820167542,0.148215189576149,-0.012160236947238445,-0.0179938692599535
0.01248434279114008,-0.0076885223388671875,-0.025376319885253906,0.04762463644146919,0.006917447317391634,0.003081195056438446,0.16725820302963257,0.05515332147479057,0.103517547249794,-0.1709461510181427,-0.1780724823474884,-0.21105138957500458,-0.16221916675567627,0.012154943309724331,0.13214737176895142,-0.003122496185824275,-0.014464765787124634,0.0375555045902729,-0.02239811420440674,0.07810225337743759,0.1294599026441574,0.2511310875415802,0.25739943981170654,0.14554361999034882,0.12660573422908783,-0.011058718897402287,-0.02948039025068283
0.012888452038168907,-0.006214618682861328,-0.028594017028808594,0.05078202858567238,0.006256664637476206,0.0056222109124064445,0.18852683901786804,0.055352695286273956,0.0907202959060669,-0.17434822022914886,-0.17287349700927734,-0.21581538021564484,-0.1891106367111206,0.003388857701793313,0.14118896424770355,-0.009613432921469212,-0.02530665323138237,0.031984470784664154,-0.05272769555449486,0.08336954563856125,0.14896750450134277,0.2498098760843277,0.2652752101421356,0.14649008214473724,0.10173442214727402,-0.01231889147311449,0.011252827942371368
0.01246449165046215,-0.013058662414550781,-0.031447410583496094,0.05345113202929497,-0.007824493572115898,0.009637108072638512,0.13680759072303772,0.06482446938753128,0.09969135373830795,-0.17876607179641724,-0.15725019574165344,-0.22274503111839294,-0.18224897980690002,-0.001734778517857194,0.1055491492152214,-0.01366560161113739,-0.032546401023864746,0.025646034628152847,-0.007820077240467072,0.07764347642660141,0.14745917916297913,0.24666810035705566,0.2559688091278076,0.1488250195980072,0.06541477143764496,-0.010588523931801319,0.016569919884204865
0.010917655192315578,-0.0186614990234375,-0.033093929290771484,0.05488797277212143,0.00034246454015374184,0.01543998159468174,0.12075150012969971,0.07114793360233307,0.09833118319511414,-0.18607816100120544,-0.15211471915245056,-0.2307559847831726,-0.17702482640743256,-0.006558405701071024,0.07406306266784668,-0.016254065558314323,-0.024756615981459618,0.021666236221790314,0.014794174581766129,0.0791994109749794,0.15306532382965088,0.2574222683906555,0.2650403082370758,0.14892970025539398,0.03571336716413498,-0.008303173817694187,0.016432588919997215
0.01045213919132948,-0.016302108764648438,-0.0342097282409668,0.05579685419797897,0.014898385852575302,0.022540267556905746,0.11794459819793701,0.07386790215969086,0.08718987554311752,-0.18190163373947144,-0.14218154549598694,-0.2307753562927246,-0.18736104667186737,-0.03248283639550209,0.03325020149350166,-0.01695866882801056,-0.01987442374229431,0.02206343226134777,0.0017558131366968155,0.09737702459096909,0.14172035455703735,0.2892167568206787,0.2717715799808502,0.14553384482860565,0.04409326612949371,-0.009223801083862782,-0.006031102500855923
0.009593997150659561,-0.008199691772460938,-0.03431844711303711,0.05619193986058235,0.030661167576909065,0.02790694124996662,0.08251693844795227,0.07171398401260376,0.08847002685070038,-0.1748753935098648,-0.15195545554161072,-0.2297743260860443,-0.21539011597633362,-0.03700738027691841,-0.06912147998809814,-0.017104044556617737,-0.011589627712965012,0.02860606089234352,0.012922847643494606,0.10520170629024506,0.12491543591022491,0.2914501130580902,0.27131885290145874,0.1395847052335739,0.05618947744369507,-0.022250572219491005,-0.059182461351156235
0.007914633490145206,-0.0012907981872558594,-0.034061431884765625,0.05620366707444191,0.03198707848787308,0.034756943583488464,0.037232108414173126,0.07435137033462524,0.09655394405126572,-0.1616673469543457,-0.1593857705593109,-0.22621853649616241,-0.20228059589862823,-0.04249294847249985,-0.1423715204000473,-0.0165579654276371,-0.0023873974569141865,0.03754869103431702,0.03580231964588165,0.09132292121648788,0.1033693253993988,0.2595073878765106,0.25442835688591003,0.13637661933898926,0.05771441012620926,-0.04756956547498703,-0.12071646004915237
0.01061622891575098,-0.0006661415100097656,-0.0349116325378418,0.05679045617580414,0.030937625095248222,0.03936044126749039,-0.009923208504915237,0.08094979077577591,0.09936490654945374,-0.15611203014850616,-0.17417511343955994,-0.22757838666439056,-0.1313510239124298,-0.06673990190029144,-0.15998007357120514,-0.014706210233271122,0.013816427439451218,0.041358597576618195,0.029074344784021378,0.0725887194275856,0.06525368988513947,0.23416374623775482,0.22611045837402344,0.14816518127918243,0.051332954317331314,-0.0679316520690918,-0.1433534324169159
0.01998949609696865,-0.0021343231201171875,-0.03760480880737305,0.05787418410181999,0.03277244791388512,0.03586061671376228,-0.0481841005384922,0.08747946470975876,0.07741731405258179,-0.15584856271743774,-0.1788056492805481,-0.22977934777736664,-0.16302275657653809,-0.0873408168554306,-0.14427872002124786,-0.011617626063525677,0.024998724460601807,0.03597066551446915,0.033775150775909424,0.07188404351472855,0.03802192583680153,0.24313542246818542,0.2039913833141327,0.16111913323402405,0.07764759659767151,-0.07192322611808777,-0.13657036423683167
0.028685836121439934,-0.002975940704345703,-0.03978681564331055,0.058694321662187576,0.03372187912464142,0.032043635845184326,-0.04125329479575157,0.0893184021115303,0.05463743209838867,-0.16116660833358765,-0.18364042043685913,-0.22977633774280548,-0.17762388288974762,-0.097000852227211,-0.08040013909339905,-0.009436809457838535,0.04069678112864494,0.03035801835358143,0.0077543705701828,0.07492081075906754,0.014943546615540981,0.2562828063964844,0.18976163864135742,0.17049382627010345,0.11958254128694534,-0.0659344345331192,-0.1483602523803711
0.02359253540635109,-0.009799003601074219,-0.0374903678894043,0.0436711348593235,0.027929270640015602,0.039366964250802994,-0.06235596910119057,0.07203827053308487,0.03439852222800255,-0.21432200074195862,-0.2016783356666565,-0.21978691220283508,-0.18048392236232758,-0.07335658371448517,-0.06524842977523804,-0.012136398814618587,0.05496189370751381,0.040189050137996674,-0.011460757814347744,0.056532859802246094,-0.008720518089830875,0.24306589365005493,0.1827068328857422,0.16893965005874634,0.14234116673469543,-0.06379730999469757,-0.15399673581123352
0.01895323023200035,-0.02124643325805664,-0.036978721618652344,0.029178760945796967,0.03324403241276741,0.04000931233167648,-0.03044956550002098,0.07318934798240662,0.03609326481819153,-0.2265867292881012,-0.21189871430397034,-0.2057083547115326,-0.1957598626613617,-0.06483310461044312,-0.11108389496803284,-0.013464223593473434,0.029566925019025803,0.04894356429576874,-0.017102444544434547,0.024648131802678108,0.01688491553068161,0.2143833041191101,0.18092477321624756,0.1606360822916031,0.0656684935092926,-0.06810716539621353,-0.14630889892578125
0.02283981814980507,-0.021221160888671875,-0.04000043869018555,0.028346974402666092,0.036107148975133896,0.02436581440269947,0.013133026659488678,0.06685490906238556,0.03471158817410469,-0.2148837000131607,-0.21926379203796387,-0.19388777017593384,-0.18656520545482635,-0.0653153583407402,-0.06660814583301544,-0.010484063066542149,0.00588050065562129,0.04694654047489166,-0.05763985216617584,0.010740778408944607,0.0007513565942645073,0.19321517646312714,0.16522455215454102,0.15337270498275757,0.08454227447509766,-0.0699000433087349,-0.151360422372818
0.028809204697608948,-0.0124969482421875,-0.04293966293334961,0.03199053183197975,0.03209635242819786,0.003288214560598135,0.0500333197414875,0.04162299633026123,0.004367669112980366,-0.21230733394622803,-0.21895956993103027,-0.1821557879447937,-0.15396752953529358,-0.05765393003821373,-0.01708512008190155,-0.00696505606174469,-0.005973134655505419,0.04193654656410217,-0.07405894994735718,0.010493974201381207,-0.03356178477406502,0.17865681648254395,0.15738078951835632,0.14777414500713348,0.056063879281282425,-0.07061953842639923,-0.11759970337152481
0.032465074211359024,-0.0069942474365234375,-0.0448150634765625,0.03217123821377754,0.03241559490561485,-0.013745749369263649,0.04156148061156273,0.018659288063645363,-0.024438994005322456,-0.2056860774755478,-0.22411388158798218,-0.17119139432907104,-0.1290278136730194,-0.05341199412941933,-0.004608401097357273,-0.0047231437638401985,-0.0015769642777740955,0.03925996273756027,-0.07264219224452972,0.005705001298338175,-0.032259367406368256,0.16313932836055756,0.13240164518356323,0.1425226330757141,0.07340440154075623,-0.07160856574773788,-0.11797276139259338
0.027561979368329048,-0.00020551681518554688,-0.043143272399902344,0.02803644724190235,0.03526967391371727,-0.01797979138791561,0.023057572543621063,-0.023345891386270523,-0.04863804206252098,-0.228389710187912,-0.22966250777244568,-0.14476217329502106,-0.11200779676437378,-0.04719617962837219,0.0038467468693852425,-0.005928061902523041,0.0027085724286735058,0.0460936538875103,-0.08304817974567413,-0.004038456827402115,-0.02752484753727913,0.1364416629076004,0.10530319809913635,0.13234102725982666,0.09214003384113312,-0.07343363016843796,-0.1345733255147934
0.024407565593719482,0.003881162265315652,-0.041869163513183594,0.028624853119254112,0.03555282950401306,-0.0216271560639143,0.0004831366240978241,-0.050795432180166245,-0.06292273104190826,-0.22129036486148834,-0.24460303783416748,-0.12711462378501892,-0.10921473801136017,-0.04260807856917381,-0.005858170799911022,-0.006769291125237942,-0.0002818112261593342,0.05051941052079201,-0.07159367203712463,-0.016754532232880592,-0.03352147340774536,0.11066009849309921,0.08310303092002869,0.12337610870599747,0.08947405964136124,-0.07464706897735596,-0.14089632034301758
0.01901739463210106,0.007519613951444626,-0.03985786437988281,0.029838677495718002,0.03566832095384598,-0.021028274670243263,-0.004508467391133308,-0.08748218417167664,-0.10170772671699524,-0.23558682203292847,-0.23438671231269836,-0.11285872757434845,-0.09892042726278305,-0.040035050362348557,-0.011228173039853573,-0.008519437164068222,0.007555454503744841,0.057103708386421204,-0.06613223254680634,-0.030134644359350204,-0.04746057093143463,0.08553960174322128,0.053384508937597275,0.11530133336782455,0.14565828442573547,-0.0758955255150795,-0.1466008722782135
0.014749834313988686,0.0065066940151154995,-0.03787803649902344,0.031650617718696594,0.03457203507423401,-0.020634131506085396,0.008764754980802536,-0.11741584539413452,-0.12008626013994217,-0.24753634631633759,-0.23846116662025452,-0.1103362962603569,-0.11714459210634232,-0.040885914117097855,-0.035642411559820175,-0.010404129512608051,-0.002890166360884905,0.06178298592567444,-0.07643787562847137,-0.04786982387304306,-0.06453656405210495,0.06330393999814987,0.056969016790390015,0.10981976985931396,0.05831078067421913,-0.07614415884017944,-0.14267906546592712
0.016442080959677696,0.0017436019843444228,-0.0374760627746582,0.033101726323366165,0.0371096134185791,-0.024889880791306496,0.009718071669340134,-0.13264776766300201,-0.15583783388137817,-0.23667120933532715,-0.2397637665271759,-0.11182257533073425,-0.12134724855422974,-0.040954988449811935,-0.02661028876900673,-0.01119082048535347,0.005785811226814985,0.059475839138031006,-0.047297921031713486,-0.06215649098157883,-0.07609859853982925,0.055999334901571274,0.045053549110889435,0.11199585348367691,0.08139008283615112,-0.07585961371660233,-0.1524258553981781
0.019547682255506516,-0.0027375221252441406,-0.03867197036743164,0.033465322107076645,0.04255688562989235,-0.027654774487018585,0.00997864454984665,-0.1484932005405426,-0.1769363284111023,-0.22728312015533447,-0.23821422457695007,-0.11409519612789154,-0.11492865532636642,-0.04105731099843979,-0.03213193267583847,-0.010351178236305714,-0.0043871295638382435,0.05539073050022125,-0.05002772435545921,-0.07007616013288498,-0.08499132096767426,0.06015750765800476,0.034161344170570374,0.11961197108030319,0.1142975240945816,-0.07484753429889679,-0.14675801992416382
0.018079601228237152,-0.003939151763916016,-0.03903818130493164,0.032505735754966736,0.03789237514138222,-0.023402966558933258,-0.01682034507393837,-0.17822463810443878,-0.20084407925605774,-0.23744232952594757,-0.237892746925354,-0.11233536154031754,-0.11735954880714417,-0.04092719405889511,-0.028401121497154236,-0.010070367716252804,0.0038582305423915386,0.05634557455778122,-0.0347670242190361,-0.07581182569265366,-0.09400665760040283,0.06219908967614174,0.03120703250169754,0.12617501616477966,0.16221341490745544,-0.07427810877561569,-0.1472814977169037
0.01377213653177023,-0.002758502960205078,-0.0384984016418457,0.03329399228096008,0.038885802030563354,-0.015722008422017097,0.002145666629076004,-0.2102922797203064,-0.2103414237499237,-0.24383607506752014,-0.2463100552558899,-0.11440858989953995,-0.11909985542297363,-0.04385386407375336,-0.05388575792312622,-0.010520365089178085,-0.005502455402165651,0.06019426882266998,-0.045988403260707855,-0.08205694705247879,-0.08862293511629105,0.059328723698854446,0.033401280641555786,0.1307060867547989,0.11877886950969696,-0.07378330081701279,-0.14158377051353455
0.012156919576227665,-0.004258632659912109,-0.03782987594604492,0.0344458743929863,0.03628617525100708,-0.011002148501574993,0.00047786906361579895,-0.23068664968013763,-0.23311495780944824,-0.23374968767166138,-0.24328583478927612,-0.11004054546356201,-0.10352072864770889,-0.04419972747564316,-0.03424106538295746,-0.011314228177070618,-0.011037241667509079,0.06044089421629906,-0.07415522634983063,-0.09053632616996765,-0.09784603863954544,0.05937778949737549,0.034306347370147705,0.13770541548728943,0.13306525349617004,-0.072409987449646,-0.14407998323440552
0.012509903870522976,-0.00961160659790039,-0.03789567947387695,0.037001632153987885,0.04278351739048958,-0.00888417661190033,-0.009473759680986404,-0.24425463378429413,-0.2508496046066284,-0.2273155301809311,-0.23240995407104492,-0.10468224436044693,-0.08301404863595963,-0.044533129781484604,-0.03778529912233353,-0.011591295711696148,-0.010949995368719101,0.05781933665275574,-0.020067503675818443,-0.10167156159877777,-0.09503807872533798,0.06396844238042831,0.024545494467020035,0.14805178344249725,0.18068204820156097,-0.07028575986623764,-0.14845150709152222
0.013681657612323761,-0.016855239868164062,-0.03960418701171875,0.04048604890704155,0.03805745020508766,-0.00776387844234705,0.0018197465687990189,-0.25359097123146057,-0.27094098925590515,-0.22794093191623688,-0.22897452116012573,-0.09688866883516312,-0.0663146823644638,-0.044746022671461105,-0.03982888162136078,-0.010352440178394318,-0.008761528879404068,0.05368894338607788,-0.05967162922024727,-0.11400633305311203,-0.10161701589822769,0.0712103322148323,0.03614490479230881,0.1603640615940094,0.17586003243923187,-0.06738456338644028,-0.1693190038204193
0.015545905567705631,-0.020415306091308594,-0.04205656051635742,0.04140609875321388,0.03654571995139122,-0.006869426928460598,-0.008502237498760223,-0.26207077503204346,-0.28944748640060425,-0.2258390635251999,-0.22102424502372742,-0.08453541994094849,-0.04632943123579025,-0.04506596550345421,-0.03837946429848671,-0.008076238445937634,-0.009795691817998886,0.048351604491472244,-0.062465693801641464,-0.12275118380784988,-0.10813290625810623,0.07825765758752823,0.03211745619773865,0.17256197333335876,0.23526321351528168,-0.06391271948814392,-0.17382073402404785
0.017098786309361458,-0.018297672271728516,-0.042203426361083984,0.03989609703421593,0.04385939985513687,-0.005741622298955917,0.003643946722149849,-0.2699269950389862,-0.2813147306442261,-0.2082809954881668,-0.2136021852493286,-0.05885319784283638,-0.029658161103725433,-0.04471898823976517,-0.029632076621055603,-0.007732672151178122,-0.016123581677675247,0.04296344518661499,-0.06484607607126236,-0.12925560772418976,-0.12260327488183975,0.07945356518030167,0.03801150619983673,0.18243537843227386,0.21015803515911102,-0.059970200061798096,-0.12933333218097687
0.01683119311928749,-0.014802932739257812,-0.04106330871582031,0.04400419443845749,0.049841850996017456,-0.005287695210427046,-0.013348031789064407,-0.2776201665401459,-0.26642632484436035,-0.1927901655435562,-0.20258855819702148,-0.039322610944509506,-0.0041857436299324036,-0.04175962135195732,0.0004940265789628029,-0.00857396051287651,-0.015925895422697067,0.03905577212572098,-0.05030807480216026,-0.13846614956855774,-0.12305941432714462,0.07446642965078354,0.036164700984954834,0.19017571210861206,0.16767668724060059,-0.05581603944301605,-0.09377899020910263
0.01610378548502922,-0.014132022857666016,-0.04039955139160156,0.05166362598538399,0.049469634890556335,-0.006566406227648258,-0.01908170059323311,-0.27856069803237915,-0.2692232131958008,-0.1815565973520279,-0.18490776419639587,-0.01976196840405464,0.02595236897468567,-0.03808850049972534,0.005093109793961048,-0.009122192859649658,-0.013121347874403,0.034945033490657806,-0.042205583304166794,-0.1530793309211731,-0.13685891032218933,0.06672018021345139,0.03031304106116295,0.1977045089006424,0.1755126565694809,-0.05104069411754608,-0.06250343471765518
0.016367845237255096,-0.011649131774902344,-0.04012012481689453,0.05686087906360626,0.054015371948480606,-0.00977336335927248,-0.021287638694047928,-0.27866318821907043,-0.26491665840148926,-0.1745944768190384,-0.16283747553825378,0.004719818476587534,0.06798290461301804,-0.032488659024238586,0.03417094424366951,-0.009200715459883213,-0.020942918956279755,0.028997275978326797,-0.050939083099365234,-0.16491401195526123,-0.14723818004131317,0.061626169830560684,0.022277016192674637,0.20694971084594727,0.19316323101520538,-0.04527391120791435,-0.01801585778594017
0.016711125150322914,-0.009124755859375,-0.03906106948852539,0.05774339288473129,0.05333881825208664,-0.013325411826372147,-0.022171679884195328,-0.2660682499408722,-0.2587144672870636,-0.14631572365760803,-0.1505228877067566,0.04107002168893814,0.09332174062728882,-0.023838823661208153,0.03201781213283539,-0.010099777020514011,-0.02036745846271515,0.022260254248976707,-0.026810482144355774,-0.17980033159255981,-0.16489256918430328,0.05212240293622017,0.019360247999429703,0.21486182510852814,0.18673737347126007,-0.03893101587891579,0.030096285045146942
0.013850396499037743,-0.0037865638732910156,-0.038381099700927734,0.05741085484623909,0.05185962840914726,-0.014323094859719276,-0.037736907601356506,-0.2627811133861542,-0.22634807229042053,-0.14206260442733765,-0.13862530887126923,0.06103511154651642,0.11159905046224594,-0.016048140823841095,0.0673401802778244,-0.01053592562675476,-0.013026578351855278,0.018359018489718437,-0.016860397532582283,-0.19146552681922913,-0.17319786548614502,0.04369211569428444,0.0030108503997325897,0.2234136015176773,0.18294388055801392,-0.031858768314123154,0.07813949882984161
0.009653965011239052,0.000949276436585933,-0.037772178649902344,0.054753609001636505,0.040638517588377,-0.015321820974349976,-0.039923179894685745,-0.2472372204065323,-0.20882287621498108,-0.12096549570560455,-0.12045920640230179,0.08565361797809601,0.12838903069496155,0.007794167380779982,0.09866586327552795,-0.010948661714792252,-0.02485457807779312,0.013845027424395084,0.0032806824892759323,-0.2039453387260437,-0.184688538312912,0.036676738411188126,-0.006215639412403107,0.23406291007995605,0.21294887363910675,-0.012489105574786663,0.14121365547180176
0.0005381442606449127,0.0067669604904949665,-0.03770637512207031,0.051849354058504105,0.02196510322391987,-0.01269599236547947,-0.020915407687425613,-0.2374666929244995,-0.1631111204624176,-0.12213373184204102,-0.10827254503965378,0.0959651842713356,0.14273664355278015,0.023219680413603783,0.14282749593257904,-0.0108200553804636,-0.02159011736512184,0.01336633786559105,0.012337474152445793,-0.2158152014017105,-0.17569182813167572,0.02972112037241459,-0.004730828106403351,0.2452821284532547,0.21376508474349976,0.013409468345344067,0.1656351387500763
-0.004342555999755859,0.010561687871813774,-0.0387568473815918,0.04483700171113014,-0.0030568973161280155,-0.014403835870325565,0.015521193854510784,-0.22080136835575104,-0.13311240077018738,-0.11183405667543411,-0.10448486357927322,0.10437863320112228,0.12225998938083649,0.05746345594525337,0.17744381725788116,-0.011655799113214016,-0.02696784771978855,0.00563525315374136,0.04734427481889725,-0.21981237828731537,-0.16426657140254974,0.04114465042948723,0.01675589010119438,0.26358717679977417,0.24993996322155,0.058220405131578445,0.16548597812652588
-0.0007534027099609375,0.010476343333721161,-0.03823280334472656,0.04373031482100487,-0.023524828255176544,-0.024023210629820824,0.059531617909669876,-0.20670267939567566,-0.12961868941783905,-0.11330526322126389,-0.11592863500118256,0.0898645892739296,0.09101739525794983,0.04266265034675598,0.17514990270137787,-0.014871039427816868,-0.00867382064461708,-0.009353457018733025,0.06016054004430771,-0.22666147351264954,-0.158001109957695,0.050745315849781036,0.043572064489126205,0.27455469965934753,0.29181644320487976,0.08224271982908249,0.08529587835073471
0.0026732636615633965,0.006807105615735054,-0.0395817756652832,0.04487382248044014,-0.022260697558522224,-0.033190954476594925,0.10081207752227783,-0.18884500861167908,-0.1013987585902214,-0.11400952190160751,-0.11881162971258163,0.07612009346485138,0.0899655669927597,0.03306634724140167,0.19488777220249176,-0.010651000775396824,-0.006748998071998358,-0.018060719594359398,0.05245928466320038,-0.21144701540470123,-0.14675605297088623,0.10435957461595535,0.08433080464601517,0.2803327143192291,0.2977181375026703,0.07332566380500793,0.03309715911746025
-0.0038394927978515625,-0.0013728141784667969,-0.03888511657714844,0.0444360077381134,-0.0178938377648592,-0.031291279941797256,0.06512944400310516,-0.1724667251110077,-0.10830928385257721,-0.1239045038819313,-0.0922948345541954,0.05785335600376129,0.061740048229694366,0.03532669320702553,0.15613795816898346,-0.0067418781109154224,-0.006052218843251467,-0.0084833400323987,-0.005585137754678726,-0.21037708222866058,-0.1257534772157669,0.10663360357284546,0.127669095993042,0.2832418382167816,0.2658555507659912,0.06971915066242218,-0.026906225830316544
-0.0017752647399902344,-0.0031142234802246094,-0.039764404296875,0.04542728513479233,-0.003974753897637129,-0.03893975913524628,0.05649692192673683,-0.1544647514820099,-0.09640569984912872,-0.11623735725879669,-0.10027338564395905,0.04935915023088455,0.008566346019506454,0.0410047322511673,0.13844700157642365,-0.0049390303902328014,-0.009970948100090027,-0.006711636669933796,-0.042411141097545624,-0.16675856709480286,-0.11558941751718521,0.1641656458377838,0.15046271681785583,0.26858389377593994,0.23806852102279663,0.016745856031775475,-0.09191993623971939
0.004322647117078304,-0.00040721893310546875,-0.0418696403503418,0.04745885357260704,0.03024378977715969,-0.05066576227545738,0.11180563271045685,-0.13647358119487762,-0.10992123186588287,-0.09886129945516586,-0.07554949820041656,0.04636751860380173,-0.034135423600673676,0.04662077873945236,0.17081336677074432,-0.009696765802800655,-0.014819715172052383,-0.01141386665403843,-0.01944359391927719,-0.10386693477630615,-0.06838509440422058,0.23251192271709442,0.2173256278038025,0.23644183576107025,0.1990758180618286,0.01235696766525507,-0.018927011638879776
-0.0019168853759765625,-0.0031976699829101562,-0.04151105880737305,0.047141872346401215,0.03659062087535858,-0.047358233481645584,0.07179884612560272,-0.12073508650064468,-0.10656007379293442,-0.09585025161504745,-0.04958094656467438,0.03610265254974365,-0.024158619344234467,0.04990249499678612,0.14071772992610931,-0.019913427531719208,-0.01485123299062252,-0.0013817728031426668,-0.02489221841096878,-0.08122337609529495,-0.04420468583703041,0.2110213339328766,0.24399533867835999,0.21600964665412903,0.1874617338180542,0.008740337565541267,0.03169719874858856
-0.005232810974121094,-0.007621288299560547,-0.041727542877197266,0.04760801047086716,0.0281678494066,-0.04684882611036301,0.055876363068819046,-0.10383705049753189,-0.07772330194711685,-0.0942232608795166,-0.055599480867385864,0.025050070136785507,-0.024143747985363007,0.05249643325805664,0.1304987072944641,-0.021380482241511345,-0.015143116936087608,0.003856748342514038,-0.025387965142726898,-0.04676549881696701,-0.021854378283023834,0.22062499821186066,0.22943037748336792,0.20335876941680908,0.17497564852237701,0.012591120786964893,0.06474820524454117
-0.0036630630493164062,-0.009448051452636719,-0.042958736419677734,0.04898429661989212,0.05797731131315231,-0.051624197512865067,0.09097065031528473,-0.08710925281047821,-0.09015191346406937,-0.08782424032688141,-0.040988724678754807,0.016682108864188194,-0.1002025157213211,0.055791694670915604,0.1597387045621872,-0.01643441617488861,-0.014781581237912178,0.0014711999101564288,-0.02133004367351532,0.003349405014887452,0.037887416779994965,0.25615471601486206,0.2648437023162842,0.18442483246326447,0.152907595038414,0.03390074521303177,0.10863137245178223
-0.0035490989685058594,-0.008402347564697266,-0.044095516204833984,0.05008181929588318,0.06420741975307465,-0.05433125048875809,0.07734449207782745,-0.07540807873010635,-0.08198096603155136,-0.08472426235675812,-0.04585549980401993,0.0069975657388567924,-0.06214693933725357,0.058314159512519836,0.14467473328113556,-0.012079245410859585,-0.012829240411520004,-0.0005452199256978929,-0.02384345233440399,0.051939669996500015,0.06605096161365509,0.27983275055885315,0.2844017446041107,0.1740727722644806,0.1698242574930191,0.059297412633895874,0.12503042817115784
-0.00784921646118164,-0.009317874908447266,-0.04340982437133789,0.049464158713817596,0.062377236783504486,-0.05131300538778305,0.08071926236152649,-0.06500054150819778,-0.07316907495260239,-0.08761405199766159,-0.0452965572476387,-0.005592138506472111,-0.07162574678659439,0.059630248695611954,0.14617159962654114,-0.011538675054907799,-0.011656589806079865,0.0018013495719060302,-0.010007359087467194,0.0820949450135231,0.09965910762548447,0.2722252607345581,0.296699196100235,0.16889426112174988,0.16149766743183136,0.08104269206523895,0.15393498539924622
-0.012316226959228516,-0.015376567840576172,-0.04008769989013672,0.046505048871040344,0.06368207186460495,-0.04720978066325188,0.057852406054735184,-0.050182003527879715,-0.03616926074028015,-0.09264420717954636,-0.05767063423991203,-0.019541388377547264,-0.044168174266815186,0.06023437902331352,0.12991927564144135,-0.01276966743171215,-0.012457279488444328,0.003364917589351535,-0.006585557013750076,0.10120504349470139,0.14995865523815155,0.2679235637187958,0.2856869399547577,0.1711498349905014,0.15723715722560883,0.09503202885389328,0.14351430535316467
-0.014305591583251953,-0.018053054809570312,-0.03770780563354492,0.04430030658841133,0.07627934962511063,-0.04569597542285919,0.06736886501312256,-0.03909509256482124,-0.027317624539136887,-0.09814183413982391,-0.07938151061534882,-0.03352305293083191,-0.010825425386428833,0.060804057866334915,0.1437801867723465,-0.009814681485295296,-0.009743057191371918,0.0005042966804467142,-0.02389940246939659,0.13196605443954468,0.18272987008094788,0.28607138991355896,0.29233744740486145,0.16753096878528595,0.16421787440776825,0.09886835515499115,0.10217104107141495
-0.016622543334960938,-0.017032146453857422,-0.03656291961669922,0.04309140145778656,0.059469789266586304,-0.043588604778051376,0.05194377899169922,-0.0321015790104866,-0.03073956072330475,-0.10402441769838333,-0.0799112468957901,-0.0475064180791378,-0.020601198077201843,0.060954686254262924,0.14017140865325928,-0.006779429968446493,-0.014550354331731796,-0.0029700666200369596,-0.014578640460968018,0.1604503095149994,0.19332531094551086,0.29000720381736755,0.310494601726532,0.16733917593955994,0.15857237577438354,0.10307815670967102,0.14521339535713196
-0.016171932220458984,-0.013644695281982422,-0.03630828857421875,0.042636439204216,0.058684758841991425,-0.0441361665725708,0.06630036234855652,-0.025996673852205276,-0.012158015742897987,-0.10704632848501205,-0.07999885827302933,-0.05998339131474495,-0.022333331406116486,0.0609295591711998,0.1372840255498886,-0.007648693863302469,-0.015978582203388214,-0.008994475938379765,-0.010185077786445618,0.19627204537391663,0.21963366866111755,0.3069716989994049,0.30186864733695984,0.16017434000968933,0.13424339890480042,0.10736630111932755,0.13346591591835022
-0.016485214233398438,-0.015114784240722656,-0.035753726959228516,0.04214881733059883,0.06150319427251816,-0.042893845587968826,0.06849615275859833,-0.013247699476778507,-0.00920545868575573,-0.10817647725343704,-0.08682843297719955,-0.07243920862674713,-0.0027186721563339233,0.060027699917554855,0.15458759665489197,-0.012974441051483154,-0.014951985329389572,-0.012360015884041786,-0.02204892411828041,0.21699120104312897,0.23616060614585876,0.30909886956214905,0.30409368872642517,0.15499347448349,0.12902364134788513,0.11065071076154709,0.08234619349241257
-0.015804290771484375,-0.0134735107421875,-0.03769397735595703,0.04398056119680405,0.049466803669929504,-0.042650796473026276,0.02893885225057602,-0.001761578256264329,0.013693688437342644,-0.10609877854585648,-0.08796381950378418,-0.08344469964504242,-0.03332066535949707,0.05919572338461876,0.14249202609062195,-0.015352053567767143,-0.016430744901299477,-0.01636461354792118,-0.022082537412643433,0.23547998070716858,0.26515114307403564,0.2916432321071625,0.28745749592781067,0.1290816366672516,0.10802201926708221,0.10129205882549286,0.04818730801343918
-0.011672496795654297,-0.007260799407958984,-0.04161214828491211,0.04752192273736,0.044434960931539536,-0.046268485486507416,0.08371897041797638,0.004788655787706375,-0.005205159541219473,-0.10460343211889267,-0.06261903047561646,-0.09459523111581802,-0.09219266474246979,0.058453887701034546,0.14633989334106445,-0.016752613708376884,-0.026361871510744095,-0.023537026718258858,-0.009862340986728668,0.2663536071777344,0.22375112771987915,0.28629735112190247,0.2992807924747467,0.11822613328695297,0.07833831757307053,0.09604977071285248,0.06687033176422119
-0.010053634643554688,-0.009217262268066406,-0.043805599212646484,0.04982200264930725,0.05600405111908913,-0.045715685933828354,0.08430393040180206,0.02017776481807232,0.007614816073328257,-0.10379353910684586,-0.05027879774570465,-0.1071796789765358,-0.09965471923351288,0.056268125772476196,0.11615924537181854,-0.02559661492705345,-0.02732262760400772,-0.02341456711292267,0.0006290040910243988,0.27851179242134094,0.24397702515125275,0.27045145630836487,0.2814819812774658,0.09037579596042633,0.039535291492938995,0.09215641021728516,0.059319399297237396
-0.01028585433959961,-0.019301891326904297,-0.04438161849975586,0.050894852727651596,0.05574746057391167,-0.04171985015273094,0.038737401366233826,0.04750099778175354,0.028263894841074944,-0.09812600910663605,-0.056685954332351685,-0.11878859996795654,-0.11790765821933746,0.05304726958274841,0.09410041570663452,-0.03341388702392578,-0.02497897669672966,-0.019281940534710884,-0.013864530250430107,0.2656779885292053,0.2608810365200043,0.2351227104663849,0.2420000433921814,0.060552507638931274,0.015010960400104523,0.07468514889478683,0.0005775317549705505
-0.009495735168457031,-0.025339603424072266,-0.04238176345825195,0.04911458492279053,0.06966537982225418,-0.038471952080726624,0.044957004487514496,0.06759334355592728,0.04349125921726227,-0.0970592126250267,-0.04616896063089371,-0.1316736787557602,-0.1720442771911621,0.049277909100055695,0.05986722558736801,-0.03478480502963066,-0.029060617089271545,-0.017673714086413383,-0.0035571157932281494,0.26456698775291443,0.24714380502700806,0.23308931291103363,0.20448744297027588,0.045425523072481155,-0.02242577075958252,0.06508267670869827,-0.031184561550617218
-0.010437965393066406,-0.023641586303710938,-0.036948204040527344,0.04349876567721367,0.09465047717094421,-0.03309842199087143,0.027020974084734917,0.07460252940654755,0.06555003672838211,-0.10296106338500977,-0.05022565275430679,-0.14631274342536926,-0.20938241481781006,0.04462816193699837,0.008159092627465725,-0.03217260539531708,-0.023862192407250404,-0.014760257676243782,0.007394464686512947,0.2682688534259796,0.2625708281993866,0.23869168758392334,0.1865234076976776,0.03331838920712471,-0.043066829442977905,0.058515485376119614,-0.042560379952192307
-0.010891437530517578,-0.016239166259765625,-0.03119182586669922,0.037324126809835434,0.09910694509744644,-0.02785748615860939,-0.006039412692189217,0.07809485495090485,0.09199809283018112,-0.10361164808273315,-0.05745342746376991,-0.15779715776443481,-0.18290308117866516,0.03940506651997566,-0.1041971817612648,-0.026087181642651558,-0.014406666159629822,-0.01191769540309906,0.018726713955402374,0.26303136348724365,0.25549373030662537,0.2202301025390625,0.1605660617351532,0.015217117965221405,-0.06793680787086487,0.04394075646996498,-0.07381981611251831
-0.007766246795654297,-0.00929880142211914,-0.028736114501953125,0.034554366022348404,0.08035101741552353,-0.025782916694879532,-0.06442062556743622,0.08946724981069565,0.10527170449495316,-0.09277724474668503,-0.06868515908718109,-0.16512911021709442,-0.14099369943141937,0.03332153707742691,-0.19123440980911255,-0.017235130071640015,0.0033389288000762463,-0.010523191653192043,0.04426852986216545,0.24331244826316833,0.21825596690177917,0.17682138085365295,0.1279233694076538,-0.007651468738913536,-0.07845234125852585,0.016609562560915947,-0.11274447292089462
-0.0033583641052246094,-0.010660171508789062,-0.02902364730834961,0.03474593535065651,0.061512742191553116,-0.019315382465720177,-0.10223472118377686,0.10489020496606827,0.08136003464460373,-0.09554650634527206,-0.0744820162653923,-0.18201999366283417,-0.11693765223026276,-0.01859850063920021,-0.20435474812984467,-0.00682852091267705,0.025306079536676407,-0.007665413897484541,0.055085688829422,0.18982943892478943,0.1574798822402954,0.08413885533809662,0.09826873987913132,-0.045453548431396484,-0.05123089253902435,-0.026100698858499527,-0.13110104203224182
0.0028000210877507925,-0.014252662658691406,-0.03159523010253906,0.036714404821395874,0.047056544572114944,-0.01609196700155735,-0.11283420026302338,0.11302972584962845,0.048666633665561676,-0.11541476100683212,-0.10525482147932053,-0.19328424334526062,-0.1438206434249878,-0.056654930114746094,-0.11599928140640259,-0.0050525180995464325,0.05977705866098404,-0.007597353775054216,0.033439937978982925,0.18140743672847748,0.10010233521461487,0.09727276116609573,0.08949898928403854,-0.05077006295323372,0.04198180511593819,-0.03889366611838341,-0.1365291327238083
0.00302595435641706,-0.01767730712890625,-0.03312397003173828,0.03829127177596092,0.043838415294885635,-0.01047181710600853,-0.07514363527297974,0.10917805880308151,0.0346829853951931,-0.15153393149375916,-0.12428406625986099,-0.19361944496631622,-0.1693771630525589,-0.06042652204632759,-0.07310120016336441,-0.0037839985452592373,0.05442188307642937,-0.0022886486258357763,-0.007343782112002373,0.16620361804962158,0.09128466993570328,0.09979283809661865,0.08576580137014389,-0.048246968537569046,0.046831898391246796,-0.04245154187083244,-0.1431015431880951
0.001572617213241756,-0.01805734634399414,-0.03338432312011719,0.03981466218829155,0.04383081570267677,-0.006376945413649082,-0.03951062634587288,0.1042964905500412,0.041916679590940475,-0.16843736171722412,-0.14976051449775696,-0.18738962709903717,-0.1877986341714859,-0.055810119956731796,-0.04437081143260002,-0.0037068251986056566,0.03837469220161438,0.003955802880227566,-0.052153803408145905,0.1479862779378891,0.08227872848510742,0.09122214466333389,0.08244366943836212,-0.04807252064347267,0.007120810449123383,-0.040881261229515076,-0.1455099880695343
0.001990700839087367,-0.01396799087524414,-0.03262805938720703,0.04250023514032364,0.04582322761416435,-0.00809308048337698,-0.028929222375154495,0.09599422663450241,0.057659976184368134,-0.16148364543914795,-0.175137460231781,-0.18094410002231598,-0.1906629502773285,-0.05468697100877762,-0.04089921712875366,-0.0046620131470263,0.029632963240146637,0.008225652389228344,-0.060575779527425766,0.1355709731578827,0.08892787247896194,0.08328109979629517,0.0697920024394989,-0.051038745790719986,-0.029126837849617004,-0.04439185559749603,-0.1507408618927002
-0.0026679039001464844,-0.008572101593017578,-0.029840469360351562,0.0440017431974411,0.046514611691236496,-0.006059084087610245,-0.000802941620349884,0.0619795024394989,0.04270869493484497,-0.19664113223552704,-0.18890854716300964,-0.17496274411678314,-0.1681823432445526,-0.04504670947790146,-0.011547612957656384,-0.007807467598468065,0.021355070173740387,0.016715582460165024,-0.06003919616341591,0.1192593201994896,0.08214947581291199,0.06288924813270569,0.050308968871831894,-0.07156233489513397,-0.030823655426502228,-0.03809820115566254,-0.1323506236076355
-0.008098602294921875,-0.005034446716308594,-0.026880741119384766,0.04530056565999985,0.044861916452646255,-0.0031418041326105595,0.010606825351715088,0.031717296689748764,0.005994108039885759,-0.21672236919403076,-0.20431751012802124,-0.15382105112075806,-0.1386006474494934,-0.03708594664931297,0.019004084169864655,-0.010619329288601875,0.006041625048965216,0.024420205503702164,-0.08235706388950348,0.10125657171010971,0.07710904628038406,0.047803230583667755,0.023993056267499924,-0.06669458001852036,-0.015366025269031525,-0.020179230719804764,-0.13384094834327698
-0.0106201171875,-0.002231121063232422,-0.025836944580078125,0.04663390293717384,0.0455094538629055,-0.0030506341718137264,0.026945406571030617,0.01363702304661274,-0.0012960522435605526,-0.20691721141338348,-0.2187941074371338,-0.14662989974021912,-0.15160101652145386,-0.030657483264803886,0.040236130356788635,-0.011631104163825512,0.0007738596759736538,0.03048829361796379,-0.10569614171981812,0.08992713689804077,0.07596586644649506,0.046140190213918686,0.019688695669174194,-0.05428750440478325,-0.014980848878622055,-0.020003458485007286,-0.14283505082130432
-0.013129234313964844,-0.001224517822265625,-0.025058746337890625,0.04352319985628128,0.040120307356119156,-0.002345410641282797,0.016288068145513535,-0.013577832840383053,-0.026124071329832077,-0.22176134586334229,-0.21868562698364258,-0.146506667137146,-0.15011584758758545,-0.013558948412537575,0.046162091195583344,-0.012387177906930447,0.006923183333128691,0.03633861988782883,-0.12397182732820511,0.08007750660181046,0.05384940281510353,0.05057158321142197,0.023770932108163834,-0.03903795778751373,0.005900219082832336,-0.023096993565559387,-0.16545143723487854
-0.01291513442993164,-0.0058727264404296875,-0.026227474212646484,0.04107944294810295,0.04079651087522507,-0.003561772406101227,0.032185040414333344,-0.031909700483083725,-0.05116898939013481,-0.23208987712860107,-0.23030921816825867,-0.14613887667655945,-0.14302898943424225,-0.0064859637059271336,0.027677740901708603,-0.01134794857352972,-0.0048327636905014515,0.03820505738258362,-0.11869867146015167,0.06494580954313278,0.06348524987697601,0.056275490671396255,0.027892805635929108,-0.022857338190078735,0.022068750113248825,-0.025231368839740753,-0.16413748264312744
-0.008712291717529297,-0.013060569763183594,-0.03092670440673828,0.041235532611608505,0.03710397705435753,-0.00791500136256218,0.046499524265527725,-0.03866514563560486,-0.08109313994646072,-0.22712664306163788,-0.23572570085525513,-0.14549614489078522,-0.12422029674053192,-0.0026204667519778013,-0.00022523757070302963,-0.006845301948487759,-0.012882528826594353,0.034717805683612823,-0.13133221864700317,0.04870932549238205,0.04389997571706772,0.06388695538043976,0.03301936388015747,-0.006088652182370424,0.045933980494737625,-0.025982242077589035,-0.1763644814491272
-0.0032482147216796875,-0.0172882080078125,-0.038646697998046875,0.041113171726465225,0.03604603931307793,-0.01150817982852459,0.04971391707658768,-0.04774545878171921,-0.11290997266769409,-0.2257288545370102,-0.23794245719909668,-0.14388883113861084,-0.11177162826061249,0.0005485941073857248,-0.011292911134660244,0.0007523656822741032,-0.014599168673157692,0.02918233722448349,-0.11883716285228729,0.0362529419362545,0.00829950999468565,0.07093340903520584,0.049106862396001816,0.009246261790394783,0.02320314198732376,-0.02581418678164482,-0.16002511978149414
0.0018281418597325683,-0.01648712158203125,-0.04743766784667969,0.037268850952386856,0.025844695046544075,-0.011697246693074703,0.039476197212934494,-0.06203121691942215,-0.14093340933322906,-0.22690358757972717,-0.24245914816856384,-0.13995952904224396,-0.11145471781492233,0.0018866120371967554,-0.019333869218826294,0.009565748274326324,-0.019503317773342133,0.02358466200530529,-0.10441441088914871,0.027835125103592873,-0.011945349164307117,0.07441208511590958,0.0617968812584877,0.021934600546956062,0.022349487990140915,-0.02525978535413742,-0.15154239535331726
0.004591476172208786,-0.01023721694946289,-0.05443859100341797,0.029607830569148064,0.024651605635881424,-0.006274047307670116,0.026019081473350525,-0.0863306075334549,-0.1604955941438675,-0.23630231618881226,-0.2537077069282532,-0.13638187944889069,-0.1330677568912506,0.0009977772133424878,-0.033883631229400635,0.016727028414607048,-0.012466095387935638,0.020137662068009377,-0.06605608761310577,0.02277331054210663,-0.02291259542107582,0.07311464101076126,0.06887857615947723,0.03187290206551552,-0.020412731915712357,-0.02451402135193348,-0.1311216950416565
0.005387110635638237,-0.00232696533203125,-0.05908012390136719,0.024264352396130562,0.02610541693866253,0.0029955494683235884,0.005585838109254837,-0.11298023909330368,-0.17605292797088623,-0.24592353403568268,-0.265227347612381,-0.13733337819576263,-0.1566314995288849,-0.0012465293984860182,-0.05240033566951752,0.021557051688432693,0.000851969700306654,0.018535220995545387,-0.02111312747001648,0.017469294369220734,-0.0319090373814106,0.068705715239048,0.07191552221775055,0.040660206228494644,-0.03916962444782257,-0.023908182978630066,-0.10842213034629822
0.003854622831568122,0.00218039657920599,-0.06091880798339844,0.023072313517332077,0.02194705232977867,0.014394331723451614,-0.011959511786699295,-0.13788731396198273,-0.18590912222862244,-0.2594185769557953,-0.2631762623786926,-0.13841290771961212,-0.1429854780435562,-0.0076545909978449345,-0.07165831327438354,0.023508550599217415,0.007212671916931868,0.01938037760555744,0.004024237394332886,0.007028915453702211,-0.035986725240945816,0.06299156695604324,0.061299458146095276,0.04993224889039993,-0.04433954507112503,-0.02348894253373146,-0.10176258534193039
-0.0001316070556640625,0.006029397714883089,-0.059178829193115234,0.025476519018411636,0.02288636565208435,0.025275399908423424,-0.01843031495809555,-0.16397298872470856,-0.1914364993572235,-0.26929667592048645,-0.25904276967048645,-0.13539709150791168,-0.14349892735481262,-0.026631025597453117,-0.0757063776254654,0.021857498213648796,0.020023975521326065,0.022868841886520386,0.007865801453590393,-0.005894820671528578,-0.03149382397532463,0.055318478494882584,0.048689547926187515,0.05909081920981407,-0.0068044885993003845,-0.023487932980060577,-0.10912124067544937
-0.0030469894409179688,0.00898237805813551,-0.05577421188354492,0.031385794281959534,0.03425655514001846,0.029363084584474564,-0.008986454457044601,-0.18306665122509003,-0.16983920335769653,-0.2605739235877991,-0.24954572319984436,-0.13647225499153137,-0.14287161827087402,-0.035561442375183105,-0.06152171641588211,0.018513821065425873,0.023520778864622116,0.025288740172982216,-0.03480679541826248,-0.017381343990564346,-0.035973165184259415,0.05329883471131325,0.03752404451370239,0.07161985337734222,0.006989486515522003,-0.02709232084453106,-0.12065177410840988
-0.0048885345458984375,0.007858037017285824,-0.053073883056640625,0.03668350726366043,0.04381294175982475,0.027929408475756645,0.01741771027445793,-0.1949748694896698,-0.18027673661708832,-0.2515874207019806,-0.22686129808425903,-0.13890333473682404,-0.11916910111904144,-0.04042486101388931,-0.03676701709628105,0.015779143199324608,0.025417417287826538,0.025823986157774925,-0.08723071217536926,-0.0302614476531744,-0.04513561725616455,0.057440076023340225,0.030325472354888916,0.08755217492580414,0.08102703094482422,-0.02818869799375534,-0.130880668759346
-0.005374908447265625,0.003395435865968466,-0.05258989334106445,0.039189647883176804,0.04578856751322746,0.022354377433657646,0.020412374287843704,-0.19496412575244904,-0.19132421910762787,-0.2333941012620926,-0.2044622302055359,-0.13492941856384277,-0.09167391061782837,-0.04381241649389267,-0.019982852041721344,0.0152078066021204,0.017550505697727203,0.02375487983226776,-0.12006339430809021,-0.04556543007493019,-0.05879093334078789,0.06358914822340012,0.028983183205127716,0.10454111546278,0.15298005938529968,-0.024007441475987434,-0.14032608270645142
-0.0026955604553222656,-0.0002837181091308594,-0.05161476135253906,0.04011449217796326,0.04675232991576195,0.012023352086544037,0.030095668509602547,-0.18327513337135315,-0.20136353373527527,-0.1858888566493988,-0.18362852931022644,-0.10302157700061798,-0.06361766159534454,-0.0404193252325058,0.002088007517158985,0.014170615933835506,0.01365990936756134,0.017016742378473282,-0.13806413114070892,-0.06225450336933136,-0.07972381263971329,0.06645483523607254,0.0311969593167305,0.12034381181001663,0.16896747052669525,-0.014301330782473087,-0.13117915391921997
-0.0022182464599609375,0.0006289879092946649,-0.04952192306518555,0.040594108402729034,0.053313612937927246,0.004919662605971098,0.04620570316910744,-0.1884673833847046,-0.16165420413017273,-0.16622011363506317,-0.16464906930923462,-0.08247862011194229,-0.029588311910629272,-0.035936836153268814,0.03772787004709244,0.01210714690387249,0.010007649660110474,0.012671539559960365,-0.13329726457595825,-0.07465055584907532,-0.07131381332874298,0.0689951479434967,0.03881283476948738,0.1361539363861084,0.09341808408498764,-0.010295926593244076,-0.11573614925146103
-0.0027632713317871094,0.0020716264843940735,-0.04892921447753906,0.041980233043432236,0.05440446361899376,0.0005743417423218489,0.02995830960571766,-0.1976826936006546,-0.17646491527557373,-0.16288365423679352,-0.14434780180454254,-0.06442773342132568,0.028151504695415497,-0.03141200542449951,0.03686259686946869,0.011522401124238968,-0.006388470996171236,0.008744546212255955,-0.11189623177051544,-0.08793141692876816,-0.0881321057677269,0.06903472542762756,0.03298330307006836,0.15092945098876953,0.14471444487571716,-0.0059612407349050045,-0.07258564978837967
-0.0026001930236816406,0.0016585806151852012,-0.04998159408569336,0.04388570412993431,0.04757510870695114,-0.002963622799143195,0.004760386422276497,-0.19441449642181396,-0.1789429485797882,-0.14494091272354126,-0.12937527894973755,-0.032226692885160446,0.07672594487667084,-0.021387258544564247,0.05700796842575073,0.012555127032101154,-0.004959945101290941,0.003269045613706112,-0.08781542629003525,-0.10586395859718323,-0.10782719403505325,0.06468654423952103,0.025257263332605362,0.1641196310520172,0.15509167313575745,-0.0005149579956196249,-0.012366808950901031
-0.0027980804443359375,0.0014413177268579602,-0.05110645294189453,0.0443100705742836,0.0433371476829052,-0.00532184774056077,-0.014682743698358536,-0.1837218701839447,-0.1651976853609085,-0.11664475500583649,-0.11491519212722778,0.008868408389389515,0.10588065534830093,-0.005484994035214186,0.0759768933057785,0.013673873618245125,-0.007659342605620623,-0.002523135393857956,-0.07290613651275635,-0.1261608749628067,-0.12409672886133194,0.05638636648654938,0.023033007979393005,0.17588742077350616,0.16380122303962708,0.0055483803153038025,0.04769998788833618
-0.004683494567871094,0.007376689929515123,-0.05259275436401367,0.043741386383771896,0.03514299914240837,-0.005790118593722582,-0.025990720838308334,-0.18951758742332458,-0.12929920852184296,-0.11930430680513382,-0.09276613593101501,0.03188624978065491,0.12258170545101166,0.004584317561239004,0.09935728460550308,0.015112047083675861,-0.01137799583375454,-0.007268237415701151,-0.0522330142557621,-0.13732784986495972,-0.13089606165885925,0.05285099521279335,0.007710549980401993,0.18949133157730103,0.18271701037883759,0.012066352181136608,0.12076609581708908
-0.005879878997802734,0.008746303617954254,-0.05332231521606445,0.0410662442445755,0.012501781806349754,-0.009050782769918442,-0.014860205352306366,-0.1731065958738327,-0.11335544288158417,-0.10116598755121231,-0.08441579341888428,0.07057332247495651,0.1306757628917694,0.025565529242157936,0.1280933916568756,0.01573626697063446,-0.02025245688855648,-0.014761761762201786,0.008512904867529869,-0.15564092993736267,-0.1427386999130249,0.04763195663690567,0.011843353509902954,0.2045338749885559,0.18963412940502167,0.030860548838973045,0.1974339485168457
-0.0029540061950683594,0.010928208939731121,-0.05033731460571289,0.03794921562075615,-0.011582843959331512,-0.019001318141818047,0.02592219039797783,-0.15911392867565155,-0.07586649060249329,-0.10242295265197754,-0.08115176111459732,0.05361614376306534,0.08695386350154877,0.024441884830594063,0.15649652481079102,0.012142765335738659,-0.0034390161745250225,-0.028613824397325516,0.03416794165968895,-0.17502616345882416,-0.12504342198371887,0.040600478649139404,0.01957033947110176,0.21950992941856384,0.21203675866127014,0.06199716776609421,0.15219351649284363
0.0014404634712263942,0.013425398617982864,-0.04712057113647461,0.0342981331050396,-0.010601798072457314,-0.030391128733754158,0.11519506573677063,-0.14154042303562164,-0.02758149802684784,-0.09481722861528397,-0.10312341153621674,0.04042138159275055,0.10521787405014038,0.030077975243330002,0.21814459562301636,0.005353916436433792,0.0014539952389895916,-0.040685296058654785,0.06173085421323776,-0.1792081743478775,-0.11794502288103104,0.056235894560813904,0.05272435396909714,0.22348718345165253,0.23647406697273254,0.07278535515069962,0.0994502454996109
-0.001678466796875,0.011919509619474411,-0.04510641098022461,0.032270487397909164,-0.034387025982141495,-0.0323246605694294,0.07708114385604858,-0.12417565286159515,-0.04077571630477905,-0.09421676397323608,-0.10126783698797226,0.02498931623995304,0.0962277203798294,0.034243419766426086,0.20907412469387054,-0.004192251246422529,0.0012314892373979092,-0.039367448538541794,0.013276461511850357,-0.18077519536018372,-0.11619328707456589,0.06935270875692368,0.07939232885837555,0.21787256002426147,0.26061517000198364,0.08001682907342911,0.020058345049619675
-0.0074787139892578125,0.009717095643281937,-0.04500293731689453,0.03220280259847641,-0.032951321452856064,-0.03043952025473118,0.06880317628383636,-0.10836978256702423,-0.023613207042217255,-0.09686686098575592,-0.10385028272867203,0.008540227077901363,0.08889792859554291,0.037663429975509644,0.17130643129348755,-0.009414282627403736,-0.004335616249591112,-0.02997777611017227,-0.02510594204068184,-0.16485346853733063,-0.10382592678070068,0.10413963347673416,0.11214713007211685,0.22731463611125946,0.2668112814426422,0.06276902556419373,-0.06628866493701935
-0.01400136947631836,0.0055349115282297134,-0.04398488998413086,0.031313080340623856,-0.020818093791604042,-0.02721124142408371,0.0674043595790863,-0.08925218135118484,-0.038958948105573654,-0.09608360379934311,-0.07986368983983994,-0.005815385840833187,0.028546631336212158,0.04176566004753113,0.16647323966026306,-0.011497599072754383,-0.01401631347835064,-0.017268497496843338,-0.03478242829442024,-0.152374267578125,-0.0820697769522667,0.11516835540533066,0.1592698097229004,0.23100802302360535,0.23645244538784027,0.04836583137512207,-0.0842934176325798
-0.014267444610595703,0.0068175154738128185,-0.04341745376586914,0.03066432476043701,0.0028602243401110172,-0.030734321102499962,0.05974388122558594,-0.0727086216211319,-0.03950309380888939,-0.08721590042114258,-0.06737348437309265,-0.01478684414178133,-0.03156023472547531,0.04488672316074371,0.14516006410121918,-0.012142056599259377,-0.017446231096982956,-0.011570781469345093,-0.04547334834933281,-0.10949619859457016,-0.06206529214978218,0.16617754101753235,0.18726739287376404,0.22671934962272644,0.21189473569393158,0.02156190760433674,-0.07640006393194199
-0.014664173126220703,0.007935511879622936,-0.04072856903076172,0.027901314198970795,0.02399582602083683,-0.034001290798187256,0.08016069233417511,-0.05778128281235695,-0.03468257561326027,-0.08045937865972519,-0.061586178839206696,-0.02398761175572872,-0.006850495934486389,0.049790993332862854,0.14083407819271088,-0.016360430046916008,-0.01808234676718712,-0.007203586865216494,-0.03825916349887848,-0.07431089878082275,-0.027163535356521606,0.18932919204235077,0.23330065608024597,0.2182578146457672,0.19769233465194702,0.0120721235871315,-0.022382281720638275
-0.011321067810058594,0.012346109375357628,-0.04072141647338867,0.027647169306874275,0.030667444691061974,-0.04108716547489166,0.07595452666282654,-0.046316247433423996,-0.017085637897253036,-0.07367439568042755,-0.0596761554479599,-0.03304409980773926,-0.009932361543178558,0.052066147327423096,0.1220870241522789,-0.016004079952836037,-0.016039153560996056,-0.008828036487102509,-0.03003792092204094,-0.016828883439302444,0.011369670741260052,0.2448369413614273,0.24515211582183838,0.1992102563381195,0.17273887991905212,0.013484547846019268,0.020096950232982635
-0.012090206146240234,0.010360280983150005,-0.04078197479248047,0.027781542390584946,0.03295154497027397,-0.043048515915870667,0.08033070713281631,-0.02988193929195404,-0.028999345377087593,-0.07163804769515991,-0.05312830209732056,-0.04547378420829773,0.00789843499660492,0.054821014404296875,0.13528092205524445,-0.01663508266210556,-0.01813076250255108,-0.006815232336521149,-0.04442933201789856,0.012833282351493835,0.03796466812491417,0.24710522592067719,0.27648770809173584,0.18291838467121124,0.18925897777080536,0.015463733114302158,0.053539395332336426
-0.01339864730834961,0.00489392364397645,-0.03949594497680664,0.026786740869283676,0.020847221836447716,-0.04381319135427475,0.06116513907909393,-0.013125919736921787,-0.0023362780921161175,-0.07589101791381836,-0.05271752551198006,-0.06101694330573082,0.013112075626850128,0.05709661543369293,0.12796534597873688,-0.018720176070928574,-0.023664509877562523,-0.005424265284091234,-0.01838631182909012,0.03707379102706909,0.06896501034498215,0.2500315308570862,0.28232109546661377,0.1822580099105835,0.1859842836856842,0.023163383826613426,0.09340271353721619
-0.01271677017211914,0.002768993843346834,-0.03823661804199219,0.02563464641571045,0.04133632779121399,-0.04645286127924919,0.0824226588010788,-0.0028535982128232718,0.00047383131459355354,-0.08481372147798538,-0.062378060072660446,-0.07807070761919022,-0.02719152718782425,0.05908942595124245,0.14116498827934265,-0.020095348358154297,-0.021719789132475853,-0.00743394810706377,-0.02581792324781418,0.0783952921628952,0.1043226420879364,0.284823477268219,0.2918068468570709,0.17896981537342072,0.17524567246437073,0.04510105028748512,0.1072605773806572
-0.014214038848876953,0.0014851175947114825,-0.03717660903930664,0.024651682004332542,0.05018000304698944,-0.04617217928171158,0.07775506377220154,0.005718742962926626,0.0074404762126505375,-0.09524615854024887,-0.0762173980474472,-0.09580674767494202,-0.002205401659011841,0.06035025045275688,0.14073650538921356,-0.019968124106526375,-0.01801438257098198,-0.007813828065991402,-0.032729100435972214,0.10940220952033997,0.13686838746070862,0.29327693581581116,0.30841460824012756,0.1746884137392044,0.1860661506652832,0.06146002560853958,0.1142294630408287
-0.01595592498779297,-0.0013952255249023438,-0.035370826721191406,0.023030899465084076,0.039804134517908096,-0.0450274832546711,0.07081791758537292,0.017949527129530907,0.016698865219950676,-0.1021154448390007,-0.08091510832309723,-0.11205344647169113,-0.02637588232755661,0.06108678877353668,0.14975687861442566,-0.019177572801709175,-0.022971924394369125,-0.009066048078238964,-0.024031072854995728,0.1260480284690857,0.1616426408290863,0.27904853224754333,0.30519983172416687,0.17340382933616638,0.17222192883491516,0.07224174588918686,0.13197389245033264
-0.013414382934570312,0.0041005657985806465,-0.03618288040161133,0.023496579378843307,0.04032009094953537,-0.048340313136577606,0.07673797011375427,0.021689629182219505,0.037891726940870285,-0.10766477137804031,-0.08913198113441467,-0.1268002837896347,-0.030047006905078888,0.06163587048649788,0.14285077154636383,-0.018312813714146614,-0.02329927682876587,-0.015003624372184277,-0.015468204393982887,0.17211827635765076,0.19562050700187683,0.3067891597747803,0.29905208945274353,0.1639256626367569,0.15481601655483246,0.09308727085590363,0.13420987129211426
-0.012192726135253906,0.009885668754577637,-0.03851652145385742,0.025474194437265396,0.034867510199546814,-0.04956810921430588,0.06770480424165726,0.026313910260796547,0.03009612299501896,-0.11171913892030716,-0.0945800319314003,-0.14124590158462524,-0.015768900513648987,0.06149453669786453,0.15568704903125763,-0.020326847210526466,-0.022393018007278442,-0.017605595290660858,-0.029797587543725967,0.21135103702545166,0.20473399758338928,0.31497955322265625,0.3165972828865051,0.16059696674346924,0.1684071123600006,0.09801261126995087,0.12019308656454086
-0.010665416717529297,0.007833961397409439,-0.0401606559753418,0.027269814163446426,0.022936923429369926,-0.050374507904052734,0.049451012164354324,0.0428333543241024,0.06076164171099663,-0.11013709753751755,-0.09950489550828934,-0.15413370728492737,0.015611529350280762,0.060940589755773544,0.1288493275642395,-0.022527098655700684,-0.023319244384765625,-0.020508073270320892,-0.02950073406100273,0.22947509586811066,0.24148988723754883,0.29940328001976013,0.3032071888446808,0.15411847829818726,0.1483922004699707,0.10039304941892624,0.09999929368495941
-0.007485389709472656,-0.0001010894775390625,-0.03905344009399414,0.026631897315382957,0.027117231860756874,-0.05214851722121239,0.06615413725376129,0.06491582840681076,0.07253973186016083,-0.10968680679798126,-0.09653773903846741,-0.16768038272857666,-0.02642730623483658,0.05962703004479408,0.12958577275276184,-0.02565639652311802,-0.026174219325184822,-0.025156177580356598,-0.02904941700398922,0.24400094151496887,0.2538606822490692,0.30053138732910156,0.2916737496852875,0.15258550643920898,0.1132361888885498,0.10207866877317429,0.0661081001162529
-0.006751060485839844,-0.0033502578735351562,-0.039381980895996094,0.02715434320271015,0.041686657816171646,-0.0508214570581913,0.049680594354867935,0.08077172189950943,0.0862499549984932,-0.11145678162574768,-0.08765866607427597,-0.18206897377967834,-0.11883313953876495,0.05765262618660927,0.13150852918624878,-0.02690305933356285,-0.027236226946115494,-0.025662392377853394,-0.025875918567180634,0.2564375102519989,0.2886984050273895,0.27875345945358276,0.2709936797618866,0.11290458589792252,0.07345346361398697,0.08254639059305191,0.017386794090270996
-0.0056304931640625,-0.0012736320495605469,-0.041663169860839844,0.02931332401931286,0.0370059609413147,-0.049482498317956924,0.07625028491020203,0.09111851453781128,0.08037660270929337,-0.11368461698293686,-0.07295575737953186,-0.19672195613384247,-0.11322174221277237,0.05516070872545242,0.09948588907718658,-0.028108322992920876,-0.0342072956264019,-0.02504499815404415,-0.013829672709107399,0.2755267918109894,0.2359551042318344,0.25850144028663635,0.2743903696537018,0.0911426916718483,0.05271236598491669,0.07340623438358307,0.023788057267665863
-0.00567626953125,-0.0032067298889160156,-0.042659759521484375,0.0304082240909338,0.043372415006160736,-0.045805905014276505,0.07132256031036377,0.10559399425983429,0.08704637736082077,-0.11722209304571152,-0.0725507140159607,-0.21279342472553253,-0.17260000109672546,0.051652777940034866,0.06440632045269012,-0.03138209879398346,-0.03174591064453125,-0.021161438897252083,-0.002147984690964222,0.28638750314712524,0.25160473585128784,0.2440834790468216,0.23169490694999695,0.07219508290290833,-0.00015382468700408936,0.06634534895420074,0.0067167021334171295
-0.007648944854736328,-0.00804901123046875,-0.042200565338134766,0.030187752097845078,0.05950336530804634,-0.038969557732343674,0.02456020377576351,0.12405811250209808,0.1006939560174942,-0.11992300301790237,-0.07255886495113373,-0.22919194400310516,-0.20932769775390625,0.047065503895282745,-0.023776456713676453,-0.03305143117904663,-0.025785844773054123,-0.01436481811106205,0.01209009438753128,0.28180912137031555,0.26510512828826904,0.21836142241954803,0.19437307119369507,0.05132706090807915,-0.043109230697155,0.05548301711678505,-0.043204016983509064
-0.008802413940429688,-0.007731437683105469,-0.04319190979003906,0.031085435301065445,0.07135524600744247,-0.03144105151295662,-0.031150326132774353,0.1395236700773239,0.1149730309844017,-0.11874443292617798,-0.06924852728843689,-0.2440934181213379,-0.23409876227378845,0.033101290464401245,-0.1263265162706375,-0.03002670779824257,-0.015258682891726494,-0.006544949021190405,0.0366545096039772,0.2674857974052429,0.2506275177001953,0.1649535894393921,0.16616177558898926,0.008949504233896732,-0.0718287006020546,0.020180808380246162,-0.08339322358369827
-0.0031418800354003906,-0.002097606658935547,-0.04522085189819336,0.03478981927037239,0.06965088099241257,-0.029241500422358513,-0.069851353764534,0.1478736400604248,0.10369932651519775,-0.12072143703699112,-0.0757015198469162,-0.25832682847976685,-0.2191634327173233,-0.0022893783170729876,-0.1854432374238968,-0.025745168328285217,0.001995811704546213,-0.002417430281639099,0.059692949056625366,0.263904869556427,0.1919497847557068,0.14546436071395874,0.13755199313163757,-0.029856804758310318,-0.056400902569293976,-0.03000287525355816,-0.09163689613342285
0.00014021850074641407,0.004597424529492855,-0.048137664794921875,0.03712839633226395,0.07215025275945663,-0.02257459983229637,-0.1119573563337326,0.1597413420677185,0.09293016791343689,-0.11593763530254364,-0.09472397714853287,-0.27244436740875244,-0.20276978611946106,-0.04347064346075058,-0.18287967145442963,-0.023247547447681427,0.03100530616939068,0.0016018783207982779,0.047886498272418976,0.2587318420410156,0.1705310046672821,0.14156103134155273,0.10531224310398102,-0.06765253841876984,-0.030126363039016724,-0.047962088137865067,-0.12592437863349915
-0.002190113067626953,0.018557444214820862,-0.05059814453125,0.03906204178929329,0.05533758923411369,-0.0113368546590209,-0.1372743844985962,0.16139626502990723,0.08708178997039795,-0.11297021806240082,-0.1299150288105011,-0.2814161777496338,-0.20212924480438232,-0.07063470035791397,-0.194733127951622,-0.021413572132587433,0.050483256578445435,0.00989756640046835,0.009752731770277023,0.25477319955825806,0.13444960117340088,0.1298644244670868,0.12002439051866531,-0.08294062316417694,-0.02624385803937912,-0.04508848115801811,-0.18604660034179688
-0.0058994293212890625,0.03739592060446739,-0.05188703536987305,0.04044065251946449,0.04327622428536415,-0.0005558582488447428,-0.1323748081922531,0.1478034406900406,0.09332248568534851,-0.1253667175769806,-0.1624169945716858,-0.2833891212940216,-0.22082504630088806,-0.0809561163187027,-0.1490844339132309,-0.02003490924835205,0.04884854331612587,0.020184950903058052,-0.058914121240377426,0.2569624185562134,0.10114167630672455,0.12058799713850021,0.12923425436019897,-0.08859425038099289,-0.07837297022342682,-0.047267187386751175,-0.2269303798675537
-0.007211208343505859,0.04384685680270195,-0.05270051956176758,0.04225397855043411,0.041563794016838074,0.006036778911948204,-0.10263438522815704,0.1374378800392151,0.08988486230373383,-0.1558767855167389,-0.1853637993335724,-0.2790391743183136,-0.2539536952972412,-0.08029341697692871,-0.09876217693090439,-0.01906460151076317,0.04889552667737007,0.026808561757206917,-0.08818715810775757,0.24633458256721497,0.0915459468960762,0.11154266446828842,0.123423270881176,-0.0993504673242569,-0.1476181149482727,-0.048030853271484375,-0.2360820472240448
-0.01073312759399414,0.02805495448410511,-0.0526890754699707,0.0396721176803112,0.03895625099539757,0.01203184761106968,-0.0518949069082737,0.13372285664081573,0.06998927891254425,-0.21653994917869568,-0.18992644548416138,-0.26630231738090515,-0.2663488984107971,-0.06818296015262604,-0.048596784472465515,-0.019150031730532646,0.040826465934515,0.03236993029713631,-0.06986227631568909,0.20706115663051605,0.09765369445085526,0.09953555464744568,0.11417018622159958,-0.0877712145447731,-0.1639273762702942,-0.02862357720732689,-0.19737160205841064
-0.009037017822265625,0.008408092893660069,-0.05213022232055664,0.03916594386100769,0.04488300904631615,0.0087373536080122,-0.007918406277894974,0.13502199947834015,0.05022098124027252,-0.24295513331890106,-0.20388540625572205,-0.25233402848243713,-0.2572994828224182,-0.0575278215110302,-0.0038776351138949394,-0.019689759239554405,0.03001093491911888,0.03342393785715103,-0.08807062357664108,0.1677672117948532,0.10539580136537552,0.09389620274305344,0.09814989566802979,-0.07378034293651581,-0.09743577241897583,-0.028219401836395264,-0.17564743757247925
-0.002360820770263672,0.0014884391566738486,-0.050024986267089844,0.04348364844918251,0.052476104348897934,-0.001552747213281691,0.022076323628425598,0.11634401977062225,0.059357207268476486,-0.24618837237358093,-0.22603577375411987,-0.23799408972263336,-0.21391087770462036,-0.04332244023680687,0.02574530616402626,-0.0220221858471632,0.021903976798057556,0.02944541908800602,-0.08535901457071304,0.14573357999324799,0.10215353220701218,0.0921437218785286,0.07662522792816162,-0.06022176519036293,-0.023568589240312576,-0.03307316452264786,-0.1661212146282196
0.0031591167207807302,0.0026888574939221144,-0.0473628044128418,0.05038176476955414,0.05159790441393852,-0.009346356615424156,0.03002638928592205,0.08263508230447769,0.04761701077222824,-0.23994888365268707,-0.23098009824752808,-0.22056184709072113,-0.1897754967212677,-0.03139639273285866,0.026557162404060364,-0.02457648515701294,0.01609956845641136,0.026292620226740837,-0.0735662505030632,0.13050074875354767,0.09461094439029694,0.08503329008817673,0.06335457414388657,-0.05080203711986542,0.03923223912715912,-0.034327708184719086,-0.14950671792030334
0.003936585038900375,0.004346545320004225,-0.04546213150024414,0.05337301269173622,0.04602627083659172,-0.009740599431097507,0.017974000424146652,0.04438238963484764,0.031022941693663597,-0.23447927832603455,-0.2388525903224945,-0.2017543762922287,-0.1659834384918213,-0.027241909876465797,0.010313429869711399,-0.026443392038345337,0.0014090756885707378,0.027957407757639885,-0.07599672675132751,0.11180789023637772,0.09700295329093933,0.0700606256723404,0.03082055225968361,-0.04544610157608986,0.03625079616904259,-0.032353803515434265,-0.13732236623764038
0.0010319389402866364,0.0077110035344958305,-0.04343605041503906,0.048027172684669495,0.04294922575354576,-0.004018263891339302,0.02623673900961876,-0.0013629129389300942,-0.00837135873734951,-0.23733174800872803,-0.2502243220806122,-0.17734821140766144,-0.14928781986236572,-0.02311788871884346,0.018627628684043884,-0.028359301388263702,-0.021539421752095222,0.03401688486337662,-0.09537585824728012,0.09391143918037415,0.08290395885705948,0.05281573161482811,0.024842895567417145,-0.04148920252919197,0.0048674046993255615,-0.03479614481329918,-0.12955117225646973
0.0013410134706646204,0.006853335537016392,-0.04413747787475586,0.044258784502744675,0.04303963854908943,-0.0002515983651392162,0.009565327316522598,-0.035428572446107864,-0.03241372108459473,-0.23213936388492584,-0.2519002854824066,-0.16413667798042297,-0.14213024079799652,-0.01963575929403305,0.005341128446161747,-0.027665475383400917,-0.027840998023748398,0.035757556557655334,-0.07760844379663467,0.07759207487106323,0.0785580426454544,0.046395182609558105,0.006510920822620392,-0.03243990242481232,0.05187129229307175,-0.0368424654006958,-0.1282007396221161
0.002952275797724724,0.004415302071720362,-0.046862125396728516,0.040944941341876984,0.03342864662408829,0.002953355899080634,0.0034874901175498962,-0.06967926025390625,-0.09237085282802582,-0.2408759593963623,-0.24981585144996643,-0.15212960541248322,-0.13417145609855652,-0.01739010214805603,0.004034311510622501,-0.02504706382751465,-0.03303790092468262,0.03534464165568352,-0.06539218127727509,0.06464368849992752,0.06865742802619934,0.04894246533513069,-0.004035253077745438,-0.019294140860438347,0.10337619483470917,-0.03804173320531845,-0.1309727430343628
0.004628616850823164,0.00388642237521708,-0.050067901611328125,0.03667313605546951,0.033431898802518845,0.006448186468333006,0.01189352571964264,-0.09992184489965439,-0.12820827960968018,-0.23956350982189178,-0.25400757789611816,-0.14334864914417267,-0.13892292976379395,-0.016908064484596252,-0.017587676644325256,-0.02185794897377491,-0.03517019748687744,0.03437071666121483,-0.056074660271406174,0.05320116877555847,0.0459689237177372,0.05051872134208679,0.013838835060596466,-0.0067825475707650185,0.05009434372186661,-0.038760315626859665,-0.13063830137252808
0.004912626463919878,0.005319958087056875,-0.05164623260498047,0.03172723948955536,0.0331823006272316,0.011841585859656334,0.023667577654123306,-0.13464725017547607,-0.15699975192546844,-0.2430983930826187,-0.2503604292869568,-0.14212903380393982,-0.14069777727127075,-0.01826464757323265,-0.020697422325611115,-0.020219391211867332,-0.03148510307073593,0.034604761749506,-0.0736779123544693,0.04322219640016556,0.020503055304288864,0.05158933252096176,0.03445839136838913,0.005699627101421356,0.007696144282817841,-0.039284639060497284,-0.1404903531074524
0.0054498761892318726,0.002375295152887702,-0.05305624008178711,0.03110315650701523,0.03582525998353958,0.016189537942409515,0.0034756623208522797,-0.16154727339744568,-0.1773446500301361,-0.24402830004692078,-0.2523774206638336,-0.14290493726730347,-0.13889789581298828,-0.019886573776602745,-0.042798079550266266,-0.018940938636660576,-0.028326764702796936,0.03393134847283363,-0.03206924349069595,0.0291567575186491,0.02292488142848015,0.05488735809922218,0.02583075314760208,0.020094366744160652,0.013641662895679474,-0.039260637015104294,-0.12355530261993408
0.006804201751947403,-0.0031075477600097656,-0.05519819259643555,0.034479010850191116,0.03202233463525772,0.017897356301546097,-0.0030081383883953094,-0.1798495054244995,-0.2060992419719696,-0.23861601948738098,-0.2382025420665741,-0.1396608203649521,-0.13583606481552124,-0.022403553128242493,-0.04465779289603233,-0.01702321134507656,-0.03182421252131462,0.03172177076339722,-0.042100757360458374,0.012947469018399715,0.013176376931369305,0.05969071015715599,0.02290959656238556,0.03564063459634781,0.05070340633392334,-0.03853726014494896,-0.1439506709575653
0.007086701225489378,-0.0073032379150390625,-0.057250022888183594,0.037409935146570206,0.03615599498152733,0.01957550458610058,0.016829561442136765,-0.19652849435806274,-0.20553182065486908,-0.23233914375305176,-0.2329884171485901,-0.13501600921154022,-0.12571845948696136,-0.025661878287792206,-0.048659197986125946,-0.015134240500628948,-0.033986225724220276,0.03027595579624176,-0.04064496234059334,-0.003156608436256647,0.0009788600727915764,0.06227545812726021,0.030453436076641083,0.05015584081411362,0.012285679578781128,-0.03746573626995087,-0.13261887431144714
0.006782545708119869,-0.0073757171630859375,-0.05871725082397461,0.03856998309493065,0.03757401555776596,0.02084420807659626,0.014946583658456802,-0.21230468153953552,-0.21709193289279938,-0.21758201718330383,-0.2161509394645691,-0.12159413844347,-0.09334203600883484,-0.0282349344342947,-0.03355374187231064,-0.013653137721121311,-0.031941041350364685,0.02911691553890705,-0.05064589902758598,-0.016076087951660156,-0.009419736452400684,0.06249836087226868,0.026540063321590424,0.06318517029285431,0.06473792344331741,-0.035918258130550385,-0.12609612941741943
0.005893599707633257,-0.005803585052490234,-0.059552669525146484,0.04017540439963341,0.04018799588084221,0.021019332110881805,0.007472451776266098,-0.2264530062675476,-0.21797096729278564,-0.20112133026123047,-0.20452472567558289,-0.10139741748571396,-0.0575164258480072,-0.030675768852233887,-0.03776124119758606,-0.012742344290018082,-0.030157417058944702,0.02816423773765564,-0.05251459777355194,-0.02820993773639202,-0.027053195983171463,0.061503369361162186,0.026776589453220367,0.07589536905288696,0.09179003536701202,-0.03398150950670242,-0.12788614630699158
0.004643391817808151,-0.007715702056884766,-0.060285091400146484,0.04161811247467995,0.03793664649128914,0.019977392628788948,0.006783325225114822,-0.232394278049469,-0.22796911001205444,-0.18442723155021667,-0.19412395358085632,-0.0773584172129631,-0.045094266533851624,-0.03089442290365696,-0.021525003015995026,-0.012034555897116661,-0.0187552347779274,0.027034059166908264,-0.04966944083571434,-0.04529641568660736,-0.03781990334391594,0.0594753623008728,0.030149497091770172,0.08901908248662949,0.07989231497049332,-0.031620558351278305,-0.11703553050756454
0.0054223788902163506,-0.011422157287597656,-0.061823368072509766,0.04268365725874901,0.04552019387483597,0.015591912902891636,0.01723441854119301,-0.22835786640644073,-0.22396481037139893,-0.1609465777873993,-0.1668015420436859,-0.055929169058799744,-0.016789577901363373,-0.02976495958864689,-0.0028160950168967247,-0.010582626797258854,-0.02988128736615181,0.0230266023427248,-0.08139485865831375,-0.06298058480024338,-0.04162410646677017,0.06087811663746834,0.021405186504125595,0.1043953150510788,0.12755060195922852,-0.028422260656952858,-0.10827650874853134
0.005530102178454399,-0.009295463562011719,-0.06410503387451172,0.043749891221523285,0.05061032995581627,0.011307786218822002,0.01080206036567688,-0.23618577420711517,-0.22834177315235138,-0.1599264144897461,-0.14347708225250244,-0.041216202080249786,0.014628283679485321,-0.028238719329237938,0.012906172312796116,-0.008220224641263485,-0.03115656226873398,0.019282665103673935,-0.07697629183530807,-0.0723128616809845,-0.06431808322668076,0.06589284539222717,0.022193919867277145,0.12086883932352066,0.1317141354084015,-0.02482595667243004,-0.08831829577684402
0.004811726976186037,-0.005381584167480469,-0.06552791595458984,0.043881069868803024,0.049731187522411346,0.007622153963893652,0.008267160505056381,-0.23331290483474731,-0.22911864519119263,-0.1367795765399933,-0.12756207585334778,-0.014290833845734596,0.05588175356388092,-0.026020431891083717,0.007698581553995609,-0.0066774385049939156,-0.03833892196416855,0.015950307250022888,-0.06528255343437195,-0.08423634618520737,-0.0861576646566391,0.06336955726146698,0.025538679212331772,0.13419193029403687,0.13744398951530457,-0.02055298537015915,-0.04107286408543587
0.0013024513609707355,-0.0027709007263183594,-0.06585693359375,0.04529803991317749,0.05114414915442467,0.005866434890776873,-0.006890337914228439,-0.22567960619926453,-0.20846189558506012,-0.11559085547924042,-0.10490255802869797,0.01221106480807066,0.09308094531297684,-0.02236492559313774,0.030935138463974,-0.006272177677601576,-0.029469557106494904,0.015149700455367565,-0.07050042599439621,-0.10243430733680725,-0.10338551551103592,0.0531553253531456,0.013624865561723709,0.14474426209926605,0.139086052775383,-0.016235364601016045,0.004673408344388008
-0.0026068687438964844,0.0023509508464485407,-0.06573247909545898,0.049001652747392654,0.053463343530893326,0.0025079587940126657,-0.005892723798751831,-0.21933689713478088,-0.18060676753520966,-0.10009631514549255,-0.08504827320575714,0.03710731863975525,0.11031254380941391,-0.016320250928401947,0.07236061990261078,-0.00630358699709177,-0.032058440148830414,0.014049107208848,-0.04272279888391495,-0.118195079267025,-0.10689396411180496,0.04331255704164505,-0.0038298331201076508,0.1557835191488266,0.1583002209663391,-0.011143559589982033,0.07229822874069214
-0.0069828033447265625,0.01037768367677927,-0.06546306610107422,0.05035810172557831,0.04321501776576042,-0.0009184526861645281,-0.0073453448712825775,-0.21165381371974945,-0.15257364511489868,-0.08375940471887589,-0.06723132729530334,0.05791572853922844,0.12976926565170288,-0.00016597167996224016,0.11543479561805725,-0.006529984530061483,-0.022717412561178207,0.012726282700896263,-0.01128166913986206,-0.13070419430732727,-0.12835368514060974,0.034409888088703156,-0.014123477041721344,0.16734182834625244,0.1566365659236908,-0.005484285764396191,0.1409783959388733
-0.011812686920166016,0.01593599282205105,-0.0649099349975586,0.04921884462237358,0.02191944420337677,-0.003129516029730439,0.0066215358674526215,-0.20006757974624634,-0.11739539355039597,-0.07079373300075531,-0.05515633150935173,0.10167153179645538,0.16475749015808105,0.03183310851454735,0.14675502479076385,-0.007159258704632521,-0.02837193012237549,0.009840360842645168,0.01774357259273529,-0.14599135518074036,-0.1383277028799057,0.02682177908718586,-0.009540975093841553,0.18107622861862183,0.1412622034549713,0.012792710214853287,0.20044642686843872
-0.014059066772460938,0.02156202308833599,-0.06453943252563477,0.04888176918029785,-0.008690962567925453,-0.007142418529838324,0.042911022901535034,-0.19642473757266998,-0.09008130431175232,-0.08151038736104965,-0.05054276064038277,0.10012934356927872,0.12196321785449982,0.033431075513362885,0.16472500562667847,-0.007839302532374859,-0.019826842471957207,0.0026458476204425097,0.055013507604599,-0.15956400334835052,-0.12568235397338867,0.022772137075662613,0.0167640782892704,0.19697536528110504,0.1943434476852417,0.03918946906924248,0.16755184531211853
-0.008183002471923828,0.032440513372421265,-0.06375789642333984,0.04752950370311737,-0.020993325859308243,-0.019619112834334373,0.11582526564598083,-0.18952056765556335,-0.053197767585515976,-0.07906690984964371,-0.07159318774938583,0.08470454066991806,0.12953966856002808,0.02702086605131626,0.21553918719291687,-0.008911412209272385,-0.01709664985537529,-0.012830468825995922,0.08904527127742767,-0.16383185982704163,-0.1201302781701088,0.023950250819325447,0.04457900673151016,0.21127323806285858,0.23799413442611694,0.05735412612557411,0.12886902689933777
-0.0016140937805175781,0.025288792327046394,-0.06246185302734375,0.046279750764369965,-0.026180552318692207,-0.032185740768909454,0.17218317091464996,-0.16408328711986542,-0.02785150520503521,-0.07794549316167831,-0.09558166563510895,0.0677279457449913,0.1608050912618637,0.03260042518377304,0.2596642076969147,-0.011008002795279026,-0.008804926648736,-0.022631384432315826,0.09520023316144943,-0.16072271764278412,-0.11555828899145126,0.08521061390638351,0.08533157408237457,0.22775985300540924,0.2752687931060791,0.06668785959482193,0.08155037462711334
-0.009106159210205078,-0.0019431114196777344,-0.05899238586425781,0.043707866221666336,-0.028066350147128105,-0.0259542316198349,0.06818423420190811,-0.1232781931757927,-0.07087579369544983,-0.08674550801515579,-0.0770997703075409,0.045063652098178864,0.0873018354177475,0.03509914129972458,0.17749439179897308,-0.014914807863533497,0.007077640388160944,-0.006770646665245295,-0.01578810065984726,-0.18764741718769073,-0.07464063912630081,0.1062900722026825,0.11353809386491776,0.2290465384721756,0.2920578122138977,0.06711500883102417,-0.050216253846883774
-0.009682655334472656,-0.011295318603515625,-0.0594782829284668,0.04431356489658356,-0.014579707756638527,-0.028829533606767654,0.03594687953591347,-0.09944206476211548,-0.06178085878491402,-0.0891842320561409,-0.08174856007099152,0.027352724224328995,-0.043585605919361115,0.043037764728069305,0.13023611903190613,-0.011739683337509632,-0.006602248642593622,0.0021595130674540997,-0.08923064917325974,-0.15367920696735382,-0.08343484997749329,0.1899406760931015,0.15062105655670166,0.24598294496536255,0.2704545259475708,-0.013594338670372963,-0.14966720342636108
-0.006878852844238281,-0.005896091461181641,-0.058695316314697266,0.040428951382637024,0.023280302062630653,-0.036810487508773804,0.14641043543815613,-0.08926175534725189,-0.057242345064878464,-0.08630163222551346,-0.06706452369689941,0.010869727469980717,-0.027267493307590485,0.056144312024116516,0.2007075399160385,-0.012286484241485596,-0.01978251151740551,-0.0008344525122083724,-0.027896203100681305,-0.12469284236431122,-0.061571065336465836,0.19167862832546234,0.22927573323249817,0.24816441535949707,0.21759375929832458,-0.050549041479825974,-0.024019774049520493
-0.00821828842163086,0.00167803093791008,-0.059484004974365234,0.04026979207992554,0.024485094472765923,-0.037458401173353195,0.16559675335884094,-0.08096134662628174,-0.03250965103507042,-0.07994875311851501,-0.0710739940404892,0.005955568514764309,0.04529144614934921,0.045202914625406265,0.18091163039207458,-0.015065549872815609,-0.020689362660050392,-0.002002377761527896,0.019730310887098312,-0.08193761110305786,-0.06218024715781212,0.2020491063594818,0.22195905447006226,0.22207674384117126,0.17881664633750916,-0.013652168214321136,0.0605597048997879
-0.01830577850341797,-0.006327152252197266,-0.05881786346435547,0.039976440370082855,0.008054601028561592,-0.028164969757199287,0.06712466478347778,-0.0668916404247284,-0.059332218021154404,-0.09562535583972931,-0.06039293855428696,-0.01620037853717804,0.0030104294419288635,0.046712446957826614,0.1592259258031845,-0.022198809310793877,-0.0182198416441679,0.009206080809235573,-0.026472058147192,-0.05992713198065758,-0.023272383958101273,0.2048313170671463,0.23173189163208008,0.2025948017835617,0.18094474077224731,0.002958102850243449,0.05747368186712265
-0.02295398712158203,-0.01667928695678711,-0.05771493911743164,0.0393754243850708,0.0067322165705263615,-0.024337105453014374,0.01870860531926155,-0.044743187725543976,-0.0340849794447422,-0.10069677978754044,-0.06799276918172836,-0.03315585106611252,-0.04572206735610962,0.04791935905814171,0.12934641540050507,-0.022364316508173943,-0.015608377754688263,0.012900261208415031,-0.055821310728788376,-0.029281415045261383,0.04368915036320686,0.2311142534017563,0.24105975031852722,0.19664333760738373,0.18690703809261322,0.01568436436355114,0.04792305827140808
-0.022242069244384766,-0.015662193298339844,-0.05645751953125,0.03810303285717964,0.05910169705748558,-0.02697347104549408,0.09363991022109985,-0.03176601231098175,-0.037170376628637314,-0.0981123223900795,-0.07123482972383499,-0.04454721882939339,-0.06349222362041473,0.04979747533798218,0.1543400138616562,-0.01784399524331093,-0.016819395124912262,0.007427710574120283,-0.04528280720114708,0.01978900656104088,0.0819384753704071,0.26071956753730774,0.29460006952285767,0.19043920934200287,0.1818084418773651,0.033594388514757156,0.11125409603118896
-0.022131919860839844,-0.00884389877319336,-0.053858280181884766,0.03518535569310188,0.057342320680618286,-0.028828714042901993,0.0872240960597992,-0.027126997709274292,-0.027358826249837875,-0.09804282337427139,-0.06029592081904411,-0.05585905537009239,-0.073330819606781,0.05121960863471031,0.14186973869800568,-0.01644463650882244,-0.02318791300058365,0.0005659578018821776,-0.004704296588897705,0.06777073442935944,0.10162033885717392,0.27124127745628357,0.30980396270751953,0.1844535917043686,0.15439046919345856,0.0590185709297657,0.15818136930465698
-0.019387245178222656,-0.0010237693786621094,-0.05317258834838867,0.03411071002483368,0.05498616024851799,-0.03319036588072777,0.07481802999973297,-0.022701125591993332,-1.1315569281578064e-07,-0.09704423695802689,-0.07669104635715485,-0.06703651696443558,-0.003761306405067444,0.05262337252497673,0.12017416954040527,-0.014653823338449001,-0.01582927629351616,-0.009770475327968597,-0.015685036778450012,0.1234724223613739,0.1400682032108307,0.2958126664161682,0.3048989176750183,0.17366065084934235,0.1643861085176468,0.07947595417499542,0.12674304842948914
-0.019733905792236328,-0.002022266387939453,-0.05307197570800781,0.03406047821044922,0.042513344436883926,-0.033004388213157654,0.07061898708343506,-0.00797619204968214,-0.00774696609005332,-0.09634377062320709,-0.08195808529853821,-0.08000284433364868,0.030848264694213867,0.05279345065355301,0.13537541031837463,-0.01570919342339039,-0.015578027814626694,-0.015127770602703094,-0.0051902830600738525,0.1514526605606079,0.16131992638111115,0.2829028367996216,0.3184390366077423,0.1678280383348465,0.17849254608154297,0.09106945246458054,0.14101964235305786
-0.02253580093383789,-0.01063680648803711,-0.05112934112548828,0.03255939856171608,0.0213125292211771,-0.02902347967028618,0.044283173978328705,0.012672962620854378,0.025341978296637535,-0.10041273385286331,-0.07960674166679382,-0.09616368263959885,0.008172452449798584,0.051902495324611664,0.12184780836105347,-0.019712533801794052,-0.022364648059010506,-0.01601310446858406,0.0024716034531593323,0.16188645362854004,0.20016935467720032,0.26235976815223694,0.30546432733535767,0.16878820955753326,0.16336005926132202,0.09860896319150925,0.14403972029685974
-0.02512502670288086,-0.01934814453125,-0.04691600799560547,0.028770795091986656,0.05103264003992081,-0.024638760834932327,0.07762373983860016,0.030363449826836586,0.033077362924814224,-0.10932186990976334,-0.08585017174482346,-0.11402532458305359,-0.03248815983533859,0.050334420055150986,0.1320520043373108,-0.023148100823163986,-0.023215821012854576,-0.016344280913472176,-0.017687596380710602,0.17641758918762207,0.23571306467056274,0.2654649317264557,0.29980120062828064,0.16392353177070618,0.13221579790115356,0.1030876561999321,0.10415994375944138
-0.025887012481689453,-0.022518634796142578,-0.042469024658203125,0.024447552859783173,0.06645555794239044,-0.021971695125102997,0.054424602538347244,0.04250703006982803,0.05661211535334587,-0.11667580157518387,-0.08934911340475082,-0.1302313655614853,-0.03669789433479309,0.04840236157178879,0.11675982922315598,-0.023343348875641823,-0.023540914058685303,-0.018369602039456367,-0.015596870332956314,0.19881395995616913,0.2680959403514862,0.2802150845527649,0.28821203112602234,0.15162381529808044,0.11997345089912415,0.1045687198638916,0.058923281729221344
-0.024335861206054688,-0.019618511199951172,-0.040606021881103516,0.022427603602409363,0.05622043460607529,-0.02160448208451271,0.05698767304420471,0.052154749631881714,0.0689912959933281,-0.11651340126991272,-0.09401654452085495,-0.1425754427909851,-0.032030269503593445,0.04643040522933006,0.09145379066467285,-0.02047033980488777,-0.023859990760684013,-0.022339193150401115,-0.031426213681697845,0.22177109122276306,0.2718614935874939,0.28063303232192993,0.2878500819206238,0.13382184505462646,0.09409644454717636,0.10149964690208435,0.028544049710035324
-0.020917415618896484,-0.013442039489746094,-0.04181051254272461,0.0233046505600214,0.04699968546628952,-0.022799121215939522,0.0823076069355011,0.06208956614136696,0.06992658227682114,-0.11008325964212418,-0.08648074418306351,-0.15221518278121948,-0.06991034746170044,0.04403555765748024,0.08366905152797699,-0.018709182739257812,-0.025394057855010033,-0.026597140356898308,-0.028806377202272415,0.2442392259836197,0.2503865659236908,0.2701883614063263,0.2831728458404541,0.1078045442700386,0.06516851484775543,0.09520440548658371,0.03708276525139809
-0.018351078033447266,-0.008431434631347656,-0.04388141632080078,0.02512654848396778,0.027332166209816933,-0.02220006287097931,0.06881891191005707,0.07429933547973633,0.07495085895061493,-0.10281193256378174,-0.07279692590236664,-0.1621534675359726,-0.12104582041501999,0.040770456194877625,0.09976126253604889,-0.02317686937749386,-0.027089998126029968,-0.025998834520578384,-0.006285062059760094,0.25924092531204224,0.25041890144348145,0.24989376962184906,0.2598106563091278,0.08114727586507797,0.03587377816438675,0.08654067665338516,0.03129326552152634
-0.01726055145263672,-0.0084075927734375,-0.04603719711303711,0.027261672541499138,0.03661704063415527,-0.01893395371735096,0.05281234160065651,0.09227496385574341,0.09539513289928436,-0.0962299033999443,-0.07739083468914032,-0.17359934747219086,-0.05738780274987221,0.036536652594804764,0.04865696281194687,-0.030193815007805824,-0.022279171273112297,-0.019674398005008698,0.012924417853355408,0.262199342250824,0.2479240447282791,0.22384525835514069,0.22804731130599976,0.053197551518678665,0.00455876812338829,0.0661626085639,-0.011418502777814865
-0.017796039581298828,-0.011405467987060547,-0.047842979431152344,0.02910005673766136,0.03784077987074852,-0.0129466587677598,0.019319016486406326,0.11098487675189972,0.09761004894971848,-0.09530508518218994,-0.0783468633890152,-0.1883627027273178,-0.11318492144346237,0.03097950667142868,-0.0012620529159903526,-0.03375234082341194,-0.02230575866997242,-0.009719373658299446,0.012423058971762657,0.2568020522594452,0.23997655510902405,0.19691748917102814,0.19238179922103882,0.02810611203312874,-0.016116082668304443,0.04083070904016495,-0.045287784188985825
-0.017098426818847656,-0.010965347290039062,-0.0490574836730957,0.030253421515226364,0.052844736725091934,-0.00785254966467619,-0.0103074349462986,0.12322601675987244,0.10185118764638901,-0.09955979138612747,-0.06639013439416885,-0.20531412959098816,-0.1723869889974594,0.025133058428764343,-0.09253175556659698,-0.031180942431092262,-0.015715785324573517,-0.0010292624356225133,0.032179296016693115,0.2546004354953766,0.2246900349855423,0.17745278775691986,0.17158058285713196,0.006762013770639896,-0.04577988386154175,0.017120493575930595,-0.08414554595947266
-0.013454437255859375,-0.010608196258544922,-0.05095052719116211,0.03359590470790863,0.07126101106405258,-0.0036083434242755175,-0.05142735317349434,0.1313188225030899,0.09384775906801224,-0.11218588799238205,-0.0698891133069992,-0.2251315861940384,-0.21325905621051788,-0.007701946888118982,-0.170636385679245,-0.01994073949754238,0.0039320834912359715,0.00493729580193758,0.049662426114082336,0.23063760995864868,0.18677783012390137,0.11994125694036484,0.13906323909759521,-0.01285557635128498,-0.0412072092294693,-0.02709907293319702,-0.13087701797485352
-0.010330677032470703,-0.014468193054199219,-0.05264425277709961,0.04012097790837288,0.061760660260915756,0.0031799764838069677,-0.0939161479473114,0.1440415382385254,0.07774969935417175,-0.12617094814777374,-0.09928200393915176,-0.24685537815093994,-0.19064077734947205,-0.05290098488330841,-0.19093380868434906,-0.009817920625209808,0.0381067730486393,0.009663882665336132,0.079195536673069,0.2182193547487259,0.12567953765392303,0.11843220889568329,0.10238158702850342,-0.052849575877189636,-0.00230441614985466,-0.06359954178333282,-0.14958152174949646
-0.012785911560058594,-0.01799631118774414,-0.0527949333190918,0.03948720544576645,0.04905110225081444,0.015686865895986557,-0.123143270611763,0.1579941362142563,0.08184072375297546,-0.1354953497648239,-0.12559635937213898,-0.26044362783432007,-0.23109549283981323,-0.0820067897439003,-0.16869445145130157,-0.010932371951639652,0.056058935821056366,0.019546469673514366,0.012799836695194244,0.2012183517217636,0.13296324014663696,0.11795569211244583,0.10679762065410614,-0.06453317403793335,-0.023621056228876114,-0.07316560298204422,-0.18004873394966125
-0.012452125549316406,-0.013310432434082031,-0.05114936828613281,0.0383436381816864,0.043177660554647446,0.021466415375471115,-0.09623798727989197,0.15312941372394562,0.08563487231731415,-0.15623216331005096,-0.1586531400680542,-0.25945475697517395,-0.24509403109550476,-0.0907687172293663,-0.11556641757488251,-0.013150648213922977,0.04871775209903717,0.025120723992586136,-0.059400469064712524,0.1917743682861328,0.10945030301809311,0.11485633254051208,0.11061299592256546,-0.07292268425226212,-0.04941089451313019,-0.07730549573898315,-0.2005678415298462
-0.007195472717285156,-0.006826877593994141,-0.048891544342041016,0.04281201586127281,0.05382377281785011,0.017150191590189934,-0.022200167179107666,0.14062997698783875,0.07979711890220642,-0.17452271282672882,-0.17566663026809692,-0.24829550087451935,-0.23857736587524414,-0.08643580973148346,-0.05095698684453964,-0.01571096107363701,0.04241066053509712,0.02262936159968376,-0.04623544216156006,0.18214760720729828,0.09898773580789566,0.10631690174341202,0.10781166702508926,-0.08706015348434448,-0.05671972036361694,-0.06592512875795364,-0.14576935768127441
0.0006836121319793165,-0.003463268280029297,-0.04718494415283203,0.05044605955481529,0.058684658259153366,0.005598238203674555,0.006667736917734146,0.13197061419487,0.07096384465694427,-0.17536292970180511,-0.19367477297782898,-0.23457354307174683,-0.22094908356666565,-0.08395329862833023,-0.01226216834038496,-0.017221378162503242,0.033301349729299545,0.016247214749455452,-0.04037284851074219,0.17325641214847565,0.10309479385614395,0.10841687768697739,0.0801985114812851,-0.07659722864627838,-0.042082369327545166,-0.05204270780086517,-0.12502694129943848
0.00208159233443439,-0.002838134765625,-0.045638084411621094,0.05502491816878319,0.05350816622376442,-0.0015793604543432593,0.017482243478298187,0.11062382161617279,0.05837837979197502,-0.1963844895362854,-0.2036738395690918,-0.22204625606536865,-0.20348280668258667,-0.07522867619991302,0.013323831371963024,-0.018587425351142883,0.030482422560453415,0.016350461170077324,-0.06595565378665924,0.15597489476203918,0.0960429236292839,0.10069639980792999,0.07474974542856216,-0.06605927646160126,-0.045608051121234894,-0.03515436872839928,-0.1356271207332611
-0.0009322166442871094,-0.0037484169006347656,-0.0444340705871582,0.05484885349869728,0.05003033205866814,-0.004835362080484629,0.022461455315351486,0.08513869345188141,0.03251538425683975,-0.21403507888317108,-0.21673017740249634,-0.20501622557640076,-0.172400563955307,-0.059128426015377045,0.04027010127902031,-0.01959926262497902,0.007814992219209671,0.021575359627604485,-0.10040019452571869,0.13320346176624298,0.09311674535274506,0.08513391017913818,0.059464141726493835,-0.05993959680199623,-0.007588766515254974,-0.022772612050175667,-0.13970893621444702
-0.005616664886474609,-0.0014247894287109375,-0.04238414764404297,0.05097990483045578,0.04880677908658981,-0.0054689254611730576,0.031332727521657944,0.05036550015211105,0.021711109206080437,-0.22921054065227509,-0.2254791557788849,-0.18317128717899323,-0.16863396763801575,-0.029039401561021805,0.05051829665899277,-0.021610721945762634,0.0008026077412068844,0.03004532866179943,-0.1246265396475792,0.11509668827056885,0.0872352197766304,0.07114294171333313,0.03961712121963501,-0.053648900240659714,0.030888479202985764,-0.02456974983215332,-0.15915557742118835
-0.008571147918701172,-0.0003924369812011719,-0.041248321533203125,0.048804741352796555,0.04607967659831047,-0.005790031515061855,0.02509361132979393,0.018461789935827255,0.004925866145640612,-0.2359158992767334,-0.2374642789363861,-0.1755070984363556,-0.1667758971452713,-0.01696353778243065,0.032295938581228256,-0.02271210588514805,-0.003004026133567095,0.03620629385113716,-0.10816946625709534,0.0976869985461235,0.0737045407295227,0.06060384213924408,0.0365697480738163,-0.04579610377550125,0.015022847801446915,-0.02774440310895443,-0.16370642185211182
-0.006351470947265625,-0.005574226379394531,-0.04338216781616211,0.05019448697566986,0.045767299830913544,-0.0097249960526824,0.03132722154259682,0.0022249326575547457,-0.0255624707788229,-0.22680746018886566,-0.24391332268714905,-0.16897283494472504,-0.13262540102005005,-0.011398938484489918,0.027502715587615967,-0.02074502967298031,-0.022767137736082077,0.03571072593331337,-0.08920019865036011,0.0797717422246933,0.06880820542573929,0.06095456704497337,0.012903392314910889,-0.032664090394973755,0.03365447372198105,-0.029509060084819794,-0.1434108316898346
-0.004736900329589844,-0.010296821594238281,-0.04624032974243164,0.046976085752248764,0.03796957805752754,-0.010027655400335789,0.03437596559524536,-0.021936515346169472,-0.06685671955347061,-0.23673661053180695,-0.2390168309211731,-0.15416043996810913,-0.1043759137392044,-0.007583294529467821,0.023741260170936584,-0.018050381913781166,-0.031402312219142914,0.03546924144029617,-0.1174282506108284,0.06403089314699173,0.060486070811748505,0.06400870531797409,0.005673229694366455,-0.018540799617767334,0.08918237686157227,-0.030784564092755318,-0.15958118438720703
-0.003856658935546875,-0.010139942169189453,-0.049057960510253906,0.040540166199207306,0.0330469012260437,-0.00684042414650321,0.019067302346229553,-0.051080372184515,-0.09364478290081024,-0.24410615861415863,-0.25092941522598267,-0.14130164682865143,-0.12261398881673813,-0.005822931881994009,-0.0022601624950766563,-0.01524336263537407,-0.014839131385087967,0.035743776708841324,-0.09581708163022995,0.05206188187003136,0.04256558045744896,0.06382331252098083,0.0256977379322052,-0.0065950872376561165,0.048840124160051346,-0.03193885460495949,-0.15873858332633972
-0.006028175354003906,-0.005669116973876953,-0.04927825927734375,0.029363544657826424,0.0292329341173172,0.0018123809713870287,0.013427652418613434,-0.09642048180103302,-0.11764565855264664,-0.2718771994113922,-0.2604109048843384,-0.13445346057415009,-0.13213719427585602,-0.008712582290172577,-0.020547591149806976,-0.014887525700032711,-0.017019210383296013,0.03913143649697304,-0.0776921808719635,0.0428217314183712,0.014026622287929058,0.06042005121707916,0.04357629269361496,0.003700019558891654,-0.004961162805557251,-0.033089425414800644,-0.14882022142410278
-0.0046367645263671875,-0.006571292877197266,-0.049660682678222656,0.02472970075905323,0.03504309058189392,0.006175508722662926,0.013868216425180435,-0.12299405038356781,-0.13005690276622772,-0.2699686288833618,-0.2748057246208191,-0.13389581441879272,-0.1680605411529541,-0.011270510032773018,-0.028223715722560883,-0.014534372836351395,-0.014431055635213852,0.037789661437273026,-0.04370366781949997,0.02879691869020462,0.022829998284578323,0.059775616973638535,0.044177114963531494,0.016219357028603554,-0.018188975751399994,-0.033218126744031906,-0.12128371000289917
-0.002796173095703125,-0.009753227233886719,-0.051474571228027344,0.029135631397366524,0.03310668095946312,0.008370916359126568,-0.004920002073049545,-0.14338825643062592,-0.17030733823776245,-0.2628842294216156,-0.2680930197238922,-0.14136530458927155,-0.16120803356170654,-0.015196060761809349,-0.038116537034511566,-0.01282877754420042,-0.0038569909520447254,0.0353618822991848,-0.014834601432085037,0.013805313967168331,0.004781547002494335,0.061778582632541656,0.036783367395401,0.030047906562685966,0.042554110288619995,-0.032777708023786545,-0.13875368237495422
-0.0032935142517089844,-0.010291576385498047,-0.053365230560302734,0.03462702035903931,0.030943719670176506,0.011755231767892838,0.003921136260032654,-0.17063747346401215,-0.1864778846502304,-0.2637856900691986,-0.2541203200817108,-0.1389595866203308,-0.1373831331729889,-0.02002418227493763,-0.05372772365808487,-0.010954448021948338,-0.008066046983003616,0.03520188480615616,-0.03720821812748909,0.0016689869808033109,-0.008700449950993061,0.06340264528989792,0.0455317497253418,0.04326687008142471,0.009609989821910858,-0.03203205764293671,-0.12591677904129028
-0.0026273727416992188,-0.00933837890625,-0.05512571334838867,0.03712889552116394,0.034440360963344574,0.01299603097140789,0.011298492550849915,-0.18930502235889435,-0.1972106397151947,-0.24164535105228424,-0.2395070493221283,-0.13559608161449432,-0.12164521962404251,-0.024852316826581955,-0.055599384009838104,-0.009163502603769302,-0.016833800822496414,0.03342815488576889,-0.04705443233251572,-0.008122623898088932,-0.01460906583815813,0.06658633798360825,0.04055773466825485,0.05719348043203354,0.06581579148769379,-0.031012795865535736,-0.13132040202617645
-0.0019378662109375,-0.008976936340332031,-0.05629587173461914,0.03755871579051018,0.03956359252333641,0.01365632377564907,0.014712601900100708,-0.2014334797859192,-0.20604297518730164,-0.210393026471138,-0.2198929488658905,-0.12367179989814758,-0.0935242623090744,-0.028127199038863182,-0.03407133370637894,-0.007951720617711544,-0.023153893649578094,0.031172068789601326,-0.07831959426403046,-0.019323110580444336,-0.02014477178454399,0.06925801932811737,0.029742836952209473,0.07146576046943665,0.11954128742218018,-0.029239535331726074,-0.14228209853172302
-0.0027632713317871094,-0.01009988784790039,-0.057399749755859375,0.03910673037171364,0.045416444540023804,0.014978870749473572,0.01650961861014366,-0.2155832052230835,-0.20901647210121155,-0.19777539372444153,-0.2034565508365631,-0.11181411147117615,-0.0772884339094162,-0.02966081164777279,-0.01675242930650711,-0.006869310047477484,-0.028909578919410706,0.030080780386924744,-0.08730384707450867,-0.0330095998942852,-0.025059979408979416,0.0713573694229126,0.03128676116466522,0.08610732108354568,0.10722502321004868,-0.02740548737347126,-0.14185181260108948
-0.0034379959106445312,-0.012579917907714844,-0.05982208251953125,0.04182081297039986,0.04320931062102318,0.01529974490404129,0.026473671197891235,-0.2286178320646286,-0.22567257285118103,-0.201310396194458,-0.18737900257110596,-0.10453251749277115,-0.045496247708797455,-0.03088654763996601,-0.021325349807739258,-0.004485353361815214,-0.029701948165893555,0.028192386031150818,-0.08472120761871338,-0.047488417476415634,-0.04218641296029091,0.07527226954698563,0.03739427775144577,0.10200292617082596,0.12078450620174408,-0.024912161752581596,-0.13097897171974182
-0.0017561912536621094,-0.013166427612304688,-0.06389427185058594,0.04264402016997337,0.04567551240324974,0.013182076625525951,0.028061281889677048,-0.2332044541835785,-0.23743519186973572,-0.19561253488063812,-0.1735866665840149,-0.09500209987163544,-0.015228167176246643,-0.03179965913295746,-0.014513830654323101,-0.0003906377824023366,-0.03028876706957817,0.023080654442310333,-0.08108343183994293,-0.059158485382795334,-0.06038820371031761,0.0806054174900055,0.03450155258178711,0.11845558136701584,0.12054861336946487,-0.021430425345897675,-0.10139399021863937
3.616972026065923e-05,-0.0117034912109375,-0.06573867797851562,0.04017777740955353,0.046168114989995956,0.010982798412442207,0.014472486451268196,-0.22417092323303223,-0.2323756366968155,-0.15739013254642487,-0.15231961011886597,-0.0491814948618412,0.033641114830970764,-0.030248884111642838,-0.002346551977097988,0.0015340272802859545,-0.03415341302752495,0.017356913536787033,-0.07619267702102661,-0.07460185885429382,-0.08023487031459808,0.0761236697435379,0.034276336431503296,0.1309240609407425,0.13075155019760132,-0.01718352921307087,-0.07420128583908081
-0.0017442703247070312,-0.007819652557373047,-0.06536006927490234,0.0410185270011425,0.04996127262711525,0.010725119151175022,0.006630517542362213,-0.22463440895080566,-0.19896626472473145,-0.14165624976158142,-0.13977652788162231,-0.01969015598297119,0.04303208738565445,-0.027349596843123436,0.024329256266355515,0.001268240506760776,-0.016344208270311356,0.015081465244293213,-0.09497037529945374,-0.09123166650533676,-0.08285757899284363,0.06595533341169357,0.03000522032380104,0.14124006032943726,0.10145659744739532,-0.013159703463315964,-0.058109503239393234
-0.0030570030212402344,-0.007310390472412109,-0.0638890266418457,0.048653196543455124,0.049842361360788345,0.005841171834617853,-0.011083167046308517,-0.2103058397769928,-0.19388705492019653,-0.10923276841640472,-0.12100651115179062,0.02232649177312851,0.07840220630168915,-0.014015821740031242,0.04360350966453552,-0.00014529842883348465,-0.02223271131515503,0.011433918960392475,-0.05725012719631195,-0.11551951617002487,-0.10786832869052887,0.05003861337900162,0.017611678689718246,0.15011006593704224,0.12344099581241608,-0.008228389546275139,0.008743304759263992
-0.004834175109863281,-0.007814407348632812,-0.0625767707824707,0.05678737163543701,0.048956889659166336,-0.0007713232189416885,-0.01717624068260193,-0.193154439330101,-0.15634778141975403,-0.08551012724637985,-0.09368228167295456,0.047425415366888046,0.0939847007393837,0.0036482042632997036,0.07727371156215668,-0.001396464416757226,-0.005990572739392519,0.007298053242266178,-0.056383609771728516,-0.14179763197898865,-0.11350901424884796,0.0335906445980072,-0.0049775466322898865,0.15946421027183533,0.1570126712322235,-0.002319221617653966,0.053377509117126465
-0.005750179290771484,-0.00828695297241211,-0.0621333122253418,0.05585741251707077,0.03879827633500099,-0.009759562090039253,-0.009525813162326813,-0.17052266001701355,-0.1287132203578949,-0.06120683625340462,-0.06710980832576752,0.08648425340652466,0.11943252384662628,0.04510803148150444,0.10467121005058289,-0.0018818698590621352,-0.021674955263733864,-0.0005508457543328404,-0.026732463389635086,-0.1642838716506958,-0.13242016732692719,0.02540265955030918,-0.007413625717163086,0.1744067519903183,0.13864123821258545,0.020665807649493217,0.13680225610733032
-0.0065708160400390625,-0.008562088012695312,-0.06107330322265625,0.05480962619185448,0.009832819923758507,-0.015739629045128822,0.01745552569627762,-0.15463431179523468,-0.10139265656471252,-0.05740446597337723,-0.04631554335355759,0.11163607239723206,0.06190016120672226,0.05457887798547745,0.12083479762077332,-0.003561093471944332,-0.022263895720243454,-0.010425164364278316,0.03346358984708786,-0.18236997723579407,-0.13458704948425293,0.025958364829421043,0.006962940096855164,0.1926056146621704,0.1906682848930359,0.058567699044942856,0.1614972949028015
-0.004322052001953125,-0.0058498382568359375,-0.058661460876464844,0.052159495651721954,-0.010315587744116783,-0.021792922168970108,0.03155810758471489,-0.14154744148254395,-0.07376201450824738,-0.0591869093477726,-0.04684418812394142,0.0955919548869133,0.05453189089894295,0.03778035193681717,0.1687450259923935,-0.009302832186222076,-0.018204808235168457,-0.0213483776897192,0.04011693596839905,-0.18618392944335938,-0.1254996359348297,0.04355613514780998,0.024526987224817276,0.2055642008781433,0.21400639414787292,0.08129334449768066,0.11940798908472061
-0.0021848678588867188,-0.0018177032470703125,-0.05540180206298828,0.04876471683382988,-0.01082141138613224,-0.029232900589704514,0.08377934992313385,-0.13255226612091064,-0.06572039425373077,-0.06429683417081833,-0.0631566271185875,0.0776934027671814,0.03536383435130119,0.039559390395879745,0.18077199161052704,-0.014874220825731754,-0.006509716156870127,-0.027237989008426666,0.023706279695034027,-0.1784050315618515,-0.11929108947515488,0.06747352331876755,0.061109233647584915,0.20965074002742767,0.24677674472332,0.07985745370388031,0.01952337846159935
-0.0004892349243164062,0.003264761995524168,-0.053652286529541016,0.04684090241789818,-0.008688531816005707,-0.034960851073265076,0.08174888789653778,-0.12481901794672012,-0.06513207405805588,-0.0684252381324768,-0.05971597880125046,0.06110083684325218,0.03640783950686455,0.03694280982017517,0.17043320834636688,-0.014053798280656338,-0.008306818082928658,-0.02731107734143734,0.00020747259259223938,-0.14579106867313385,-0.10148666799068451,0.12656795978546143,0.10439898073673248,0.22183115780353546,0.24474693834781647,0.0441330224275589,-0.03238140046596527
0.001530397916212678,0.007401731330901384,-0.05196380615234375,0.04499611631035805,-0.0016567702405154705,-0.040923330932855606,0.07160341739654541,-0.1146576851606369,-0.06382107734680176,-0.06927728652954102,-0.060741763561964035,0.04613139107823372,0.02138299122452736,0.03917491063475609,0.15651832520961761,-0.012507210485637188,-0.010274149477481842,-0.026158710941672325,-0.02818174660205841,-0.10978235304355621,-0.07415714114904404,0.1752495914697647,0.1479080319404602,0.21590204536914825,0.21508800983428955,0.016529221087694168,-0.05082542821764946
0.0017862595850601792,0.008277950808405876,-0.0508880615234375,0.043861810117959976,0.020715786144137383,-0.044351302087306976,0.0904397964477539,-0.09970016777515411,-0.05185771733522415,-0.0680718868970871,-0.06279750168323517,0.03150661662220955,0.009968698024749756,0.04237962141633034,0.1696619987487793,-0.01213114708662033,-0.010266650468111038,-0.02317444235086441,-0.03471837192773819,-0.0847589373588562,-0.04283476248383522,0.18760070204734802,0.18051624298095703,0.20612196624279022,0.20344659686088562,0.00788677018135786,-0.0397469587624073
0.0011800711508840322,0.005477031692862511,-0.049321651458740234,0.04240372031927109,0.01045205071568489,-0.04601036384701729,0.06877745687961578,-0.08190084993839264,-0.05607942119240761,-0.0685553178191185,-0.05631699413061142,0.01601696014404297,0.03319624811410904,0.04476763680577278,0.1597493439912796,-0.014100379310548306,-0.01349894143640995,-0.019225522875785828,-0.02357291430234909,-0.061365582048892975,-0.0482303686439991,0.19620868563652039,0.193943589925766,0.20124082267284393,0.19993911683559418,0.006874655839055777,-0.010855956934392452
0.0008985430467873812,0.004116465803235769,-0.049239158630371094,0.04239454120397568,0.038480836898088455,-0.04768580570816994,0.09645569324493408,-0.06877142935991287,-0.04777400568127632,-0.07463544607162476,-0.05613476410508156,-0.0018792563350871205,-0.028213314712047577,0.04687977954745293,0.17059534788131714,-0.01402214914560318,-0.011911943554878235,-0.016331259161233902,-0.04097406566143036,-0.01965416967868805,-0.002977929078042507,0.23539142310619354,0.2210143804550171,0.18709313869476318,0.1840536892414093,0.008499586023390293,0.008643781766295433
-0.003464221954345703,-0.0006618499755859375,-0.049057960510253906,0.04243476316332817,0.03851854428648949,-0.044124580919742584,0.07721096277236938,-0.05325667932629585,-0.05025174841284752,-0.08359413594007492,-0.051684584468603134,-0.021709227934479713,-0.01571236550807953,0.04768959432840347,0.1572190374135971,-0.013634738512337208,-0.013849884271621704,-0.010380678810179234,-0.033513881266117096,0.0021127660293132067,0.02712945267558098,0.23304934799671173,0.25492921471595764,0.17942661046981812,0.1934058964252472,0.010357091203331947,0.06744203716516495
-0.006822109222412109,-0.006594657897949219,-0.04714345932006836,0.04080402851104736,0.041983168572187424,-0.04128687083721161,0.09318889677524567,-0.035916704684495926,-0.04168401286005974,-0.09097650647163391,-0.056335385888814926,-0.04067205637693405,-0.05435643345117569,0.04893285408616066,0.16352145373821259,-0.013027247041463852,-0.013121593743562698,-0.00777063425630331,-0.02844841405749321,0.01989634335041046,0.05769447609782219,0.22974969446659088,0.26739105582237244,0.1806395947933197,0.1714586764574051,0.013819830492138863,0.09832168370485306
-0.005946636199951172,-0.0014715194702148438,-0.04746580123901367,0.04088951274752617,0.05622372403740883,-0.04315731301903725,0.0867384523153305,-0.029011866077780724,-0.020833496004343033,-0.09484076499938965,-0.062141984701156616,-0.05652022734284401,-0.07305993884801865,0.04916277900338173,0.155379518866539,-0.011562912724912167,-0.01725061796605587,-0.011621365323662758,-0.01999446004629135,0.070494145154953,0.10106206685304642,0.2675741910934448,0.27061381936073303,0.16907712817192078,0.1563846617937088,0.0519474595785141,0.12363851815462112
-0.0063228607177734375,0.0074004787020385265,-0.0486607551574707,0.0416426882147789,0.048298973590135574,-0.0431922972202301,0.08815404772758484,-0.027919983491301537,-0.02487803064286709,-0.10178401321172714,-0.07791949808597565,-0.07342056930065155,0.010197669267654419,0.04928705468773842,0.16205911338329315,-0.013454870320856571,-0.013933675363659859,-0.01298114750534296,-0.018563318997621536,0.12665604054927826,0.10983356088399887,0.3056729733943939,0.3040095567703247,0.16953861713409424,0.18199653923511505,0.08306587487459183,0.1398162543773651
-0.011288642883300781,0.004985295236110687,-0.04719972610473633,0.04029539227485657,0.04458577558398247,-0.03685005009174347,0.06760144978761673,-0.014381821267306805,0.001759121660143137,-0.10864677280187607,-0.09406105428934097,-0.09156835079193115,0.03599364310503006,0.04821375384926796,0.14632102847099304,-0.016525140032172203,-0.012695375829935074,-0.0086705032736063,-0.03149457275867462,0.14452901482582092,0.16734150052070618,0.2951310873031616,0.3042876124382019,0.1724511831998825,0.1912475824356079,0.09646787494421005,0.13630026578903198
-0.013943195343017578,-0.002078533172607422,-0.04384040832519531,0.03728509694337845,0.04037667438387871,-0.03246540203690529,0.045393504202365875,0.006466474384069443,0.03856942430138588,-0.11103709042072296,-0.10871953517198563,-0.10780192911624908,0.04160809516906738,0.046973712742328644,0.11616505682468414,-0.016044966876506805,-0.013238310813903809,-0.008536656387150288,-0.03055764175951481,0.15384270250797272,0.21665404736995697,0.2868628203868866,0.2929835617542267,0.1716042309999466,0.1744018793106079,0.10188461095094681,0.12035449594259262
-0.010293006896972656,0.0012189788976684213,-0.043895721435546875,0.03720223903656006,0.054025135934352875,-0.03542173281311989,0.051620837301015854,0.017266737297177315,0.04569241777062416,-0.11105887591838837,-0.10675925016403198,-0.12180548161268234,0.0017708241939544678,0.04595551639795303,0.13346663117408752,-0.012230723164975643,-0.019561614841222763,-0.01654648222029209,-0.029715299606323242,0.19554008543491364,0.23633892834186554,0.3155272603034973,0.30288541316986084,0.16815602779388428,0.1685425192117691,0.10178712010383606,0.08863545209169388
-0.008267879486083984,0.007471958175301552,-0.04738426208496094,0.04039589688181877,0.04301648959517479,-0.036495909094810486,0.09146369993686676,0.025330709293484688,0.01572825200855732,-0.11108244955539703,-0.09290709346532822,-0.1361306756734848,-0.017500773072242737,0.04487478360533714,0.16862331330776215,-0.012412318028509617,-0.020953193306922913,-0.021453097462654114,-0.02436010167002678,0.22841842472553253,0.20257405936717987,0.30234572291374207,0.3277992904186249,0.16723044216632843,0.1488993763923645,0.10209695249795914,0.10107952356338501
-0.007487297058105469,0.004725809209048748,-0.04961252212524414,0.042755305767059326,0.02690005861222744,-0.035201482474803925,0.09141792356967926,0.04239917919039726,0.033867139369249344,-0.11318068951368332,-0.07762886583805084,-0.15250542759895325,-0.07038867473602295,0.04296274110674858,0.14742274582386017,-0.018670713528990746,-0.027560405433177948,-0.023014310747385025,-0.015072979032993317,0.24191094934940338,0.21523672342300415,0.2757284343242645,0.3058941066265106,0.166061669588089,0.0898239016532898,0.10156294703483582,0.07283159345388412
-0.005362987518310547,-0.0007572174072265625,-0.050214290618896484,0.04358722269535065,0.046056117862463,-0.034569770097732544,0.08054109662771225,0.06134626641869545,0.05891867354512215,-0.1173306256532669,-0.08229883015155792,-0.17003491520881653,-0.11907529830932617,0.040253739804029465,0.13943041861057281,-0.02625346928834915,-0.026011167094111443,-0.02491822838783264,-0.027958692982792854,0.2599804103374481,0.26622554659843445,0.2749384641647339,0.26835936307907104,0.13363578915596008,0.0479007214307785,0.09153379499912262,0.0065480247139930725
-0.004080295562744141,-0.0026292800903320312,-0.051752567291259766,0.045206863433122635,0.06520193070173264,-0.0325426384806633,0.08150224387645721,0.07818707823753357,0.0620218850672245,-0.11861903220415115,-0.077558234333992,-0.18625882267951965,-0.1560889184474945,0.03678232431411743,0.1337924301624298,-0.030790019780397415,-0.029888279736042023,-0.025108518078923225,-0.026221778243780136,0.27449312806129456,0.26573577523231506,0.26003649830818176,0.26572102308273315,0.09141746908426285,0.041618067771196365,0.07289161533117294,0.0079183429479599
-0.00431060791015625,-0.0060577392578125,-0.052799224853515625,0.04633971303701401,0.05290011689066887,-0.02795952931046486,0.07145026326179504,0.09914140403270721,0.07474934309720993,-0.11622640490531921,-0.07674741744995117,-0.20143985748291016,-0.1509261578321457,0.03260204195976257,0.08675707876682281,-0.034419186413288116,-0.032006412744522095,-0.02265743911266327,-0.007331324741244316,0.27395743131637573,0.2478291392326355,0.2285425066947937,0.2444661259651184,0.06261801719665527,0.01518835499882698,0.0662163645029068,0.021586190909147263
-0.0042285919189453125,-0.008876800537109375,-0.05355978012084961,0.04714266210794449,0.06696334481239319,-0.022714143618941307,0.037106409668922424,0.12104915827512741,0.10374513268470764,-0.11159277707338333,-0.0732908546924591,-0.21589349210262299,-0.16856154799461365,0.027409158647060394,-0.01827254891395569,-0.0373549684882164,-0.02702067792415619,-0.017680928111076355,0.01743355765938759,0.27234721183776855,0.2662387192249298,0.20614200830459595,0.20306995511054993,0.02525656670331955,-0.0375518724322319,0.04782133921980858,-0.021562371402978897
-0.005033016204833984,-0.008130550384521484,-0.05537605285644531,0.048865415155887604,0.07621050626039505,-0.015623891726136208,0.010573744773864746,0.13943184912204742,0.10169831663370132,-0.1073324903845787,-0.07098259776830673,-0.2307901829481125,-0.17363068461418152,0.021022841334342957,-0.05982185900211334,-0.03578060865402222,-0.017491692677140236,-0.008781762793660164,0.027835529297590256,0.2664338946342468,0.2298952043056488,0.17568928003311157,0.17627567052841187,-0.0047026933170855045,-0.05000673234462738,0.017526324838399887,-0.07481488585472107
-0.0038957595825195312,-0.0024666786193847656,-0.056572914123535156,0.04992641136050224,0.06768441200256348,-0.009533299133181572,-0.06357677280902863,0.14973774552345276,0.11485030502080917,-0.10865069180727005,-0.07749804854393005,-0.2479424923658371,-0.17305219173431396,0.00909590907394886,-0.1621905416250229,-0.030190449208021164,-0.00018881866708397865,-0.00031307124299928546,0.06251463294029236,0.2673192024230957,0.2046705186367035,0.16298313438892365,0.14674611389636993,-0.019475020468235016,-0.05904579162597656,-0.002120622666552663,-0.09043075144290924
-0.0004830360412597656,0.007654349785298109,-0.05583953857421875,0.0491417795419693,0.07392064481973648,-0.0050675938837230206,-0.10049490630626678,0.15395057201385498,0.10199038684368134,-0.11185882240533829,-0.09217969328165054,-0.2653636038303375,-0.1992807388305664,-0.0065917642787098885,-0.1942308247089386,-0.025191280990839005,0.02117946743965149,0.008289052173495293,0.057372450828552246,0.26761549711227417,0.182700052857399,0.15344536304473877,0.11523159593343735,-0.042529016733169556,-0.04738432168960571,-0.02300957590341568,-0.1244872435927391
0.0014643307076767087,0.017112815752625465,-0.0546574592590332,0.04809297248721123,0.0666055902838707,0.002351544564589858,-0.14788241684436798,0.15799176692962646,0.11128859966993332,-0.11667461693286896,-0.1297021210193634,-0.28322410583496094,-0.1902838945388794,-0.030587272718548775,-0.21252185106277466,-0.02701903134584427,0.05349436402320862,0.01506016869097948,0.02821565419435501,0.26959893107414246,0.1580251008272171,0.16001690924167633,0.11201957613229752,-0.07726794481277466,-0.053661033511161804,-0.03905951604247093,-0.19027447700500488
-0.0013709068298339844,0.019069252535700798,-0.05412483215332031,0.047365911304950714,0.05657768249511719,0.015749063342809677,-0.15792055428028107,0.15885215997695923,0.10407225042581558,-0.14175929129123688,-0.14735651016235352,-0.29641830921173096,-0.22173450887203217,-0.05888117477297783,-0.19756026566028595,-0.027886662632226944,0.05606529861688614,0.022698696702718735,-0.007075481116771698,0.2537388801574707,0.13437849283218384,0.15448808670043945,0.11888165026903152,-0.08835215121507645,-0.06210728734731674,-0.0231942068785429,-0.21666604280471802
-0.006371021270751953,0.013076200149953365,-0.05600786209106445,0.048052944242954254,0.04854603856801987,0.0286045391112566,-0.09673024713993073,0.1618044525384903,0.08323302865028381,-0.17445383965969086,-0.1591857671737671,-0.29401683807373047,-0.24428367614746094,-0.06860203295946121,-0.11567682027816772,-0.025885609909892082,0.051577139645814896,0.033827707171440125,-0.03284408152103424,0.22753210365772247,0.11612842977046967,0.14902126789093018,0.13109013438224792,-0.07373177260160446,-0.05093562602996826,-0.027183115482330322,-0.19433653354644775
-0.005247592926025391,0.0073561822064220905,-0.05818462371826172,0.0472310371696949,0.0449809692800045,0.028439771384000778,-0.0474761463701725,0.16369053721427917,0.07865405827760696,-0.19171343743801117,-0.17485004663467407,-0.27734726667404175,-0.2583564519882202,-0.07219264656305313,-0.06803259253501892,-0.023817433044314384,0.038582321256399155,0.037206344306468964,-0.0572844073176384,0.19925282895565033,0.1119970753788948,0.13711842894554138,0.1410970687866211,-0.06302066892385483,-0.06134146451950073,-0.03193851560354233,-0.17514213919639587
0.0016266517341136932,0.008237344212830067,-0.05816221237182617,0.04552888870239258,0.04851040616631508,0.015495444647967815,0.009222794324159622,0.14562614262104034,0.07358726114034653,-0.20656883716583252,-0.19496703147888184,-0.25321462750434875,-0.23538142442703247,-0.0706162080168724,-0.01709214225411415,-0.023794744163751602,0.024718284606933594,0.03351400047540665,-0.05683061107993126,0.18033112585544586,0.09178990125656128,0.12734264135360718,0.12472135573625565,-0.052852291613817215,-0.06458006799221039,-0.035726238042116165,-0.14858552813529968
0.001621827483177185,0.00655383849516511,-0.05658578872680664,0.04745404049754143,0.05235147103667259,0.009263965301215649,0.020946387201547623,0.11411615461111069,0.0646490678191185,-0.23225784301757812,-0.21748122572898865,-0.22589437663555145,-0.21325671672821045,-0.05455318093299866,0.00643076840788126,-0.025312401354312897,0.02812095358967781,0.03682708367705345,-0.04391372948884964,0.15028029680252075,0.08490077406167984,0.10183864831924438,0.10307273268699646,-0.04995663836598396,-0.05809757113456726,-0.03827350586652756,-0.12939563393592834
0.0017646513879299164,-0.00027370452880859375,-0.05629777908325195,0.051295194774866104,0.04210656136274338,0.0035620462149381638,0.008749725297093391,0.09330068528652191,0.049223680049180984,-0.2298768013715744,-0.22647452354431152,-0.20914971828460693,-0.19673964381217957,-0.04564782232046127,0.007827126421034336,-0.02162502333521843,0.011190151795744896,0.038689300417900085,-0.07411206513643265,0.11691243201494217,0.08146142959594727,0.08052217960357666,0.07061073184013367,-0.044839873909950256,-0.03170967102050781,-0.04769730940461159,-0.14545387029647827
0.009311127476394176,-0.0074291229248046875,-0.056696414947509766,0.05133458599448204,0.049163926392793655,-0.010144221596419811,0.01958828791975975,0.07690176367759705,0.036405839025974274,-0.20975065231323242,-0.23242035508155823,-0.20585936307907104,-0.17787601053714752,-0.04071817174553871,0.023278798907995224,0.0051363431848585606,-0.010131793096661568,0.023095225915312767,-0.07723716646432877,0.09599961340427399,0.08963734656572342,0.08572649210691452,0.0286121666431427,-0.025928271934390068,0.03823298588395119,-0.04661998897790909,-0.14876788854599
0.011835054494440556,-0.00830698013305664,-0.05429983139038086,0.04756489396095276,0.05398100987076759,-0.015277768485248089,0.017089439556002617,0.036773309111595154,0.010848917067050934,-0.22122624516487122,-0.23618489503860474,-0.1934943050146103,-0.15820199251174927,-0.03393153101205826,0.027818888425827026,0.011356372386217117,-0.0017239046283066273,0.02004179172217846,-0.06548181176185608,0.08108913898468018,0.08972343057394028,0.08519476652145386,0.00915035605430603,-0.012457882054150105,0.10718563944101334,-0.0367472842335701,-0.13703012466430664
0.007417230401188135,-0.004658699035644531,-0.051869869232177734,0.046265844255685806,0.046135690063238144,-0.010028455406427383,0.021991662681102753,-0.01237359270453453,-0.023792920634150505,-0.24022452533245087,-0.2520482838153839,-0.17137116193771362,-0.13594067096710205,-0.030269956216216087,0.0031138407066464424,0.0090493094176054,0.00557658402249217,0.027606474235653877,-0.09869320690631866,0.06641220301389694,0.06479544192552567,0.07493675500154495,0.021896883845329285,-0.0043520391918718815,0.07239862531423569,-0.034942854195833206,-0.145400732755661
0.0028952332213521004,-0.0028371810913085938,-0.05175447463989258,0.04706156626343727,0.04126325622200966,-0.003185985377058387,0.02337276190519333,-0.049259692430496216,-0.06305018812417984,-0.24434742331504822,-0.25910326838493347,-0.1580071598291397,-0.1354965716600418,-0.027765048667788506,-0.012186854146420956,0.008989584632217884,-0.00573984207585454,0.035408519208431244,-0.09651383757591248,0.05066293105483055,0.04853316769003868,0.066172294318676,0.02182815968990326,0.004509186837822199,0.05988866463303566,-0.03828573599457741,-0.14865821599960327
0.0013009781250730157,-0.002853870391845703,-0.05333566665649414,0.04544186219573021,0.037458740174770355,0.0014277533628046513,0.012278378009796143,-0.07740868628025055,-0.10575373470783234,-0.2451571822166443,-0.25678399205207825,-0.1482284665107727,-0.13047534227371216,-0.02603866346180439,-0.00939906295388937,0.010552674531936646,-0.0206620991230011,0.03932146355509758,-0.07865002751350403,0.03673131391406059,0.031071092933416367,0.06473230570554733,0.02317708730697632,0.017014948651194572,0.030376862734556198,-0.04049820452928543,-0.1400710642337799
0.003969196230173111,-0.0038785934448242188,-0.056982994079589844,0.04287618398666382,0.034423694014549255,0.002014569006860256,0.009606007486581802,-0.0919007807970047,-0.1417931467294693,-0.2306319624185562,-0.25804513692855835,-0.14275303483009338,-0.1420869082212448,-0.024665778502821922,-0.01674208790063858,0.01414561364799738,-0.009386064484715462,0.03782683610916138,-0.06571076810359955,0.025228621438145638,0.01568477973341942,0.06996355950832367,0.03741389513015747,0.032644469290971756,0.03235989063978195,-0.04162903502583504,-0.14259329438209534
0.003303663805127144,0.0025592586025595665,-0.0568079948425293,0.03289441764354706,0.0311728622764349,0.007394887041300535,0.013217166066169739,-0.1313006430864334,-0.17525795102119446,-0.25077199935913086,-0.24828824400901794,-0.1391303837299347,-0.14135593175888062,-0.025462042540311813,-0.022746380418539047,0.014251056127250195,0.00034103868529200554,0.039630211889743805,-0.07341065257787704,0.02047739550471306,-0.014432434923946857,0.0731411725282669,0.051886871457099915,0.04704597592353821,0.015575192868709564,-0.04278049245476723,-0.14783084392547607
0.002252858830615878,0.007820515893399715,-0.055078983306884766,0.03108585812151432,0.04252972826361656,0.011496592313051224,0.010836724191904068,-0.16390188038349152,-0.15164919197559357,-0.2538122236728668,-0.2636965811252594,-0.1398666799068451,-0.15039123594760895,-0.027354350313544273,-0.033723074942827225,0.012753182090818882,0.0073419432155787945,0.0413491390645504,-0.05760612338781357,0.010999754071235657,-0.005108748562633991,0.07063019275665283,0.055899567902088165,0.05925657972693443,-0.05550393462181091,-0.04356038570404053,-0.1274859607219696
0.0011274735443294048,0.005690811201930046,-0.054955482482910156,0.03758224844932556,0.03530703857541084,0.013404644094407558,0.004713375121355057,-0.17996466159820557,-0.18429288268089294,-0.24414175748825073,-0.2513710856437683,-0.13916335999965668,-0.12320517003536224,-0.0299326553940773,-0.04408964514732361,0.012544116005301476,0.011885877698659897,0.04256654530763626,-0.023916810750961304,-0.00811276026070118,-0.017822127789258957,0.06544612348079681,0.039918556809425354,0.07107934355735779,0.016470715403556824,-0.04364747554063797,-0.11550547927618027
-0.002627849578857422,0.0028204431291669607,-0.053791046142578125,0.03976332023739815,0.03094400279223919,0.01713503710925579,-0.003962226212024689,-0.19807115197181702,-0.205089271068573,-0.2412712275981903,-0.23433327674865723,-0.13057754933834076,-0.12456692010164261,-0.032229866832494736,-0.03816572576761246,0.011247574351727962,0.01324290782213211,0.046323876827955246,-0.010689549148082733,-0.030018135905265808,-0.03778020665049553,0.05703377723693848,0.037946783006191254,0.08177544176578522,0.03458753973245621,-0.04365120455622673,-0.11029397696256638
-0.0036907196044921875,0.0016379759181290865,-0.052919864654541016,0.03956782445311546,0.037452731281518936,0.015935037285089493,0.01679190993309021,-0.21036992967128754,-0.2022760808467865,-0.2225571572780609,-0.22261112928390503,-0.12423073500394821,-0.11444511264562607,-0.034263771027326584,-0.0387059822678566,0.010331373661756516,0.01292155310511589,0.046528346836566925,-0.06579017639160156,-0.046679865568876266,-0.04693803936243057,0.055170539766550064,0.041159920394420624,0.09536618739366531,0.03921826183795929,-0.04288044571876526,-0.1333170235157013
-0.0031867027282714844,0.002989528700709343,-0.05263710021972656,0.038525477051734924,0.04240962490439415,0.012464623898267746,0.032036036252975464,-0.22328537702560425,-0.22685301303863525,-0.200990229845047,-0.20262986421585083,-0.1061982586979866,-0.07179634273052216,-0.03600381314754486,-0.03617105260491371,0.010102122090756893,0.004666529130190611,0.04440245032310486,-0.06538788974285126,-0.05740002915263176,-0.06969930231571198,0.05930992588400841,0.036203473806381226,0.11160805821418762,0.08892543613910675,-0.04106380417943001,-0.11110595613718033
-0.004629611968994141,0.004706323146820068,-0.05321645736694336,0.03787197917699814,0.046290043741464615,0.011644440703094006,0.013771336525678635,-0.2393573522567749,-0.22073188424110413,-0.19177865982055664,-0.1886119544506073,-0.09491197019815445,-0.04940430074930191,-0.037191279232501984,-0.013930677436292171,0.010751776397228241,0.0006846259348094463,0.04397018626332283,-0.0647718757390976,-0.06799015402793884,-0.0788879469037056,0.06305263936519623,0.03582169860601425,0.1276712417602539,0.10042262822389603,-0.039285656064748764,-0.10002671182155609
-0.004852771759033203,0.0033454271033406258,-0.05469942092895508,0.03735221177339554,0.03821435943245888,0.009615086019039154,0.008543092757463455,-0.24251696467399597,-0.23792250454425812,-0.16940809786319733,-0.1714303195476532,-0.07217669486999512,-0.013843029737472534,-0.036510080099105835,-0.006810157559812069,0.012157970108091831,-0.0028516878373920918,0.041556719690561295,-0.08025629818439484,-0.08295989036560059,-0.08895315229892731,0.06567689031362534,0.034612104296684265,0.14388589560985565,0.14390763640403748,-0.036525849252939224,-0.10839305073022842
-0.0037584304809570312,-0.002311229705810547,-0.05568218231201172,0.03866856172680855,0.0440092496573925,0.004955165088176727,0.007532879710197449,-0.23774482309818268,-0.24112270772457123,-0.14885501563549042,-0.153263658285141,-0.03806274011731148,0.014472819864749908,-0.03128104656934738,0.021089695394039154,0.012937122024595737,-0.004922081250697374,0.03697734326124191,-0.08648519963026047,-0.10400571674108505,-0.10433869063854218,0.06769575923681259,0.03664326295256615,0.1613427847623825,0.16432297229766846,-0.03291648253798485,-0.08125430345535278
-0.002834796905517578,-0.007719993591308594,-0.05549001693725586,0.04611515253782272,0.05198601633310318,-0.0028296527452766895,-0.009458106011152267,-0.23151661455631256,-0.2299283742904663,-0.1306428760290146,-0.13396409153938293,0.004382790066301823,0.05717817693948746,-0.021512603387236595,0.030272744596004486,0.012605405412614346,-0.002220910508185625,0.031741369515657425,-0.05557048320770264,-0.12796956300735474,-0.11207298189401627,0.06553590297698975,0.02370768040418625,0.17770767211914062,0.18949896097183228,-0.028513310477137566,-0.04668057709932327
-0.0023326873779296875,-0.009150505065917969,-0.055230140686035156,0.05467669293284416,0.05278218537569046,-0.011512287892401218,-0.003057580441236496,-0.22347047924995422,-0.20062820613384247,-0.10766817629337311,-0.1135159581899643,0.03882761299610138,0.0867653340101242,-0.007632593624293804,0.05871887505054474,0.012378470040857792,-0.003069531638175249,0.02601342834532261,-0.06910616904497147,-0.15043629705905914,-0.12544114887714386,0.05891750752925873,0.015580441802740097,0.1921127885580063,0.18173003196716309,-0.02331257425248623,0.013842524960637093
-0.0026416778564453125,-0.002616405487060547,-0.05599403381347656,0.05658939853310585,0.05299660563468933,-0.01732916198670864,-0.010373689234256744,-0.2244473695755005,-0.17892545461654663,-0.09728267788887024,-0.09119456261396408,0.06072825938463211,0.11401091516017914,0.002284788992255926,0.07651184499263763,0.013309192843735218,-0.0204338189214468,0.020214056596159935,-0.028980372473597527,-0.1633840650320053,-0.1412048041820526,0.05380728840827942,0.0020494982600212097,0.2065051943063736,0.2094946950674057,-0.017322489991784096,0.0947575494647026
-0.004708766937255859,0.002654652576893568,-0.05626487731933594,0.05402325466275215,0.03862755000591278,-0.023958582431077957,-0.01534818485379219,-0.21415632963180542,-0.15275117754936218,-0.08232420682907104,-0.07532648742198944,0.10408276319503784,0.13408823311328888,0.046240728348493576,0.12068196386098862,0.01364267896860838,-0.02897016331553459,0.013966666534543037,0.00886056013405323,-0.18061912059783936,-0.1624845713376999,0.04498199000954628,-0.0006551221013069153,0.22077661752700806,0.20007798075675964,0.003020616015419364,0.17215418815612793
-0.0076732635498046875,0.0057672783732414246,-0.054282188415527344,0.05284421890974045,0.010028347373008728,-0.027590224519371986,0.0046884119510650635,-0.2015325278043747,-0.13472451269626617,-0.0808221772313118,-0.06801268458366394,0.12176544964313507,0.11725334823131561,0.05294306203722954,0.14106932282447815,0.010295855812728405,-0.022402042523026466,0.005874370224773884,0.026979677379131317,-0.20155374705791473,-0.15107043087482452,0.03544723615050316,0.006589449942111969,0.23560023307800293,0.17678207159042358,0.045203495770692825,0.17449519038200378
-0.0062503814697265625,0.011134319007396698,-0.05089569091796875,0.04908293858170509,-0.010859837755560875,-0.03343181684613228,0.04860060662031174,-0.1871301829814911,-0.08369433879852295,-0.07694782316684723,-0.08189462125301361,0.10568434000015259,0.1116572842001915,0.03877699747681618,0.18202023208141327,0.00428619934245944,-0.014153733849525452,-0.005472476128488779,0.05736825615167618,-0.20902074873447418,-0.14667066931724548,0.044102106243371964,0.02337193489074707,0.24364790320396423,0.22058379650115967,0.07500284910202026,0.12082064896821976
-0.0058746337890625,0.01788460463285446,-0.04632425308227539,0.04417943209409714,-0.019964033737778664,-0.039902035146951675,0.0940435528755188,-0.1770806610584259,-0.06357722729444504,-0.07585912942886353,-0.0973236933350563,0.09009530395269394,0.12332019209861755,0.04499635845422745,0.222114697098732,-0.005627989768981934,-0.0009569949470460415,-0.012742766179144382,0.03737930208444595,-0.2105104625225067,-0.1285707950592041,0.05245281755924225,0.06380882114171982,0.241054505109787,0.26505720615386963,0.08900868892669678,0.040819913148880005
-0.010284900665283203,0.02828354947268963,-0.04301786422729492,0.04025404527783394,-0.026700010523200035,-0.04042617976665497,0.10174344480037689,-0.17329445481300354,-0.04108672961592674,-0.07728417217731476,-0.10520094633102417,0.07428448647260666,0.15189436078071594,0.04955640807747841,0.19652937352657318,-0.014327666722238064,0.000836650375276804,-0.011306297034025192,0.033183299005031586,-0.2041253298521042,-0.12130359560251236,0.04982580617070198,0.09856216609477997,0.23153012990951538,0.2736503481864929,0.1002642884850502,-0.016654983162879944
-0.011552810668945312,0.029691116884350777,-0.043540000915527344,0.04054413363337517,-0.028496311977505684,-0.04355935752391815,0.09515853226184845,-0.158148854970932,-0.026575669646263123,-0.07637441903352737,-0.10839282721281052,0.05853234604001045,0.16217204928398132,0.05392880737781525,0.15994615852832794,-0.012647895142436028,-0.00466400058940053,-0.009058894589543343,0.005614057183265686,-0.17156462371349335,-0.10626944899559021,0.1121346578001976,0.12497220933437347,0.24133539199829102,0.2733490467071533,0.06328590959310532,-0.08008917421102524
-0.011438846588134766,0.017155177891254425,-0.044222354888916016,0.04185256361961365,-0.016490772366523743,-0.04687430337071419,0.06052094325423241,-0.12492308020591736,-0.05524842068552971,-0.07021944224834442,-0.07781247794628143,0.04404434189200401,0.11711987853050232,0.05761941149830818,0.1456715166568756,-0.008878597989678383,-0.006721242796629667,-0.0066343266516923904,-0.019508708268404007,-0.1456308811903,-0.06453033536672592,0.1728542149066925,0.1756601631641388,0.24311254918575287,0.26797163486480713,0.027211174368858337,-0.0757545605301857
-0.01447439193725586,0.006520582363009453,-0.04353809356689453,0.04173434525728226,0.009732218459248543,-0.04616054147481918,0.05113304406404495,-0.09651496261358261,-0.06126605346798897,-0.06693859398365021,-0.06292107701301575,0.029429776594042778,0.05164361000061035,0.06050695478916168,0.13128189742565155,-0.00858273170888424,-0.006215275730937719,-0.0008443710394203663,-0.035682715475559235,-0.12092515826225281,-0.04118989780545235,0.19967424869537354,0.22636675834655762,0.24523009359836578,0.2427867203950882,0.007579968310892582,-0.055226847529411316
-0.014582157135009766,0.0076089235953986645,-0.04428577423095703,0.04237177595496178,0.023335261270403862,-0.04906615614891052,0.057332586497068405,-0.08347687870264053,-0.05822761356830597,-0.06642619520425797,-0.052656956017017365,0.015784019604325294,-0.018171824514865875,0.06332454085350037,0.13851489126682281,-0.01055178977549076,-0.016590628772974014,-0.00042500271229073405,-0.032714083790779114,-0.058698758482933044,-0.02938833087682724,0.2617834210395813,0.2533910274505615,0.22957684099674225,0.204565167427063,0.006013888865709305,-0.013633538037538528
-0.018604755401611328,0.005950035061687231,-0.04222679138183594,0.040409915149211884,0.04745417460799217,-0.04705021157860756,0.06809872388839722,-0.0696607232093811,-0.06570632010698318,-0.06937592476606369,-0.041501015424728394,0.0005741144414059818,-0.018115349113941193,0.06541940569877625,0.1394781619310379,-0.017703350633382797,-0.014819199219346046,0.0028595835901796818,-0.02751806005835533,-0.025942310690879822,0.02230997011065483,0.254577100276947,0.2922026813030243,0.21619470417499542,0.1905430257320404,0.00558453518897295,0.06196197122335434
-0.019821643829345703,0.0031997982878237963,-0.04010963439941406,0.0384644977748394,0.044902872294187546,-0.047928255051374435,0.06471100449562073,-0.05496940761804581,-0.032034214586019516,-0.07303441315889359,-0.04807090386748314,-0.015095164068043232,-0.004161089658737183,0.06767673790454865,0.12427185475826263,-0.019258739426732063,-0.01749306172132492,0.0009561369079165161,-0.005144186317920685,0.010069544427096844,0.052475348114967346,0.2574211061000824,0.2849770784378052,0.20677576959133148,0.18173514306545258,0.02042071335017681,0.11736605316400528
-0.020904541015625,-0.0046520233154296875,-0.0360722541809082,0.03497754782438278,0.05234134569764137,-0.048240888863801956,0.06655730307102203,-0.036035746335983276,-0.039989884942770004,-0.078966423869133,-0.04706919193267822,-0.032046228647232056,-0.06171560287475586,0.06939364224672318,0.14944206178188324,-0.019229546189308167,-0.016996856778860092,-0.0018460525898262858,-0.0037486255168914795,0.03515978902578354,0.09112656861543655,0.254451721906662,0.29858100414276123,0.19822250306606293,0.18053625524044037,0.028190935030579567,0.16409185528755188
-0.019722938537597656,-0.005682945251464844,-0.03473854064941406,0.033720262348651886,0.06262723356485367,-0.05101843923330307,0.06904461979866028,-0.02612619660794735,-0.008739424869418144,-0.08788143843412399,-0.0674552395939827,-0.0497470460832119,-0.02594168484210968,0.07090750336647034,0.14544638991355896,-0.013128189370036125,-0.012291328981518745,-0.008664501830935478,-0.013910114765167236,0.08313330262899399,0.13388536870479584,0.28248220682144165,0.2971328794956207,0.18998220562934875,0.18255512416362762,0.07133091241121292,0.1615447700023651
-0.02190685272216797,-0.005687236785888672,-0.03527641296386719,0.03426966443657875,0.050029393285512924,-0.04941819980740547,0.060432564467191696,-0.01597086898982525,-0.0196385458111763,-0.09504017978906631,-0.07208116352558136,-0.06714797765016556,0.011186793446540833,0.07155188173055649,0.14028383791446686,-0.009408196434378624,-0.016110900789499283,-0.010485811159014702,-0.013087764382362366,0.11375448107719421,0.1389935314655304,0.26225605607032776,0.3272002637386322,0.18241985142230988,0.19291797280311584,0.09411296248435974,0.17062228918075562
-0.02290821075439453,-0.010207653045654297,-0.03435945510864258,0.033671457320451736,0.03363795205950737,-0.04816979542374611,0.04856424033641815,0.000604132772423327,0.013742165639996529,-0.09953063726425171,-0.08210474252700806,-0.08369141817092896,0.02494312822818756,0.07147635519504547,0.1216198056936264,-0.011693100444972515,-0.019205618649721146,-0.012031326070427895,-0.0035638920962810516,0.13554812967777252,0.17393821477890015,0.24475876986980438,0.3055892884731293,0.18334418535232544,0.16538546979427338,0.10615217685699463,0.14586731791496277
-0.020714759826660156,-0.01387786865234375,-0.03268575668334961,0.03226237744092941,0.05999473109841347,-0.04980352520942688,0.06598345935344696,0.014911491423845291,0.023235680535435677,-0.10606802254915237,-0.09202352166175842,-0.10075390338897705,-0.0010431855916976929,0.07102859765291214,0.13565693795681,-0.015914587303996086,-0.017135635018348694,-0.015758002176880836,-0.022919347509741783,0.17479224503040314,0.2202238142490387,0.27516040205955505,0.2987297475337982,0.1792711615562439,0.1582159399986267,0.11001625657081604,0.10711830109357834
-0.017652511596679688,-0.009469032287597656,-0.03407144546508789,0.03332694247364998,0.060205064713954926,-0.05221773684024811,0.05288325622677803,0.01908729411661625,0.028566448017954826,-0.11523759365081787,-0.09670017659664154,-0.11841795593500137,-0.015553995966911316,0.07018476724624634,0.1447238177061081,-0.016678528860211372,-0.017091164365410805,-0.019652703776955605,-0.024806104600429535,0.2308254987001419,0.2514975070953369,0.31702834367752075,0.30171921849250793,0.16204774379730225,0.15547999739646912,0.10935856401920319,0.09254217147827148
-0.01782703399658203,-0.008408069610595703,-0.03668022155761719,0.03584848344326019,0.044367942959070206,-0.05043032020330429,0.06422170996665955,0.02890290692448616,0.01672387309372425,-0.12176309525966644,-0.09261397272348404,-0.13589608669281006,-0.02670280635356903,0.06861994415521622,0.1474912017583847,-0.01679924689233303,-0.02096315659582615,-0.019202129915356636,-0.03039504587650299,0.25965216755867004,0.24221526086330414,0.3066781163215637,0.32918813824653625,0.1560201197862625,0.14981789886951447,0.10916326940059662,0.1075860932469368
-0.016954421997070312,-0.009707450866699219,-0.03801250457763672,0.03725116327404976,0.04791019484400749,-0.04906173050403595,0.053214091807603836,0.0446208119392395,0.033532749861478806,-0.12194458395242691,-0.080531544983387,-0.15045543015003204,-0.08677378296852112,0.06641959398984909,0.12521901726722717,-0.019788214936852455,-0.02500894106924534,-0.018911490216851234,-0.02007731981575489,0.27613353729248047,0.27351614832878113,0.28328391909599304,0.28741025924682617,0.13397905230522156,0.07129241526126862,0.1074128970503807,0.07521962374448776
-0.013425827026367188,-0.007588863372802734,-0.04004478454589844,0.03913115710020065,0.060992833226919174,-0.0500764474272728,0.05853864923119545,0.06043160334229469,0.04701640084385872,-0.11536490172147751,-0.07712069153785706,-0.16171351075172424,-0.12519866228103638,0.06377436220645905,0.12832924723625183,-0.0251318346709013,-0.02759236842393875,-0.019193435087800026,-0.016056260094046593,0.2974686324596405,0.2849007844924927,0.26745858788490295,0.2743520736694336,0.09247873723506927,0.044374242424964905,0.09411272406578064,0.03731898218393326
-0.012058258056640625,-0.007132530212402344,-0.04186534881591797,0.04088975116610527,0.06018558889627457,-0.04779084026813507,0.07058016955852509,0.07771724462509155,0.050816040486097336,-0.11061238497495651,-0.07264453172683716,-0.17466653883457184,-0.1327715367078781,0.06007636338472366,0.11387141793966293,-0.031029894948005676,-0.027364276349544525,-0.015125111676752567,-0.009791865944862366,0.31108102202415466,0.2766350209712982,0.25309962034225464,0.253718763589859,0.06538679450750351,0.024044640362262726,0.08506505936384201,0.029952507466077805
-0.01580333709716797,-0.009207725524902344,-0.04242706298828125,0.04152917489409447,0.07323857396841049,-0.03893435746431351,0.05447348952293396,0.09494481235742569,0.06336880475282669,-0.1118483617901802,-0.07024269551038742,-0.19123061001300812,-0.15910303592681885,0.055123478174209595,0.05762878432869911,-0.03260292112827301,-0.02757083624601364,-0.006034207530319691,-0.010989696718752384,0.3066834807395935,0.28317373991012573,0.22308281064033508,0.22152307629585266,0.04239127039909363,-0.0030536390841007233,0.07364800572395325,0.004893988370895386
-0.018369674682617188,-0.006939411163330078,-0.040821075439453125,0.03976542502641678,0.06443578004837036,-0.030968962237238884,-0.01891672983765602,0.1056586429476738,0.1017257422208786,-0.11613830178976059,-0.068781778216362,-0.20856942236423492,-0.17270517349243164,0.04964819550514221,-0.05172450840473175,-0.029428740963339806,-0.02880266308784485,-0.0007897730101831257,0.025875583291053772,0.31018078327178955,0.2911481559276581,0.21931704878807068,0.18294787406921387,0.03137816861271858,-0.05234532058238983,0.06676388531923294,-0.03746652603149414
-0.018638134002685547,-0.002643585205078125,-0.04200124740600586,0.0415889173746109,0.09124428778886795,-0.02515212446451187,-0.03430159017443657,0.11946315318346024,0.11002013832330704,-0.1115218922495842,-0.07140104472637177,-0.2210390716791153,-0.1911952644586563,0.04177781939506531,-0.10884208977222443,-0.02463257871568203,-0.020525136962532997,0.004292635712772608,0.03850070759654045,0.295948326587677,0.2817375957965851,0.17569231986999512,0.1641128659248352,-0.013601068407297134,-0.08280637115240097,0.02449067123234272,-0.07733158022165298
-0.012020587921142578,0.003846673062071204,-0.045934200286865234,0.04549447447061539,0.0682893842458725,-0.024073930457234383,-0.08077974617481232,0.13473419845104218,0.1031581312417984,-0.10288459807634354,-0.07099461555480957,-0.23372764885425568,-0.18178215622901917,0.014746450819075108,-0.19290734827518463,-0.021904464811086655,0.004134794231504202,0.006053735036402941,0.06586843729019165,0.27990293502807617,0.20503117144107819,0.13205409049987793,0.12960928678512573,-0.03736612945795059,-0.08191800117492676,-0.0047250897623598576,-0.10125607252120972
-0.0008296966552734375,0.01301137637346983,-0.048842430114746094,0.047814834862947464,0.06670092046260834,-0.025671441107988358,-0.11207543313503265,0.1417912393808365,0.07751467823982239,-0.10556836426258087,-0.09578320384025574,-0.25236794352531433,-0.17785169184207916,-0.031418923288583755,-0.18800227344036102,-0.01930627040565014,0.03547339886426926,0.006150339730083942,0.06708128750324249,0.271480530500412,0.1465791016817093,0.11513335257768631,0.10633623600006104,-0.05194736272096634,-0.043889857828617096,-0.04162789508700371,-0.14409205317497253
0.006729254499077797,0.02289285883307457,-0.05168914794921875,0.05004455894231796,0.05301342532038689,-0.024918323382735252,-0.13217155635356903,0.144099622964859,0.06491953134536743,-0.11407618969678879,-0.1370268166065216,-0.26768144965171814,-0.19479483366012573,-0.060885146260261536,-0.13631318509578705,-0.018636198714375496,0.0656830370426178,0.005158816929906607,0.02025672048330307,0.28051042556762695,0.11701630055904388,0.13114754855632782,0.10154157876968384,-0.08198849856853485,-0.015991471707820892,-0.05091525986790657,-0.1934158205986023
0.0040587675757706165,0.02176724001765251,-0.052538394927978516,0.05106865242123604,0.04837837442755699,-0.014363790862262249,-0.12491518259048462,0.14457058906555176,0.07044309377670288,-0.14534342288970947,-0.16388651728630066,-0.2761375606060028,-0.22423326969146729,-0.06900704652070999,-0.10636711865663528,-0.01902642287313938,0.06558211892843246,0.013319016434252262,-0.02474178746342659,0.2623143196105957,0.10195473581552505,0.12344136834144592,0.10664346069097519,-0.11045572906732559,-0.051020339131355286,-0.04361405968666077,-0.21070224046707153
0.00030075880931690335,0.012846047058701515,-0.052828311920166016,0.05169815570116043,0.0409807525575161,-0.0033710964489728212,-0.10154396295547485,0.15599676966667175,0.0698121190071106,-0.17073900997638702,-0.17854070663452148,-0.2771165370941162,-0.2654763460159302,-0.0658104419708252,-0.07888352125883102,-0.019104674458503723,0.058296121656894684,0.022273261100053787,-0.04302731901407242,0.23436784744262695,0.11364738643169403,0.11904729157686234,0.10025060921907425,-0.1106358990073204,-0.05569086968898773,-0.038276202976703644,-0.19858932495117188
-0.004642486572265625,0.004027627874165773,-0.05153465270996094,0.047380950301885605,0.04309839382767677,0.005109971854835749,-0.0685882419347763,0.15735042095184326,0.07784076035022736,-0.20516593754291534,-0.196577250957489,-0.26718464493751526,-0.2738340198993683,-0.05502261966466904,-0.030570805072784424,-0.020510591566562653,0.044539518654346466,0.03132409229874611,-0.07859588414430618,0.20077373087406158,0.1030244529247284,0.1066044345498085,0.0930255651473999,-0.09836385399103165,-0.07901342213153839,-0.027122946456074715,-0.19775769114494324
-0.0032477378845214844,0.0001851552224252373,-0.05063343048095703,0.04361094906926155,0.044688016176223755,-0.00042498845141381025,-0.005515715107321739,0.1550302654504776,0.06113160029053688,-0.20329219102859497,-0.20689994096755981,-0.25246769189834595,-0.2371297925710678,-0.05207284167408943,-0.013845945708453655,-0.021487761288881302,0.033791933208703995,0.03470349684357643,-0.09147851169109344,0.17625665664672852,0.09676788747310638,0.09821947664022446,0.09816349297761917,-0.08599870651960373,-0.09571966528892517,-0.03559640049934387,-0.16054150462150574
0.0021176293957978487,0.004369469825178385,-0.04904365539550781,0.043607115745544434,0.05072510242462158,-0.014778622426092625,0.027537770569324493,0.1273050159215927,0.06751282513141632,-0.20948824286460876,-0.22019484639167786,-0.23861725628376007,-0.21508142352104187,-0.04591243714094162,0.012622865848243237,-0.022948984056711197,0.02115378901362419,0.03264818713068962,-0.09539289027452469,0.16305361688137054,0.0895184800028801,0.0918433889746666,0.08684182912111282,-0.07491867244243622,-0.07932309806346893,-0.0395754836499691,-0.14342662692070007
0.009574420750141144,0.005709231831133366,-0.04949665069580078,0.04781205952167511,0.051259636878967285,-0.032049085944890976,0.05389053001999855,0.10007289052009583,0.04426614195108414,-0.20496724545955658,-0.22922125458717346,-0.2304888218641281,-0.19050332903862,-0.0473116971552372,0.039112117141485214,-0.021953511983156204,0.00982498936355114,0.027744831517338753,-0.09204529225826263,0.1508823186159134,0.09500548988580704,0.0913429707288742,0.07165740430355072,-0.061702679842710495,-0.03501059114933014,-0.045010022819042206,-0.12242831289768219
0.013370472006499767,0.0021125825587660074,-0.05140256881713867,0.049727439880371094,0.0478610135614872,-0.042710766196250916,0.06006403639912605,0.06971302628517151,0.018247896805405617,-0.21108177304267883,-0.2300630509853363,-0.21389766037464142,-0.15099886059761047,-0.04045586287975311,0.06979621201753616,-0.020104067400097847,-0.00820695050060749,0.02577942982316017,-0.11437143385410309,0.13117428123950958,0.09818912297487259,0.08607323467731476,0.0401807501912117,-0.05080263316631317,0.02926855906844139,-0.04203769937157631,-0.1130886897444725
0.015826979652047157,-0.007103919982910156,-0.056925296783447266,0.05123720318078995,0.044501833617687225,-0.04730217531323433,0.04590102657675743,0.05124398693442345,-0.01728816330432892,-0.20252349972724915,-0.233209490776062,-0.2030237466096878,-0.1401854157447815,-0.03586886450648308,0.06645815074443817,-0.014528500847518444,-0.014828823506832123,0.025610357522964478,-0.12300841510295868,0.10865302383899689,0.08740875869989395,0.0861165001988411,0.02713506668806076,-0.03753034025430679,0.07446758449077606,-0.0443674698472023,-0.1202501431107521
0.016062704846262932,-0.01675128936767578,-0.06463146209716797,0.0476171113550663,0.03309341147542,-0.04463079944252968,0.025215620175004005,0.028187191113829613,-0.055703867226839066,-0.20580390095710754,-0.23030135035514832,-0.18987196683883667,-0.11686460673809052,-0.030358657240867615,0.051905132830142975,-0.00732730096206069,-0.02874545380473137,0.027807675302028656,-0.14688937366008759,0.08763076364994049,0.0706188827753067,0.08863954246044159,0.008385390043258667,-0.023749902844429016,0.12460441142320633,-0.04402458295226097,-0.13575273752212524
0.008447124622762203,-0.0136260986328125,-0.06700420379638672,0.03111397847533226,0.029057806357741356,-0.028686443343758583,0.020579272881150246,-0.030372966080904007,-0.0845317542552948,-0.24311859905719757,-0.2368069589138031,-0.15865494310855865,-0.11052963137626648,-0.021870147436857224,0.03466382995247841,-0.004854122642427683,-0.0340462289750576,0.03913583233952522,-0.1512986272573471,0.07312048971652985,0.05948654189705849,0.07727743685245514,0.001857660710811615,-0.01752658560872078,0.12910431623458862,-0.04731854423880577,-0.15938717126846313
0.00029644055757671595,-0.004492759704589844,-0.06632328033447266,0.020995641127228737,0.03210104629397392,-0.009379768744111061,0.025143805891275406,-0.08537939190864563,-0.08643197268247604,-0.2502496540546417,-0.2659669816493988,-0.14180028438568115,-0.12653426826000214,-0.01950494758784771,0.00013918522745370865,-0.00513653177767992,-0.030689235776662827,0.05037730187177658,-0.08842210471630096,0.057604994624853134,0.055427778512239456,0.052712079137563705,0.01733195036649704,-0.017480235546827316,0.010928913950920105,-0.05050380155444145,-0.12433744221925735
-0.005097866058349609,0.005792975891381502,-0.06522369384765625,0.02359776571393013,0.03170274570584297,0.0058908420614898205,0.016676273196935654,-0.13700388371944427,-0.12120147049427032,-0.2520182728767395,-0.2652629017829895,-0.13717040419578552,-0.13772079348564148,-0.018886299803853035,-0.004389326088130474,-0.005714751780033112,-0.03350898623466492,0.05766789987683296,-0.08042522519826889,0.04476447030901909,0.05245695635676384,0.031155679374933243,-0.0008531883358955383,-0.015961237251758575,0.009433697909116745,-0.052335482090711594,-0.13009056448936462
-0.002219676971435547,0.007939402014017105,-0.06581687927246094,0.032106880098581314,0.03626636043190956,0.00980687141418457,0.018747396767139435,-0.16639025509357452,-0.14827926456928253,-0.2410304695367813,-0.2628321945667267,-0.13661660254001617,-0.15410879254341125,-0.018433913588523865,-0.027842320501804352,-0.0050160749815404415,-0.03540350869297981,0.054756373167037964,-0.049021899700164795,0.03203999251127243,0.037228453904390335,0.02727053128182888,0.009222611784934998,-0.004968476947396994,-0.04267081618309021,-0.052329398691654205,-0.10994402319192886
0.0003551645786501467,0.00709901936352253,-0.06607675552368164,0.035366229712963104,0.02997860684990883,0.01366831548511982,-0.00609024241566658,-0.19734910130500793,-0.2033049613237381,-0.2510960102081299,-0.246921569108963,-0.1354423314332962,-0.13747918605804443,-0.021410413086414337,-0.03260968625545502,-0.004808332305401564,-0.011251948773860931,0.051724836230278015,0.010516665875911713,0.0196574404835701,0.017913635820150375,0.030929051339626312,0.008369535207748413,0.010240691713988781,-0.005973316729068756,-0.05192763730883598,-0.11024072021245956
0.0033438478130847216,0.0055816881358623505,-0.06577825546264648,0.0377529114484787,0.036567866802215576,0.015132280997931957,0.0019793659448623657,-0.22092947363853455,-0.2162058800458908,-0.2469111829996109,-0.24181976914405823,-0.13356128334999084,-0.13803748786449432,-0.029619386419653893,-0.06149639934301376,-0.0051782336086034775,-0.009777326136827469,0.04780862480401993,-0.026307780295610428,0.007638975046575069,0.00209807138890028,0.0371721088886261,0.020730122923851013,0.026984766125679016,0.004430707544088364,-0.05096583068370819,-0.10824905335903168
0.006833628751337528,0.0005304606165736914,-0.06587028503417969,0.04118780419230461,0.03810005635023117,0.01378609798848629,-0.007031980901956558,-0.22976279258728027,-0.22529807686805725,-0.22262577712535858,-0.22387871146202087,-0.12378137558698654,-0.10000654309988022,-0.03381403908133507,-0.053141944110393524,-0.005340847186744213,-0.005292147863656282,0.04283427074551582,-0.006590183824300766,-0.008752473630011082,-0.008752849884331226,0.043279897421598434,0.011983860284090042,0.044504135847091675,0.07838525623083115,-0.04952964931726456,-0.1150270327925682
0.0073374188505113125,-0.004570484161376953,-0.06676864624023438,0.043238915503025055,0.03470064699649811,0.014206155203282833,-0.011160679161548615,-0.24016420543193817,-0.24283789098262787,-0.20999568700790405,-0.20467329025268555,-0.11483675241470337,-0.07137160748243332,-0.037592414766550064,-0.054315611720085144,-0.0046964832581579685,-0.0026293215341866016,0.040737733244895935,-0.016480885446071625,-0.026247382164001465,-0.026320766657590866,0.047643594443798065,0.0159565731883049,0.061230506747961044,0.1073613315820694,-0.04795343801379204,-0.12084576487541199
0.008253232575953007,-0.007049083709716797,-0.06758356094360352,0.04185788333415985,0.03417374566197395,0.012780549004673958,0.0006517544388771057,-0.2488989681005478,-0.25563421845436096,-0.19222822785377502,-0.18507584929466248,-0.09167295694351196,-0.045518629252910614,-0.03950006142258644,-0.03580440208315849,-0.003994200844317675,-0.014117509126663208,0.03769080713391304,-0.054492246359586716,-0.04052262753248215,-0.0394107811152935,0.053103018552064896,0.020022530108690262,0.07848090678453445,0.10988451540470123,-0.04586504399776459,-0.10878463834524155
0.008253433741629124,-0.005444049835205078,-0.06758928298950195,0.03907568007707596,0.039886828511953354,0.010943694971501827,0.011364694684743881,-0.26078000664711,-0.26088467240333557,-0.1754581481218338,-0.16978105902671814,-0.06869647651910782,-0.014171227812767029,-0.04006229341030121,-0.02407800406217575,-0.0038858558982610703,-0.014479998499155045,0.0351187065243721,-0.050580911338329315,-0.05167848616838455,-0.053954143077135086,0.05672154948115349,0.022125244140625,0.09488112479448318,0.12169463187456131,-0.043207213282585144,-0.10166515409946442
0.006482407916337252,-0.001956939697265625,-0.06714296340942383,0.03987160697579384,0.04914383217692375,0.00911412388086319,0.02007180079817772,-0.2708613872528076,-0.2556740939617157,-0.15427425503730774,-0.15833938121795654,-0.03842462971806526,0.009168989956378937,-0.037750761955976486,-0.0031775599345564842,-0.0041758278384804726,-0.02031998336315155,0.03391209617257118,-0.06623013317584991,-0.06429196894168854,-0.06453128904104233,0.05448386073112488,0.02346878871321678,0.10874833166599274,0.09687616676092148,-0.04011009261012077,-0.06859356164932251
0.004015184473246336,-0.0005655288696289062,-0.0678715705871582,0.04495827108621597,0.050470080226659775,0.006621167995035648,-0.002451462671160698,-0.2770719528198242,-0.2445991337299347,-0.14233793318271637,-0.13564687967300415,-0.018194785341620445,0.055600620806217194,-0.03494206815958023,0.016249828040599823,-0.0033827272709459066,-0.023540861904621124,0.03276137262582779,-0.0732005387544632,-0.07995393127202988,-0.06852501630783081,0.051559995859861374,0.010003995150327682,0.12285276502370834,0.1546192467212677,-0.03655044734477997,-0.06549437344074249
0.005601625889539719,-0.003532886505126953,-0.0689401626586914,0.05085655674338341,0.05252869799733162,-0.0014232381945475936,-0.0035593993961811066,-0.26263660192489624,-0.24754293262958527,-0.10712465643882751,-0.10907124727964401,0.022114194929599762,0.09194225072860718,-0.02600683458149433,0.03583713620901108,-0.0024061277508735657,-0.029283039271831512,0.026208946481347084,-0.07724984735250473,-0.10000845789909363,-0.08893010765314102,0.0509457029402256,0.013506807386875153,0.13931232690811157,0.1632852405309677,-0.031598396599292755,-0.02177922986447811
0.006688877008855343,-0.0031518936157226562,-0.06963491439819336,0.05247252807021141,0.060058094561100006,-0.008050600066781044,-0.00893929973244667,-0.2589113712310791,-0.2124878615140915,-0.10045932978391647,-0.08030645549297333,0.04760504886507988,0.1208065003156662,-0.018704989925026894,0.0590643510222435,-0.0016414563870057464,-0.031987957656383514,0.019394950941205025,-0.061954982578754425,-0.11535704135894775,-0.08826058357954025,0.053527772426605225,0.0005337446928024292,0.15761138498783112,0.1917213648557663,-0.025702565908432007,0.031198371201753616
0.006914430297911167,0.0026698221918195486,-0.0702829360961914,0.051098424941301346,0.056827668100595474,-0.013074904680252075,-0.013713371008634567,-0.2526718080043793,-0.19577109813690186,-0.08481714129447937,-0.061029963195323944,0.07349380105733871,0.14927160739898682,-0.00882137194275856,0.07511622458696365,-0.0008877369691617787,-0.033057600259780884,0.01282636821269989,-0.0085445586591959,-0.1270422637462616,-0.10725219547748566,0.05228588357567787,-0.007662467658519745,0.17387764155864716,0.186860129237175,-0.01953704096376896,0.11287271976470947
0.0025647382717579603,0.009439143352210522,-0.07146215438842773,0.0465739443898201,0.032681141048669815,-0.01185027975589037,-0.005305714905261993,-0.23590686917304993,-0.15730062127113342,-0.056591860949993134,-0.049628570675849915,0.09390167146921158,0.15112148225307465,0.015142529271543026,0.13636748492717743,0.00035989339812658727,-0.03436822444200516,0.009890493005514145,0.0282449834048748,-0.14212995767593384,-0.11940615624189377,0.043321892619132996,-0.0018056631088256836,0.1870548278093338,0.1631108522415161,-0.005745529197156429,0.1891111135482788
-0.006061077117919922,0.01906709559261799,-0.07336616516113281,0.04381461814045906,-0.003237310331314802,-0.008021975867450237,0.017020534723997116,-0.2304297685623169,-0.12194979190826416,-0.05263352021574974,-0.040120482444763184,0.12419818341732025,0.15709428489208221,0.045781102031469345,0.1893160343170166,0.002235760446637869,-0.024174120277166367,0.009210547432303429,0.05440215766429901,-0.1516852229833603,-0.12126211076974869,0.03913705423474312,0.017502475529909134,0.202894926071167,0.19511009752750397,0.025497956201434135,0.175512433052063
-0.012286186218261719,0.03143654763698578,-0.07497310638427734,0.04587840661406517,-0.02624574489891529,-0.009226776659488678,0.05272063612937927,-0.23659805953502655,-0.10979793220758438,-0.06451906263828278,-0.041752222925424576,0.14673376083374023,0.11012765020132065,0.05322232097387314,0.19646047055721283,0.0022096564061939716,-0.017199397087097168,0.005880562122911215,0.07438865303993225,-0.15774288773536682,-0.10538990050554276,0.03526037558913231,0.05691647529602051,0.21742136776447296,0.21277734637260437,0.0497160442173481,0.14842578768730164
-0.008858680725097656,0.026447869837284088,-0.07540702819824219,0.04561762884259224,-0.0364803746342659,-0.015139454044401646,0.1136983335018158,-0.21596428751945496,-0.07802178710699081,-0.07113766670227051,-0.06937531381845474,0.12607721984386444,0.13290226459503174,0.023564429953694344,0.22381742298603058,-0.004500957205891609,-0.010774938389658928,-0.004570228047668934,0.08487541228532791,-0.158125102519989,-0.10104373097419739,0.08346879482269287,0.07643768191337585,0.23073558509349823,0.24041694402694702,0.06517062336206436,0.10578060895204544
-0.0022106170654296875,0.007976135239005089,-0.07339048385620117,0.04397051781415939,-0.018105346709489822,-0.027100861072540283,0.0814763754606247,-0.17625920474529266,-0.1196073442697525,-0.06848326325416565,-0.06456369906663895,0.10772623121738434,0.08637504279613495,0.031046923249959946,0.1861322671175003,-0.011297191493213177,0.004436304327100515,-0.012606567703187466,0.010348718613386154,-0.16692516207695007,-0.07192810624837875,0.12342081218957901,0.12029533833265305,0.22918441891670227,0.2562129497528076,0.05786599591374397,0.0010889619588851929
-0.0028171539306640625,0.00034838804276660085,-0.07083606719970703,0.04165881872177124,0.0029156901873648167,-0.03172319754958153,0.08752311766147614,-0.15143315494060516,-0.10036905109882355,-0.06756655126810074,-0.0578836053609848,0.09086553752422333,0.007574722170829773,0.04804505780339241,0.1734190732240677,-0.01192572433501482,0.0007564160041511059,-0.006514580920338631,-0.028541453182697296,-0.16506299376487732,-0.07508976012468338,0.12556970119476318,0.17462372779846191,0.22635357081890106,0.25227662920951843,0.053768500685691833,-0.07341770827770233
-0.007424831390380859,0.006515977904200554,-0.06819391250610352,0.03884880989789963,0.011157508939504623,-0.0315111018717289,0.09096391499042511,-0.14520031213760376,-0.09290018677711487,-0.06937117129564285,-0.060386162251234055,0.075986348092556,-0.03517072647809982,0.06268049031496048,0.15857365727424622,-0.009318985976278782,-0.013049902394413948,0.007839868776500225,-0.04943470284342766,-0.13125409185886383,-0.08441902697086334,0.13763673603534698,0.20099568367004395,0.228398397564888,0.23117265105247498,0.050130583345890045,-0.08632371574640274
-0.0060749053955078125,0.013399103656411171,-0.0685882568359375,0.03891556337475777,0.04123489186167717,-0.03522217646241188,0.09248565137386322,-0.13390012085437775,-0.08667556941509247,-0.060314588248729706,-0.05526891350746155,0.06734924018383026,-0.03177659213542938,0.05589647963643074,0.1221417784690857,-0.006552481092512608,-0.014664914458990097,0.013677544891834259,-0.06636471301317215,-0.065279521048069,-0.030669648200273514,0.20771905779838562,0.2271820306777954,0.22509236633777618,0.20771385729312897,0.02783484011888504,-0.05969478562474251
-0.0059604644775390625,0.009617023169994354,-0.06956291198730469,0.04001430422067642,0.04013216122984886,-0.03711267188191414,0.08341819047927856,-0.11243048310279846,-0.10502593219280243,-0.05590551719069481,-0.033691149204969406,0.054399363696575165,0.012112833559513092,0.05019529536366463,0.12547723948955536,-0.008620405569672585,-0.007340135518461466,0.016296422109007835,-0.036000996828079224,-0.02739141508936882,0.02051723003387451,0.2315627783536911,0.26706594228744507,0.21530452370643616,0.19382396340370178,0.023940101265907288,0.013996878638863564
-0.0069141387939453125,0.0031380029395222664,-0.06994819641113281,0.04067804291844368,0.03178894892334938,-0.038051266223192215,0.07828666269779205,-0.09323058277368546,-0.08531081676483154,-0.061285458505153656,-0.03316210210323334,0.03641660138964653,-0.0012925565242767334,0.04853486642241478,0.13663150370121002,-0.01118959579616785,-0.010651743039488792,0.01630600355565548,-0.015556573867797852,0.002422888530418277,0.03538348525762558,0.24085865914821625,0.2695501446723938,0.2074645757675171,0.1798686683177948,0.025984324514865875,0.08542846888303757
-0.006155490875244141,-0.0013856887817382812,-0.06957674026489258,0.0405275784432888,0.05140593275427818,-0.04079163074493408,0.0919838547706604,-0.07864640653133392,-0.07976275682449341,-0.07058537751436234,-0.032336972653865814,0.017285553738474846,-0.041513487696647644,0.04703126102685928,0.1571607142686844,-0.011686176061630249,-0.009756997227668762,0.011297337710857391,-0.010548610240221024,0.041104938834905624,0.06685544550418854,0.26619753241539,0.288788378238678,0.19443842768669128,0.16388247907161713,0.041269853711128235,0.13101789355278015
-0.006466388702392578,-0.007571220397949219,-0.0663609504699707,0.037623755633831024,0.06550679355859756,-0.04216330125927925,0.10949824750423431,-0.06284453719854355,-0.06804211437702179,-0.08015900105237961,-0.0449632927775383,-0.001894160988740623,-0.027068495750427246,0.04892834648489952,0.16793794929981232,-0.012922341004014015,-0.00715723866596818,0.0059134503826498985,-0.007243398576974869,0.06383106112480164,0.10644138604402542,0.2656548023223877,0.3055633008480072,0.18471473455429077,0.16572517156600952,0.051357291638851166,0.1451876163482666
-0.006756305694580078,-0.012988567352294922,-0.06040811538696289,0.03196613863110542,0.06172194704413414,-0.0430062897503376,0.0973329097032547,-0.04730546846985817,-0.03210769221186638,-0.08744457364082336,-0.06283324956893921,-0.019274137914180756,0.023676663637161255,0.050177596509456635,0.15249775350093842,-0.013007679022848606,-0.005880681332200766,-0.0008080792031250894,-0.011493060737848282,0.07977898418903351,0.13867834210395813,0.25860533118247986,0.3014329671859741,0.18008768558502197,0.17386335134506226,0.060762953013181686,0.14451906085014343
-0.005603790283203125,-0.008242130279541016,-0.060071468353271484,0.03140726685523987,0.07419898360967636,-0.04536009952425957,0.12269918620586395,-0.04520874470472336,-0.020760895684361458,-0.0999637246131897,-0.07981167733669281,-0.03858691453933716,0.0071465373039245605,0.051151711493730545,0.17993949353694916,-0.0034739708062261343,-0.0025322786532342434,-0.010512575507164001,-0.016139281913638115,0.13360096514225006,0.1608956754207611,0.3062966465950012,0.29535800218582153,0.16808590292930603,0.16182294487953186,0.09089286625385284,0.14510640501976013
-0.0105743408203125,-0.00643157958984375,-0.06386899948120117,0.03509826585650444,0.03737054765224457,-0.03995932638645172,0.060475800186395645,-0.03869522735476494,-0.04900847002863884,-0.11229833215475082,-0.07536157220602036,-0.059449028223752975,0.030349209904670715,0.05076760798692703,0.1460973471403122,0.002415892668068409,-0.011249026283621788,-0.011450116522610188,-0.007998615503311157,0.16583767533302307,0.15762293338775635,0.30454328656196594,0.33083948493003845,0.15962150692939758,0.1893780380487442,0.10915682464838028,0.1746704876422882
-0.013657093048095703,-0.00831747055053711,-0.0657949447631836,0.037086986005306244,0.02237897552549839,-0.03559116646647453,0.044482119381427765,-0.02280566282570362,-0.024234985932707787,-0.11409700661897659,-0.08017569780349731,-0.07536844909191132,0.015537336468696594,0.04965083673596382,0.1212601289153099,-0.0035652597434818745,-0.013787034898996353,-0.011373357847332954,-0.005746126174926758,0.18486584722995758,0.19076022505760193,0.28830286860466003,0.3152856230735779,0.1563432514667511,0.1509215533733368,0.11647378653287888,0.14171072840690613
-0.013915538787841797,-0.00874471664428711,-0.06611013412475586,0.037417761981487274,0.04676877334713936,-0.03371020406484604,0.08597886562347412,-0.006745553109794855,-0.003335063811391592,-0.1115802600979805,-0.0885101929306984,-0.08848292380571365,-0.0018263012170791626,0.04821230098605156,0.15907910466194153,-0.013068822212517262,-0.010404730215668678,-0.012385557405650616,-0.010617353022098541,0.21071754395961761,0.21589256823062897,0.2889150381088257,0.3061999976634979,0.14237487316131592,0.11943734437227249,0.11828330904245377,0.10910242050886154
-0.013717174530029297,-0.007593631744384766,-0.06613540649414062,0.03737194463610649,0.04028446227312088,-0.03187474235892296,0.0584501288831234,0.008815442211925983,0.005465599242597818,-0.10627564787864685,-0.07936815172433853,-0.09988122433423996,-0.010202445089817047,0.046177543699741364,0.13465534150600433,-0.017753854393959045,-0.012586621567606926,-0.01375817134976387,-0.01394231989979744,0.23352602124214172,0.2297045886516571,0.2819424569606781,0.2983781397342682,0.12890903651714325,0.11527761071920395,0.11738837510347366,0.09528472274541855
-0.012876033782958984,-0.004347801208496094,-0.06545019149780273,0.03652925044298172,0.05617469176650047,-0.030344249680638313,0.05969308316707611,0.021949658170342445,0.011252524331212044,-0.10084183514118195,-0.07011377811431885,-0.11080843210220337,-0.08678874373435974,0.043518997728824615,0.10863417387008667,-0.019495289772748947,-0.021544575691223145,-0.015796847641468048,-0.018977195024490356,0.2556449770927429,0.2391117811203003,0.27462103962898254,0.2925336956977844,0.1188090592622757,0.09947297722101212,0.11332470923662186,0.06093735247850418
-0.013133049011230469,-0.002037525177001953,-0.06479787826538086,0.03576715290546417,0.05587603524327278,-0.027079643681645393,0.048810213804244995,0.03471997007727623,0.04416554421186447,-0.09851433336734772,-0.07557133585214615,-0.12356925755739212,-0.08833926171064377,0.04038626700639725,0.08943899720907211,-0.020577671006321907,-0.022699864581227303,-0.015751469880342484,-0.013089388608932495,0.2701590061187744,0.26788076758384705,0.25868725776672363,0.2619839012622833,0.09744531661272049,0.05542685464024544,0.10185220092535019,0.030321236699819565
-0.012703418731689453,-0.00351715087890625,-0.06394100189208984,0.03496905788779259,0.05386919528245926,-0.023907547816634178,0.053307730704545975,0.052182577550411224,0.0448489673435688,-0.09613734483718872,-0.05533517897129059,-0.1371590793132782,-0.1152343675494194,0.036794956773519516,0.06286024302244186,-0.02239135652780533,-0.027291838079690933,-0.015397122129797935,-0.011005185544490814,0.27554628252983093,0.2588128447532654,0.24198105931282043,0.234174907207489,0.07528937608003616,0.004769805818796158,0.08504278212785721,-0.008442886173725128
-0.012041091918945312,-0.008501052856445312,-0.06382894515991211,0.03498183563351631,0.06583736836910248,-0.02014840394258499,0.05111302435398102,0.0765938088297844,0.061375025659799576,-0.08929470181465149,-0.04790413752198219,-0.1497446596622467,-0.12978029251098633,0.03248564153909683,0.01718144863843918,-0.02588495798408985,-0.02621200866997242,-0.01271906029433012,0.0058126188814640045,0.26585811376571655,0.2613794505596161,0.20915387570858002,0.2033052146434784,0.033338628709316254,-0.0411413311958313,0.05714726820588112,-0.028419148176908493
-0.010755062103271484,-0.00982666015625,-0.06511068344116211,0.03626402094960213,0.06520333886146545,-0.016356442123651505,0.02480851486325264,0.09838301688432693,0.06673426926136017,-0.08102569729089737,-0.03873664513230324,-0.16188320517539978,-0.17747445404529572,0.027504898607730865,-0.017335642129182816,-0.030018188059329987,-0.020713645964860916,-0.007179762236773968,0.02886202186346054,0.2556094825267792,0.23399439454078674,0.17516158521175385,0.17976266145706177,0.0016210139729082584,-0.04229913651943207,0.03200622275471687,-0.04343260079622269
-0.008559226989746094,-0.00489044189453125,-0.06695985794067383,0.03795434907078743,0.07011369615793228,-0.012527077458798885,-0.029624100774526596,0.1111341044306755,0.07520851492881775,-0.07776142656803131,-0.033364929258823395,-0.17606940865516663,-0.17971171438694,0.0176983755081892,-0.1371932178735733,-0.031020434573292732,-0.010150348767638206,4.716470721177757e-05,0.04467974603176117,0.2514714300632477,0.1973656862974167,0.15176615118980408,0.13682657480239868,-0.018187882378697395,-0.06093189865350723,0.011176804080605507,-0.07581976056098938
-0.004429340362548828,0.0025211432948708534,-0.06885576248168945,0.03972064331173897,0.07121582329273224,-0.008064556866884232,-0.08856995403766632,0.11675361543893814,0.07721574604511261,-0.0844017043709755,-0.05915045365691185,-0.19588696956634521,-0.1482519805431366,-0.014069046825170517,-0.20535995066165924,-0.022465601563453674,0.014033090323209763,0.0053512598387897015,0.04846078157424927,0.23502737283706665,0.16495281457901,0.1088278591632843,0.09499740600585938,-0.028856033459305763,-0.04699769616127014,-0.019688012078404427,-0.1300652027130127
-0.0013766288757324219,0.005588945467025042,-0.07088327407836914,0.04372624307870865,0.06291196495294571,-0.0012504990445449948,-0.10952107608318329,0.11650040000677109,0.06187218800187111,-0.11096011847257614,-0.09685180336236954,-0.21689116954803467,-0.1556556224822998,-0.05512617155909538,-0.17847634851932526,-0.017976071685552597,0.0411151647567749,0.010626442730426788,0.05190378427505493,0.22268468141555786,0.12177212536334991,0.09624897688627243,0.08139613270759583,-0.06342057883739471,0.0012575052678585052,-0.05380701273679733,-0.17109572887420654
-0.002644062042236328,0.00048658280866220593,-0.07378292083740234,0.04612695053219795,0.04223990440368652,0.007907143794000149,-0.10776376724243164,0.1225019097328186,0.047075796872377396,-0.1404687464237213,-0.12623164057731628,-0.22595131397247314,-0.1971132457256317,-0.06988668441772461,-0.11551277339458466,-0.01638386771082878,0.056135836988687515,0.01735709235072136,-0.00638723187148571,0.20337140560150146,0.11263900250196457,0.09548763930797577,0.08538290858268738,-0.0766812115907669,-0.0027954094111919403,-0.05474301800131798,-0.16654327511787415
-0.000957489013671875,-0.0013561248779296875,-0.07643890380859375,0.048297129571437836,0.04081327095627785,0.01130528561770916,-0.06545071303844452,0.12937630712985992,0.05172811448574066,-0.1559101641178131,-0.15394622087478638,-0.22525911033153534,-0.21769341826438904,-0.07547339051961899,-0.07601616531610489,-0.0143927913159132,0.03790416195988655,0.020130211487412453,-0.05543014407157898,0.1857185661792755,0.10413658618927002,0.0918072834610939,0.0868292972445488,-0.0834694355726242,-0.043547868728637695,-0.055235881358385086,-0.16403687000274658
0.0006457888521254063,0.002072875387966633,-0.07596349716186523,0.04824921488761902,0.04940493032336235,0.01112742256373167,-0.00788477435708046,0.11651061475276947,0.05203278362751007,-0.1829833835363388,-0.17696109414100647,-0.213758185505867,-0.21607282757759094,-0.06664831191301346,-0.008502828888595104,-0.015171407721936703,0.035280920565128326,0.02115589752793312,-0.0481690838932991,0.16832879185676575,0.08523402363061905,0.07787710428237915,0.07943785190582275,-0.09538912028074265,-0.048901572823524475,-0.042965374886989594,-0.12606781721115112
0.001268847961910069,0.004993196576833725,-0.07400083541870117,0.04976462200284004,0.051095955073833466,0.009837123565375805,0.0051927994936704636,0.09878626465797424,0.04787458851933479,-0.19866883754730225,-0.19259563088417053,-0.20346903800964355,-0.19985246658325195,-0.060947585850954056,-0.0016083447262644768,-0.016945568844676018,0.02717142552137375,0.02244499884545803,-0.05749420449137688,0.15089155733585358,0.08880038559436798,0.06865967810153961,0.05770610645413399,-0.08536126464605331,-0.05267418920993805,-0.026748953387141228,-0.13575080037117004
0.0007035090820863843,0.006813388783484697,-0.07284116744995117,0.051758620887994766,0.04668400064110756,0.007927218452095985,-0.0015276838093996048,0.08065389096736908,0.044111788272857666,-0.20060549676418304,-0.21194148063659668,-0.19883941113948822,-0.18987451493740082,-0.05115322768688202,0.01550986710935831,-0.018001172691583633,0.02476503700017929,0.026483135297894478,-0.07125627994537354,0.13433271646499634,0.0886945053935051,0.062492843717336655,0.04346612095832825,-0.07312425971031189,-0.0548139289021492,-0.02703828737139702,-0.1538790762424469
0.000727701059076935,0.007112468592822552,-0.07307672500610352,0.05114235356450081,0.04291960969567299,0.004009867087006569,0.019034385681152344,0.06043725460767746,0.024813173338770866,-0.20065686106681824,-0.21492698788642883,-0.1950501948595047,-0.1702272593975067,-0.04081162437796593,0.02962682396173477,-0.01774515025317669,0.008241947740316391,0.029632017016410828,-0.1001681312918663,0.11847854405641556,0.07227879762649536,0.059398312121629715,0.04525415226817131,-0.06005707383155823,-0.061743125319480896,-0.03022906742990017,-0.15693733096122742
-0.00012826919555664062,0.005836097057908773,-0.07393932342529297,0.0465981550514698,0.041858188807964325,0.001507552107796073,0.03469698876142502,0.031162098050117493,0.003545996267348528,-0.21843105554580688,-0.22213789820671082,-0.18402637541294098,-0.15516254305839539,-0.02534758672118187,0.046738527715206146,-0.016911163926124573,0.004460317548364401,0.033188752830028534,-0.10979874432086945,0.10233630985021591,0.0679163932800293,0.05801541730761528,0.03440696373581886,-0.046603012830019,-0.01359010860323906,-0.03290465101599693,-0.14680033922195435
0.0021439287811517715,-6.341934204101562e-05,-0.07834911346435547,0.044702041894197464,0.03762780502438545,-0.002924317726865411,0.03766629099845886,0.01649460382759571,-0.030925525352358818,-0.2142605483531952,-0.23530182242393494,-0.1806780844926834,-0.14598673582077026,-0.017750278115272522,0.030880749225616455,-0.012702342122793198,-0.005630642641335726,0.03246494382619858,-0.11250773072242737,0.0843052938580513,0.05753115564584732,0.061307426542043686,0.034549057483673096,-0.031146390363574028,0.0008056499063968658,-0.03448837250471115,-0.15050509572029114
0.0029935056809335947,-0.0029463768005371094,-0.0821080207824707,0.03915134817361832,0.034749701619148254,-0.0033835668582469225,0.03840547055006027,-0.013096733950078487,-0.060180384665727615,-0.23096317052841187,-0.23520314693450928,-0.16426412761211395,-0.12206244468688965,-0.0134218605235219,0.026409756392240524,-0.00905048381537199,-0.01765447109937668,0.03296409919857979,-0.1227392852306366,0.0696294829249382,0.04087414592504501,0.06413296610116959,0.024322040379047394,-0.01649259589612484,0.05752968788146973,-0.035795509815216064,-0.1609446406364441
0.0006926071946509182,-0.001140594482421875,-0.08273172378540039,0.03153376281261444,0.036214038729667664,0.0023367053363472223,0.03520263358950615,-0.05860304459929466,-0.08577989041805267,-0.26165056228637695,-0.25850653648376465,-0.14732740819454193,-0.12894606590270996,-0.013422282412648201,-0.011134590022265911,-0.00837995670735836,-0.013002388179302216,0.03673580288887024,-0.09391290694475174,0.05679041147232056,0.032247062772512436,0.06126224249601364,0.03838690370321274,-0.004771086387336254,0.0040771737694740295,-0.03731650114059448,-0.15013548731803894
0.00045974820386618376,-0.0018382072448730469,-0.08337926864624023,0.02991291880607605,0.034954190254211426,0.006885901093482971,0.017597969621419907,-0.08819796144962311,-0.10071974992752075,-0.2595228850841522,-0.2727688252925873,-0.1426083892583847,-0.15074950456619263,-0.015160178765654564,-0.0316995270550251,-0.00777013273909688,-0.011434238404035568,0.03765934333205223,-0.07135438174009323,0.04062501713633537,0.02721725031733513,0.05782324820756912,0.03306002914905548,0.007237451616674662,-0.003032311797142029,-0.03804772347211838,-0.13500988483428955
-0.0010180473327636719,-0.00238037109375,-0.08297443389892578,0.030699096620082855,0.032630741596221924,0.012460047379136086,0.009202014654874802,-0.1212051510810852,-0.1307111531496048,-0.2638346254825592,-0.2664133608341217,-0.14616093039512634,-0.15035654604434967,-0.01891731657087803,-0.03616808354854584,-0.008198565803468227,-0.015233200043439865,0.039454929530620575,-0.06113682687282562,0.023842550814151764,0.012319902889430523,0.053324658423662186,0.027346402406692505,0.01897064782679081,0.009796097874641418,-0.0383242703974247,-0.13863149285316467
-0.0005850791931152344,-0.0033669471740722656,-0.08269214630126953,0.03423620015382767,0.03546195104718208,0.014126194640994072,0.008399128913879395,-0.14788717031478882,-0.14662864804267883,-0.2563173174858093,-0.2748866081237793,-0.14819687604904175,-0.15970081090927124,-0.022313479334115982,-0.04338802769780159,-0.008515157736837864,-0.010499084368348122,0.03852644935250282,-0.03419148921966553,0.008101833052933216,0.007072607986629009,0.05185031518340111,0.03272928297519684,0.03226092457771301,-0.0058977678418159485,-0.03789732605218887,-0.11753026396036148
0.0016651384066790342,-0.007478237152099609,-0.08499860763549805,0.03866255283355713,0.034538980573415756,0.012843810953199863,0.009190287441015244,-0.16743667423725128,-0.18667903542518616,-0.25270578265190125,-0.2599155306816101,-0.1529313027858734,-0.13724187016487122,-0.025461100041866302,-0.051373012363910675,-0.006372406613081694,-0.008588921278715134,0.034932691603899,-0.034017205238342285,-0.006712231319397688,-0.013067689724266529,0.05809906870126724,0.03937549144029617,0.049242645502090454,0.051876477897167206,-0.03674548491835594,-0.13138851523399353
0.003044344950467348,-0.005423069000244141,-0.08450078964233398,0.0375073105096817,0.0377194918692112,0.0127267986536026,0.013308923691511154,-0.19581136107444763,-0.21630233526229858,-0.24741047620773315,-0.23987197875976562,-0.132038414478302,-0.1151527613401413,-0.035110462456941605,-0.06482287496328354,-0.006800927687436342,-0.020371824502944946,0.03285511955618858,-0.026468336582183838,-0.012624336406588554,-0.027618389576673508,0.06922797113656998,0.04860461875796318,0.06836367398500443,0.0904034674167633,-0.04099830612540245,-0.13948526978492737
0.0014028827426955104,-0.002365589141845703,-0.0817255973815918,0.0380992516875267,0.04323797672986984,0.01456724014133215,0.005908071994781494,-0.2220640927553177,-0.18726667761802673,-0.23207074403762817,-0.24234697222709656,-0.12483765929937363,-0.11902792751789093,-0.03930528834462166,-0.04817865043878555,-0.009448925033211708,-0.001076259184628725,0.03304900601506233,-0.036736033856868744,-0.02242046408355236,-0.027096856385469437,0.0722607746720314,0.048795390874147415,0.08421535044908524,0.017880145460367203,-0.03664816915988922,-0.1278756856918335
-0.0018053054809570312,-0.006065845489501953,-0.08143472671508789,0.043546099215745926,0.04137444868683815,0.016626881435513496,0.018301445990800858,-0.23452036082744598,-0.21907354891300201,-0.21517117321491241,-0.21457991003990173,-0.12300962209701538,-0.08131316304206848,-0.0430491603910923,-0.03843959420919418,-0.009863737039268017,-0.009471312165260315,0.03495334833860397,-0.08620721101760864,-0.03924183174967766,-0.04268365725874901,0.07632904499769211,0.04128691926598549,0.10139007866382599,0.08271420001983643,-0.03595136106014252,-0.12765643000602722
-0.003818035125732422,-0.013753414154052734,-0.08318758010864258,0.0475589781999588,0.03852822259068489,0.016768012195825577,0.0029384829103946686,-0.23627494275569916,-0.23744863271713257,-0.19758525490760803,-0.18783581256866455,-0.10923197865486145,-0.03970872610807419,-0.04422860965132713,-0.012281007133424282,-0.008311365731060505,-0.024071602150797844,0.034474536776542664,-0.11484116315841675,-0.06019086763262749,-0.06708437949419022,0.08100491762161255,0.035221509635448456,0.1193004697561264,0.1372286081314087,-0.030649632215499878,-0.12605047225952148
-0.0045948028564453125,-0.018345355987548828,-0.08552742004394531,0.04644785821437836,0.04163619130849838,0.015445004217326641,0.014091741293668747,-0.24033038318157196,-0.25058701634407043,-0.1878531277179718,-0.17135152220726013,-0.08911027759313583,-0.005350425839424133,-0.04366813972592354,-0.004192526452243328,-0.006072151008993387,-0.025433368980884552,0.03230992332100868,-0.11377373337745667,-0.07665009796619415,-0.0828658863902092,0.08809782564640045,0.0417606458067894,0.13827171921730042,0.14863625168800354,-0.027652103453874588,-0.12095507234334946
-0.004158973693847656,-0.017968177795410156,-0.08671808242797852,0.043030086904764175,0.05052322521805763,0.011995445005595684,0.024206459522247314,-0.24368274211883545,-0.2452273666858673,-0.16931875050067902,-0.1581737995147705,-0.05161002278327942,0.03256306052207947,-0.04082127660512924,0.0038014138117432594,-0.004804222844541073,-0.03289563208818436,0.028044750913977623,-0.11134466528892517,-0.09065550565719604,-0.09402936697006226,0.09042822569608688,0.045597486197948456,0.1549960970878601,0.14771142601966858,-0.023713015019893646,-0.09437843412160873
-0.0034046173095703125,-0.01866769790649414,-0.08668994903564453,0.0440790019929409,0.05425005033612251,0.006168792489916086,0.011405609548091888,-0.23602214455604553,-0.22182562947273254,-0.1375332772731781,-0.1424127221107483,-0.008913006633520126,0.061563923954963684,-0.034812092781066895,0.02149093523621559,-0.004754284396767616,-0.03119150549173355,0.022559944540262222,-0.09213455766439438,-0.11145300418138504,-0.10318071395158768,0.08401535451412201,0.039135709404945374,0.16874685883522034,0.16311238706111908,-0.01894758641719818,-0.056473102420568466
-0.0036406517028808594,-0.019220829010009766,-0.08667182922363281,0.0493500679731369,0.05060116574168205,-0.0002943136787507683,-0.001515248790383339,-0.22975187003612518,-0.20571348071098328,-0.12232580780982971,-0.12025109678506851,0.022092049941420555,0.08118444681167603,-0.02143041417002678,0.055071618407964706,-0.004659327678382397,-0.025639750063419342,0.017273757606744766,-0.08801349997520447,-0.1346861720085144,-0.11363270878791809,0.07389499247074127,0.029003571718931198,0.18124236166477203,0.14901010692119598,-0.013426171615719795,-0.014818381518125534
-0.0030875205993652344,-0.017818927764892578,-0.08650827407836914,0.050636664032936096,0.04562155529856682,-0.007343957666307688,-0.006642645224928856,-0.21282486617565155,-0.19099390506744385,-0.08931688964366913,-0.09979559481143951,0.05738987773656845,0.10185787081718445,0.0009403987205587327,0.06708894670009613,-0.00467457203194499,-0.028192944824695587,0.010183725506067276,-0.06266456842422485,-0.15855132043361664,-0.12482096999883652,0.059415433555841446,0.018848199397325516,0.1920296996831894,0.1572401523590088,-0.006922218948602676,0.054737262427806854
-0.004838466644287109,-0.009339332580566406,-0.08724451065063477,0.047191254794597626,0.03205612674355507,-0.010904677212238312,-0.01696116477251053,-0.20968195796012878,-0.1432587057352066,-0.08255421370267868,-0.06965981423854828,0.07670344412326813,0.1252257525920868,0.01513715647161007,0.10630114376544952,-0.0037924626376479864,-0.0327896922826767,0.004261909518390894,-0.01793099008500576,-0.17263445258140564,-0.15360066294670105,0.04885039106011391,-0.0014529377222061157,0.20424409210681915,0.16457396745681763,0.00516794016584754,0.14847972989082336
-0.005902290344238281,-0.0037398338317871094,-0.08823108673095703,0.04691239446401596,0.010784797370433807,-0.019586874172091484,0.0013437345623970032,-0.19605983793735504,-0.11580006033182144,-0.069174624979496,-0.06417858600616455,0.1268322914838791,0.14426620304584503,0.046130742877721786,0.15180261433124542,-0.002860478824004531,-0.039204906672239304,-0.005332625471055508,0.03268548101186752,-0.18902213871479034,-0.15574431419372559,0.04111760854721069,0.010658666491508484,0.21947412192821503,0.16411802172660828,0.03648388385772705,0.19957518577575684
-0.005817890167236328,-0.0017018318176269531,-0.08757305145263672,0.04632462561130524,-0.026694217696785927,-0.02534547634422779,0.036417439579963684,-0.1821201890707016,-0.09897614270448685,-0.07213452458381653,-0.0564425066113472,0.11913992464542389,0.10342489182949066,0.03857696056365967,0.17536602914333344,-0.004243660252541304,-0.018759246915578842,-0.01639990322291851,0.06700754910707474,-0.2054673433303833,-0.14949026703834534,0.04046967998147011,0.03369054198265076,0.23217619955539703,0.22509169578552246,0.06972815841436386,0.1398245394229889
-0.004301548004150391,0.005271489731967449,-0.0849614143371582,0.04276981204748154,-0.02767404355108738,-0.032802682369947433,0.07838180661201477,-0.17228706181049347,-0.06522431969642639,-0.07237939536571503,-0.07595715671777725,0.10140297561883926,0.10420123487710953,0.03727227821946144,0.20697525143623352,-0.008340427652001381,-0.006092280615121126,-0.025703759863972664,0.06225588172674179,-0.20563456416130066,-0.13659317791461945,0.05603013560175896,0.0548345148563385,0.23355326056480408,0.26037725806236267,0.07903620600700378,0.06990697234869003
-0.004327297210693359,0.01261361688375473,-0.08206033706665039,0.039481885731220245,-0.028685541823506355,-0.0387200303375721,0.10718022286891937,-0.16421173512935638,-0.04654252901673317,-0.07271964102983475,-0.08256615698337555,0.08565595746040344,0.10532280802726746,0.04255294054746628,0.19966913759708405,-0.0149158900603652,-0.003947913181036711,-0.028942495584487915,0.03381260484457016,-0.19291478395462036,-0.11944166570901871,0.08555690199136734,0.10540591925382614,0.22733145952224731,0.26852238178253174,0.0752505511045456,0.011508913710713387
-0.005092144012451172,0.012026989832520485,-0.08086299896240234,0.03826456516981125,-0.02611583285033703,-0.04252862557768822,0.08239495754241943,-0.14623282849788666,-0.04794982075691223,-0.0704294815659523,-0.08350077271461487,0.07053616642951965,0.09920278191566467,0.04723662883043289,0.17173036932945251,-0.015217048116028309,-0.004217923153191805,-0.025785362347960472,0.0037540532648563385,-0.1720418781042099,-0.10477109998464584,0.13305257260799408,0.13170206546783447,0.23586395382881165,0.2753034830093384,0.05247211083769798,-0.05306154116988182
-0.009852409362792969,0.004093613009899855,-0.07928800582885742,0.03705344721674919,-0.013067426159977913,-0.04068512097001076,0.06347428262233734,-0.12119792401790619,-0.057711873203516006,-0.06904841214418411,-0.06746111810207367,0.054646994918584824,0.06465981900691986,0.05044126883149147,0.13804315030574799,-0.01309669204056263,-0.010326629504561424,-0.014716839417815208,-0.028921205550432205,-0.16131417453289032,-0.07976812869310379,0.1523776352405548,0.17045962810516357,0.24362877011299133,0.2538343071937561,0.03400251269340515,-0.07426497340202332
-0.017315387725830078,-0.0017871856689453125,-0.07652139663696289,0.034575432538986206,0.0002709939144551754,-0.03529864177107811,0.04948488250374794,-0.10164936631917953,-0.061791691929101944,-0.07156933099031448,-0.05624924972653389,0.038245901465415955,0.005151510238647461,0.05271410569548607,0.12647908926010132,-0.012490229681134224,-0.014068325981497765,0.0003161946660839021,-0.043268293142318726,-0.14378900825977325,-0.06676769256591797,0.16025406122207642,0.20711904764175415,0.2482345998287201,0.23747152090072632,0.021065954118967056,-0.07602343708276749
-0.018763065338134766,0.0007118612993508577,-0.07537698745727539,0.033292900770902634,0.022298844531178474,-0.036789219826459885,0.0548383966088295,-0.09041520208120346,-0.05625511705875397,-0.07098498195409775,-0.053103007376194,0.025054603815078735,-0.025134965777397156,0.05554145947098732,0.11366137862205505,-0.013124590739607811,-0.020404735580086708,0.0064790016040205956,-0.04134795442223549,-0.08744533360004425,-0.04202413558959961,0.2180439531803131,0.23205795884132385,0.233848437666893,0.20246371626853943,0.015860790386795998,-0.02998928725719452
-0.01805734634399414,0.003028420964255929,-0.07405471801757812,0.031842365860939026,0.040438469499349594,-0.04041334614157677,0.06883342564105988,-0.07672712951898575,-0.061717670410871506,-0.06620912253856659,-0.0395566001534462,0.013882200233638287,-0.03200417757034302,0.05836675316095352,0.1244225800037384,-0.01795758493244648,-0.019941508769989014,0.007542222738265991,-0.02936776727437973,-0.03947700932621956,0.00029002781957387924,0.24529145658016205,0.27435630559921265,0.21814556419849396,0.19346699118614197,0.015020345337688923,0.031200937926769257
-0.019069194793701172,-0.0008907318115234375,-0.07107400894165039,0.02908698469400406,0.029724042862653732,-0.04160837456583977,0.06946475803852081,-0.05822901055216789,-0.03178127482533455,-0.06560879200696945,-0.04904801398515701,-2.8065769583918154e-05,0.032455720007419586,0.06066085398197174,0.12006209790706635,-0.02296283282339573,-0.018503282219171524,0.008170167915523052,-0.01833302527666092,-0.01604272425174713,0.033851299434900284,0.23226884007453918,0.28485772013664246,0.2098090797662735,0.19301116466522217,0.015345253050327301,0.08225757628679276
-0.018518447875976562,-0.007393836975097656,-0.06707954406738281,0.02550947666168213,0.03483019024133682,-0.04427921399474144,0.06561070680618286,-0.04063517227768898,-0.02235940285027027,-0.07169441878795624,-0.042494699358940125,-0.017113234847784042,-0.004941537976264954,0.06296838074922562,0.1266624927520752,-0.023386580869555473,-0.018339380621910095,0.004710591863840818,0.0006187111139297485,0.011062845587730408,0.07079484313726425,0.24091577529907227,0.28722116351127625,0.20586620271205902,0.18010155856609344,0.019859187304973602,0.1386776864528656
-0.014185428619384766,-0.006100654602050781,-0.06628751754760742,0.024662598967552185,0.052708227187395096,-0.051122114062309265,0.07552370429039001,-0.03292727842926979,-0.01636222004890442,-0.08024955540895462,-0.05681448429822922,-0.0346214696764946,-0.009937658905982971,0.06549672782421112,0.1332102119922638,-0.017016418278217316,-0.01577923819422722,-0.004822614602744579,-0.012382913380861282,0.06952404230833054,0.11307258158922195,0.29647964239120483,0.2992955148220062,0.19694086909294128,0.18197080492973328,0.05609745904803276,0.13775771856307983
-0.01148223876953125,-5.9604644775390625e-05,-0.06802225112915039,0.026017770171165466,0.05262031778693199,-0.05558205023407936,0.07223173975944519,-0.0320008210837841,-0.03287450224161148,-0.09220331907272339,-0.06566048413515091,-0.053475890308618546,0.010667800903320312,0.06714610755443573,0.13764533400535583,-0.011349345557391644,-0.013296263292431831,-0.012125847861170769,-0.018601905554533005,0.13349157571792603,0.13050788640975952,0.3457831144332886,0.3316625654697418,0.19331274926662445,0.19581660628318787,0.09454981237649918,0.16032767295837402
-0.01398468017578125,0.0023038629442453384,-0.06929206848144531,0.02711992897093296,0.04093506559729576,-0.05324868485331535,0.06635040044784546,-0.02533886954188347,-0.021249229088425636,-0.10112452507019043,-0.07173502445220947,-0.07150430977344513,0.022758066654205322,0.06724748015403748,0.1388457715511322,-0.011405707336962223,-0.014174753800034523,-0.011660662479698658,-0.012885287404060364,0.165544331073761,0.17030315101146698,0.3307165205478668,0.33101698756217957,0.18765364587306976,0.18731555342674255,0.11660218983888626,0.16304388642311096
-0.01604604721069336,0.00035846070386469364,-0.06914806365966797,0.0271097794175148,0.0333857499063015,-0.050493814051151276,0.06483368575572968,-0.010664374567568302,-0.0009909658692777157,-0.10374480485916138,-0.08217121660709381,-0.08688324689865112,0.017164528369903564,0.06660116463899612,0.13677676022052765,-0.01451407466083765,-0.017157884314656258,-0.010378142818808556,-0.01708446815609932,0.18142962455749512,0.19423779845237732,0.29858309030532837,0.3251573145389557,0.1884436309337616,0.1778508424758911,0.12389866262674332,0.13838666677474976
-0.015402793884277344,-0.0032091140747070312,-0.06764459609985352,0.025841113179922104,0.04403914511203766,-0.050061363726854324,0.05106464773416519,0.005544805433601141,0.01960190199315548,-0.10632140934467316,-0.09335660934448242,-0.10203877836465836,-0.003444761037826538,0.06557326763868332,0.139640212059021,-0.017319386824965477,-0.016925621777772903,-0.01178570743650198,-0.01381014660000801,0.20406173169612885,0.23541656136512756,0.2975384294986725,0.3086313009262085,0.18358469009399414,0.15858757495880127,0.1270051896572113,0.11400487273931503
-0.01474905014038086,-0.005391120910644531,-0.06723356246948242,0.025572244077920914,0.05382503569126129,-0.04926411435008049,0.05546004697680473,0.01892995834350586,0.02538798190653324,-0.11168650537729263,-0.09271585196256638,-0.11857263743877411,-0.03976251929998398,0.06417229771614075,0.13255415856838226,-0.01683362014591694,-0.019428906962275505,-0.013621299527585506,-0.031972698867321014,0.2295270562171936,0.2540530264377594,0.30190029740333557,0.30416157841682434,0.1681978702545166,0.1449107825756073,0.12459291517734528,0.08423738926649094
-0.014237403869628906,-0.007718563079833984,-0.06749391555786133,0.02596665732562542,0.048229217529296875,-0.04788462817668915,0.054119061678647995,0.03258485347032547,0.027158131822943687,-0.11733166873455048,-0.07562102377414703,-0.13554085791110992,-0.08144669234752655,0.062321677803993225,0.1398703008890152,-0.015443211421370506,-0.023436523973941803,-0.015856362879276276,-0.022104864940047264,0.24895121157169342,0.2558053433895111,0.2978935241699219,0.2978808879852295,0.15973436832427979,0.10605744272470474,0.12226509302854538,0.08456867933273315
-0.014023303985595703,-0.010135173797607422,-0.06717348098754883,0.025767473503947258,0.04675500839948654,-0.0456017404794693,0.05739424750208855,0.04870832711458206,0.042287956923246384,-0.11845899373292923,-0.07168636471033096,-0.15034623444080353,-0.10856667160987854,0.05987139791250229,0.12265762686729431,-0.01640773005783558,-0.024665819481015205,-0.01726398803293705,-0.02159859426319599,0.25490161776542664,0.2664972245693207,0.2708721458911896,0.2756653130054474,0.13776351511478424,0.05611377954483032,0.11732202768325806,0.03582548350095749
-0.012551307678222656,-0.009173870086669922,-0.06694793701171875,0.025475556030869484,0.054566312581300735,-0.04415145888924599,0.06520891189575195,0.06311720609664917,0.060950037091970444,-0.11589016020298004,-0.07684972882270813,-0.16317951679229736,-0.10944933444261551,0.05699510872364044,0.0968124195933342,-0.01989617384970188,-0.026983436197042465,-0.018521836027503014,-0.02074815332889557,0.26129087805747986,0.2676621973514557,0.24388642609119415,0.2536683678627014,0.10807502269744873,0.027369510382413864,0.09677299857139587,-0.005307435989379883
-0.009953498840332031,-0.005518436431884766,-0.06737661361694336,0.02567029930651188,0.057339463382959366,-0.04327819496393204,0.06504243612289429,0.07453661412000656,0.07266014069318771,-0.11410567164421082,-0.07647844403982162,-0.17636807262897491,-0.11812514811754227,0.0533868782222271,0.06981198489665985,-0.024009715765714645,-0.024599818512797356,-0.01954096555709839,-0.010821739211678505,0.27610620856285095,0.2611226737499237,0.23927585780620575,0.2282913625240326,0.0795474499464035,-0.00010780990123748779,0.07727084308862686,-0.014600053429603577
-0.009200096130371094,-0.003161907196044922,-0.06819581985473633,0.026359882205724716,0.05740987882018089,-0.03952832520008087,0.045326147228479385,0.08727644383907318,0.08730962127447128,-0.11360835283994675,-0.07815668731927872,-0.190982386469841,-0.10584733635187149,0.048873983323574066,0.014151603914797306,-0.026526689529418945,-0.020636798813939095,-0.017503175884485245,-0.0015207743272185326,0.2817513644695282,0.2595924437046051,0.2300828993320465,0.20312020182609558,0.05696399509906769,-0.024118572473526,0.06330879777669907,-0.030967187136411667
-0.011279106140136719,-0.0029506683349609375,-0.06975460052490234,0.027865612879395485,0.05609236657619476,-0.031724970787763596,-0.007345447316765785,0.10329245775938034,0.09850804507732391,-0.11253531277179718,-0.08031660318374634,-0.2061612755060196,-0.10347107797861099,0.042796842753887177,-0.07655520737171173,-0.025334469974040985,-0.01071176677942276,-0.011132568120956421,0.024028651416301727,0.2660827338695526,0.23677784204483032,0.18893897533416748,0.1705961525440216,0.026730820536613464,-0.05471934378147125,0.03683551028370857,-0.07730316370725632
-0.009423255920410156,0.0027318615466356277,-0.07087278366088867,0.028754286468029022,0.04607873037457466,-0.027714574709534645,-0.08963549137115479,0.11245086044073105,0.10017213225364685,-0.11307407170534134,-0.08183664083480835,-0.2215125858783722,-0.12791237235069275,0.036712441593408585,-0.19224928319454193,-0.022239698097109795,0.006953813601285219,-0.008109167218208313,0.05804741382598877,0.26749154925346375,0.18723073601722717,0.1855042427778244,0.13794544339179993,0.011850830167531967,-0.06323541700839996,0.020579909905791283,-0.11918222904205322
-0.00606536865234375,0.009741995483636856,-0.07126140594482422,0.028966644778847694,0.06046036630868912,-0.023625468835234642,-0.12903042137622833,0.1190117672085762,0.09295865893363953,-0.11612173914909363,-0.09714756160974503,-0.2383790761232376,-0.16882401704788208,0.020355211570858955,-0.23003371059894562,-0.01667475886642933,0.02671239525079727,-0.005095362197607756,0.05212898552417755,0.258037269115448,0.16821233928203583,0.16674590110778809,0.11564595997333527,-0.00491312425583601,-0.057839423418045044,-0.005635507870465517,-0.15912297368049622
-0.0021796226501464844,0.012011462822556496,-0.07238483428955078,0.030627930536866188,0.051233042031526566,-0.018177561461925507,-0.1535678207874298,0.12486568093299866,0.0832524523139,-0.13058727979660034,-0.1236962303519249,-0.254219114780426,-0.18258419632911682,-0.0109019186347723,-0.22530826926231384,-0.014254946261644363,0.049408961087465286,0.00014347712567541748,0.03512252867221832,0.2450409084558487,0.1217881590127945,0.15447302162647247,0.111884705722332,-0.051359981298446655,-0.04181573539972305,-0.04238526150584221,-0.20110869407653809
1.8208105757366866e-05,0.008541595190763474,-0.07444334030151367,0.032409317791461945,0.036181285977363586,-0.009955065324902534,-0.14824096858501434,0.13770054280757904,0.062446724623441696,-0.14354325830936432,-0.14274898171424866,-0.2646540105342865,-0.231983482837677,-0.04520474001765251,-0.1608959436416626,-0.012900051660835743,0.06323835253715515,0.005031323991715908,0.0007820259779691696,0.22772489488124847,0.10340215265750885,0.1508605033159256,0.11363528668880463,-0.07664676755666733,-0.018883995711803436,-0.05137110501527786,-0.20476645231246948
-0.004709720611572266,-0.002551555633544922,-0.0749826431274414,0.0311308354139328,0.03472086787223816,0.0019492487190291286,-0.09937883913516998,0.13971871137619019,0.0594216026365757,-0.18564444780349731,-0.16135233640670776,-0.26157304644584656,-0.24354839324951172,-0.05584053322672844,-0.0944717675447464,-0.011878392659127712,0.06578495353460312,0.012943287380039692,-0.03780822455883026,0.18943442404270172,0.08119881898164749,0.13217031955718994,0.12248004227876663,-0.06785841286182404,-0.042013540863990784,-0.026853352785110474,-0.1969345510005951
-0.007367134094238281,-0.010890483856201172,-0.07486391067504883,0.030814962461590767,0.036634016782045364,0.006307220086455345,-0.04158398136496544,0.1346586048603058,0.05175181105732918,-0.20874837040901184,-0.17413878440856934,-0.2447786182165146,-0.23829428851604462,-0.05447276309132576,-0.05627105385065079,-0.012041156180202961,0.044517338275909424,0.020144332200288773,-0.060275912284851074,0.15352678298950195,0.09197616577148438,0.11067672073841095,0.11299101263284683,-0.06193278729915619,-0.04903005063533783,-0.0219827089458704,-0.15563350915908813
-0.002784252166748047,-0.007448673248291016,-0.07432794570922852,0.03473468869924545,0.044040028005838394,-0.0021714218892157078,-0.015336375683546066,0.11518817394971848,0.06153177097439766,-0.20215927064418793,-0.20014116168022156,-0.22809147834777832,-0.2207728922367096,-0.05295148491859436,-0.027302730828523636,-0.012580521404743195,0.024014616385102272,0.01978498324751854,-0.0652056559920311,0.1373215764760971,0.08041710406541824,0.09935477375984192,0.08370142430067062,-0.05350932478904724,-0.020847998559474945,-0.026538120582699776,-0.1515401303768158
-0.0016903877258300781,-0.0011949539184570312,-0.07289648056030273,0.04126869887113571,0.046948377043008804,-0.007884925231337547,0.011457101441919804,0.0769469290971756,0.05054400488734245,-0.21325427293777466,-0.20711207389831543,-0.2118384689092636,-0.19081944227218628,-0.04761047288775444,-0.0006503118202090263,-0.013907410204410553,0.019430305808782578,0.021792465820908546,-0.05160101503133774,0.12032772600650787,0.0795900821685791,0.07985464483499527,0.06755563616752625,-0.049802783876657486,-0.017218906432390213,-0.020378869026899338,-0.12792706489562988
-0.004048824310302734,0.00198216806165874,-0.07156181335449219,0.045782409608364105,0.04231956973671913,-0.008975605480372906,0.010976476594805717,0.03917146101593971,0.019605813547968864,-0.2222328782081604,-0.2212098240852356,-0.19212473928928375,-0.15767966210842133,-0.03880239278078079,0.01690293848514557,-0.015199205838143826,0.0029772906564176083,0.02849430963397026,-0.08718430995941162,0.100238136947155,0.07537700980901718,0.060662537813186646,0.04035802185535431,-0.04583023488521576,-0.009430114179849625,-0.02446996420621872,-0.13064804673194885
-0.002665996551513672,-0.0005702972412109375,-0.07265806198120117,0.04811764881014824,0.041120439767837524,-0.013119565322995186,0.020640606060624123,0.01662660390138626,-0.0009185974486172199,-0.21302035450935364,-0.22684186697006226,-0.18560686707496643,-0.15617629885673523,-0.03369159251451492,0.022997364401817322,-0.013731363229453564,-0.006076265592128038,0.030757486820220947,-0.09257154166698456,0.08142772316932678,0.06410591304302216,0.05502108111977577,0.02438019961118698,-0.035165391862392426,-0.007594257593154907,-0.03147982060909271,-0.13290539383888245
0.0019003667403012514,-0.007721900939941406,-0.07742643356323242,0.048437681049108505,0.03722112253308296,-0.01873132586479187,0.024759307503700256,0.0032282345928251743,-0.04138621315360069,-0.20292705297470093,-0.22508978843688965,-0.18236945569515228,-0.13305899500846863,-0.02892063744366169,0.04179441183805466,-0.00923963449895382,-0.01565145142376423,0.02876487374305725,-0.11540388315916061,0.0651659220457077,0.04641281068325043,0.062458958476781845,0.015525024384260178,-0.01850809156894684,0.03167034313082695,-0.03533503785729408,-0.14786139130592346
0.0026233133394271135,-0.008790016174316406,-0.07941484451293945,0.03734991326928139,0.032276250422000885,-0.016992559656500816,0.01903398148715496,-0.03587578237056732,-0.07622508704662323,-0.23023951053619385,-0.22612136602401733,-0.15554732084274292,-0.10979045927524567,-0.022396579384803772,0.028834275901317596,-0.007304076105356216,-0.01947817951440811,0.03024417906999588,-0.1289265751838684,0.05291244760155678,0.032011162489652634,0.06510964035987854,0.01878412812948227,-0.004701843950897455,0.09594640135765076,-0.03276638686656952,-0.16300013661384583
0.0012316973879933357,-0.006606101989746094,-0.07937383651733398,0.02719207853078842,0.03551986813545227,-0.010368512943387032,0.0179634727537632,-0.07605315744876862,-0.09038816392421722,-0.2452261596918106,-0.25176650285720825,-0.13694548606872559,-0.1193540170788765,-0.02140013873577118,-0.02577820047736168,-0.0072871120646595955,-0.011965110898017883,0.03428557142615318,-0.08299553394317627,0.040172379463911057,0.02349114790558815,0.06102197617292404,0.031630128622055054,0.006097443401813507,0.005252651870250702,-0.035453423857688904,-0.13980376720428467
0.0003036249545402825,-0.005921840667724609,-0.07990646362304688,0.02634330280125141,0.032078199088573456,-0.003706685733050108,0.013142909854650497,-0.10496398061513901,-0.1227451041340828,-0.2392284870147705,-0.25567111372947693,-0.1273622065782547,-0.12376265227794647,-0.022065063938498497,-0.02474585920572281,-0.006734377704560757,-0.013943135738372803,0.03715408965945244,-0.0817733183503151,0.02372266724705696,0.008720184676349163,0.053209707140922546,0.027471192181110382,0.01543350424617529,-0.005536817014217377,-0.0373585969209671,-0.13499265909194946
0.001339460490271449,-0.007470130920410156,-0.0817575454711914,0.03091253899037838,0.03174993768334389,0.0004889391711913049,0.006515245884656906,-0.12698465585708618,-0.1319822072982788,-0.22990776598453522,-0.2536703050136566,-0.1252264678478241,-0.12653347849845886,-0.022945275530219078,-0.032075434923172,-0.004973877687007189,-0.022122394293546677,0.03716014698147774,-0.0617649182677269,0.007558624725788832,0.0048201559111475945,0.05038087069988251,0.020002320408821106,0.027182303369045258,0.0022179558873176575,-0.03838051110506058,-0.1252710223197937
0.003145314287394285,-0.011049270629882812,-0.08435440063476562,0.03283464163541794,0.025315018370747566,0.004160890355706215,-0.00839133933186531,-0.14911462366580963,-0.17630404233932495,-0.23518972098827362,-0.24405422806739807,-0.1263754814863205,-0.1348000466823578,-0.024314282462000847,-0.029895320534706116,-0.0025254341308027506,-0.013943469151854515,0.03576114773750305,-0.03525569289922714,-0.007489641197025776,-0.024937141686677933,0.05406924709677696,0.02858441323041916,0.04236898571252823,0.016367387026548386,-0.03880735859274864,-0.1087811216711998
0.005324536003172398,-0.01386880874633789,-0.08686685562133789,0.031744156032800674,0.030886966735124588,0.00724808918312192,-0.00023409351706504822,-0.16782395541667938,-0.20960073173046112,-0.23514175415039062,-0.2432798445224762,-0.12814803421497345,-0.14127910137176514,-0.026923542842268944,-0.045616067945957184,-0.00012371386401355267,-0.006130479741841555,0.03349221870303154,-0.028020337224006653,-0.021144092082977295,-0.030194107443094254,0.05908764898777008,0.033107176423072815,0.05822278931736946,0.04332180321216583,-0.03876063972711563,-0.12344039231538773
0.003584492951631546,-0.011827468872070312,-0.08757257461547852,0.03368113189935684,0.03673163056373596,0.012363885529339314,-0.006009325385093689,-0.19447878003120422,-0.2078854739665985,-0.23761941492557526,-0.23687335848808289,-0.11846785247325897,-0.10864529013633728,-0.030970148742198944,-0.05033734440803528,0.0006592345307581127,-0.007343821693211794,0.03521221876144409,-0.01763916015625,-0.03330967202782631,-0.03865445777773857,0.0572710745036602,0.02884785830974579,0.070630744099617,0.06203371658921242,-0.03865470737218857,-0.1081184595823288
0.0010483060032129288,-0.008374214172363281,-0.08694744110107422,0.038907404989004135,0.03370652720332146,0.014540580101311207,-0.01415281742811203,-0.21401354670524597,-0.2143327295780182,-0.21993443369865417,-0.2258397340774536,-0.10994395613670349,-0.10262562334537506,-0.03420471400022507,-0.04477241635322571,0.00018165742221754044,-0.0007084091193974018,0.037367161363363266,-0.02334834262728691,-0.04652046039700508,-0.04699162393808365,0.051404524594545364,0.02542492002248764,0.08140067011117935,0.06985478103160858,-0.03831072524189949,-0.1074596419930458
-0.00037384033203125,-0.006179332733154297,-0.0866231918334961,0.04249102622270584,0.04047619178891182,0.013093232177197933,0.005177289247512817,-0.22868356108665466,-0.214718759059906,-0.20325922966003418,-0.20631039142608643,-0.105767160654068,-0.08082973212003708,-0.03629697486758232,-0.02809932455420494,-5.0781291065504774e-05,-0.0077640158124268055,0.037692613899707794,-0.06470009684562683,-0.05905779078602791,-0.05540667846798897,0.050239890813827515,0.01958942413330078,0.09498513489961624,0.09570864588022232,-0.037237878888845444,-0.12072843313217163
0.0005301896599121392,-0.004965305328369141,-0.08660554885864258,0.042929887771606445,0.04862364009022713,0.00840773619711399,0.023412857204675674,-0.23500925302505493,-0.23384322226047516,-0.1790246069431305,-0.18207350373268127,-0.09120412170886993,-0.046029217541217804,-0.03683381527662277,-0.02011953294277191,-2.421566387056373e-05,-0.018876641988754272,0.03482824191451073,-0.07934744656085968,-0.070765919983387,-0.07175596803426743,0.05366506427526474,0.02045983448624611,0.11134723573923111,0.13023430109024048,-0.03521399572491646,-0.10362305492162704
0.0004229616897646338,-0.004631519317626953,-0.0873870849609375,0.042012009769678116,0.05249353125691414,0.005282784346491098,0.022793082520365715,-0.24150946736335754,-0.23949047923088074,-0.16942445933818817,-0.16335344314575195,-0.07882703840732574,-0.007088400423526764,-0.03655483201146126,-0.0008547967299818993,0.0007899422780610621,-0.02090514451265335,0.03251044824719429,-0.08445771783590317,-0.08370579779148102,-0.08061482757329941,0.057305049151182175,0.018860168755054474,0.1282578408718109,0.1501239538192749,-0.03274475038051605,-0.08748643845319748
-0.0007166862487792969,-0.004498958587646484,-0.09009313583374023,0.04209069162607193,0.052884697914123535,0.0035789129324257374,0.009108468890190125,-0.24641001224517822,-0.24601629376411438,-0.17122487723827362,-0.14522185921669006,-0.06591000407934189,0.04003950208425522,-0.0359424389898777,0.012090296484529972,0.0035015686880797148,-0.021915646269917488,0.03070877492427826,-0.07826855778694153,-0.0974736139178276,-0.10028234124183655,0.059873394668102264,0.01888876035809517,0.14474497735500336,0.16034072637557983,-0.029796892777085304,-0.060558877885341644
0.0006316383369266987,-0.0025930404663085938,-0.08961105346679688,0.040861353278160095,0.047775812447071075,-0.002220720751211047,-0.0009237602353096008,-0.23473437130451202,-0.24764539301395416,-0.12885768711566925,-0.13331621885299683,0.00019879172032233328,0.07646964490413666,-0.024011852219700813,0.031026460230350494,0.003083455376327038,-0.022998057305812836,0.025477267801761627,-0.07833315432071686,-0.11397119611501694,-0.1252318173646927,0.05585866421461105,0.023912101984024048,0.15913823246955872,0.16855818033218384,-0.02594446763396263,-0.027009230107069016
-0.0011882781982421875,0.004092537332326174,-0.08597898483276367,0.04272492229938507,0.06183179095387459,-0.007021578494459391,-0.0031773224472999573,-0.23972931504249573,-0.19370976090431213,-0.11438770592212677,-0.12047658115625381,0.03374127298593521,0.07286658138036728,-0.011816623620688915,0.06674017757177353,-0.00035678609856404364,-0.005192395765334368,0.02298935316503048,-0.06318239867687225,-0.12830649316310883,-0.11640120297670364,0.04807709902524948,0.015752822160720825,0.1723724603652954,0.11482635140419006,-0.021560754626989365,0.008822709321975708
-0.002865314483642578,0.0012887618504464626,-0.08495903015136719,0.056044045835733414,0.06367461383342743,-0.015061263926327229,-0.007715512067079544,-0.2128206193447113,-0.16922375559806824,-0.06809411197900772,-0.09634076058864594,0.06867283582687378,0.11624959111213684,0.012570809572935104,0.08202411979436874,-0.0014412119053304195,-0.01462334580719471,0.018428321927785873,-0.04139278084039688,-0.15644261240959167,-0.12811675667762756,0.03499158099293709,-0.0015239492058753967,0.18487830460071564,0.14204220473766327,-0.009038074873387814,0.0941951647400856
-0.008025169372558594,-0.0035572052001953125,-0.08687591552734375,0.06223366782069206,0.021006077527999878,-0.02074870653450489,-0.03891662880778313,-0.19779476523399353,-0.14634233713150024,-0.07083871215581894,-0.058277253061532974,0.10037155449390411,0.15648376941680908,0.04544076696038246,0.11533862352371216,0.00031781059806235135,-0.02932116389274597,0.014662609435617924,-0.006983362138271332,-0.1834115833044052,-0.15044067800045013,0.028554802760481834,-0.022874291986227036,0.2014150321483612,0.19655951857566833,0.0219233687967062,0.16412469744682312
-0.011645317077636719,0.00300052622333169,-0.09161806106567383,0.05872810631990433,-0.0007068975828588009,-0.030760178342461586,-0.010229751467704773,-0.19407466053962708,-0.12517237663269043,-0.0765378400683403,-0.06469590216875076,0.12089294195175171,0.1124991700053215,0.07345280051231384,0.14751076698303223,0.004872341174632311,-0.03257328271865845,0.008446096442639828,0.04838977009057999,-0.19254207611083984,-0.15685182809829712,0.03021901473402977,0.010488420724868774,0.2187633216381073,0.2208995372056961,0.051095131784677505,0.18322253227233887
-0.011260032653808594,0.017231585457921028,-0.09587860107421875,0.05970122292637825,-0.02523447386920452,-0.03686363250017166,0.06421361863613129,-0.1970110833644867,-0.09125875681638718,-0.0869823470711708,-0.06624066829681396,0.09909214824438095,0.08727402240037918,0.05071036517620087,0.18908725678920746,0.0055548022501170635,-0.025177286937832832,-0.0016302067087963223,0.09703447669744492,-0.18788328766822815,-0.15592172741889954,0.04013478010892868,0.05816972255706787,0.2349434494972229,0.2373993694782257,0.07607144117355347,0.16995340585708618
-0.006115913391113281,0.00620168074965477,-0.09201812744140625,0.05634604021906853,-0.030872253701090813,-0.04266619682312012,0.10677039623260498,-0.18648482859134674,-0.05650390312075615,-0.08560588210821152,-0.09486909955739975,0.10156716406345367,0.13472718000411987,0.0504005141556263,0.21653659641742706,-0.0046999226324260235,-0.014849327504634857,-0.011426855809986591,0.08643528819084167,-0.18748706579208374,-0.13994762301445007,0.06391671299934387,0.06526295840740204,0.24500319361686707,0.26718634366989136,0.08754287660121918,0.09919340163469315
-0.0051670074462890625,-0.01738262176513672,-0.08690118789672852,0.05237117037177086,-0.01275935210287571,-0.04217209294438362,0.06190581992268562,-0.16404415667057037,-0.10042834281921387,-0.08630753308534622,-0.07300978899002075,0.10186974704265594,-0.016313064843416214,0.050589293241500854,0.18563273549079895,-0.014261217787861824,0.002373643685132265,-0.00981124397367239,0.007309287786483765,-0.19439052045345306,-0.09898947924375534,0.08458954095840454,0.08567608147859573,0.24282073974609375,0.2778403162956238,0.08081807941198349,-0.03258051350712776
-0.007674694061279297,-0.03511381149291992,-0.08356142044067383,0.0498250275850296,0.013332143425941467,-0.037651728838682175,0.04746462032198906,-0.15029412508010864,-0.11560997366905212,-0.0897836908698082,-0.04394705966114998,0.1022912859916687,-0.1476036161184311,0.04971744120121002,0.15519312024116516,-0.015399389900267124,-0.008374083787202835,-1.9372235328773968e-05,-0.04038532078266144,-0.18365053832530975,-0.09716198593378067,0.10303337872028351,0.143396258354187,0.24147450923919678,0.25375932455062866,0.07229287922382355,-0.09183009713888168
-0.011357784271240234,-0.04503011703491211,-0.08038043975830078,0.04698126018047333,0.039983030408620834,-0.03190264478325844,0.0719657838344574,-0.14501206576824188,-0.14204218983650208,-0.09187833219766617,-0.026806022971868515,0.10412764549255371,-0.24706535041332245,0.04829472303390503,0.1581113189458847,-0.012901533395051956,-0.02616652473807335,0.01240797434002161,-0.04866734892129898,-0.16223131120204926,-0.08438637107610703,0.1063951626420021,0.19499370455741882,0.2296595722436905,0.19714072346687317,0.05811276659369469,-0.0626484677195549
-0.01141977310180664,-0.0510716438293457,-0.076385498046875,0.042533744126558304,0.061948347836732864,-0.030212154611945152,0.08614954352378845,-0.14334364235401154,-0.15713465213775635,-0.09573565423488617,-0.023318812251091003,0.08884793519973755,-0.29794612526893616,0.04678758606314659,0.15580803155899048,-0.012165112420916557,-0.02596389688551426,0.018525945022702217,-0.05185431241989136,-0.12987370789051056,-0.0516764260828495,0.1261734515428543,0.2104569971561432,0.21642979979515076,0.15694555640220642,0.043875593692064285,-0.057224102318286896
0.0024126761127263308,-0.03700447082519531,-0.07752799987792969,0.039279237389564514,0.07557691633701324,-0.0410093292593956,0.11260369420051575,-0.16455212235450745,-0.16846126317977905,-0.10531454533338547,-0.01776162162423134,0.031353484839200974,-0.30038130283355713,0.03245759382843971,0.15961962938308716,-0.011697427369654179,-0.023654712364077568,0.0067704967223107815,-0.04703526943922043,-0.039836060255765915,-0.019765444099903107,0.2182883471250534,0.215569406747818,0.18058882653713226,0.12256769835948944,0.028976157307624817,-0.039089642465114594
0.016507461667060852,-0.0191802978515625,-0.0805058479309082,0.03770333155989647,0.08103658258914948,-0.04650339484214783,0.1832222044467926,-0.17661327123641968,-0.1753770411014557,-0.08898510783910751,-0.050713397562503815,0.0012124673230573535,-0.13672807812690735,0.03554558753967285,0.24156294763088226,-0.012643856927752495,-0.007941491901874542,-0.0015814147191122174,-0.049128636717796326,0.0017597198020666838,-0.008983039297163486,0.23186498880386353,0.24542996287345886,0.167097270488739,0.16782113909721375,0.029932420700788498,0.03172529488801956
0.022260570898652077,-0.012698650360107422,-0.08553123474121094,0.04273552447557449,0.05312786623835564,-0.04502242058515549,0.1658330112695694,-0.1861387938261032,-0.14702284336090088,-0.08596929162740707,-0.09632380306720734,-0.016080612316727638,0.03149798884987831,0.0677545815706253,0.22072942554950714,-0.009779858402907848,0.0025376263074576855,-0.0011631771922111511,-0.034859683364629745,0.006603393238037825,0.027374587953090668,0.21512848138809204,0.2361219823360443,0.16728860139846802,0.173405259847641,0.03304624930024147,0.10085522383451462
0.01759551279246807,-0.014927864074707031,-0.09447431564331055,0.050792478024959564,0.02798871509730816,-0.03362038731575012,0.11651831865310669,-0.1870693862438202,-0.15104764699935913,-0.08915906399488449,-0.11937128752470016,-0.009010106325149536,0.0964675173163414,0.08849603682756424,0.18700706958770752,-0.0018247301923111081,0.006087564397603273,0.008555063046514988,-0.016784820705652237,0.009483813308179379,0.05596400424838066,0.2203337699174881,0.21564754843711853,0.16612105071544647,0.17288410663604736,0.0458306223154068,0.10634535551071167
0.005962135270237923,-0.02071857452392578,-0.10442781448364258,0.055159881711006165,0.017777135595679283,-0.015312930569052696,0.08489535748958588,-0.1928825080394745,-0.1438581496477127,-0.09850802272558212,-0.11799892783164978,0.016686955466866493,0.09611710160970688,0.09554672241210938,0.16100679337978363,0.004846975672990084,-0.0025289994664490223,0.02320573292672634,-0.03607506304979324,0.01866947114467621,0.05892590805888176,0.24107007682323456,0.2357235550880432,0.165183424949646,0.18856281042099,0.058995310217142105,0.11385791748762131
-0.00469207763671875,-0.030182361602783203,-0.11428356170654297,0.04761999100446701,0.027423711493611336,0.003373069455847144,0.08965758979320526,-0.1995593160390854,-0.1674748957157135,-0.11483778059482574,-0.10981874912977219,0.03820137307047844,0.018438369035720825,0.09282056242227554,0.16463808715343475,0.006496796850115061,-0.004538718145340681,0.03212493658065796,-0.02144736424088478,0.03038938157260418,0.06054261699318886,0.2688365578651428,0.2621029317378998,0.17392194271087646,0.19024726748466492,0.09263474494218826,0.14635080099105835
-0.00966024398803711,-0.04140329360961914,-0.12412643432617188,0.03274973854422569,0.013161806389689445,0.016889996826648712,0.0921584963798523,-0.20047491788864136,-0.18685601651668549,-0.1264214664697647,-0.06631353497505188,0.053848955780267715,-0.12051258981227875,0.0838671550154686,0.16064727306365967,0.0017905677668750286,-0.017296653240919113,0.031262580305337906,0.00886772945523262,0.034620776772499084,0.05829299986362457,0.2729463577270508,0.2855445444583893,0.17245785892009735,0.15253622829914093,0.10758709162473679,0.1395590603351593
-0.004783153533935547,-0.05207014083862305,-0.13587522506713867,0.02114209532737732,0.020403938367962837,0.019492674618959427,0.13766765594482422,-0.19409263134002686,-0.1945503056049347,-0.12802056968212128,-0.04835004359483719,0.06304488331079483,-0.22139376401901245,0.07356087863445282,0.1744852513074875,-0.004267770331352949,-0.024714304134249687,0.017088299617171288,-0.00504448264837265,0.04115163907408714,0.050644852221012115,0.2721472978591919,0.2915125787258148,0.17090685665607452,0.12782639265060425,0.11216264218091965,0.08354028314352036
0.00652667973190546,-0.0596623420715332,-0.1487569808959961,0.012891250662505627,0.007540056947618723,0.016341280192136765,0.150234654545784,-0.18445777893066406,-0.21383467316627502,-0.12321672588586807,-0.022902149707078934,0.05312863737344742,-0.2583501935005188,0.05295833200216293,0.17128713428974152,-0.012967806309461594,-0.025178343057632446,-0.003524618921801448,0.00324852392077446,0.047707244753837585,0.042266711592674255,0.25711432099342346,0.2726624310016632,0.15314613282680511,0.09883800894021988,0.11118466407060623,0.050884030759334564
0.019316744059324265,-0.060878753662109375,-0.15973901748657227,0.0050262510776519775,0.008730767294764519,0.01290490385144949,0.17806565761566162,-0.17791500687599182,-0.21068158745765686,-0.11242759227752686,-0.022494714707136154,0.03519260883331299,-0.21482862532138824,0.03025641478598118,0.1710623949766159,-0.02515891194343567,-0.022802963852882385,-0.021809255704283714,-0.00671222060918808,0.056183572858572006,0.03333480656147003,0.23400720953941345,0.24436086416244507,0.13074108958244324,0.10048163682222366,0.0873592346906662,0.0077071283012628555
0.028147278353571892,-0.057755470275878906,-0.16798114776611328,0.0052644480019807816,0.02495354600250721,0.012328955344855785,0.15386736392974854,-0.1782412976026535,-0.20890451967716217,-0.10501325875520706,-0.045328959822654724,0.021334804594516754,-0.12717971205711365,0.02408764138817787,0.14043092727661133,-0.027996592223644257,-0.01760183274745941,-0.03256954252719879,-0.0565703809261322,0.06177370250225067,0.032200321555137634,0.218091681599617,0.2127804458141327,0.11504608392715454,0.12156324833631516,0.028882350772619247,-0.07654020935297012
0.02760378271341324,-0.053661346435546875,-0.1740856170654297,0.013173663057386875,0.033780861645936966,0.02243250235915184,0.10596607625484467,-0.17911368608474731,-0.1953643411397934,-0.09430818259716034,-0.06035308167338371,0.02381044626235962,-0.05170513689517975,0.01735733449459076,0.07562503218650818,-0.022402238100767136,-0.019187215715646744,-0.024004802107810974,-0.06567636132240295,0.061266280710697174,0.03989015519618988,0.1952948421239853,0.169011652469635,0.09269332885742188,0.14877256751060486,-0.006126170977950096,-0.08889970928430557
0.02192852459847927,-0.05325126647949219,-0.1780710220336914,0.02252049744129181,0.025498708710074425,0.038363032042980194,0.02696840837597847,-0.17537343502044678,-0.18530097603797913,-0.08261513710021973,-0.06652184575796127,0.02652689255774021,-0.0018740100786089897,0.009182251989841461,0.012820185162127018,-0.01873413659632206,-0.014170657843351364,-0.007072539068758488,-0.05567328631877899,0.05452360957860947,0.041575875133275986,0.17357288300991058,0.12272781878709793,0.08254725486040115,0.15438419580459595,-0.01757674664258957,-0.07224634289741516
0.018198911100625992,-0.053997039794921875,-0.17995071411132812,0.029991094022989273,0.03203248977661133,0.051135893911123276,-0.02865402027964592,-0.16975204646587372,-0.18504922091960907,-0.07064890116453171,-0.055016495287418365,0.02384207583963871,0.025574736297130585,0.005457973573356867,-0.06287076324224472,-0.016891611739993095,-0.013583241030573845,0.007103930693119764,-0.05589647591114044,0.04643716290593147,0.037357572466135025,0.15502025187015533,0.07293538749217987,0.0817410796880722,0.15231072902679443,-0.02876225672662258,-0.1081421747803688
0.0192364901304245,-0.05016279220581055,-0.1794753074645996,0.03568224981427193,0.03420170769095421,0.05611874908208847,-0.04994184151291847,-0.17040739953517914,-0.1737392097711563,-0.060613375157117844,-0.04822374880313873,0.014272352680563927,0.08140607178211212,0.006692205090075731,-0.09480907022953033,-0.016986265778541565,-0.012623552232980728,0.014746257103979588,-0.03582553565502167,0.047855112701654434,0.04293038323521614,0.14598563313484192,0.0462946742773056,0.08536633104085922,0.13794875144958496,-0.03539104014635086,-0.12373171001672745
0.021016161888837814,-0.0472416877746582,-0.17747879028320312,0.047212570905685425,0.04470529779791832,0.053259722888469696,-0.054772768169641495,-0.1694294512271881,-0.13943198323249817,-0.0494348406791687,-0.06486621499061584,0.03655683994293213,0.13868816196918488,-0.004019171465188265,-0.0982063040137291,-0.01953977905213833,-0.007165661547333002,0.01996682956814766,-0.006200311705470085,0.04124066233634949,0.04278010129928589,0.11968301981687546,0.016193270683288574,0.05503325164318085,0.14348363876342773,-0.03742455691099167,-0.07041535526514053
0.024044325575232506,-0.04763174057006836,-0.17520380020141602,0.05779734253883362,0.03628021478652954,0.04268370568752289,-0.04595499858260155,-0.16635306179523468,-0.1314033418893814,-0.052579768002033234,-0.056905824691057205,0.051244836300611496,0.12071114778518677,-0.008358662948012352,-0.12523750960826874,-0.02177606336772442,-0.009091613814234734,0.023144755512475967,-0.012234073132276535,0.03463475778698921,0.041085269302129745,0.10590624064207077,0.001729670912027359,0.05048837512731552,0.1445273905992508,-0.04344925656914711,-0.07163872569799423
0.02787700667977333,-0.049303531646728516,-0.1728677749633789,0.05893124267458916,0.043519940227270126,0.02852579765021801,-0.04399152472615242,-0.15594349801540375,-0.1270090490579605,-0.05290087312459946,-0.06965415924787521,0.06705288589000702,0.11258348822593689,-0.020080624148249626,-0.11961273849010468,-0.024427251890301704,-0.012456439435482025,0.024406207725405693,-0.022900648415088654,0.023659035563468933,0.03739425167441368,0.08644955605268478,-0.01937982067465782,0.03760329633951187,0.16563235223293304,-0.04905656725168228,-0.11137723177671432
0.030877962708473206,-0.04723310470581055,-0.1708536148071289,0.054321978241205215,0.05009204521775246,0.012486472725868225,-0.014674607664346695,-0.14776857197284698,-0.1362571269273758,-0.057049620896577835,-0.07138127088546753,0.07673412561416626,0.08586617559194565,-0.029927926138043404,-0.09838661551475525,-0.025972438976168633,-0.024978231638669968,0.025702904909849167,-0.04789375886321068,0.01639845222234726,0.02349308505654335,0.06915339082479477,-0.018054068088531494,0.03675833344459534,0.18830206990242004,-0.052398648113012314,-0.1366068422794342
0.02859959751367569,-0.043042659759521484,-0.16817235946655273,0.04950555041432381,0.05437618866562843,0.00048260242328979075,0.003443406894803047,-0.1458064168691635,-0.14800295233726501,-0.07484709471464157,-0.0819598138332367,0.07538963109254837,0.06901808083057404,-0.03463129699230194,-0.0794733464717865,-0.027889296412467957,-0.03508872538805008,0.032303836196660995,-0.06062354892492294,0.004675821866840124,0.001754055730998516,0.04043816402554512,-0.014599483460187912,0.031439922749996185,0.17737501859664917,-0.05562329664826393,-0.12337977439165115
0.02511019818484783,-0.03530168533325195,-0.1652512550354004,0.048013195395469666,0.05583369731903076,-0.010586497373878956,0.031129537150263786,-0.14425472915172577,-0.15194980800151825,-0.08512981235980988,-0.09710947424173355,0.07226420193910599,0.04148251563310623,-0.03789887949824333,-0.05287345498800278,-0.030718356370925903,-0.02867700532078743,0.043336909264326096,-0.08111122250556946,0.0023693949915468693,-0.004329693503677845,0.02140536718070507,-0.0037956759333610535,0.04375453293323517,0.11733761429786682,-0.07306916266679764,-0.13045728206634521
0.024531718343496323,-0.023926734924316406,-0.16208553314208984,0.04694489389657974,0.05706500634551048,-0.023416679352521896,0.0398067906498909,-0.14631573855876923,-0.16759799420833588,-0.09318001568317413,-0.11711756885051727,0.06686963886022568,0.0321245975792408,-0.039975136518478394,-0.0276048481464386,-0.030669698491692543,-0.028858765959739685,0.04882918670773506,-0.08342744410037994,0.006454847287386656,-0.02633892372250557,0.011304092593491077,0.0049714744091033936,0.06306629627943039,0.0765572190284729,-0.08024661988019943,-0.1318282186985016
0.022722557187080383,-0.014134407043457031,-0.158447265625,0.04131055250763893,0.052955057471990585,-0.029614679515361786,0.04944232851266861,-0.16092905402183533,-0.1919744908809662,-0.1305377185344696,-0.1414506435394287,0.046257924288511276,-0.003321625292301178,-0.039243727922439575,-0.028788141906261444,-0.031218156218528748,-0.009804867208003998,0.05252186581492424,-0.06824551522731781,0.008690997958183289,-0.044133566319942474,-0.002549421740695834,0.017308104783296585,0.05652385577559471,0.01253490149974823,-0.07428563386201859,-0.1303277611732483
0.021905777975916862,-0.012792110443115234,-0.15575218200683594,0.03712446615099907,0.05484386533498764,-0.031416937708854675,0.026740724220871925,-0.16551677882671356,-0.2009376585483551,-0.1602649688720703,-0.16616207361221313,0.027291933074593544,-0.029580704867839813,-0.038313597440719604,-0.03553915396332741,-0.028623206540942192,-0.0021194559521973133,0.05593761429190636,-0.05898790806531906,0.01119832880795002,-0.039317864924669266,-0.0006140033947303891,0.01023833081126213,0.04600251093506813,0.04034150391817093,-0.07602043449878693,-0.1494617760181427
0.02193625457584858,-0.018970966339111328,-0.15311145782470703,0.03858189284801483,0.05904633551836014,-0.030003849416971207,0.011563071981072426,-0.15440921485424042,-0.2069496214389801,-0.1626075953245163,-0.18492740392684937,0.01583198644220829,-0.03986971825361252,-0.037701092660427094,-0.04302394390106201,-0.02916436456143856,-0.011481862515211105,0.059786465018987656,-0.079355888068676,0.009235846810042858,-0.030612658709287643,0.007610737811774015,-0.0021307505667209625,0.03715336695313454,0.09680551290512085,-0.10017978399991989,-0.18260955810546875
0.020140711218118668,-0.025271892547607422,-0.15168190002441406,0.04656499624252319,0.05120876431465149,-0.025776388123631477,-0.02738182619214058,-0.16563890874385834,-0.1930820345878601,-0.2117713987827301,-0.21142876148223877,-0.028547991067171097,-0.1005176305770874,-0.03614017367362976,-0.03654656559228897,-0.03153475373983383,0.02467500790953636,0.06302344799041748,-0.09332814812660217,0.008702084422111511,-0.024846259504556656,0.022533543407917023,-0.005391664803028107,0.043140195310115814,0.1444120854139328,-0.08901076763868332,-0.20986786484718323
0.022213030606508255,-0.033147335052490234,-0.1522831916809082,0.05318765342235565,0.04976949468255043,-0.024745864793658257,0.008873467333614826,-0.16575002670288086,-0.20471030473709106,-0.2325924187898636,-0.23107782006263733,-0.05083180591464043,-0.09405480325222015,-0.036399055272340775,-0.06588666886091232,-0.03259899467229843,-0.009363465011119843,0.06173168122768402,-0.07407490909099579,0.0057475389912724495,-0.014077660627663136,0.035015709698200226,0.007212519645690918,0.04220113903284073,0.16041426360607147,-0.08066701889038086,-0.18247973918914795
0.025705702602863312,-0.03862953186035156,-0.15292835235595703,0.05102882161736488,0.05067633464932442,-0.02251504547894001,0.006205111742019653,-0.15920627117156982,-0.21260324120521545,-0.22223596274852753,-0.24815809726715088,-0.06671010702848434,-0.09614314138889313,-0.03792271390557289,-0.08319558203220367,-0.0332023985683918,-0.0076659363694489,0.05955041944980621,-0.06453993916511536,0.003755544312298298,-0.012270142324268818,0.04507051408290863,0.011197313666343689,0.041791655123233795,0.20655295252799988,-0.08034402132034302,-0.19081375002861023
0.0256706103682518,-0.03699493408203125,-0.1528005599975586,0.04648524522781372,0.053916022181510925,-0.01571420580148697,-0.0029898956418037415,-0.17046165466308594,-0.20497417449951172,-0.22400139272212982,-0.2530674636363983,-0.0771748498082161,-0.09490831196308136,-0.039284899830818176,-0.06210237741470337,-0.03430039435625076,-0.01592196896672249,0.06359504908323288,-0.0767723023891449,0.007254492957144976,-0.012436439283192158,0.05157437175512314,0.014910124242305756,0.04563363641500473,0.1935529112815857,-0.09382779896259308,-0.17930972576141357
0.02500804513692856,-0.033472537994384766,-0.15295076370239258,0.047858159989118576,0.050707362592220306,-0.009761248715221882,-0.0028552021831274033,-0.18400385975837708,-0.19889917969703674,-0.22148384153842926,-0.2624443471431732,-0.08247271925210953,-0.09581724554300308,-0.0402940958738327,-0.06513562798500061,-0.033771418035030365,-0.03325600177049637,0.06533593684434891,-0.07945243269205093,0.007169827353209257,0.0014080880209803581,0.04931206256151199,0.006590314209461212,0.047742798924446106,0.19541612267494202,-0.09490100294351578,-0.16214343905448914
0.0229418333619833,-0.029776573181152344,-0.15230369567871094,0.05073109641671181,0.04611113294959068,-0.004066586494445801,-0.021557439118623734,-0.20694422721862793,-0.21569278836250305,-0.24035309255123138,-0.26351428031921387,-0.08705473691225052,-0.09530656039714813,-0.04246552288532257,-0.07297930121421814,-0.033606525510549545,-0.03528180718421936,0.0679503008723259,-0.043011751025915146,0.005395750515162945,0.0012108338996767998,0.045941416174173355,-0.004055168479681015,0.055142924189567566,0.20132194459438324,-0.0958157628774643,-0.14854848384857178
0.02386195957660675,-0.02937030792236328,-0.15080642700195312,0.05169825255870819,0.04466094821691513,-0.003164208959788084,-0.0009871255606412888,-0.21910881996154785,-0.22659803926944733,-0.2462872713804245,-0.2644514739513397,-0.08745201677083969,-0.09250252693891525,-0.04457201063632965,-0.0761614590883255,-0.03483159840106964,-0.03156127780675888,0.0663161352276802,-0.037709761410951614,-0.0006943104090169072,-0.007636253722012043,0.04233194515109062,0.01358824223279953,0.06073211506009102,0.13427481055259705,-0.0953478068113327,-0.12832783162593842
0.026972953230142593,-0.030769824981689453,-0.14908933639526367,0.04932672902941704,0.04648010432720184,-0.005033933557569981,-0.00480048730969429,-0.22696924209594727,-0.2399004101753235,-0.25054383277893066,-0.25711989402770996,-0.086839459836483,-0.08436544239521027,-0.04656289890408516,-0.07261999696493149,-0.03692582622170448,-0.019919946789741516,0.06149512529373169,-0.03774962201714516,-0.007735224906355143,-0.019034262746572495,0.040657106786966324,0.008697114884853363,0.062331318855285645,0.1393648236989975,-0.09355366230010986,-0.14327159523963928
0.030230024829506874,-0.0324854850769043,-0.14760589599609375,0.046965569257736206,0.04891619458794594,-0.00775090092793107,-0.009636417031288147,-0.23442743718624115,-0.2439480721950531,-0.25607067346572876,-0.25389984250068665,-0.08439099788665771,-0.08569982647895813,-0.04799041152000427,-0.07183869183063507,-0.03866070881485939,-0.02242225781083107,0.05603032186627388,-0.02743324264883995,-0.013861355371773243,-0.02386678382754326,0.042570218443870544,0.010995298624038696,0.06801015883684158,0.1521056443452835,-0.09136560559272766,-0.14255574345588684
0.033097367733716965,-0.03555107116699219,-0.14684486389160156,0.04771368205547333,0.04898804426193237,-0.011236718855798244,-0.01716001331806183,-0.23377366364002228,-0.24665555357933044,-0.24755185842514038,-0.24069717526435852,-0.07876329123973846,-0.06980172544717789,-0.049246177077293396,-0.07207699120044708,-0.03996209800243378,-0.021462332457304,0.05044505372643471,-0.02697667106986046,-0.02332000620663166,-0.03367801383137703,0.041181210428476334,0.007284432649612427,0.06948664784431458,0.15750718116760254,-0.08850491791963577,-0.13911259174346924
0.034360580146312714,-0.03727245330810547,-0.14660882949829102,0.0492299385368824,0.051625318825244904,-0.013444012962281704,-0.005510218441486359,-0.23424996435642242,-0.24246808886528015,-0.23896019160747528,-0.2248665690422058,-0.07252881675958633,-0.0516929030418396,-0.050249211490154266,-0.07681506127119064,-0.04041178524494171,-0.030002787709236145,0.046432431787252426,-0.04100833833217621,-0.03119286149740219,-0.036751728504896164,0.0412989966571331,0.0059332475066185,0.075322225689888,0.1719912886619568,-0.08578788489103317,-0.13140550255775452
0.03470853343605995,-0.03730916976928711,-0.146331787109375,0.0499706007540226,0.04998350515961647,-0.014902892522513866,-0.0179193913936615,-0.23186011612415314,-0.2412310242652893,-0.21934019029140472,-0.21392378211021423,-0.06177252531051636,-0.03982694447040558,-0.05091900750994682,-0.06555590033531189,-0.04091981425881386,-0.03343933820724487,0.04311581328511238,-0.035854093730449677,-0.038675691932439804,-0.04675716534256935,0.038945913314819336,0.003294382244348526,0.07793969660997391,0.16466303169727325,-0.08264943957328796,-0.11823069304227829
0.03475339338183403,-0.036299705505371094,-0.1461172103881836,0.055404361337423325,0.05488362908363342,-0.01885741576552391,-0.0360095389187336,-0.22622984647750854,-0.23053067922592163,-0.19285953044891357,-0.19613322615623474,-0.04059277102351189,-0.01205568015575409,-0.050120528787374496,-0.05513504147529602,-0.04124782979488373,-0.03676212579011917,0.039589714258909225,-0.04680275917053223,-0.04653932899236679,-0.04151715710759163,0.034682489931583405,-0.013344082981348038,0.08021137863397598,0.20207470655441284,-0.0788397267460823,-0.12189780920743942
0.033738527446985245,-0.03287935256958008,-0.14513254165649414,0.059269290417432785,0.054320480674505234,-0.023283012211322784,-0.030467156320810318,-0.22690996527671814,-0.22060860693454742,-0.1794147789478302,-0.17764735221862793,-0.020750712603330612,0.007844865322113037,-0.04775051400065422,-0.03731375187635422,-0.04174632579088211,-0.036356061697006226,0.03683958575129509,-0.05288348346948624,-0.05146031826734543,-0.046110499650239944,0.03378738462924957,-0.0065953731536865234,0.09156030416488647,0.21255555748939514,-0.0753379836678505,-0.09948758035898209
0.03363034501671791,-0.026915550231933594,-0.14381170272827148,0.0606372207403183,0.06387533992528915,-0.029533373191952705,-0.035343531519174576,-0.22531642019748688,-0.20705866813659668,-0.15903417766094208,-0.15167662501335144,-0.002775682834908366,0.029970739036798477,-0.04451639577746391,-0.02358270436525345,-0.042708203196525574,-0.03926058113574982,0.03247908502817154,-0.056252457201480865,-0.0542730987071991,-0.044485658407211304,0.031929921358823776,-0.012011762708425522,0.09892692416906357,0.20601695775985718,-0.07065456360578537,-0.0785152018070221
0.03259683772921562,-0.023474693298339844,-0.14310598373413086,0.06270911544561386,0.06868545711040497,-0.03486701846122742,-0.023107189685106277,-0.2147386074066162,-0.2072494626045227,-0.13163453340530396,-0.13140639662742615,0.019830722361803055,0.06130409240722656,-0.039127204567193985,-0.00505161564797163,-0.04345475882291794,-0.04269054904580116,0.028415406122803688,-0.04053714871406555,-0.062032200396060944,-0.06479890644550323,0.02664947137236595,-0.007262516766786575,0.10231748223304749,0.19080720841884613,-0.06529511511325836,-0.02138802409172058
0.030418287962675095,-0.021904468536376953,-0.14339208602905273,0.06562574952840805,0.06781652569770813,-0.03894205018877983,-0.03370827063918114,-0.1945217400789261,-0.18700693547725677,-0.09358895570039749,-0.10198121517896652,0.04804366081953049,0.0831315815448761,-0.025361519306898117,0.011075343005359173,-0.04344242438673973,-0.040233537554740906,0.024149015545845032,-0.046357542276382446,-0.07230901718139648,-0.060900960117578506,0.020993918180465698,-0.01777001842856407,0.10264772176742554,0.19233909249305725,-0.05298881605267525,0.017532166093587875
0.024483587592840195,-0.019761085510253906,-0.14441394805908203,0.0664999708533287,0.06325110793113708,-0.03815973550081253,-0.03375055268406868,-0.18003350496292114,-0.14958146214485168,-0.07522447407245636,-0.06754545867443085,0.06551508605480194,0.09617993235588074,-0.011743624694645405,0.03795517235994339,-0.042704127728939056,-0.04497708007693291,0.022474324330687523,-0.019464198499917984,-0.08122651278972626,-0.07332146912813187,0.01737493835389614,-0.025406301021575928,0.10171585530042648,0.18522340059280396,-0.03116583824157715,0.08255605399608612
0.015643266960978508,-0.021700382232666016,-0.1459512710571289,0.05678239464759827,0.04137231782078743,-0.031121578067541122,-0.0220353864133358,-0.14821401238441467,-0.12803849577903748,-0.035881541669368744,-0.04094614461064339,0.07112114131450653,0.07310771942138672,0.018517421558499336,0.08025556057691574,-0.041358381509780884,-0.0456082709133625,0.020846441388130188,0.012915987521409988,-0.09245523810386658,-0.08017633855342865,0.019408663734793663,-0.011659771203994751,0.10196524858474731,0.1768929362297058,0.014479110017418861,0.14190673828125
0.003612355561926961,-0.021950244903564453,-0.14824533462524414,0.03418343514204025,0.01592472568154335,-0.017254050821065903,-0.01000874862074852,-0.1188587173819542,-0.11113046854734421,-0.004601495340466499,-0.0005330443382263184,0.046859920024871826,-0.0035228016786277294,0.04176925867795944,0.0881766676902771,-0.038574013859033585,-0.03289180248975754,0.02365654520690441,0.02308439463376999,-0.0950266495347023,-0.07017891108989716,0.036372408270835876,0.03176943585276604,0.11769260466098785,0.16330279409885406,0.05225618928670883,0.10754698514938354
0.00042874697828665376,-0.01585531234741211,-0.14978694915771484,0.02843932807445526,0.0013205711729824543,-0.016046224161982536,-0.0007997974753379822,-0.12200094759464264,-0.09545518457889557,-0.01035033818334341,0.013109516352415085,0.06699879467487335,-0.0198039673268795,0.020240891724824905,0.09028338640928268,-0.03240787610411644,-0.028037793934345245,0.017529036849737167,0.032552629709243774,-0.06812934577465057,-0.06304648518562317,0.10274629294872284,0.08781053870916367,0.13134688138961792,0.1455056518316269,0.07448653131723404,0.09115602821111679
0.0005959492991678417,-0.009325981140136719,-0.15108823776245117,0.030189720913767815,0.04211604595184326,-0.019045356661081314,0.1034444272518158,-0.13748490810394287,-0.1309247761964798,-0.03970961272716522,0.0004890747368335724,0.0560428686439991,-0.1132417842745781,0.01432741153985262,0.19199053943157196,-0.0235656276345253,-0.022239042446017265,0.007493230048567057,0.01291314885020256,-0.04866062477231026,-0.022645648568868637,0.14442197978496552,0.1443680226802826,0.13950130343437195,0.13337084650993347,0.07034143060445786,0.046314798295497894
0.0013793415855616331,-0.005216121673583984,-0.15317296981811523,0.03328994661569595,0.014837473630905151,-0.027436885982751846,0.08024121820926666,-0.1420127898454666,-0.11256582289934158,-0.05561913177371025,-0.022105004638433456,0.06948742270469666,-0.024547182023525238,0.030887339264154434,0.17464186251163483,-0.016226716339588165,-0.012453962117433548,-0.00443604402244091,0.004175376147031784,-0.03998064249753952,-0.029100358486175537,0.16927534341812134,0.17310646176338196,0.15079885721206665,0.15845292806625366,0.061511196196079254,0.03798341751098633
0.0011475953506305814,-0.00627899169921875,-0.15451335906982422,0.03569795563817024,0.012056294828653336,-0.03244747593998909,0.08491408824920654,-0.13385768234729767,-0.10206691920757294,-0.059495579451322556,-0.03261993080377579,0.08595358580350876,-0.03388763964176178,0.03580738231539726,0.18450652062892914,-0.014851456508040428,-0.014037953689694405,-0.013586336746811867,-0.008228607475757599,-0.049450576305389404,-0.0038146665319800377,0.17180019617080688,0.1953263282775879,0.16000445187091827,0.14853492379188538,0.052528854459524155,0.026327379047870636
0.003979800269007683,-0.004485607147216797,-0.15675878524780273,0.03793558478355408,-0.0018731295131146908,-0.03976329416036606,0.0719020664691925,-0.12908504903316498,-0.07933488488197327,-0.06923588365316391,-0.04585599526762962,0.07262194901704788,0.01968291401863098,0.0360712856054306,0.17459379136562347,-0.013954962603747845,-0.013340624049305916,-0.024332167580723763,-0.015746846795082092,-0.04274597391486168,0.006694129668176174,0.19872651994228363,0.2049747109413147,0.164637953042984,0.16149479150772095,0.04214954003691673,0.02569633722305298
0.007681730668991804,-0.0013360977172851562,-0.15873050689697266,0.039790574461221695,0.00971280224621296,-0.047723207622766495,0.11005790531635284,-0.12158920615911484,-0.08028990030288696,-0.07087168097496033,-0.0476510189473629,0.060465987771749496,0.02740224450826645,0.04010438919067383,0.19337694346904755,-0.01575291156768799,-0.014594633132219315,-0.03476951643824577,-0.023316480219364166,-0.0311129130423069,0.008306342177093029,0.22179695963859558,0.23365241289138794,0.1643737256526947,0.1777021288871765,0.04272710159420967,0.043097320944070816
0.008495553396642208,0.000835193379316479,-0.1599273681640625,0.04091169685125351,-0.005109821911901236,-0.051326606422662735,0.09972651302814484,-0.1123671904206276,-0.05971642583608627,-0.06999602913856506,-0.059704795479774475,0.050019070506095886,0.06540542840957642,0.04289882630109787,0.1863955557346344,-0.01940918155014515,-0.012853799387812614,-0.03921552002429962,-0.02536604553461075,-0.018294835463166237,0.02263908088207245,0.23824918270111084,0.24893423914909363,0.16930846869945526,0.1894163191318512,0.05004967376589775,0.042714331299066544
0.008252803236246109,0.0016680144472047687,-0.1615738868713379,0.04251409322023392,-0.0019003725610673428,-0.05289175733923912,0.08624076843261719,-0.1031445860862732,-0.05195202678442001,-0.07099638879299164,-0.062233589589595795,0.03885229676961899,0.03563632071018219,0.04581783339381218,0.19103313982486725,-0.020478367805480957,-0.01409740187227726,-0.03991540148854256,-0.03118027374148369,0.008551165461540222,0.047474853694438934,0.27766358852386475,0.2678411602973938,0.1767517477273941,0.19394928216934204,0.0509628988802433,0.048149727284908295
0.006476167123764753,0.0016199563397094607,-0.16302490234375,0.04397006332874298,-0.0025160140357911587,-0.05172812193632126,0.060156602412462234,-0.0933108851313591,-0.05180526524782181,-0.07172621041536331,-0.06164048984646797,0.028360791504383087,0.030144289135932922,0.0454837866127491,0.16555741429328918,-0.019652672111988068,-0.014050383120775223,-0.03717635199427605,-0.02935052663087845,0.03868062421679497,0.07558243721723557,0.31166261434555054,0.2960134744644165,0.1840435117483139,0.20444175601005554,0.054753825068473816,0.07189512252807617
0.0016564290272071958,-0.0004267692565917969,-0.16245794296264648,0.04348783195018768,0.00021453434601426125,-0.046622198075056076,0.05067038536071777,-0.08218120783567429,-0.036109548062086105,-0.07283902168273926,-0.06655151396989822,0.01789218932390213,0.002699047327041626,0.04583580791950226,0.15926064550876617,-0.019077733159065247,-0.015126023441553116,-0.02973845601081848,-0.017296358942985535,0.055032484233379364,0.09622801095247269,0.30555781722068787,0.3164595067501068,0.1868535280227661,0.19293734431266785,0.05971995368599892,0.11336935311555862
-0.0024013519287109375,-0.004658222198486328,-0.15969228744506836,0.0409117229282856,0.019265083596110344,-0.04217987135052681,0.06993705779314041,-0.07079988718032837,-0.026823602616786957,-0.076900914311409,-0.06508725881576538,0.006349903531372547,-0.06203719973564148,0.0495501272380352,0.15825185179710388,-0.01835799030959606,-0.018308237195014954,-0.022883739322423935,-0.018094748258590698,0.07255018502473831,0.11962506920099258,0.30184927582740784,0.3145877420902252,0.1875162422657013,0.1614971160888672,0.06564532965421677,0.11302299052476883
-0.0033740997314453125,-0.01112985610961914,-0.15615606307983398,0.0376548171043396,0.03573060408234596,-0.03998465836048126,0.0704740583896637,-0.057112157344818115,-0.0120925884693861,-0.08087736368179321,-0.06781940162181854,-0.004823446273803711,-0.05507625639438629,0.04720008000731468,0.14051294326782227,-0.01720046065747738,-0.01892208494246006,-0.019687293097376823,-0.025792382657527924,0.10159409791231155,0.15631259977817535,0.3266814351081848,0.3175332546234131,0.18056641519069672,0.16191402077674866,0.0711558610200882,0.10777678340673447
-0.006254673004150391,-0.021842479705810547,-0.1510486602783203,0.032979197800159454,0.039446718990802765,-0.03521449491381645,0.07671181857585907,-0.04071323201060295,-0.022234397009015083,-0.08834155648946762,-0.05662193149328232,-0.01804518885910511,-0.11523032188415527,0.04509400948882103,0.1381773054599762,-0.0174496341496706,-0.020388349890708923,-0.014655660837888718,-0.035097088664770126,0.11548903584480286,0.18099218606948853,0.3249305188655853,0.3281932473182678,0.17532622814178467,0.1494261771440506,0.07596062123775482,0.10198230296373367
-0.00885772705078125,-0.03137350082397461,-0.14442205429077148,0.02670842781662941,0.04788276180624962,-0.0308701079338789,0.09267739951610565,-0.026406725868582726,-0.015792889520525932,-0.09673289954662323,-0.0578770786523819,-0.03128774091601372,-0.15595564246177673,0.04499521106481552,0.11869451403617859,-0.01719483733177185,-0.0235883928835392,-0.01126544363796711,-0.04670858383178711,0.12371578067541122,0.19102361798286438,0.3063225746154785,0.3245776891708374,0.16963481903076172,0.12426107376813889,0.07979009300470352,0.0706229880452156
-0.007442951202392578,-0.030149459838867188,-0.14123249053955078,0.02340618707239628,0.06218275427818298,-0.030692141503095627,0.11738522350788116,-0.021568968892097473,-0.015631506219506264,-0.10157576948404312,-0.046970244497060776,-0.04204534739255905,-0.22601163387298584,0.041989147663116455,0.15302787721157074,-0.01443522609770298,-0.024832211434841156,-0.013621392659842968,-0.03749186918139458,0.15717142820358276,0.19520071148872375,0.31025752425193787,0.31743550300598145,0.14390048384666443,0.08474995195865631,0.0806894451379776,0.061374276876449585
-0.005764007568359375,-0.023681163787841797,-0.14179420471191406,0.02366747334599495,0.05699882283806801,-0.0300596933811903,0.10875996947288513,-0.019153714179992676,-0.033443938940763474,-0.10225933790206909,-0.048897720873355865,-0.051441363990306854,-0.12032340466976166,0.03629123419523239,0.15420317649841309,-0.01289292424917221,-0.01858002133667469,-0.01605425775051117,-0.02783272974193096,0.1936647742986679,0.1760755479335785,0.30707523226737976,0.32046759128570557,0.11930253356695175,0.09696801006793976,0.08135531842708588,0.07484568655490875
-0.005843162536621094,-0.021552562713623047,-0.14295673370361328,0.02469739504158497,0.03997677192091942,-0.027105800807476044,0.09516546130180359,-0.010077539831399918,-0.01757919229567051,-0.1011386588215828,-0.06288386881351471,-0.0615694485604763,-0.0802696943283081,0.033519286662340164,0.13790513575077057,-0.01236214954406023,-0.013249451294541359,-0.016368595883250237,-0.03178396075963974,0.21065227687358856,0.1943480372428894,0.28191661834716797,0.2953267991542816,0.10120454430580139,0.0753394141793251,0.0811862200498581,0.06614836305379868
-0.005560874938964844,-0.023968219757080078,-0.14379167556762695,0.02553701400756836,0.03477267548441887,-0.023876601830124855,0.06556780636310577,0.005423173774033785,0.0014394638128578663,-0.09828747063875198,-0.0654909536242485,-0.07177750021219254,-0.059027545154094696,0.03009408339858055,0.09737233072519302,-0.01078657153993845,-0.010579830035567284,-0.01767665334045887,-0.0260851439088583,0.21538299322128296,0.21235424280166626,0.25170835852622986,0.2582891881465912,0.08174461126327515,0.0482860691845417,0.07941251248121262,0.05250547081232071
-0.004330158233642578,-0.027873992919921875,-0.14381170272827148,0.02555311843752861,0.04343702271580696,-0.021076660603284836,0.07102634757757187,0.022387513890862465,0.007597938645631075,-0.09620857983827591,-0.0557795874774456,-0.08276147395372391,-0.08652929216623306,0.026145251467823982,0.08847764134407043,-0.010500878095626831,-0.011226000264286995,-0.01949167251586914,-0.01651303470134735,0.21685592830181122,0.20614874362945557,0.22860389947891235,0.23721784353256226,0.06392562389373779,0.03203098848462105,0.07441899180412292,0.014295235276222229
-0.003949165344238281,-0.029279232025146484,-0.14369678497314453,0.02535385638475418,0.05749757960438728,-0.016761615872383118,0.0661531537771225,0.03512261435389519,0.009741110727190971,-0.09718547016382217,-0.05697233974933624,-0.09506956487894058,-0.10366424918174744,0.021463479846715927,0.05446757376194,-0.009569081477820873,-0.004210744518786669,-0.019265322014689445,-0.018713204190135002,0.2154841125011444,0.1994403600692749,0.20195381343364716,0.19738167524337769,0.044830456376075745,0.012721400707960129,0.05248362943530083,-0.03524082899093628
-0.0019702911376953125,-0.025638580322265625,-0.14319896697998047,0.02465033531188965,0.052084412425756454,-0.013753164559602737,0.017103679478168488,0.04228517785668373,0.013380678370594978,-0.09830581396818161,-0.04147316515445709,-0.10696271061897278,-0.14286553859710693,0.01643717847764492,-0.02494993805885315,-0.008095744997262955,-0.005966695491224527,-0.020100977271795273,0.008919931948184967,0.2183995097875595,0.17878273129463196,0.18386732041835785,0.15282778441905975,0.033751923590898514,-0.001214154064655304,0.037727706134319305,-0.04590886831283569
0.001991945318877697,-0.018942832946777344,-0.14242792129516602,0.023628367111086845,0.06502343714237213,-0.01228280272334814,-0.01456386223435402,0.04853122681379318,0.027699897065758705,-0.09512776881456375,-0.046546682715415955,-0.11661040782928467,-0.13191163539886475,0.010773343965411186,-0.10113745927810669,-0.007854693569242954,0.0013307328335940838,-0.020758522674441338,0.023447029292583466,0.21565164625644684,0.17703883349895477,0.1574871838092804,0.11049192398786545,0.02282688021659851,-0.009268678724765778,0.0200632456690073,-0.08326300233602524
0.002327859401702881,-0.01561737060546875,-0.14388227462768555,0.024967066943645477,0.06453053653240204,-0.003065558383241296,-0.07020120322704315,0.05871008709073067,0.030167410150170326,-0.09397657215595245,-0.0602714903652668,-0.1290920078754425,-0.09060932695865631,-0.02227364107966423,-0.1721986085176468,-0.005994169041514397,0.019487759098410606,-0.013094832189381123,0.045395754277706146,0.18042142689228058,0.14546777307987213,0.08301809430122375,0.056706011295318604,-0.03253410756587982,0.020597398281097412,-0.01647116243839264,-0.11465079337358475
-0.0010690689086914062,-0.01447916030883789,-0.14586973190307617,0.026680784299969673,0.03395120054483414,0.010040158405900002,-0.09908801317214966,0.07268749177455902,0.019064508378505707,-0.08981059491634369,-0.06676869094371796,-0.13699044287204742,-0.09701618552207947,-0.052059467881917953,-0.13897792994976044,-0.003987150266766548,0.027526061981916428,-0.0031877090223133564,0.04283230006694794,0.15934142470359802,0.10459346324205399,0.06409884989261627,0.05034266412258148,-0.03680246323347092,0.06813487410545349,-0.018635209649801254,-0.08526373654603958
-0.004427433013916016,-0.010283470153808594,-0.1465435028076172,0.03416828066110611,0.04798073694109917,0.01971183530986309,-0.0702606588602066,0.07133766263723373,0.030602818354964256,-0.10297653824090958,-0.09594948589801788,-0.13947218656539917,-0.12457316368818283,-0.0729350820183754,-0.12219904363155365,-0.0028674660716205835,0.03836836665868759,0.007892106659710407,0.004447873681783676,0.14632844924926758,0.1008555069565773,0.05399079993367195,0.05613795295357704,-0.03333226218819618,0.0007791332900524139,-0.03691122308373451,-0.13408678770065308
-0.0034627914428710938,-0.006562232971191406,-0.14621400833129883,0.04749844968318939,0.04813040420413017,0.019339725375175476,-0.018735039979219437,0.058381520211696625,0.015368649736046791,-0.13100208342075348,-0.12373246997594833,-0.13171696662902832,-0.13040614128112793,-0.06607978790998459,-0.03853552043437958,-0.002777837449684739,0.03662608191370964,0.012114324606955051,-0.06423734128475189,0.13533824682235718,0.07560024410486221,0.04618318751454353,0.05338645726442337,-0.04041402041912079,-0.018163755536079407,-0.04569936543703079,-0.13775882124900818
-6.67572021484375e-06,-0.0062046051025390625,-0.14501476287841797,0.05581625923514366,0.05308358371257782,0.013689293526113033,0.003980051726102829,0.0460069514811039,0.01422983780503273,-0.15425445139408112,-0.14335143566131592,-0.13372401893138885,-0.1499563455581665,-0.05737088993191719,-0.015272482298314571,-0.003929854370653629,0.03510496765375137,0.012243753299117088,-0.04999011754989624,0.12442567944526672,0.08581716567277908,0.04453157261013985,0.03994838893413544,-0.04894436150789261,-0.019419319927692413,-0.04665146768093109,-0.14415636658668518
0.005235123448073864,-0.006950855255126953,-0.1442246437072754,0.05746776983141899,0.04844816029071808,0.005156320054084063,0.009262150153517723,0.04091343283653259,-0.0031561609357595444,-0.15153130888938904,-0.17151391506195068,-0.13526616990566254,-0.14088933169841766,-0.05382603034377098,0.0030210139229893684,-0.004738721996545792,0.03421477600932121,0.01027638465166092,-0.05145872011780739,0.11540597677230835,0.06815680861473083,0.04860605672001839,0.034375809133052826,-0.054104339331388474,-3.427267074584961e-06,-0.04837450385093689,-0.1473419964313507
0.008324895985424519,-0.0076084136962890625,-0.14421463012695312,0.05580049380660057,0.04936568811535835,-0.0009248604765161872,0.018615227192640305,0.03038216568529606,-0.016634877771139145,-0.15199846029281616,-0.1864165961742401,-0.13891731202602386,-0.13105745613574982,-0.04988355189561844,0.02386895939707756,-0.00511331157758832,0.03447930887341499,0.01023834478110075,-0.09485575556755066,0.1070408746600151,0.05740324780344963,0.05270768329501152,0.026897680014371872,-0.06117205321788788,0.01089690625667572,-0.04717810079455376,-0.15968057513237
0.0072587537579238415,-0.009009361267089844,-0.1448202133178711,0.052294909954071045,0.04607616737484932,-0.0017175646498799324,0.02441306971013546,0.008303872309625149,-0.030273688957095146,-0.1746940314769745,-0.1959669291973114,-0.1368088722229004,-0.12245570868253708,-0.041810695081949234,0.039286207407712936,-0.0046515557914972305,0.01678572967648506,0.013137983158230782,-0.12647543847560883,0.09633027017116547,0.06306201964616776,0.05568655952811241,0.013818413019180298,-0.057763878256082535,0.059773027896881104,-0.03317084535956383,-0.15976059436798096
0.004408551380038261,-0.011624336242675781,-0.1470499038696289,0.04899534210562706,0.04147319868206978,0.0005052891210652888,0.03409290686249733,-0.008532561361789703,-0.0501127615571022,-0.18334893882274628,-0.21066516637802124,-0.12911683320999146,-0.11575670540332794,-0.03279491886496544,0.03988613933324814,-0.002483903896063566,0.000618345569819212,0.01800129935145378,-0.13587915897369385,0.08371695131063461,0.05010471120476723,0.0591265894472599,0.017856046557426453,-0.04433692246675491,0.042285896837711334,-0.022325491532683372,-0.15595781803131104
-0.0014433860778808594,-0.011478424072265625,-0.14585208892822266,0.03807635232806206,0.03584357723593712,0.007425390183925629,0.031794920563697815,-0.04668261110782623,-0.07134607434272766,-0.22507186233997345,-0.22159916162490845,-0.12216430902481079,-0.11323778331279755,-0.019525015726685524,0.03524026274681091,-0.0037202571984380484,-0.006031418684870005,0.027309009805321693,-0.1583491861820221,0.07419396936893463,0.04169146344065666,0.06355924904346466,0.028349481523036957,-0.030263783410191536,0.05794965848326683,-0.02582039125263691,-0.1814509630203247
0.00021044448658358306,-0.015124797821044922,-0.14347267150878906,0.030700750648975372,0.0478849895298481,0.00646108016371727,0.046295057982206345,-0.06002454087138176,-0.08445172011852264,-0.21310380101203918,-0.2501521110534668,-0.1151781976222992,-0.1251126527786255,-0.013104253448545933,-0.007015570066869259,-0.006212927401065826,-0.006296627689152956,0.027212366461753845,-0.10680156201124191,0.05888393893837929,0.05934900790452957,0.06662748008966446,0.02060244232416153,-0.015516677871346474,0.02565004676580429,-0.027402516454458237,-0.15739816427230835
0.0028800764121115208,-0.017133712768554688,-0.1419816017150879,0.0328405387699604,0.04744881018996239,0.004933142103254795,0.05075410008430481,-0.07896198332309723,-0.09573390334844589,-0.21147002279758453,-0.2479347288608551,-0.11575707048177719,-0.11690112948417664,-0.01117139495909214,-0.0073027899488806725,-0.007782132364809513,-0.00684278504922986,0.025165533646941185,-0.11314581334590912,0.044888686388731,0.05272180214524269,0.0684659332036972,0.021923162043094635,-0.0016694847727194428,0.06206999346613884,-0.028205962851643562,-0.16790255904197693
0.005867337342351675,-0.01815176010131836,-0.1429891586303711,0.03929663076996803,0.04148315638303757,0.004618418402969837,0.04017222672700882,-0.09962192922830582,-0.13002486526966095,-0.21893109381198883,-0.2478858232498169,-0.11441262811422348,-0.10682813823223114,-0.009801557287573814,-0.022280488163232803,-0.006804881151765585,-0.016543271020054817,0.02208922617137432,-0.09145668894052505,0.03213108703494072,0.02692459151148796,0.06974198669195175,0.03735138475894928,0.011348609812557697,0.03931262344121933,-0.02806144580245018,-0.14584201574325562
0.007825451903045177,-0.017541885375976562,-0.14510488510131836,0.04070070758461952,0.03621186316013336,0.008149958215653896,0.024444013833999634,-0.1253988891839981,-0.17408034205436707,-0.24099574983119965,-0.24928918480873108,-0.1137654259800911,-0.11079895496368408,-0.010915251448750496,-0.03267025947570801,-0.004677158780395985,-0.010030213743448257,0.019938023760914803,-0.06604054570198059,0.021589187905192375,0.006014647893607616,0.07152993977069855,0.04285281151533127,0.02430395781993866,0.059046417474746704,-0.029221899807453156,-0.1566547453403473
0.007599017582833767,-0.01381063461303711,-0.1459789276123047,0.037263985723257065,0.037295714020729065,0.01579369232058525,0.017858989536762238,-0.15581393241882324,-0.2000609040260315,-0.2642673850059509,-0.25734761357307434,-0.11312539130449295,-0.12519553303718567,-0.015138029120862484,-0.054361797869205475,-0.0037041010800749063,-0.008334770798683167,0.019869299605488777,-0.021328110247850418,0.01261326763778925,-0.013690938241779804,0.07026451081037521,0.05535641312599182,0.03579737991094589,0.02383262664079666,-0.029079550877213478,-0.12010101228952408
0.007676325738430023,-0.01118612289428711,-0.14691829681396484,0.035515040159225464,0.039152592420578,0.02284269593656063,-0.007638894021511078,-0.17514994740486145,-0.20280256867408752,-0.2664608955383301,-0.2618924081325531,-0.11491545289754868,-0.13665735721588135,-0.018890049308538437,-0.0714564174413681,-0.0027068282943218946,-0.002132084686309099,0.01964454911649227,0.004424002021551132,0.003315589390695095,-0.01693178340792656,0.07116816937923431,0.04620769992470741,0.04860326275229454,0.03886977583169937,-0.032837189733982086,-0.11724334955215454
0.005454816855490208,-0.008705615997314453,-0.14736175537109375,0.03696868196129799,0.03369835391640663,0.030198069289326668,-0.007548745721578598,-0.18961960077285767,-0.21235668659210205,-0.25811687111854553,-0.2548895478248596,-0.11475047469139099,-0.12109902501106262,-0.02988956868648529,-0.07569099962711334,-0.00218268483877182,0.0032395008020102978,0.02097100391983986,0.004399735480546951,-0.010267965495586395,-0.02409253641963005,0.06481765955686569,0.036313362419605255,0.05827980488538742,0.07548381388187408,-0.030123110860586166,-0.11564173549413681
0.0023816516622900963,-0.006282806396484375,-0.14742040634155273,0.04155678674578667,0.038716625422239304,0.034277740865945816,0.004859011620283127,-0.20174728333950043,-0.1982022225856781,-0.24557118117809296,-0.24467724561691284,-0.11426334083080292,-0.11157196015119553,-0.035748034715652466,-0.06460161507129669,-0.002041643252596259,0.00367269990965724,0.023085791617631912,-0.05725160613656044,-0.023432279005646706,-0.037944722920656204,0.060012031346559525,0.03952126204967499,0.0690704882144928,0.03766593709588051,-0.029423441737890244,-0.11084471642971039
0.0017767988611012697,-0.005843162536621094,-0.1473407745361328,0.046488795429468155,0.03812224790453911,0.031764235347509384,0.005011547356843948,-0.206048384308815,-0.21467511355876923,-0.22315700352191925,-0.22265955805778503,-0.10121271759271622,-0.07920540124177933,-0.03870043531060219,-0.04306722432374954,-0.002093094866722822,0.005884550046175718,0.021248718723654747,-0.06844498217105865,-0.038289349526166916,-0.0504549965262413,0.05695822462439537,0.026806607842445374,0.08125212788581848,0.0882982611656189,-0.023006584495306015,-0.10723801702260971
0.001454480574466288,-0.004806995391845703,-0.1473541259765625,0.04896353930234909,0.04886612668633461,0.026950659230351448,0.03288387507200241,-0.21665190160274506,-0.21755093336105347,-0.21875452995300293,-0.21050012111663818,-0.0912117063999176,-0.06392515450716019,-0.04043208062648773,-0.028501763939857483,-0.0020343265496194363,-0.0010421168990433216,0.018867991864681244,-0.09032222628593445,-0.049592431634664536,-0.05514689162373543,0.060075949877500534,0.03744147717952728,0.09671874344348907,0.09051217138767242,-0.020340627059340477,-0.12536904215812683
0.0035365265794098377,-0.004154205322265625,-0.14712190628051758,0.048521604388952255,0.05253570154309273,0.019119588658213615,0.03088601678609848,-0.21965532004833221,-0.2250964343547821,-0.2011379897594452,-0.1858709156513214,-0.0705462321639061,-0.03325900435447693,-0.0392942875623703,-0.0067865801975131035,-0.0022409737575799227,-0.00980004295706749,0.013191525824368,-0.09353841841220856,-0.06053387001156807,-0.07267057150602341,0.06578229367733002,0.03998575359582901,0.1140153780579567,0.1334872543811798,-0.016740335151553154,-0.112300805747509
0.0043695238418877125,-0.005234718322753906,-0.14730167388916016,0.04733870550990105,0.05979583039879799,0.01350959949195385,0.024345412850379944,-0.21781796216964722,-0.214204341173172,-0.18339160084724426,-0.17016518115997314,-0.05641290545463562,-0.006199434399604797,-0.037474460899829865,0.005365264602005482,-0.002046175068244338,0.0008262391202151775,0.008393478579819202,-0.09256847947835922,-0.07534006237983704,-0.08034422248601913,0.06870512664318085,0.033177249133586884,0.130702942609787,0.13622236251831055,-0.01271473802626133,-0.09550520032644272
0.003587188199162483,-0.005944728851318359,-0.14809417724609375,0.04914487525820732,0.05775383487343788,0.009402276948094368,0.014002274721860886,-0.21183492243289948,-0.2113756239414215,-0.16014933586120605,-0.150962233543396,-0.03044651634991169,0.03307785838842392,-0.033808883279561996,0.01705700159072876,-0.0012342353584244847,-0.011464644223451614,0.004829894285649061,-0.09297190606594086,-0.0928795337677002,-0.09242641925811768,0.06624124944210052,0.0276956744492054,0.14506685733795166,0.1524074673652649,-0.008248248137533665,-0.04576051980257034
0.0009663350065238774,-0.0025186538696289062,-0.14916276931762695,0.05298653617501259,0.054229091852903366,0.006617133971303701,-0.008002465590834618,-0.21284456551074982,-0.18747669458389282,-0.14838942885398865,-0.1216987669467926,-0.008744306862354279,0.08778722584247589,-0.029764482751488686,0.03347150981426239,-0.00012853647058364004,-0.01969953440129757,0.0026705528143793344,-0.09343502670526505,-0.10717826336622238,-0.11046458780765533,0.061746228486299515,0.00871121883392334,0.158279687166214,0.17885634303092957,-0.0034588254056870937,-0.0013027004897594452
-0.00021505355834960938,-0.004222393035888672,-0.14821577072143555,0.053898561745882034,0.04952182248234749,0.0008256479632109404,-0.01788722351193428,-0.18438442051410675,-0.17134952545166016,-0.08881779760122299,-0.10525358468294144,0.04572922736406326,0.12081550061702728,-0.0065302434377372265,0.06326721608638763,-0.0010494969319552183,-0.02988322824239731,-0.002024589106440544,-0.06622624397277832,-0.134099543094635,-0.12473305314779282,0.046622030436992645,0.006968509405851364,0.16841307282447815,0.16010414063930511,0.002515842206776142,0.07885589450597763
-0.00467681884765625,-0.006595611572265625,-0.14670705795288086,0.05288471654057503,0.04377680644392967,-0.004283213056623936,-0.019363712519407272,-0.1669565886259079,-0.11782246828079224,-0.07409100979566574,-0.07284431159496307,0.07789363712072372,0.11426997929811478,0.018559304997324944,0.09873159974813461,-0.0026409768033772707,-0.016789887100458145,-0.005414823070168495,-0.05446940287947655,-0.16179277002811432,-0.11706607788801193,0.03333963826298714,-0.008322667330503464,0.1812925934791565,0.17545588314533234,0.02003355510532856,0.10664418339729309
-0.006539344787597656,-0.002621173858642578,-0.14610528945922852,0.05226396024227142,0.021419037133455276,-0.011510814540088177,0.004119012504816055,-0.15988822281360626,-0.10588491708040237,-0.08063863217830658,-0.04963800683617592,0.08850586414337158,0.08811884373426437,0.04083514213562012,0.12518882751464844,-0.003438379382714629,-0.03529636934399605,-0.013427207246422768,0.006817877292633057,-0.17616285383701324,-0.13293252885341644,0.032391492277383804,0.004913771525025368,0.19890376925468445,0.18377263844013214,0.0468733087182045,0.1715998649597168
-0.0022411346435546875,0.0031596149783581495,-0.14424800872802734,0.05002916604280472,-0.004657128360122442,-0.020551830530166626,0.06655386090278625,-0.14771822094917297,-0.06971070915460587,-0.07902874797582626,-0.060501083731651306,0.07349087297916412,0.06763248145580292,0.023390743881464005,0.18320156633853912,-0.010137155652046204,-0.022519899532198906,-0.028390882536768913,0.05606968700885773,-0.17962971329689026,-0.1332184076309204,0.04644152522087097,0.037247948348522186,0.2153702974319458,0.20946377515792847,0.07634234428405762,0.15457004308700562
0.0010692456271499395,0.008059082552790642,-0.14043855667114258,0.04607503116130829,-0.013681836426258087,-0.030347930267453194,0.0804014801979065,-0.13493993878364563,-0.05005917698144913,-0.07626895606517792,-0.08846933394670486,0.05874854698777199,0.09443426132202148,0.0290660560131073,0.2017875462770462,-0.019797399640083313,-0.0026752580888569355,-0.03892265632748604,0.030884888023138046,-0.18598608672618866,-0.11849407106637955,0.050628989934921265,0.06105601042509079,0.22013136744499207,0.24529299139976501,0.09074912965297699,0.05894266813993454
