sim2sim_base_euler_roll,sim2sim_base_euler_pitch,sim2sim_base_euler_yaw,sim2sim_dof_pos_0,sim2sim_dof_pos_1,sim2sim_dof_pos_2,sim2sim_dof_pos_3,sim2sim_dof_pos_4,sim2sim_dof_pos_5,sim2sim_dof_pos_6,sim2sim_dof_pos_7,sim2sim_dof_pos_8,sim2sim_dof_pos_9,sim2sim_dof_pos_10,sim2sim_dof_pos_11,sim2sim_target_dof_pos_0,sim2sim_target_dof_pos_1,sim2sim_target_dof_pos_2,sim2sim_target_dof_pos_3,sim2sim_target_dof_pos_4,sim2sim_target_dof_pos_5,sim2sim_target_dof_pos_6,sim2sim_target_dof_pos_7,sim2sim_target_dof_pos_8,sim2sim_target_dof_pos_9,sim2sim_target_dof_pos_10,sim2sim_target_dof_pos_11
-1.967283559882326e-05,0.0013089874472836654,0.0004212992369926547,1.92401807066383e-21,3.8174704820590875e-22,6.69150667464187e-21,4.100979070236465e-20,-7.032082979514087e-20,-1.3808884113012468e-19,-2.6499822193597153e-20,-1.955086268211538e-20,8.30558405262149e-21,8.364008331118709e-20,-7.032082979514087e-20,2.5270966353793044e-19,-0.050723131746053696,0.007575755473226309,-0.007452625781297684,0.08728978037834167,-0.12649624049663544,0.12111461162567139,-0.00017355429008603096,0.007160757202655077,0.0094117047265172,0.11662799119949341,-0.12760905921459198,-0.014215475879609585
0.0006334178308558375,-0.0015038448550626189,0.002876523411454182,-0.024432361545135943,-0.005741721357568684,-0.001660566379702672,0.06259342478671542,-0.06806822045684914,0.08574514462137349,-0.016496317680582653,4.456956781270126e-05,0.00441410616171091,0.05420283002838551,-0.08067141378145505,-0.011053437612093334,-0.03637543320655823,0.027871811762452126,-0.0004854057915508747,0.12306113541126251,-0.03776394948363304,0.18417184054851532,-0.02766696736216545,0.009889308363199234,0.004993509501218796,0.15585307776927948,-0.08422144502401352,-0.013006402179598808
0.0015535985100173814,-0.01401692024615221,0.002378435373052654,-0.031317280518291975,-0.010985101926571343,0.004743258483726328,0.10770510363724353,-0.06194898352114439,0.15919475160017926,-0.02373848855673782,0.001300298144617601,0.006443458468662957,0.10773560423199363,-0.08610453326119816,-0.013162842918965818,-0.06764759123325348,-0.0006274986080825329,0.004270908422768116,0.09448623657226562,-0.17952464520931244,0.20763050019741058,-0.014332767575979233,0.021542977541685104,-0.009582538157701492,0.15253426134586334,-0.19414463639259338,0.012112408876419067
0.0027002605632414993,-0.025217414266221143,0.0032023752381920585,-0.032735444850236196,-0.012835611993299887,0.004237959910063975,0.14260846471901795,-0.11247996241714744,0.16822855684883686,-0.01871395839635756,0.0016488128138476758,0.00106120502066171,0.1382068734342375,-0.15005865066714383,0.008902017184105918,-0.06599625945091248,0.06619975715875626,0.012549644336104393,0.16287751495838165,-0.08736281841993332,0.3018333315849304,-0.015413476154208183,-0.043292462825775146,0.01595628634095192,0.2447737604379654,-0.16798152029514313,-0.019306322559714317
0.009020282474541293,-0.02786527378239418,-0.0030358976764038267,-0.03986718277476084,-0.012602481484408408,0.016839449553650646,0.16596604037715165,-0.10716609493074497,0.2013695688328524,-0.033424439357334496,-0.0001962103191467991,0.0027994875743382872,0.1840151767313768,-0.16781816069523706,-0.01514225087432652,-0.038825877010822296,0.010209614410996437,0.018446996808052063,0.16820982098579407,-0.16338378190994263,0.32478633522987366,-0.019830582663416862,0.02560136467218399,-0.008504336699843407,0.22800271213054657,-0.22252003848552704,0.022566281259059906
0.012816910766739202,-0.0365465795605746,-0.005141275964109171,-0.037463222972265786,-0.017884141482286158,0.021298972013963958,0.19502326286552832,-0.1330272379985346,0.2263131902219346,-0.023634206072354065,-0.002720309350301202,0.002401171992781914,0.2096903105411104,-0.19927942896831496,0.01754022228518594,-0.05090709775686264,0.08488485962152481,-0.008750343695282936,0.16890129446983337,-0.1333852857351303,0.34311604499816895,-0.025701802223920822,-0.05103874206542969,0.007437270134687424,0.2943597435951233,-0.24125061929225922,-0.006820719689130783
0.020746740385032502,-0.04089599446994975,-0.011763111164563439,-0.03591971983692339,-0.02741930466737169,0.0305766640266171,0.21328600268542833,-0.15049157704226343,0.25978771133418277,-0.027529255739104266,-0.009115323568549336,-0.0009297762882859379,0.24856036187710875,-0.22586682202213743,-0.0033593531469876584,-0.025859471410512924,0.03071095421910286,0.006350827403366566,0.20339491963386536,-0.15817978978157043,0.3477346897125244,-0.017323892563581467,0.013167072087526321,-0.0042583514004945755,0.27189257740974426,-0.24421648681163788,0.01750298961997032
0.023258527847597094,-0.04617754639139985,-0.014094157145573705,-0.032855214769281514,-0.02799105436745608,0.031863201010146204,0.2299152537811943,-0.16565980916421572,0.28153357966839226,-0.016070877554243627,-0.00552412851358883,-0.00045857909269384785,0.26100864561544945,-0.23534812746591482,0.0146298501223335,-0.005372811108827591,0.09004990756511688,-0.040048398077487946,0.1966707408428192,-0.14906169474124908,0.32924580574035645,-0.038710061460733414,-0.061000119894742966,0.009524860419332981,0.3141571581363678,-0.27342677116394043,0.0036795353516936302
0.028593904029944932,-0.04679927763221373,-0.013746326112559442,-0.027614143331558053,-0.02883261263060185,0.03157453158141686,0.23271499543198496,-0.17201156187329267,0.2818175314496266,-0.015597536363825108,-0.00855949804393126,-0.004261815933201015,0.28830526458625,-0.2568971576962918,0.0060889030394245406,-0.002856537699699402,0.04672854021191597,-0.014469400979578495,0.19995687901973724,-0.1422387957572937,0.30079010128974915,-0.019757188856601715,0.011447975412011147,0.0010520759969949722,0.31011372804641724,-0.2732820510864258,0.01724354177713394
0.031236873219945723,-0.049554959601541874,-0.009720685973315952,-0.02101726843082777,-0.021555697630797458,0.024467847327345738,0.23064782519359717,-0.1736557798370297,0.26300718780646276,-0.00847671322520261,-0.0033512139488130668,-0.0003781899605047841,0.30051749788683185,-0.2651947121042931,0.01560755295823103,0.02344311773777008,0.08870433270931244,-0.062367863953113556,0.20946353673934937,-0.1324411928653717,0.26646897196769714,-0.04224717989563942,-0.049583472311496735,0.00829234253615141,0.30423226952552795,-0.2899969816207886,0.0066398014314472675
0.033942896081904796,-0.04870994815704192,-6.883157038248776e-05,-0.017242553671486218,-0.013057213004834029,0.011444297798856244,0.22300037567934586,-0.17036713434858586,0.229522476995308,-0.004444357072120786,-0.0022090257116386073,-0.004708467711731317,0.3087825149104837,-0.278176235804785,0.00888383785505365,0.019992556422948837,0.04672922194004059,-0.04463532567024231,0.20647405087947845,-0.11727059632539749,0.15630164742469788,-0.029470223933458328,0.010141469538211823,0.008977819234132767,0.28624027967453003,-0.2905661165714264,0.01208452507853508
0.03582358455892622,-0.047087890302635965,0.009960026771056807,-0.013292072386624611,0.004144526900426842,-0.0077037738555729394,0.20992014689774896,-0.1542232476402708,0.14399431682878822,-0.0008936915810564834,0.00498828996232399,0.0026436813574494573,0.3036656279644137,-0.28426489446489406,0.011731232722004237,0.03697297349572182,0.07928486913442612,-0.08044839650392532,0.23099185526371002,-0.09962395578622818,0.1161847859621048,-0.031879011541604996,-0.034973084926605225,0.011451590806245804,0.2653195858001709,-0.2644241750240326,-0.005228208377957344
0.03586601158084128,-0.044399533291405925,0.02049672355210687,-0.014163339722072373,0.01850283148789521,-0.026459451064047828,0.205378689424311,-0.1453475803518655,0.09553412103164798,0.00406882849644841,0.005694262745295628,0.00025627879665734223,0.2905729658779363,-0.27134515884459914,-0.002162254260011682,0.023813124746084213,0.0453621931374073,-0.06260598450899124,0.2203511893749237,-0.10427151620388031,0.011210635304450989,-0.02894093468785286,0.013955119997262955,0.008001097477972507,0.25224658846855164,-0.28199464082717896,0.0032820934429764748
0.038854168034565255,-0.04424131424388802,0.028452712194007867,-0.01301657523326393,0.03259255350107277,-0.04146717657329902,0.20244377444606834,-0.13460250294373388,0.010003166368579085,0.004826201725956288,0.004473235838345736,0.007151251476794236,0.2779086847363837,-0.274556882721445,0.0023742690716182526,0.010804956778883934,0.060802340507507324,-0.0823734775185585,0.25284501910209656,-0.10961271077394485,-0.04862632974982262,-0.016203289851546288,-0.016437172889709473,0.0024429047480225563,0.2183346152305603,-0.23136074841022491,-0.020117569714784622
0.03859070894937768,-0.04535059374082712,0.03708034001904824,-0.016949564604039492,0.04821621449366367,-0.06022963445496046,0.21528733091924704,-0.13410538608206846,-0.05392580709337859,0.005535990946579814,0.005585360567230453,-0.0034416838206202463,0.2662428412895709,-0.2332186001979443,-0.01387845171868341,0.009968552738428116,0.050225019454956055,-0.07799162715673447,0.23892611265182495,-0.13101674616336823,-0.1515999585390091,-0.03625031188130379,-0.005147916730493307,0.008477545343339443,0.19490811228752136,-0.2599543631076813,-0.018685394898056984
0.04108730491445696,-0.04942913440972559,0.040575221036671126,-0.012632823462675002,0.06098358187250249,-0.07108293744835772,0.21988112303014268,-0.13789690923961187,-0.13865821013452498,0.005649669662977081,0.014559068351410114,-0.010483360606945276,0.27839360530965335,-0.23515546636112605,-0.039424375506707875,-0.02951608970761299,0.05434587597846985,-0.049772709608078,0.2865884602069855,-0.15788394212722778,-0.13584671914577484,0.0038291849195957184,-0.028146453201770782,0.024776138365268707,0.20846125483512878,-0.19343413412570953,-0.03188415244221687
0.03848055125639808,-0.046348915373373295,0.041020234189847994,-0.022004130299259517,0.07265054243887542,-0.06485254001465374,0.2452295408894969,-0.14974826764441473,-0.13475204091589443,0.00746491146250507,0.027098241972874863,-0.013402857657054713,0.27512229514293496,-0.23709664765536484,-0.06156858366241378,0.007103420794010162,0.07118898630142212,-0.0767192468047142,0.2905054986476898,-0.13972480595111847,-0.19371601939201355,-0.014821752905845642,-0.03216575086116791,0.015282771550118923,0.24618349969387054,-0.21955977380275726,-0.042152225971221924
0.04157077550471198,-0.04443543216612322,0.03497849823568506,-0.020210492235559784,0.07401058559484791,-0.06389080551147631,0.2589204081168774,-0.1568800534277203,-0.16504885480932935,0.007388834958959046,0.027982083242783236,-0.008355621976359947,0.28196810316006565,-0.245103260642546,-0.05884364345169917,-0.04166485369205475,0.049528125673532486,-0.02651151269674301,0.3343934714794159,-0.20537443459033966,-0.16689763963222504,0.009003234095871449,-0.03564346209168434,0.04855484515428543,0.23526477813720703,-0.21004341542720795,-0.04982991889119148
0.04511840324095858,-0.041901631402762096,0.02641870037292571,-0.027949704138429773,0.07350748452161536,-0.048208768427429265,0.2923204251248347,-0.18389245656977418,-0.16246750737050822,0.005660567042439407,0.02747668420453027,0.002102967084638487,0.2829571782859739,-0.24614885079669266,-0.06333352108997586,-0.03526531159877777,0.06212519481778145,-0.03794766217470169,0.34689798951148987,-0.20588454604148865,-0.15539033710956573,0.0010389108210802078,-0.04018516093492508,0.0504770502448082,0.26266545057296753,-0.21789933741092682,-0.048359327018260956
0.05114000554635092,-0.03866889157320187,0.013993509443343771,-0.03134294683083418,0.06194980161278257,-0.03922402405254701,0.3205998014049798,-0.1979538123584283,-0.1529108100726352,0.0036499900417828746,0.021118258530432175,0.017040358045608692,0.2854500232300312,-0.248797676881142,-0.06002930978745424,-0.0684751495718956,0.046985384076833725,-0.00941801443696022,0.3746960461139679,-0.2589748203754425,-0.14281406998634338,0.01856461726129055,-0.04121939092874527,0.07320604473352432,0.26148977875709534,-0.21584145724773407,-0.0503552220761776
0.055248203685523,-0.034471010256278016,0.0016288753035269884,-0.03875097077364271,0.053306630634790284,-0.023960709479312562,0.3526477534370007,-0.23369229756889043,-0.14359945415532116,0.0005186650818210963,0.016378544022888967,0.03267819213924479,0.28420325251832196,-0.24945407933985492,-0.05644171144938882,-0.06992344558238983,0.05497124046087265,-0.003465220332145691,0.38034796714782715,-0.24977442622184753,-0.10802710056304932,0.004095453768968582,-0.060535695403814316,0.08320143818855286,0.274802565574646,-0.21637819707393646,-0.053654782474040985
0.060304255658731154,-0.026551906698404862,-0.010588010596818465,-0.04692598034879185,0.04070832473014546,-0.007654843835452603,0.37210349986960606,-0.2445125435770352,-0.11257296533420252,-0.005789731561543369,0.0075270205055371795,0.048020506200818505,0.28412583690963594,-0.24943118121733465,-0.05003817989615361,-0.09209457784891129,0.039013154804706573,0.011043088510632515,0.40179362893104553,-0.2812786102294922,-0.1034453958272934,0.020102500915527344,-0.05955342948436737,0.09674469381570816,0.279055118560791,-0.22261784970760345,-0.0620194636285305
0.06271876052916292,-0.020178275855115627,-0.018375452846756832,-0.05736552163454849,0.03159168959160022,0.00503956099922118,0.39209018525932887,-0.26542440361728387,-0.10476653435798754,-0.00868782018259569,-0.00014511151343659864,0.05905707621060218,0.2824117473456791,-0.25076096411953186,-0.044505355824676296,-0.10219322144985199,0.042734671384096146,0.023599330335855484,0.40607425570487976,-0.27874869108200073,-0.05505071207880974,0.006748108193278313,-0.07383045554161072,0.10360805690288544,0.287946492433548,-0.22480307519435883,-0.055112626403570175
0.06718771655856648,-0.013939140037142543,-0.025771724471847134,-0.06946015953045025,0.022657851856078888,0.02071287665165257,0.4054396223427188,-0.2735662377507707,-0.0612650081519492,-0.013618874028061143,-0.0099414004027043,0.06914539443707134,0.28447567904484855,-0.25428394297417234,-0.03746190965658165,-0.12558521330356598,0.02509969100356102,0.031057093292474747,0.4212898313999176,-0.2946830689907074,-0.0447906069457531,0.01656384766101837,-0.06904866546392441,0.10519378632307053,0.281604528427124,-0.23703494668006897,-0.06001339480280876
0.06773433561064245,-0.008964841115761775,-0.028368891673369277,-0.08487677104133277,0.01773687731878025,0.028383863841377262,0.41888487251554757,-0.28481909265065947,-0.04687650576889149,-0.014458217600818701,-0.01713048009392444,0.07279512107268354,0.28510102893553785,-0.2600828046031507,-0.03476797144443592,-0.13775897026062012,0.03740494325757027,0.04596973583102226,0.423208624124527,-0.2787815034389496,0.0012056641280651093,0.0032797232270240784,-0.10036315768957138,0.11741747707128525,0.2845953404903412,-0.23933252692222595,-0.0613909475505352
0.06937192931776917,-0.0038794825740852312,-0.02960539702773748,-0.10107533865507391,0.014444046029793442,0.04312068696538655,0.4248447877527055,-0.2797406398059106,-0.004741658062767099,-0.017915703517580567,-0.026043109028994336,0.07753007284353765,0.28884107203921705,-0.26599374939976145,-0.03028657893993999,-0.15600810945034027,0.010173089802265167,0.05703184753656387,0.4246106445789337,-0.29340413212776184,0.03395655006170273,0.020543444901704788,-0.0766749456524849,0.10742126405239105,0.27358078956604004,-0.23835588991641998,-0.053636204451322556
0.0672339702967962,-9.014541939156909e-05,-0.027547126900726065,-0.11608580832605778,0.01351706053692277,0.050349768407199076,0.42820050785245584,-0.2851227088165663,0.029784366583402857,-0.013054150929674898,-0.03278462068516782,0.07756447633489914,0.2850380863030033,-0.2705532181626663,-0.024433612348690726,-0.16770614683628082,0.02888006530702114,0.06135707348585129,0.4203735589981079,-0.26571691036224365,0.05436967685818672,0.004268486052751541,-0.119236059486866,0.11984365433454514,0.2827613353729248,-0.24888968467712402,-0.06254930049180984
0.068330303230006,0.0043497693435528865,-0.028476355952527125,-0.13347013270485542,0.010839624687685434,0.060864013831956,0.4246893343250121,-0.27117707176300404,0.05112223539414902,-0.01518412608585371,-0.04074090176102164,0.08040796258409398,0.2892175595820647,-0.27892918401607913,-0.027239562008401014,-0.18014436960220337,-0.0021007549948990345,0.08477649837732315,0.42094841599464417,-0.28196415305137634,0.099831223487854,0.021480510011315346,-0.08026526868343353,0.11526818573474884,0.26491501927375793,-0.25238966941833496,-0.04378936439752579
0.06512669896987174,0.006595303655140392,-0.028655859825832443,-0.1471829418420274,0.0108860917231267,0.07149802268962713,0.42223603204053134,-0.2744985240141408,0.09479766830204357,-0.008244191258610846,-0.04753016374820357,0.08296774536857619,0.28352651413811575,-0.2824149916082491,-0.018239476056809242,-0.1902395784854889,0.026530465111136436,0.07870417088270187,0.4090944826602936,-0.2515011429786682,0.10672473907470703,0.015277767553925514,-0.13283097743988037,0.12604954838752747,0.28226590156555176,-0.25052937865257263,-0.06606467068195343
0.06452511040536699,0.008150637071611996,-0.032762894650407784,-0.16127734005333533,0.008869150105362747,0.08032023789159519,0.41479527658489984,-0.2583311603132795,0.10480932119674162,-0.00665987524200142,-0.053042610284430414,0.08797241989476144,0.2868798177471665,-0.2907762767922687,-0.026313008576144322,-0.19309905171394348,-0.01052076369524002,0.1094377338886261,0.3935976028442383,-0.25434547662734985,0.16416215896606445,0.015130147337913513,-0.08469944447278976,0.12014879286289215,0.2529330551624298,-0.25439080595970154,-0.033815886825323105
0.060251741997366506,0.008873444993742338,-0.03889442085266287,-0.17155721186094375,0.00790690886738519,0.09289694347454536,0.4019298597842836,-0.25241782910529414,0.1580194732212747,0.00042677891068247317,-0.060174046667468784,0.09560695880904842,0.2774318025358985,-0.29113295729057825,-0.012788839112300578,-0.19294241070747375,0.023789722472429276,0.09603608399629593,0.37376561760902405,-0.21847695112228394,0.15800143778324127,0.017169956117868423,-0.13064803183078766,0.12329240888357162,0.27882707118988037,-0.2583923041820526,-0.05771375820040703
0.05610849818272668,0.011219778544721334,-0.045463910764446475,-0.18065177807537214,0.006314783468418901,0.09904421389359157,0.38397096863579133,-0.22950414001661737,0.15671717997218168,0.0029587068460305687,-0.06346161835482693,0.10286096800073034,0.2791126335087115,-0.29758027959442995,-0.022382094920929636,-0.19473205506801605,-0.0163431353867054,0.1281539797782898,0.3588864505290985,-0.23621287941932678,0.21374019980430603,0.015013070777058601,-0.09124451130628586,0.12035078555345535,0.23962976038455963,-0.252808541059494,-0.028340596705675125
0.049026063784308314,0.011370457170949743,-0.05186433448065388,-0.18661798271321434,0.007504332001894112,0.10944949149718212,0.3652967114710622,-0.22958303124588667,0.17574103633377197,0.011822196689696937,-0.06819284916035226,0.11003950849648796,0.26830976525544215,-0.2956818814582938,-0.008131497029770935,-0.17070813477039337,0.028063323348760605,0.10667949169874191,0.3251611292362213,-0.16795912384986877,0.2098645120859146,0.006438413634896278,-0.11855757981538773,0.10698022693395615,0.2904853820800781,-0.2734184265136719,-0.04974048584699631
0.0436645651978077,0.009439332885233416,-0.05830906639898634,-0.18902999902775952,0.004612481307274688,0.11412319884834016,0.33734794027258413,-0.1917831800025198,0.19403397477505144,0.013284529789439893,-0.0707778095858505,0.11538950126016907,0.2768232287498628,-0.3042947226272985,-0.02623608710920815,-0.18080590665340424,-0.019241439178586006,0.14037096500396729,0.3098261058330536,-0.20410652458667755,0.2556646466255188,0.012843742035329342,-0.08482582122087479,0.10766430199146271,0.24022816121578217,-0.2568959891796112,-0.01556025817990303
0.036541648972745124,0.007657380750424157,-0.06707700943749302,-0.18618792566604841,0.0036039560938352167,0.1229996283397034,0.3421909767457469,-0.1723600490920942,0.21121874259427095,0.025009713158765868,-0.07693085778980435,0.12312719329095191,0.26768419503124224,-0.30312786174633444,-0.003544351011968404,-0.14729826152324677,0.037048373371362686,0.10722451657056808,0.2727297842502594,-0.10849947482347488,0.25472113490104675,0.002718620002269745,-0.09685327857732773,0.08408691734075546,0.30441761016845703,-0.27608776092529297,-0.04177474230527878
0.033264356628872595,0.010682285946221552,-0.06980179740443626,-0.17652112745946574,-0.008382664603645824,0.13033299192261055,0.3310410125968068,-0.17204705324022662,0.2127419069889327,0.022223615032090402,-0.08762714987605238,0.1255707274863991,0.2778499088712251,-0.3092979730822609,-0.025227054678819392,-0.15013012290000916,-0.00042798789218068123,0.15825605392456055,0.31818050146102905,-0.1730264127254486,0.3605223000049591,0.015453863888978958,-0.07707274705171585,0.11407194286584854,0.2184191346168518,-0.23786340653896332,-0.0055007413029670715
0.02713411453369719,0.013673951042282747,-0.07152181581393438,-0.17039683137618933,-0.013552788788432649,0.13557511797424607,0.3249083219464227,-0.18147209051161695,0.24401311471691614,0.028052409180413938,-0.09149122319114245,0.12500241532342637,0.25650976114955953,-0.28692693537450437,-0.0013724748700575697,-0.11596953868865967,0.04188366234302521,0.10132545977830887,0.2477450966835022,-0.10732901841402054,0.3291742503643036,0.010433044284582138,-0.08282051980495453,0.06548736989498138,0.31161800026893616,-0.2772911787033081,-0.03392258286476135
0.020933276496690568,0.014454941916765674,-0.07478214953476782,-0.1564711941869098,-0.023531326356673377,0.13960601324320887,0.3042908404993943,-0.17695136310092266,0.27122121173315494,0.02198694839933831,-0.10005217619973915,0.10498503326056342,0.2707611731285123,-0.28061035598432255,-0.030570037410465985,-0.12038729339838028,0.0030452641658484936,0.14598479866981506,0.2634942829608917,-0.16476979851722717,0.3962286114692688,0.017201192677021027,-0.06037362292408943,0.08508887141942978,0.23211261630058289,-0.24522270262241364,0.00388916302472353
0.008698721805041382,0.012558222276060032,-0.07578065891775917,-0.14095950725893563,-0.022475594910300444,0.14017324613107685,0.28909685572928195,-0.1786043649788781,0.3017597892217543,0.028506962551305172,-0.09028008395113629,0.09601692453841078,0.2592043504615386,-0.2536069459837113,-0.0004586188143643336,-0.09747461974620819,0.03744810074567795,0.09036576747894287,0.2029951512813568,-0.13358047604560852,0.3591238856315613,0.016788845881819725,-0.0702778771519661,0.04248568415641785,0.2925058603286743,-0.25328582525253296,-0.023062141612172127
-0.002216983181061857,0.011482719320669976,-0.0763197552473384,-0.12364464391740028,-0.02298697943684229,0.13934142614250872,0.2645179865910703,-0.17179243348357898,0.31465197349315327,0.02469464084912401,-0.0855549211737589,0.06862598016506447,0.2666125120463281,-0.24921546545395296,-0.021105695468188957,-0.0940660908818245,0.0048382277600467205,0.13454043865203857,0.20559562742710114,-0.15153592824935913,0.40229615569114685,0.024223575368523598,-0.03771941736340523,0.058818116784095764,0.2415458709001541,-0.23209288716316223,0.007179382257163525
-0.016288715514312633,0.010028356976404518,-0.07686236439078539,-0.10695417566322916,-0.01802776115184132,0.13679174648564071,0.24272524996556621,-0.16695974063269006,0.3252673450301867,0.02826630212829092,-0.06715194230868303,0.06355925509105625,0.2573515961134671,-0.2359553372455736,0.0037927649669075216,-0.06895856559276581,0.04764164984226227,0.08576718717813492,0.18898193538188934,-0.12534549832344055,0.3871493339538574,0.015236874110996723,-0.05566849932074547,0.019970081746578217,0.2719557285308838,-0.22106614708900452,-0.01248929649591446
-0.02627096030899728,0.010820639333300514,-0.07334537815289385,-0.09498640943698414,-0.014894360891332559,0.1305630252351766,0.22270686652343616,-0.15981847938372962,0.3311411007970973,0.02527137494325583,-0.054519799147806226,0.0380510029528924,0.25870798634781095,-0.22426124644807013,-0.010507862674161185,-0.0692063719034195,-0.00014925887808203697,0.11691458523273468,0.17812824249267578,-0.1514282524585724,0.38240644335746765,0.024628857150673866,-0.012065758928656578,0.0265592560172081,0.2531035542488098,-0.2248155176639557,0.005742715671658516
-0.03636953438612413,0.009302757185824266,-0.07045799658996026,-0.08109627434227441,-0.010311828375510083,0.12497299751077555,0.20610446340326896,-0.15485767831419645,0.3315564956523934,0.026693450273887764,-0.03634295235013407,0.031185902934324893,0.2571110120014492,-0.22243290994999332,0.0038486886442607167,-0.0555732436478138,0.05656695365905762,0.0764404758810997,0.16548964381217957,-0.1320362538099289,0.38201192021369934,0.015640199184417725,-0.04863773658871651,0.00916240643709898,0.26484155654907227,-0.20137596130371094,-0.008389155380427837
-0.0453237430567551,0.0076763656732489185,-0.06505299795842476,-0.07168201343773478,-0.0076850593077791495,0.11726820366006568,0.19260529717381702,-0.15006718685493617,0.32840411733468133,0.0241072150225216,-0.024377396400091556,0.013264324793870368,0.25882482396489065,-0.20857184402503515,-0.006136413059502273,-0.04950220137834549,0.010086458176374435,0.09723414480686188,0.15628300607204437,-0.17525160312652588,0.3829825818538666,0.02518557384610176,-0.0005042455159127712,0.011769095435738564,0.24950522184371948,-0.21981893479824066,0.009876392781734467
-0.05225594101744464,0.0046433302636260596,-0.06085333429966167,-0.06001349579266518,-0.007251248871740341,0.11189644483888125,0.1863783340848953,-0.15707927387891996,0.3271073392761372,0.027668117953211245,-0.012354774329572877,0.011567091961310887,0.2551113302182734,-0.21303414668151366,0.008155850480917043,-0.0532037615776062,0.059285968542099,0.07195061445236206,0.15383654832839966,-0.12946350872516632,0.40092894434928894,0.014329779893159866,-0.041347600519657135,0.01967025175690651,0.2696611285209656,-0.21374167501926422,0.001057373476214707
-0.055375136828938104,0.004979397372924675,-0.056181765617860494,-0.055982026450503056,-0.01059312842896749,0.10814233960310123,0.1802056865963094,-0.1506406077785719,0.33165454237614617,0.020753354221356025,-0.0064908101335064885,0.008991447749371176,0.259818138428426,-0.21330960093406826,0.0028829101381090023,-0.03129730746150017,0.027450909838080406,0.07303400337696075,0.16146691143512726,-0.18595576286315918,0.4154890477657318,0.02172999456524849,0.0015525515191257,0.0051010046154260635,0.2462611049413681,-0.23309887945652008,0.011781723238527775
-0.05950942826283488,0.0025110618141088335,-0.049308450044936954,-0.04888720139275848,-0.013718607100467387,0.10098744598564532,0.1846701175547484,-0.16500806887257402,0.3407978742852153,0.027073212437911724,-3.131384910043291e-05,0.006560046816421982,0.25239354302230155,-0.22356716618995365,0.010831152307660498,-0.04364890605211258,0.05382551997900009,0.05812320113182068,0.14449532330036163,-0.15204162895679474,0.39279577136039734,0.009885914623737335,-0.030435219407081604,0.0163368321955204,0.274846613407135,-0.22570817172527313,-0.0016315634129568934
-0.061775149062207005,0.0027529124747906765,-0.046190215802216585,-0.044725398084013906,-0.01711680082453524,0.09859886333605186,0.1817810735823732,-0.1607472901093012,0.3416549966000724,0.019023246379514216,0.0019218357933545485,0.005920607074948202,0.26055601219124747,-0.2246934826044877,0.0006094494204983317,-0.024033598601818085,0.04085640609264374,0.06141168624162674,0.15911543369293213,-0.1970379501581192,0.43150025606155396,0.012944774702191353,-0.009175844490528107,0.018556781113147736,0.26473525166511536,-0.25327762961387634,0.013632080517709255
-0.06210655574421511,-0.00048159465127341395,-0.041384436723813346,-0.03791327857823908,-0.020896268439405712,0.09438942489138016,0.1888127448047568,-0.1746790423744219,0.3462393683905958,0.020235409756919294,0.0035805679213452403,0.010660032921565225,0.26189610136611013,-0.24024059246719945,0.012481341575715215,-0.02052254229784012,0.059186097234487534,0.0447683185338974,0.15879122912883759,-0.16906249523162842,0.40400800108909607,0.0025547221302986145,-0.03058008849620819,0.012200229801237583,0.2818685472011566,-0.2522359788417816,-0.0042229266837239265
-0.064325662560699,-0.0027826238183472646,-0.03704161015972256,-0.031680121131970794,-0.02364007903471714,0.0908514550407056,0.19198596817622046,-0.17830782162594577,0.3463692575427035,0.01587559797197729,0.001285706978195006,0.006946098362079043,0.2696842586433733,-0.24715469318332853,-0.0017112971210951637,-0.015691004693508148,0.04449266195297241,0.04708985239267349,0.1657591462135315,-0.19852782785892487,0.41810905933380127,0.0038645360618829727,-0.01589209772646427,0.02641792967915535,0.2707744836807251,-0.2720019221305847,0.017714321613311768
-0.06622663832448603,-0.005452965640446317,-0.03234294782535631,-0.025331118745127546,-0.02459629184899841,0.08589976550610152,0.19805618118062182,-0.18898965026213813,0.34480850899940996,0.01495992823292343,0.0012664433962259656,0.013891532381351183,0.27007639495651475,-0.26045754055906073,0.01598012446392779,-0.005409363657236099,0.03881552815437317,0.03233909606933594,0.1752692312002182,-0.1769631952047348,0.34110018610954285,-0.0005401372909545898,-0.018298769369721413,0.007373516447842121,0.28291988372802734,-0.2622416019439697,-0.0015661482466384768
-0.06942210495653793,-0.006019793960497219,-0.02572615677728536,-0.019175760671890817,-0.022310633420568545,0.07661649226674144,0.20034367290664584,-0.19384418584146212,0.3186733734682521,0.011542819429286326,-0.0023207867993213223,0.008381141247145316,0.2733581478637964,-0.26119267498663673,0.0006084881286921998,0.001900695264339447,0.04685412719845772,0.03801794350147247,0.18018661439418793,-0.19457539916038513,0.3682459592819214,-0.006572941318154335,-0.022877328097820282,0.032295163720846176,0.27617305517196655,-0.2843059301376343,0.019529491662979126
-0.06844243143611363,-0.006381362282399826,-0.015874369085758157,-0.01244083417442637,-0.021721001931107802,0.06980850064519022,0.20375122782811395,-0.20120992771871454,0.30105759712180313,0.007905434766035375,-0.004778981669329443,0.018064596218489822,0.27567725962870016,-0.2729710902070111,0.017846811582393547,0.017870759591460228,0.04927875101566315,0.014636024832725525,0.19519010186195374,-0.1677277833223343,0.3058794438838959,-0.006803974509239197,-0.019692622125148773,0.009404303506016731,0.27112144231796265,-0.2755988836288452,-0.00028181064408272505
-0.07097974506558229,-0.008211809132133027,-0.005614354787576192,-0.005891928059818301,-0.018904902790623162,0.057739707003656195,0.20713140365173177,-0.20620294806039563,0.276002281898364,0.008359194177191867,-0.00906541843995978,0.012696868199755287,0.27111405505026726,-0.2733805028502424,0.0017477317381049554,0.012790590524673462,0.04121635481715202,0.02766500413417816,0.1833425611257553,-0.20464105904102325,0.29234057664871216,-0.005626285448670387,-0.017208807170391083,0.029121438041329384,0.26827675104141235,-0.29030829668045044,0.02078023925423622
-0.07430711991865122,-0.009578236646282488,0.0009684773463015808,0.0022044492515037335,-0.01585137049015726,0.04976570741706615,0.2086695127840533,-0.2132753717946111,0.25259007188611726,0.004744922859567954,-0.011102385176284398,0.020981619725537907,0.2688911754633212,-0.28145104427911966,0.0187517410456418,0.025162816047668457,0.05506860464811325,-0.0003178846091032028,0.19693799316883087,-0.17889979481697083,0.24807557463645935,-0.007149050012230873,-0.02209288999438286,0.0126587999984622,0.2596176564693451,-0.2839593291282654,0.0001163828419521451
-0.07430244287206544,-0.010855394212035342,0.012696172253120714,0.00857010355660292,-0.010527634707413516,0.037223485145160495,0.2108930081717458,-0.218746479561215,0.21918097153951646,0.0038607637372165314,-0.01444073522419513,0.01590244028036961,0.26097937789753367,-0.28170382786557374,0.0021947804656569933,0.032684389501810074,0.044700536876916885,0.009202172979712486,0.20613378286361694,-0.18706479668617249,0.2236214578151703,-0.012696795165538788,-0.017689090222120285,0.026544999331235886,0.25294870138168335,-0.29186326265335083,0.016576195135712624
-0.0749205019134285,-0.011869270846829372,0.02193923826846863,0.015245593119187703,-0.006815012265747685,0.02805323848858835,0.21329805868556895,-0.22367246879202657,0.19265432418231773,-0.00019504102683518226,-0.016653744015945816,0.021795811279511978,0.2558412308476279,-0.2857429170174582,0.014937194851368721,0.03760402277112007,0.06011227145791054,-0.009874753654003143,0.20493099093437195,-0.18080104887485504,0.18185509741306305,-0.009068673476576805,-0.018122611567378044,0.014551840722560883,0.24114428460597992,-0.28930726647377014,0.0012760610552504659
-0.0757644563839694,-0.012333024522127265,0.03163533523921087,0.021982306949729802,-6.685045621641228e-05,0.016162218373677314,0.21549989798935584,-0.22501070714464835,0.15434089651605326,-0.0007777321184502702,-0.018396497270050986,0.018817576940038848,0.2450833457129651,-0.2861373933750486,0.002637121219098137,0.0414767824113369,0.04926948994398117,-0.0010984046384692192,0.21298228204250336,-0.19098275899887085,0.14767135679721832,-0.013060115277767181,-0.017617177218198776,0.02090735174715519,0.2329050898551941,-0.2884642481803894,0.008289110846817493
-0.0761521846899121,-0.016572440520138003,0.038680528562825334,0.030062658512343646,0.005485960711758216,0.007583285412836996,0.21606243320550678,-0.23165282005732252,0.12428005568319836,-0.005653824755226272,-0.01929813809115815,0.020731877088548754,0.23697130915635006,-0.2858136072238167,0.007583390350914926,0.04849696531891823,0.06426942348480225,-0.01720372959971428,0.22042547166347504,-0.18086324632167816,0.10812950134277344,-0.012179732322692871,-0.019272658973932266,0.010826553218066692,0.22296613454818726,-0.2879255414009094,-0.0012487376807257533
-0.07692618349257199,-0.017340458520162465,0.048172061701902,0.03641662126533762,0.012761371453983497,-0.0027615660542542157,0.21912743867869147,-0.23551615759974134,0.08352448622236258,-0.008351155247446089,-0.020694420570564656,0.016051760587773918,0.22582770868487875,-0.28536903510194744,-0.000395327208340698,0.04826746881008148,0.051286544650793076,-0.004593688994646072,0.2281145453453064,-0.1867370903491974,0.08058667927980423,-0.014484398066997528,-0.013831373304128647,0.01587541773915291,0.21156898140907288,-0.28102946281433105,0.006196659058332443
-0.07454726364579409,-0.0199360204902034,0.0530221271814314,0.0426328339546072,0.016732938252765325,-0.009251442470170707,0.22316113380617855,-0.24320810179059843,0.055988600603879085,-0.013737876521377469,-0.021899456447538795,0.0177023951033842,0.21545926328024942,-0.28113030178960047,0.005248066105829631,0.05468158423900604,0.06905116885900497,-0.021054815500974655,0.2398221790790558,-0.18294501304626465,0.04089748486876488,-0.01538831926882267,-0.020233144983649254,0.006677607074379921,0.20148180425167084,-0.2769883871078491,-0.004550458397716284
-0.07027023256449673,-0.024187539511215266,0.05844533351344551,0.04643240252229037,0.016318416240174428,-0.015785463667830648,0.23422581019180122,-0.25439927067160617,0.051443310472319176,-0.017230554167418945,-0.02350135986005173,0.013939746555217309,0.20649731322249518,-0.2698261363031902,-0.0002820306655812925,0.0569625049829483,0.05255712568759918,-0.007127746008336544,0.25706443190574646,-0.19527775049209595,0.022434579208493233,-0.019556669518351555,-0.011950703337788582,0.011024449951946735,0.18625713884830475,-0.2759949564933777,0.003646351397037506
-0.06824619831701503,-0.03107845007151374,0.06700025295702977,0.05224230282754802,0.01857626895426199,-0.022630368309514877,0.2465653546289357,-0.2639733066918567,0.040939945303177294,-0.015289700635067625,-0.021028793718263716,0.012788721519648882,0.2107343165523498,-0.25290113231118033,0.006848117334913587,0.05110982060432434,0.06341439485549927,-0.00968940369784832,0.2746208608150482,-0.20036004483699799,-0.023327425122261047,-0.01927502639591694,-0.02420637011528015,0.007750868797302246,0.18340936303138733,-0.24823911488056183,-0.02524498850107193
-0.06369276433282856,-0.032488922291612085,0.07065551582843198,0.05134860895023924,0.025531765977177455,-0.02838647339227477,0.261290791803479,-0.27468421080621247,0.00264123624569487,-0.01244327264172787,-0.016747766714689673,0.010086100562988521,0.2120861075279582,-0.23462000380573797,-0.016535030239777638,0.03665682300925255,0.04841984435915947,0.0035363640636205673,0.30597808957099915,-0.21881425380706787,-0.0028936415910720825,-0.005914710462093353,-0.014810923486948013,0.026480291038751602,0.18602295219898224,-0.2271544188261032,-0.006662412546575069
-0.05585572391462253,-0.029689340543288197,0.069151309166211,0.04420770223542868,0.02637193349817093,-0.023894658445129155,0.2816200705606413,-0.2688326811509044,0.00261711924933956,-0.011111012194394468,-0.016435932170236336,0.015584097386226948,0.20923730417639774,-0.2179346654994384,-0.005467593424206293,0.021209094673395157,0.0516241192817688,-0.006346674636006355,0.3241140842437744,-0.23737218976020813,-0.04495636746287346,-0.0014289794489741325,-0.026766642928123474,0.028340838849544525,0.2017788290977478,-0.21327976882457733,-0.031714219599962234
-0.05006425264484644,-0.03195397956523212,0.06370906434741037,0.03633422396724619,0.03267662103554808,-0.020707313130503356,0.3075259560502977,-0.272258815607231,-0.029836067680136462,-0.011491701872859039,-0.012660775759299268,0.020052039539819363,0.2132014498182787,-0.20567558760033006,-0.01636139203958729,0.0053814128041267395,0.02917519584298134,0.012346843257546425,0.34256458282470703,-0.2578211724758148,-0.04314347729086876,-0.002192078158259392,-0.01695898547768593,0.04664889723062515,0.19590434432029724,-0.19802124798297882,-0.017168626189231873
-0.04206844016265278,-0.03177531377817591,0.056884772985204106,0.029565936939711088,0.03501313537473717,-0.013204228318534714,0.32984402373038757,-0.2710259438857769,-0.03862631366736627,-0.013643513892567911,-0.01248215659307083,0.028621363637908456,0.21661131541054574,-0.19121869179872153,-0.008335280730161536,-0.016444459557533264,0.03989566117525101,0.006317414343357086,0.3556903600692749,-0.2703368663787842,-0.05631512776017189,0.0030778348445892334,-0.03589358553290367,0.05447498708963394,0.20904478430747986,-0.19811032712459564,-0.03681555017828941
-0.034440608344383776,-0.029402111393001303,0.051512573546528787,0.01963999694498849,0.03832496418886771,-0.006304064409527127,0.3514318578377272,-0.2718390695014568,-0.05252368151873068,-0.017312886348375297,-0.010583962917782998,0.03204636884333155,0.2262059888142841,-0.1840696403414819,-0.013416203021411473,-0.021523654460906982,0.025152219459414482,0.022751886397600174,0.3667769134044647,-0.27570781111717224,-0.055453937500715256,-0.006464187055826187,-0.03041694313287735,0.06455448269844055,0.19914305210113525,-0.19663336873054504,-0.032363228499889374
-0.028988427584826493,-0.02613691593784625,0.05128723807419349,0.009662814496753455,0.04276820655089406,0.005841917104922597,0.3635113475412979,-0.27151723058254446,-0.05449678895325214,-0.017635394696432535,-0.010632530467060175,0.03325282358794254,0.2331211503814641,-0.19400458200307535,-0.0057187464779158296,-0.045672688633203506,0.036119550466537476,0.02114277519285679,0.3820095956325531,-0.27672556042671204,-0.06341253221035004,0.007052239961922169,-0.05835064500570297,0.07783006131649017,0.2295932173728943,-0.19385802745819092,-0.056286465376615524
-0.025086131707510933,-0.0202214957801488,0.05054325181747282,-0.0050650897495742005,0.04404603463370045,0.013195381497381127,0.3750175741447719,-0.2715572330819268,-0.062064361769471006,-0.021186445337508245,-0.007583660210728896,0.033148343842807446,0.24381005238967,-0.20736789652875473,-0.016864174577864936,-0.06296033412218094,0.02711772546172142,0.03355785459280014,0.3894115388393402,-0.2797674238681793,-0.05142353102564812,0.006141485646367073,-0.054428283125162125,0.08875740319490433,0.24250149726867676,-0.20799440145492554,-0.04397993162274361
-0.01849215547708089,-0.015238165936105797,0.04793318836847053,-0.019668826668432324,0.03892215278432963,0.023309792218799228,0.3848981627665589,-0.2736244829846915,-0.05225238875313247,-0.02381145565400082,-0.009671606219163506,0.03750779589667951,0.2531591101470145,-0.21871389352115472,-0.01622408242569408,-0.0826907828450203,0.028701014816761017,0.03420977666974068,0.4081539213657379,-0.28744927048683167,-0.041730549186468124,0.010637529194355011,-0.06402760744094849,0.09687487781047821,0.2428787499666214,-0.21663053333759308,-0.05657530575990677
-0.014202519037195376,-0.011461286617369094,0.04303304011300985,-0.037173748883862504,0.03299923260962548,0.030060358105494255,0.39953062277403134,-0.2796245866287827,-0.04283915110244002,-0.023065702114281172,-0.010221038115184065,0.041784351142138854,0.2601041114054911,-0.23021741451519445,-0.019326521548891473,-0.10168205201625824,0.023505376651883125,0.04694167524576187,0.4069503843784332,-0.28652897477149963,-0.023883040994405746,0.007955312728881836,-0.06990848481655121,0.1095220074057579,0.2562844753265381,-0.22236447036266327,-0.05072622001171112
-0.008680028381547099,-0.00809193740801696,0.03493093513649452,-0.054037495338671665,0.024634136313965792,0.040996528665446216,0.4077675384508478,-0.2813363137219257,-0.026061739793443606,-0.02398927312672098,-0.012895678418165272,0.05143155602476052,0.2670315445068048,-0.23993086646433096,-0.01856366675378149,-0.1291370391845703,0.01851356029510498,0.058101192116737366,0.4205062687397003,-0.29300177097320557,0.007622653618454933,0.016945019364356995,-0.07377878576517105,0.11567950993776321,0.2555580735206604,-0.22334985435009003,-0.05832703784108162
-0.004730169275530818,-0.0030840194926748826,0.026081690201201404,-0.07557819829193109,0.018316478929112957,0.05130607935619254,0.4182308776430567,-0.2855198277100071,0.003847912726433371,-0.022294291645290974,-0.013663493522381848,0.060060263073263585,0.2694720751993033,-0.24831423158085422,-0.020512970797177323,-0.13881433010101318,0.01699632778763771,0.06253188848495483,0.4146704077720642,-0.29025307297706604,0.02602822706103325,0.010501576587557793,-0.08458545058965683,0.12235138565301895,0.25943636894226074,-0.23113574087619781,-0.05203281715512276
-3.320803844985945e-05,-0.0002469695293456784,0.016928145590634196,-0.09513501497612262,0.00973894361861872,0.060887226248092605,0.41960779501735923,-0.28588002611177177,0.023216981316019306,-0.019436434378143026,-0.01727534250077691,0.07111643650020794,0.27047020386205617,-0.255986072597549,-0.01910652966231175,-0.16110064089298248,0.004943750333040953,0.0736207664012909,0.4201074540615082,-0.2914831340312958,0.05931859463453293,0.016195133328437805,-0.08156140148639679,0.1263960897922516,0.25792941451072693,-0.23036134243011475,-0.05745501071214676
0.002438067312971266,0.0034228906873184227,0.007636703947482941,-0.11745097804906529,0.002977372779886145,0.06922483146595382,0.4209301163342453,-0.28661469098264025,0.05516825791205815,-0.015331540883517875,-0.01949125944886431,0.08125869466654471,0.26996782038116685,-0.2633074471990244,-0.021440017253925647,-0.17018695175647736,0.006473969202488661,0.08270874619483948,0.41497355699539185,-0.2805026173591614,0.07952716946601868,0.007490193471312523,-0.0927794799208641,0.13130547106266022,0.2615642845630646,-0.23949389159679413,-0.053749896585941315
0.007230593854757422,0.006271218035486888,-0.0037339190124438043,-0.13870789861890717,-0.0035564031156404908,0.07984882751413387,0.417053364836267,-0.28050942699946607,0.07640552186588792,-0.01170359264339923,-0.023716854257222208,0.0935896888627031,0.2704653320644207,-0.27110244449028886,-0.022118338858935396,-0.18951211869716644,-0.005671922583132982,0.09286241978406906,0.4186629354953766,-0.28575757145881653,0.10685995221138,0.014759650453925133,-0.09217459708452225,0.13165052235126495,0.2459459900856018,-0.23071537911891937,-0.05568645894527435
0.008641390285138969,0.008349526845742524,-0.013063557143523623,-0.1611525857140585,-0.007124287872595176,0.08764694033062423,0.41509282147767956,-0.28074855146213146,0.10335301780937824,-0.0034508813672824105,-0.026962949326589703,0.10339976339163018,0.2646746339021074,-0.27610275615134483,-0.019416079676418334,-0.1995546668767929,-0.0033480902202427387,0.10298242419958115,0.39937812089920044,-0.2580108940601349,0.1315031498670578,0.005411095917224884,-0.10329291969537735,0.13463133573532104,0.25568991899490356,-0.23627595603466034,-0.053926702588796616
0.0115053187863932,0.011282858459567764,-0.023049876729351236,-0.1815875027482016,-0.011851834854710318,0.09843457143960108,0.4034963506329782,-0.2645737036860916,0.12800080853894322,-1.2856509139946458e-05,-0.032237114021356816,0.11499514055331363,0.2644963405879351,-0.28083543909047637,-0.019928620285953238,-0.2152622938156128,-0.01895730197429657,0.1179468110203743,0.40122807025909424,-0.2635146677494049,0.16000865399837494,0.011350825428962708,-0.10111815482378006,0.1366831362247467,0.2321474850177765,-0.22891131043434143,-0.051276419311761856
0.011272280426921346,0.014336905746052382,-0.03149785641184037,-0.20271412024830787,-0.013974312664414389,0.1082882992058872,0.39468662243449787,-0.26024941780241995,0.15643782239149356,0.008924455098998769,-0.037111930027506485,0.12371579724798269,0.2551491142991187,-0.2846783428068286,-0.016609561648364073,-0.21904662251472473,-0.008779186755418777,0.11899713426828384,0.3809926211833954,-0.23642632365226746,0.1796516627073288,0.009266141802072525,-0.11231961846351624,0.1384374052286148,0.2560262680053711,-0.2329811304807663,-0.05087239667773247
0.013737003650964866,0.01912649989908848,-0.042032739910190374,-0.2199234493096753,-0.01824606083638504,0.11770382496313057,0.3798375859623627,-0.24398372047624448,0.16678788431630412,0.013117921781851343,-0.04334567852420329,0.13434734166421824,0.25458210760959604,-0.29111123702086367,-0.019662342313284356,-0.23504215478897095,-0.02754322439432144,0.1382361650466919,0.38207826018333435,-0.23918895423412323,0.21670527756214142,0.012287676334381104,-0.10435989499092102,0.1401994675397873,0.2339147925376892,-0.22785891592502594,-0.04516099765896797
0.01350489237375858,0.02014101104658324,-0.05033348440629201,-0.23653007623440478,-0.020865389923655112,0.12710514596320194,0.3804749339448488,-0.22770373099159577,0.18466774196579452,0.021573707562474297,-0.05011527783547574,0.14477379249344008,0.24798323878528797,-0.29499951653749457,-0.015160123283547836,-0.238002210855484,-0.013810038566589355,0.1349317729473114,0.36096900701522827,-0.21634864807128906,0.24373115599155426,0.011480653658509254,-0.11291783303022385,0.13539378345012665,0.2509343922138214,-0.23041412234306335,-0.042216889560222626
0.01452578635461991,0.022745657568989774,-0.06004473516245551,-0.24553936462337445,-0.025742212271075676,0.13385141587128452,0.3742501525909899,-0.21112392337755215,0.20806658045747664,0.024604462350419996,-0.05690919378908387,0.15568486587632865,0.24771200854641431,-0.2971161400527569,-0.01337966318008122,-0.23667122423648834,-0.026793770492076874,0.15105336904525757,0.3567850887775421,-0.20587946474552155,0.28114432096481323,0.01128591038286686,-0.10491263121366501,0.13483180105686188,0.23588398098945618,-0.22179444134235382,-0.03860944136977196
0.011603669637773468,0.028176431877915107,-0.06591185827181496,-0.24915579305798083,-0.02721684817488024,0.14124320593214693,0.36851633408870904,-0.19609132087751663,0.23489680305918914,0.028780609568044214,-0.06121288909583868,0.16235662312358282,0.24375901638462605,-0.2939046408573603,-0.011104951434908437,-0.21479271352291107,-0.003440283704549074,0.14516860246658325,0.33722901344299316,-0.17672282457351685,0.31795957684516907,0.014401648193597794,-0.11519140005111694,0.13204865157604218,0.2731475532054901,-0.23599432408809662,-0.03636312857270241
0.008955956494036235,0.029231243957661655,-0.06898446859568608,-0.24210996347840738,-0.030831974596431232,0.14922274629491977,0.35587000403254443,-0.17526897854081291,0.2621134021472935,0.029094845326880323,-0.06464545408738727,0.1661148304090767,0.25378555179962814,-0.2907669732767798,-0.015070256758535216,-0.19811128079891205,-0.01183093897998333,0.15814822912216187,0.33408117294311523,-0.16623741388320923,0.3584194481372833,0.007110787555575371,-0.0989743247628212,0.12530069053173065,0.2580072283744812,-0.237338587641716,-0.02740103378891945
0.003737409295646362,0.029827587935237626,-0.0675777404952442,-0.2324126948672182,-0.03599708672826409,0.15146144575029588,0.349768618808846,-0.1644913319015143,0.2887454481831652,0.03346573004502521,-0.06633374207027647,0.1652081506069182,0.26155963010422145,-0.2828831567572444,-0.012027186424137333,-0.16414876282215118,0.014787450432777405,0.1424938440322876,0.3068232536315918,-0.12464248389005661,0.37541788816452026,0.005987257696688175,-0.0978270098567009,0.10691171139478683,0.28406909108161926,-0.25785380601882935,-0.0252543855458498
0.00029784394114241097,0.028804197548047698,-0.06451287739424491,-0.2153410428842566,-0.04705595946701665,0.151394740694318,0.3361762425333859,-0.16907807954126025,0.3059897314330525,0.03386233078735854,-0.07557127587314333,0.1528065378983592,0.27395342177701987,-0.2771471755477406,-0.020366110401850976,-0.15836592018604279,0.002080074977129698,0.15813732147216797,0.30466654896736145,-0.14337395131587982,0.4159306585788727,0.017261182889342308,-0.0763973817229271,0.10908377915620804,0.23894146084785461,-0.245721697807312,-0.016125831753015518
-0.0065641442251773655,0.028035068993460595,-0.06503885233802346,-0.1976709449644995,-0.05057503835892258,0.1523305882181149,0.32368293315963675,-0.1755754214262845,0.3266540972012308,0.03887698562648939,-0.07919910205505218,0.1368093311534509,0.2632111348937483,-0.25833445347799944,-0.015981652055967327,-0.14035305380821228,0.022957693785429,0.13581043481826782,0.26142874360084534,-0.13198110461235046,0.4202299416065216,0.02376239001750946,-0.07644592970609665,0.08971724659204483,0.2543696463108063,-0.25717151165008545,-0.009240157902240753
-0.014621064446811917,0.027521816455093117,-0.07314033730216937,-0.17642161899242184,-0.050057835680776375,0.15876429874876272,0.3047125889131139,-0.17985972300671277,0.34294869277046786,0.03633970095995908,-0.08307804323139227,0.11248088379368461,0.25485516929519003,-0.25175257932541056,-0.010381763171846236,-0.12825429439544678,0.0175445806235075,0.13847562670707703,0.24675115942955017,-0.14260244369506836,0.4474128186702728,0.03006817400455475,-0.06179140508174896,0.08210037648677826,0.23131515085697174,-0.24222926795482635,-0.007951732724905014
-0.025825409639712454,0.026026808287909837,-0.08246294256386032,-0.15529957401124556,-0.044572035742070255,0.16274622284262172,0.28634932468248303,-0.18324589271522843,0.35766426174381405,0.036656004704061024,-0.07618782104837746,0.09520465684024845,0.2395566412909897,-0.2425249184023255,-0.008488368988645727,-0.09462296962738037,0.03583676367998123,0.11553246527910233,0.21953743696212769,-0.13906599581241608,0.4492711126804352,0.022459890693426132,-0.0634428933262825,0.05966825783252716,0.24166211485862732,-0.2349766045808792,-0.00878291018307209
-0.03743379542341265,0.02423941133084756,-0.08734113070307802,-0.13215723389649345,-0.03962007827066163,0.1629419246000751,0.26383211680840357,-0.1835414990555487,0.36827676656732133,0.03426666490260162,-0.06755236872759868,0.07392855435149562,0.2344171786276378,-0.23457073766806968,-0.008763090352834482,-0.08654946833848953,0.025592561811208725,0.11924096941947937,0.1980348527431488,-0.1521226316690445,0.44266802072525024,0.024325117468833923,-0.04461675137281418,0.05092134326696396,0.2306290864944458,-0.22683116793632507,-0.005183542147278786
-0.04931509045773217,0.02097741430426391,-0.08776519636904379,-0.11073622495526166,-0.03254180050195777,0.15793507709261548,0.24170376213615088,-0.17963754434072204,0.37182708838456585,0.03296312614880285,-0.053105220270054335,0.05847331586074102,0.23013552956664815,-0.22682591725350032,-0.0054732812368247456,-0.06761197000741959,0.03766634687781334,0.10180111974477768,0.18307192623615265,-0.15134942531585693,0.4273719787597656,0.023068685084581375,-0.045717064291238785,0.03036782145500183,0.23854434490203857,-0.20803356170654297,-0.0053520649671554565
-0.060154920383016404,0.017412032463873153,-0.08188562297387895,-0.09187506319384128,-0.025268505302757156,0.14768243615045895,0.22081237420069594,-0.17362632825258117,0.36734326685240465,0.030290525320258097,-0.03939229913309932,0.03878856731779978,0.23057054826535445,-0.21325340144821076,-0.004891617398935774,-0.06151783466339111,0.020735014230012894,0.10301809757947922,0.16531530022621155,-0.1655338704586029,0.40123704075813293,0.027213435620069504,-0.02660985104739666,0.02293991483747959,0.23608842492103577,-0.20284664630889893,0.001734100398607552
-0.07064712462493682,0.014263281393202279,-0.07306397925674155,-0.07423806932007287,-0.018370545920488264,0.13499049213944647,0.20270348735120255,-0.1683144737278695,0.3553168492647311,0.029136563459945232,-0.02590719579532614,0.026275940925944815,0.23203822877106683,-0.20468181096310284,0.0014188991395444957,-0.05170320346951485,0.03543900325894356,0.0900295302271843,0.15533317625522614,-0.15093925595283508,0.3843438923358917,0.022145627066493034,-0.030205698683857918,0.01318883802741766,0.24235165119171143,-0.1892661303281784,0.002073049545288086
-0.07958132996544913,0.012535143558006008,-0.06130878401425511,-0.06062670085357468,-0.0136150901070648,0.12128055342230878,0.18727886178307382,-0.1637872995997948,0.33929702129000455,0.02507842197662809,-0.016541187052993962,0.014693044139320885,0.2356852419909245,-0.19378724496740576,0.002630294783458186,-0.04138197749853134,0.02877303585410118,0.0845702588558197,0.15376557409763336,-0.1581246703863144,0.38705024123191833,0.024278711527585983,-0.016102079302072525,0.007381756789982319,0.2395554780960083,-0.19618035852909088,0.00603704247623682
-0.08243929404737654,0.009546355508251985,-0.05027039117804142,-0.04962780900682165,-0.011466851539201867,0.1075797603272023,0.1785904585631776,-0.16247267328742732,0.3296119433284666,0.024132261765512593,-0.00942785467777209,0.007879075401682556,0.23650685801039284,-0.19342867028096547,0.006042605989334393,-0.04266435652971268,0.0386732742190361,0.07788912206888199,0.14688007533550262,-0.14438699185848236,0.38159599900245667,0.018947679549455643,-0.023242242634296417,0.010411686263978481,0.2515205442905426,-0.1964966207742691,0.00423220731317997
-0.08624180772221424,0.00881866846549423,-0.03831289837595765,-0.042135364054151886,-0.012835323239604833,0.09714883845416461,0.17300357049257545,-0.16266390356045088,0.3248597969609179,0.01807715032928769,-0.006564114929423902,0.0058986642532261775,0.24172498447549726,-0.1945569008280354,0.004945628828878077,-0.030445203185081482,0.043529946357011795,0.06596747785806656,0.15044596791267395,-0.16669483482837677,0.40719524025917053,0.019990362226963043,-0.01636054366827011,0.006052354350686073,0.24567589163780212,-0.2107057124376297,0.0060517992824316025
-0.08955685830851999,0.009289583962964152,-0.02857099094097591,-0.03523117791990755,-0.015118461547593446,0.08703467574626683,0.17454172493138784,-0.16867962014165505,0.32984994498201275,0.01783016044198128,-0.004642457843827527,0.0043234404066838745,0.2409729588711367,-0.20301815715587965,0.0061954964083157475,-0.03167657554149628,0.04107223078608513,0.056754227727651596,0.1465713232755661,-0.1706032156944275,0.391431599855423,0.016467951238155365,-0.019320830702781677,0.010123488493263721,0.2567954361438751,-0.21503442525863647,0.0033080861903727055
-0.09176922639673545,0.007330257578906289,-0.02129106504360008,-0.028702128524907732,-0.01738974895224342,0.07991140556415233,0.17736108442487275,-0.17627101735553954,0.33341699981719825,0.0139971808856399,-0.004364016294067643,0.005212756075892112,0.24485863372876357,-0.20995979702865958,0.003956253405022045,-0.01961953565478325,0.049928128719329834,0.0498800054192543,0.15871110558509827,-0.1821010559797287,0.4161545932292938,0.01151537150144577,-0.024220069870352745,0.017572984099388123,0.25641119480133057,-0.2337469458580017,0.01059696450829506
-0.09255635336765385,0.004742741623153571,-0.013447833892391348,-0.022517055554987897,-0.019565156955995915,0.0739234092500442,0.18360398620151605,-0.1860822415441555,0.33885313320110255,0.011697526650581824,-0.0049546502248477295,0.009260473596287424,0.24781099633153078,-0.223425287453776,0.010263800011402348,-0.013059500604867935,0.041636280715465546,0.04432310909032822,0.1614711880683899,-0.1880294233560562,0.38355323672294617,0.0063970088958740234,-0.018281223252415657,0.013155619613826275,0.2619794011116028,-0.24072298407554626,0.006262240000069141
-0.09489791220377133,0.003698889972155,-0.008773961829329243,-0.01552459690759117,-0.019754284489400132,0.0685117548705852,0.18918512095330137,-0.19631219137715927,0.33552113385622745,0.008515004981670998,-0.00678620693690951,0.010484158808666221,0.2515652268102761,-0.23354623565393537,0.006833293904478933,-0.0050264038145542145,0.048482540994882584,0.03902816399931908,0.16884943842887878,-0.19867369532585144,0.39022037386894226,0.003733169287443161,-0.02538803033530712,0.018894635140895844,0.26194244623184204,-0.25433799624443054,0.012420007959008217
-0.09648412553007495,0.002533224526789462,-0.004517229393702301,-0.008393514287627657,-0.018951876510416573,0.06347588516373447,0.195099365670005,-0.20695128212442132,0.3284779220890671,0.005858917857617589,-0.00920687135139856,0.012900927729595201,0.25400796648470825,-0.24531653064690329,0.012093824798302252,0.012864824384450912,0.04573269560933113,0.027300529181957245,0.18814578652381897,-0.18804138898849487,0.3538908362388611,-0.0030861813575029373,-0.02256632037460804,0.010571781545877457,0.2610848546028137,-0.2594577968120575,0.005266028456389904
-0.09727950526397332,0.0001305891688709598,0.0037140404193563587,-0.0012699363572656426,-0.016515581698528837,0.05637926091317088,0.20134357560257077,-0.21681340987001538,0.31393309351242293,0.00455874522211211,-0.012416088537539824,0.010462109401714487,0.25504092347517,-0.25310226074886455,0.006115204186872859,0.016628986224532127,0.0483369454741478,0.02601535990834236,0.18957391381263733,-0.19846226274967194,0.3370415270328522,-0.004408825188875198,-0.026017744094133377,0.017641311511397362,0.26152265071868896,-0.2696691155433655,0.012687589041888714
-0.09790846042810775,-0.000774054769324801,0.007990460204933486,0.006471906171171279,-0.013548154826366452,0.04963626262070262,0.20584402632819343,-0.22557200144605088,0.2947756514139463,0.0020852395445192266,-0.015349748441769867,0.012769994773815137,0.2564969953219992,-0.261933171904588,0.012123328984671746,0.02825292944908142,0.04774430766701698,0.011696118861436844,0.20174257457256317,-0.19452708959579468,0.29743051528930664,-0.007409723475575447,-0.02258497104048729,0.009301804006099701,0.2548227310180664,-0.2731587290763855,0.0068839723244309425
-0.0981488832920709,-0.0022104027644361864,0.017461946614379546,0.01299564107042122,-0.00937146692640626,0.039744809231614366,0.21067632186383647,-0.23332080721116658,0.2686715319503262,0.0015777025356279203,-0.018361335302460733,0.0105276611543505,0.2536932262540351,-0.26756845405961965,0.007420824600703478,0.03321663662791252,0.04974605515599251,0.008426569402217865,0.2059430330991745,-0.2001451849937439,0.2737998366355896,-0.009994223713874817,-0.02429141104221344,0.014976780861616135,0.2518945336341858,-0.2807512879371643,0.01298266090452671
-0.0970284600885499,-0.002229841303860455,0.025901671552314192,0.019174397909829107,-0.005786357095794019,0.030479406287272807,0.21455482001012224,-0.239518840430128,0.24265902191165878,-0.0006782718356908065,-0.020830080515380184,0.012653254619962612,0.2511753782753407,-0.2740774158846246,0.012345410765116338,0.0392819344997406,0.055798329412937164,-0.004179300740361214,0.21116316318511963,-0.19672906398773193,0.23977459967136383,-0.01025850884616375,-0.022413764148950577,0.011324729770421982,0.24035370349884033,-0.2832055687904358,0.0077601270750164986
-0.09671100927270145,-0.004635619564042614,0.0353437223676257,0.024228529559969673,-0.0009456499846938794,0.019907441322345353,0.2190230882761855,-0.2418213215728565,0.211186728542672,-0.0009664935366680547,-0.022523503993244536,0.012471513719537732,0.243654207679711,-0.27804851244120643,0.008139977086345783,0.04425933584570885,0.0559731163084507,-0.009156273677945137,0.2166195511817932,-0.20121873915195465,0.2068614810705185,-0.011445790529251099,-0.02182701975107193,0.012388786301016808,0.23093420267105103,-0.281902551651001,0.010897750034928322
-0.09568412346469755,-0.00546721939485641,0.04488912787592507,0.031011496527761608,0.00429641492068198,0.009771594720394242,0.22055808846713762,-0.24644854433606764,0.18087835942703354,-0.0025890877167158892,-0.02294608683747379,0.013087930060393873,0.23512394906619916,-0.2786667498359483,0.010466527831109683,0.05093962699174881,0.059966012835502625,-0.017922228202223778,0.22581203281879425,-0.19676420092582703,0.16797314584255219,-0.012136444449424744,-0.022376175969839096,0.009049251675605774,0.22037169337272644,-0.2827972173690796,0.003313644789159298
-0.09503294618124707,-0.006750842735576921,0.05446121482692308,0.036418825798463055,0.0109913345087313,-0.0019765183308270615,0.22204291839807866,-0.25183598001557916,0.14455879496989846,-0.0050641831187998735,-0.022548281022462095,0.010949551128098424,0.22517654805661752,-0.27953472045599825,0.004078946882231252,0.05585622787475586,0.06119394674897194,-0.01970592699944973,0.2330181747674942,-0.19617274403572083,0.13553306460380554,-0.014850087463855743,-0.022475868463516235,0.009578455239534378,0.2135828584432602,-0.27997398376464844,0.004822067450731993
-0.09239518792169756,-0.008207897073600756,0.06344692204401466,0.041550467935227986,0.01566294876734902,-0.011573462779440448,0.22539887582744342,-0.2565393799571957,0.1099860452037486,-0.008809300459890639,-0.023696753424493972,0.010918408357564854,0.21668282900374394,-0.27827653169462946,0.004672866899437424,0.056500233709812164,0.06683161854743958,-0.024366408586502075,0.23967821896076202,-0.1976049542427063,0.10137832164764404,-0.014079602435231209,-0.01922997459769249,0.008551029488444328,0.19966648519039154,-0.27707546949386597,0.0009091069223359227
-0.0877106515814795,-0.009764392207174307,0.07372426805944668,0.04612423296136247,0.020093825968868634,-0.019950321669406152,0.23155013336473518,-0.26083631994340306,0.07501070608407737,-0.011046482424322015,-0.02439934038531869,0.011092521064163606,0.20488926396322607,-0.27542455007097394,0.0011291817539137773,0.052347466349601746,0.06237151846289635,-0.01946847140789032,0.2477453052997589,-0.20074862241744995,0.06882986426353455,-0.013954060152173042,-0.016615310683846474,0.01379295065999031,0.18774715065956116,-0.27177026867866516,-0.00011858053039759398
-0.08296076293965153,-0.016590533125148833,0.07618466804650352,0.049738884483083515,0.02129030137961155,-0.025295864362190487,0.2395591130286642,-0.2691129946691497,0.056474855603414684,-0.015142386956393429,-0.024821513281626573,0.014699640331612428,0.19200017387454038,-0.27106202193402684,-0.00028769341273912104,0.04772043228149414,0.0651048794388771,-0.02058529295027256,0.2686387598514557,-0.2048957645893097,0.032832615077495575,-0.011483365669846535,-0.019012099131941795,0.017285600304603577,0.18006865680217743,-0.2523108422756195,-0.006762194447219372
-0.0784918759253159,-0.019847684594306053,0.08234172244158505,0.05131014421475737,0.022641421743879942,-0.03168850457346175,0.2544842154676034,-0.2794367633810231,0.04723562067353523,-0.017651790196229842,-0.0223648386820209,0.014957884100216222,0.19475752458702347,-0.2398778534241868,-0.00224615115743257,0.04124251753091812,0.050373002886772156,-0.005753982812166214,0.28074774146080017,-0.22373159229755402,-0.004144567996263504,-0.018780356273055077,-0.017856232821941376,0.025009937584400177,0.17179790139198303,-0.24288424849510193,-0.006785426288843155
-0.07261548422878585,-0.02293930161539909,0.084601202326353,0.05105709316488443,0.02647944131541375,-0.03394487220251403,0.2697949813818532,-0.28972111406712375,0.019513171552553325,-0.018118157405864494,-0.021206316871973538,0.01641845097536544,0.2015781075771599,-0.22136783536566781,-0.0021675337822236462,0.026395998895168304,0.048757247626781464,-0.006831388920545578,0.31477805972099304,-0.23218458890914917,-0.014093160629272461,-0.0023166174069046974,-0.021534644067287445,0.03107583522796631,0.1874522566795349,-0.21527554094791412,-0.02437569946050644
-0.06548245484297956,-0.02264782503113597,0.0823011016483049,0.044185387222136475,0.0303374064328052,-0.033122376336797446,0.29377618796276017,-0.2904811600805618,0.0010481040547402833,-0.018259049861207695,-0.017720647825496327,0.019401089317977682,0.20580169952605992,-0.20469548808403998,-0.011180246205300417,0.015076883137226105,0.040937941521406174,0.0024063345044851303,0.3275774419307709,-0.25485676527023315,-0.029941920191049576,-0.005032546818256378,-0.02258690819144249,0.04606880992650986,0.1888461709022522,-0.20782099664211273,-0.014890063554048538
-0.05758580294201691,-0.026652297305369957,0.07627586406413513,0.03931151022927417,0.03320810720576125,-0.026692438534102345,0.31654121121056245,-0.28878672515024223,-0.018646157687291734,-0.018668254222904294,-0.017486285974701435,0.02789140215082814,0.20980625706678335,-0.1941212041690884,-0.006171521248731995,-0.008560970425605774,0.03141969442367554,0.008124388754367828,0.34757235646247864,-0.26717907190322876,-0.04558731988072395,0.00516014639288187,-0.02098817564547062,0.05202999711036682,0.19699996709823608,-0.18919774889945984,-0.02977319061756134
-0.04958555718195227,-0.025589624747379868,0.06909400534115376,0.03026760450703901,0.03737504095849295,-0.01995093884985498,0.34105480190264054,-0.28510540976103915,-0.03696289837631507,-0.02095672743438388,-0.014513135077009933,0.03508626326852839,0.2136676401142651,-0.18120647367301812,-0.011647971134772062,-0.016911976039409637,0.028338292613625526,0.016413545235991478,0.36135783791542053,-0.28129878640174866,-0.04372125491499901,-0.0008393293246626854,-0.028339574113488197,0.06754744052886963,0.18953730165958405,-0.18996156752109528,-0.019295670092105865
-0.0416375338226535,-0.023978539947578308,0.06366576634447303,0.020538165575777895,0.04107007007060348,-0.00518429101460641,0.35889485563887336,-0.2802328411731289,-0.042275771781659394,-0.021085553974792365,-0.01592777280919355,0.040641824640707126,0.21638145458611696,-0.1780589309844494,-0.0019218886110932258,-0.03427115082740784,0.03079172596335411,0.0184168703854084,0.36756017804145813,-0.2714177668094635,-0.05579827353358269,-0.001309046521782875,-0.03656265512108803,0.07314813882112503,0.21141977608203888,-0.1893102377653122,-0.04720752313733101
-0.03548385587287899,-0.019100381020422226,0.06299171392926195,0.007281140282381962,0.04402275212745228,0.0049362097145412304,0.37017866964169527,-0.27422477811885976,-0.05289050294113771,-0.024814191713984076,-0.013366766957321191,0.041193420794991706,0.22739977960055335,-0.19006820597714505,-0.014410323323976534,-0.047440819442272186,0.023619718849658966,0.031537190079689026,0.38301703333854675,-0.28249552845954895,-0.03889235481619835,0.001758180558681488,-0.04361945018172264,0.08558806031942368,0.21143676340579987,-0.19314993917942047,-0.031808480620384216
-0.029874943362504975,-0.013947101356966285,0.06055273870218376,-0.007060877858134559,0.0424785642655416,0.016493086317029684,0.37886868624823117,-0.27561967740107596,-0.03981820961681134,-0.02512032125953632,-0.014770623349006076,0.04343628973205101,0.23047012565919922,-0.19754045638981574,-0.009975894241136719,-0.07247498631477356,0.0348627045750618,0.028052523732185364,0.3911234438419342,-0.2809971868991852,-0.05129324272274971,0.01017824374139309,-0.061385657638311386,0.09627819061279297,0.24602258205413818,-0.20712123811244965,-0.060037486255168915
-0.024259393020586363,-0.009814681896330342,0.05809902242386782,-0.023712309901539424,0.03732664737345277,0.02382285324943218,0.38950321437579466,-0.27659341356976036,-0.05002750543022269,-0.028726873973474766,-0.014338336161019958,0.0457656888463419,0.2451538686353712,-0.21289408379468178,-0.025271826463503216,-0.08658546209335327,0.017199523746967316,0.04703887552022934,0.40390798449516296,-0.29079458117485046,-0.019969500601291656,0.0034981798380613327,-0.05160493776202202,0.10386696457862854,0.2279895693063736,-0.21400950849056244,-0.036885395646095276
-0.018108135188251624,-0.006717371346766078,0.053711009357286184,-0.040860761052826565,0.030682069257353162,0.03544650174396519,0.4001791349301046,-0.28274067599584074,-0.02297892980225648,-0.026254038935404747,-0.017918346826600352,0.05159780727207487,0.24828390238686088,-0.22083106422310775,-0.014987920915176587,-0.11131761968135834,0.030810071155428886,0.038892630487680435,0.40678104758262634,-0.29022473096847534,-0.022073063999414444,0.011826742440462112,-0.07726867496967316,0.11172078549861908,0.25473180413246155,-0.2234966903924942,-0.06458157300949097
-0.013385086673154663,-0.0038737538768125962,0.047875934398907326,-0.060367775850123366,0.023305964308842877,0.04081034323772722,0.408873743371361,-0.2852049974945343,-0.022541789968305262,-0.02661549759068347,-0.017567019611278024,0.05714122039024891,0.25897714986711556,-0.234679438264389,-0.02609626121806401,-0.12807410955429077,0.00963430106639862,0.06601514667272568,0.41368088126182556,-0.2906661331653595,0.021069929003715515,0.006429033353924751,-0.0663561224937439,0.11777620762586594,0.2419593781232834,-0.22131405770778656,-0.043838221579790115
-0.009456073395590221,-0.001236501872837289,0.040213332035604954,-0.08072479426395732,0.016925301292427992,0.05393031110009781,0.41395286048528696,-0.28579854436089397,0.016428069577480976,-0.0236830822739085,-0.020323079172364866,0.06631105930778869,0.260058251268503,-0.24127137716746436,-0.017438477547482994,-0.15139126777648926,0.021609514951705933,0.05760641396045685,0.41415828466415405,-0.2894953787326813,0.030112292617559433,0.013813233003020287,-0.0943862721323967,0.12084470689296722,0.2570743262767792,-0.23490513861179352,-0.06704840064048767
-0.006324817799127361,0.00239726020157679,0.03320619039245357,-0.1035808496803489,0.009845549737775447,0.05965248471056257,0.4171535935115761,-0.285138697200919,0.028149595074923428,-0.021072144943601493,-0.020815261817734774,0.0730419022824436,0.26584629098032153,-0.2532037420065067,-0.0262804091259914,-0.16091123223304749,0.0010809260420501232,0.081887386739254,0.4175514578819275,-0.2848891317844391,0.06678315252065659,0.005040587857365608,-0.08029637485742569,0.12577283382415771,0.24874942004680634,-0.2322140634059906,-0.04579119011759758
-0.0029542472598937486,0.004163863983567796,0.02533481231598982,-0.1253612251431074,0.0034382448472956855,0.07240844492655688,0.4163015948554946,-0.2824510771648652,0.06247756383397758,-0.01596895834118014,-0.025201681022910614,0.08324592155701573,0.26543941142229743,-0.26020017823788844,-0.018532152138327974,-0.18297751247882843,0.008824009448289871,0.08004602044820786,0.4150598645210266,-0.27803584933280945,0.07790851593017578,0.011316953226923943,-0.10236900299787521,0.12852779030799866,0.2588804364204407,-0.23933754861354828,-0.06638271361589432
-0.00047173512660470077,0.006943585329849057,0.016708379232754644,-0.14845779298667397,-0.0022416114851887574,0.08005966602034383,0.414927681517599,-0.27691312102822374,0.07573391891838845,-0.011511492402237533,-0.027013838384368986,0.09205379058775766,0.26919556598331046,-0.271051413825533,-0.025694136197444116,-0.18614830076694489,-0.00818043202161789,0.09859780222177505,0.41150638461112976,-0.27249008417129517,0.10862460732460022,0.001682499423623085,-0.09147129207849503,0.1303747147321701,0.24190090596675873,-0.235526904463768,-0.04725136607885361
0.0026477815672661213,0.006853668214673282,0.006267625226427379,-0.16840091906719604,-0.006797932082347626,0.0909901567220358,0.4083751279473154,-0.27159649921198725,0.10487121986419207,-0.003834112449213334,-0.03167243312900207,0.10324101461066469,0.2650994246419812,-0.27569767551076246,-0.017329993523953688,-0.20771314203739166,-0.0015988429076969624,0.10155640542507172,0.40397241711616516,-0.2619569003582001,0.1275804489850998,0.012519974261522293,-0.11160936206579208,0.13344798982143402,0.2477019727230072,-0.2339520901441574,-0.06274659186601639
0.0019810535780355755,0.009851593474605541,-0.0029142581821909068,-0.18945460645176354,-0.010217151546677398,0.09912231117387638,0.40122720295169806,-0.2629200118816957,0.12467061769189153,0.003137897458608425,-0.03420806490590345,0.11303299662073343,0.26212561214197566,-0.28333008018984673,-0.02141838553843858,-0.20667406916618347,-0.01637670397758484,0.11670752614736557,0.39018315076828003,-0.24907946586608887,0.15514406561851501,0.0037957988679409027,-0.10079816728830338,0.13368377089500427,0.23993752896785736,-0.2333672046661377,-0.04563181474804878
0.0025335288061324726,0.01126755258031534,-0.013397979353675954,-0.20545350494131337,-0.014027864537371617,0.10902001523693557,0.3874501229117433,-0.2518446650391523,0.1516355776316607,0.010234020578100361,-0.03946092764850637,0.12426207806417797,0.25795581027727393,-0.28528279283668734,-0.015440269615569832,-0.2267415076494217,-0.01062498614192009,0.12275492399930954,0.3857179582118988,-0.2408847212791443,0.17990636825561523,0.011480655521154404,-0.12187839299440384,0.1411990523338318,0.24308806657791138,-0.23177959024906158,-0.05579095333814621
0.0023773269893328248,0.013152607143579312,-0.026013911218483246,-0.22307417909503116,-0.018111838393214997,0.1178659067478785,0.386375649463642,-0.23268985315531232,0.15274687040667015,0.016704052482540734,-0.04497985101910342,0.13600136697636372,0.2544557099502817,-0.2920181201420155,-0.01815827407138527,-0.22855234146118164,-0.024032264947891235,0.13377860188484192,0.37216916680336,-0.22961698472499847,0.21666957437992096,0.011998536065220833,-0.10004866868257523,0.13486823439598083,0.24261324107646942,-0.22730468213558197,-0.03877252712845802
0.0053313659125787324,0.017176593037467804,-0.03502019047342193,-0.23402038530756866,-0.023359592649542137,0.12606359281402973,0.3808909842033522,-0.22073423542005946,0.17492096793675782,0.022289026866679947,-0.05229706141447701,0.14803289868765582,0.2491032190015213,-0.2937410132438757,-0.012519953023944258,-0.2356828898191452,-0.012445274740457535,0.1401853859424591,0.37133583426475525,-0.21381980180740356,0.24844005703926086,0.015338337048888206,-0.12640871107578278,0.1428958922624588,0.251092791557312,-0.2221994698047638,-0.04970860481262207
0.005001614883947449,0.021103331811682335,-0.043635460696568054,-0.24120238636265834,-0.02665374425605678,0.13558133337920134,0.3776322220345403,-0.20689414983622925,0.20668860070517248,0.024863646961284222,-0.05721176652579127,0.15811261812959032,0.2483522920040313,-0.29509773652201016,-0.01590307273153336,-0.22015810012817383,-0.02357644774019718,0.14771568775177002,0.35132721066474915,-0.19483338296413422,0.2889803946018219,0.012424534186720848,-0.09927355498075485,0.13348104059696198,0.25843289494514465,-0.22594989836215973,-0.03139333426952362
0.002933763351832329,0.02491862741437401,-0.04962096436686403,-0.23944932375939113,-0.029893481942626886,0.14424433622535146,0.3683536567421379,-0.1891939659851467,0.23882946634014754,0.02700610170225841,-0.06264452761184709,0.16458380033432507,0.25136278084899977,-0.2905853856910995,-0.011035787399241223,-0.21106316149234772,-0.00486028240993619,0.1493549346923828,0.3477352559566498,-0.17969942092895508,0.3175817131996155,0.01192641444504261,-0.12243712693452835,0.13437004387378693,0.26635444164276123,-0.23367652297019958,-0.042169518768787384
-0.001648684022468193,0.02728730148872353,-0.04902430953647078,-0.23362219818054003,-0.033034220087814634,0.1499922643527448,0.3603813850111602,-0.17453297439367224,0.26521355037970046,0.029446027377554296,-0.06463128313193117,0.1644409276241641,0.25962913496036244,-0.28729798184901084,-0.01713759395143223,-0.18135739862918854,-0.00912221148610115,0.15321484208106995,0.3258175253868103,-0.15601204335689545,0.36007001996040344,0.007428571581840515,-0.09324950724840164,0.11867250502109528,0.27434682846069336,-0.247364342212677,-0.02060493640601635
-0.005504544141511846,0.02692886282123941,-0.04623045382707671,-0.22021098937551115,-0.04382528042611552,0.15066288397859387,0.3501053838856225,-0.17786160609379065,0.28703145781871603,0.03172711825907633,-0.07072867174798228,0.16208467501039162,0.2695801311947159,-0.2799132510960565,-0.013177982058067758,-0.16402524709701538,0.010982736945152283,0.15296334028244019,0.3238696753978729,-0.14061002433300018,0.3907562494277954,0.010127990506589413,-0.10043870657682419,0.1143457442522049,0.26078981161117554,-0.24632276594638824,-0.023624993860721588
-0.00934242163602549,0.030393642650335607,-0.04217058939500999,-0.20834625125134182,-0.05348149623641805,0.14928620951186236,0.34013836299950834,-0.18135539360203307,0.309314366764385,0.03612436148153427,-0.07693457198216472,0.15331967189856507,0.27002809892678686,-0.27030843205683336,-0.018977905256485537,-0.14760877192020416,0.0031658648513257504,0.14979809522628784,0.29572126269340515,-0.14278851449489594,0.4144728481769562,0.01930243894457817,-0.07186610251665115,0.10058299452066422,0.25458136200904846,-0.2525685131549835,-0.005690019577741623
-0.014576631709892927,0.03131248430544855,-0.047544814504942086,-0.1897409339039639,-0.05676691749022978,0.15382291564324915,0.32482795930787645,-0.1860671774500515,0.330556802958202,0.03745670835494141,-0.08434252736747025,0.12973426796229698,0.2638104856459281,-0.2536940095439195,-0.00783269560306546,-0.13891856372356415,0.01849515549838543,0.13861846923828125,0.27563604712486267,-0.1403806507587433,0.43051475286483765,0.027117595076560974,-0.07946787029504776,0.08962932229042053,0.244550421833992,-0.24759583175182343,-0.016231786459684372
-0.02590993857725855,0.029480284139119045,-0.056177487833027305,-0.17053112361592515,-0.05319723626625298,0.16068092312531357,0.3100928996298313,-0.18941831580027854,0.34718806598385854,0.03772896449589293,-0.08398656309085327,0.10711893257311775,0.25197562040242527,-0.24513341711040496,-0.015490514944372681,-0.11095024645328522,0.017048880457878113,0.1303786039352417,0.24231195449829102,-0.15081456303596497,0.44462254643440247,0.02392575889825821,-0.058778803795576096,0.07225074619054794,0.23779895901679993,-0.24304471909999847,-0.004808537662029266
-0.037783712604041744,0.028475459351317678,-0.06610580516704423,-0.14618077034531424,-0.047444401129097855,0.16485880483936396,0.2872065808141465,-0.19474530310323168,0.3602500538825566,0.03707733163729981,-0.0768188110616323,0.08841584976851825,0.2409010333403113,-0.24001133451617876,-0.006378378073775245,-0.09080945700407028,0.031032497063279152,0.12071312218904495,0.2272069901227951,-0.14312168955802917,0.4491575360298157,0.02453383058309555,-0.06436078250408173,0.05800270289182663,0.235333651304245,-0.23065094649791718,-0.013851234689354897
-0.04920239883078639,0.026345033250651333,-0.0696761945079469,-0.1246097933314577,-0.040978763759130586,0.16311743360202982,0.263461813808913,-0.19503905619704462,0.3687040504788224,0.03481861291269097,-0.06517479141271115,0.06809839361656839,0.23361230873666303,-0.23154766994551831,-0.012802946425231037,-0.06939330697059631,0.02407602220773697,0.1128031313419342,0.20478472113609314,-0.16094231605529785,0.43861615657806396,0.023840434849262238,-0.043790776282548904,0.03691355884075165,0.23477596044540405,-0.2213197946548462,-0.0009993918938562274
-0.06277163485361183,0.023336214459091814,-0.06798670293119019,-0.10306473596448512,-0.03362444055635417,0.15632706052291828,0.24101968527226136,-0.19018765367306462,0.3705187148891578,0.03454458882661753,-0.05136001929682506,0.04859601085963792,0.23093107600497498,-0.22246955887158934,-0.002199115542916986,-0.06076337769627571,0.028185803443193436,0.10443446785211563,0.18736013770103455,-0.16099198162555695,0.4117380678653717,0.024790070950984955,-0.04218531399965286,0.02368134818971157,0.23624105751514435,-0.20452745258808136,-0.0073581598699092865
-0.07432564129012692,0.019534876042744353,-0.06143179308899138,-0.08380859846429924,-0.025468325155651207,0.14542981851363787,0.220702341578189,-0.18417729805745175,0.36165217966100105,0.033021353280457764,-0.03690175366173765,0.030196478366021493,0.23213694927091158,-0.20932739817229973,-0.0062667872081945165,-0.0527188740670681,0.018283434212207794,0.1014256402850151,0.17074698209762573,-0.1653042435646057,0.38754037022590637,0.023570433259010315,-0.026080366224050522,0.013806717470288277,0.23768529295921326,-0.19312317669391632,0.004992149770259857
-0.08503626770867113,0.0169319440447894,-0.05251930680564612,-0.0676162717893242,-0.01872135139035603,0.13256096633282963,0.20204689398557524,-0.1778829817839536,0.3454739742316621,0.02984080202463469,-0.024567663807853878,0.01758372382922721,0.23446764225982303,-0.19725614674395703,0.004172595196881752,-0.0439060740172863,0.03170883655548096,0.08921073377132416,0.1581539660692215,-0.1668587028980255,0.3792858123779297,0.02739410102367401,-0.02853795327246189,0.004599692299962044,0.23680637776851654,-0.18684092164039612,-6.926513742655516e-05
-0.09152223706409726,0.015107462211006216,-0.040830881035030256,-0.05436435864681783,-0.014604998680983422,0.1185459161453015,0.18822056546236438,-0.17300756025917766,0.3304776576626285,0.028604954031773846,-0.015565941177912388,0.006229862028771819,0.23439106165462276,-0.1891000081051609,0.0010070821145174518,-0.04013754427433014,0.026558633893728256,0.08881479501724243,0.15645892918109894,-0.15971125662326813,0.3808518946170807,0.022697316482663155,-0.01833856850862503,0.0031423568725585938,0.24111223220825195,-0.19099727272987366,0.006726665422320366
-0.09575395885711169,0.014363416658598709,-0.029701614025596148,-0.045064213155352265,-0.014177507740192918,0.10711771536020712,0.18011596661173462,-0.17235938007140925,0.3231624541558628,0.02431322078505519,-0.010029117109556765,0.0018953485689792607,0.23664463678394837,-0.18875629939503283,0.006483454512129294,-0.0356968492269516,0.03660834953188896,0.07182666659355164,0.15041251480579376,-0.16316960752010345,0.3867131471633911,0.02365773543715477,-0.01949816755950451,-0.0009635593742132187,0.24556638300418854,-0.19551314413547516,0.0028076888993382454
-0.10073082889059382,0.013358026358891181,-0.01937230606777811,-0.037927973989736345,-0.01632329827017418,0.09606396148802955,0.17712896777579912,-0.17428338643513816,0.3228504895883262,0.021444485935648273,-0.007218957343344464,-0.0022583934996417603,0.23778042861034607,-0.19188396491059373,0.003574447053098422,-0.02951136976480484,0.038289088755846024,0.06796745955944061,0.15365374088287354,-0.1704329550266266,0.39929822087287903,0.017144227400422096,-0.018419984728097916,0.00451646838337183,0.24802209436893463,-0.20606306195259094,0.004922483116388321
-0.10186038230860825,0.012469774701677138,-0.010493142032365635,-0.031756782855328354,-0.01960013476011381,0.08778585264874163,0.17837896060621075,-0.17986464234439342,0.3282477953083372,0.01764243380278835,-0.005335004269375075,-0.0006519771407477682,0.2404195801263268,-0.19939457539505653,0.0050946892923981295,-0.024621188640594482,0.04360499233007431,0.055195171386003494,0.1554919332265854,-0.18180058896541595,0.41065534949302673,0.01659618876874447,-0.02120109833776951,0.006000002846121788,0.2529035806655884,-0.21764881908893585,0.005292290821671486
-0.10323995182706772,0.010820733027113167,-0.0016802338195767924,-0.02547754472710672,-0.022922858120717288,0.08054353234003774,0.18289868683094665,-0.1886261029405896,0.33666807387301817,0.015081417956001701,-0.004726533041622883,0.0007044114175019412,0.2427928743019074,-0.20975444948842234,0.005610978376168298,-0.01741626113653183,0.0390084907412529,0.054339975118637085,0.16397355496883392,-0.1919555366039276,0.403557151556015,0.009924322366714478,-0.020599020645022392,0.011189267039299011,0.2575562596321106,-0.23060742020606995,0.008734628558158875
-0.10626972717662311,0.007867055375745625,0.003267975112310235,-0.019245514650472466,-0.024898189708798864,0.07557416146667749,0.1892832740123227,-0.1979167002974564,0.3406897584842838,0.011190355398448447,-0.0049432533344133745,0.004525520927268018,0.24728927835062534,-0.22182081447934604,0.008689410986828173,-0.009072855114936829,0.04292247071862221,0.04319582134485245,0.16736596822738647,-0.19970758259296417,0.3955686390399933,0.007786717265844345,-0.022764630615711212,0.009117907844483852,0.2583269774913788,-0.2411092072725296,0.008362784050405025
-0.10807394167872546,0.0059765291552325355,0.007559506009199594,-0.011815641256092226,-0.025151540925486056,0.07001745743883699,0.195220318969263,-0.20825547667825617,0.33740637624813624,0.009025983469229733,-0.006572006250791149,0.005019617830781772,0.24953268761511677,-0.23292273575783315,0.008680497345476308,0.0026550181210041046,0.0388483852148056,0.040332287549972534,0.18081805109977722,-0.20117193460464478,0.3767060935497284,0.0011162534356117249,-0.02267001010477543,0.011084127239882946,0.2600829303264618,-0.24958279728889465,0.009671217761933804
-0.10900353501995948,0.0037805171244923853,0.013836823698399382,-0.004583492450682546,-0.023997422668764763,0.064838414482647,0.20092396540018628,-0.21729828024530332,0.3270736517241102,0.005859226063433066,-0.008864042305053063,0.006474869113704571,0.2523086404316369,-0.24230969356787724,0.00978965338317756,0.009560495615005493,0.040600307285785675,0.034071553498506546,0.18200325965881348,-0.20850589871406555,0.35416045784950256,0.0009520053863525391,-0.022472480311989784,0.006772453896701336,0.2619607448577881,-0.25675854086875916,0.009938674978911877
-0.11231258839684011,0.001697965973080542,0.020045312471857587,0.003592297210091324,-0.02194115779012099,0.0585747612949193,0.20546592497221114,-0.22661014881874394,0.3107121221631248,0.003636265880283045,-0.012174335002432162,0.005576169260363782,0.2539607189212185,-0.2501362089653982,0.010025232313299754,0.02049151435494423,0.041227322071790695,0.025667916983366013,0.19394353032112122,-0.20713141560554504,0.3293498456478119,-0.004690973088145256,-0.02501620352268219,0.006812635809183121,0.2604205012321472,-0.2643125653266907,0.010724860243499279
-0.11248935510224897,-0.0013005001928798642,0.026852510972166593,0.010685500810256546,-0.01944982427816046,0.05135246659060326,0.2104287989744318,-0.23482613661824764,0.290547260052508,0.0013646842218849756,-0.015659719533980244,0.00488694580975831,0.25483180463069993,-0.25759288891884063,0.010753591884563719,0.030068255960941315,0.04464854672551155,0.01571851782500744,0.20391252636909485,-0.20163008570671082,0.30098822712898254,-0.008039426058530807,-0.023413754999637604,0.0056943828240036964,0.25558269023895264,-0.2716165781021118,0.010338311083614826
-0.11178411663760318,-0.0011026076954863805,0.03494805696539877,0.017043067633715464,-0.01672147709663223,0.04232322214505031,0.21530925114356872,-0.24244258922459413,0.26722709968562447,6.938569915916653e-05,-0.018584789683680478,0.0046821217761543596,0.2530139008109795,-0.2646681047410431,0.010363292121224206,0.035509560257196426,0.044257476925849915,0.009443985298275948,0.20945799350738525,-0.2056690901517868,0.27329742908477783,-0.009537775069475174,-0.02194831892848015,0.007147190161049366,0.24898219108581543,-0.2762337327003479,0.010924524627625942
-0.11178225506521429,-0.0011564071872143397,0.0431632225510518,0.022603925692828056,-0.013547926931155078,0.03266539472517064,0.21947879671209447,-0.24752334642422733,0.2420643325719271,-0.0013139561809690228,-0.020304492017687928,0.006062070345391506,0.24880776153071607,-0.27021635302899566,0.010785456198396466,0.041796859353780746,0.04796884208917618,-0.0007378272712230682,0.2138291895389557,-0.20656263828277588,0.23741281032562256,-0.01032164879143238,-0.02248413860797882,0.004839956760406494,0.24130281805992126,-0.27779310941696167,0.009435448795557022
-0.11148944137542906,-0.002870729931243266,0.0534291311645153,0.02844665034794241,-0.008861578200659257,0.02220991874932954,0.22235240268203693,-0.2500122358804459,0.2099479817727976,-0.0022280533654798597,-0.021411495273949546,0.005774566725967772,0.24252898204627477,-0.2732553326666443,0.009492767429299963,0.04621582850813866,0.04875052347779274,-0.005841165781021118,0.21895651519298553,-0.20682410895824432,0.2049832046031952,-0.011792734265327454,-0.021753396838903427,0.006662867963314056,0.2309800088405609,-0.2805734872817993,0.008613459765911102
-0.11174772371255588,-0.0033560256775464945,0.06352890177227281,0.03457783048229274,-0.0037622464543102772,0.011154365952657697,0.22281013347820297,-0.2556248443540405,0.17869870437296462,-0.004708196777551512,-0.021080433342514165,0.0061723331665986024,0.23461944803233956,-0.276063367991806,0.008695057460630099,0.054021045565605164,0.0520080104470253,-0.0141309704631567,0.22711893916130066,-0.2033972144126892,0.16442112624645233,-0.01197902299463749,-0.02228376269340515,0.0009068995714187622,0.22141391038894653,-0.27783989906311035,0.004689333960413933
-0.1112297416233923,-0.0041451265989422,0.07274946350770668,0.04010813183612424,0.0019146498019978015,-0.000135220347113158,0.22411283713952748,-0.2591621174083425,0.14068411285715945,-0.006570095285082944,-0.021675592889715885,0.0037163823873918984,0.22498421842055602,-0.2757319240860968,0.00509615648489204,0.05727579444646835,0.052567534148693085,-0.014674654230475426,0.23440305888652802,-0.20290949940681458,0.13517849147319794,-0.014192920178174973,-0.020577190443873405,0.0036997580900788307,0.21167179942131042,-0.27912843227386475,0.005121360532939434
-0.1087081448829116,-0.00581973596178428,0.08021035896655666,0.045255863329370934,0.0056618322928126815,-0.00912084748900464,0.22733943211179464,-0.264301474513273,0.1087999026196618,-0.009687411121903277,-0.022441794108293233,0.0044113926611838335,0.21564891885753076,-0.27597170244109853,0.005033093194110011,0.059758223593235016,0.057841576635837555,-0.019631769508123398,0.24173904955387115,-0.20125819742679596,0.09897275269031525,-0.01535532996058464,-0.01989899016916752,4.7925859689712524e-06,0.2019309401512146,-0.27742478251457214,0.00032879842910915613
-0.10494126425592962,-0.007697432905259896,0.08892175481304498,0.049126723559160694,0.006514555196744666,-0.01649475426579974,0.23451581383111994,-0.2722053199081936,0.09534233115369764,-0.01270249719737561,-0.023530733928093506,0.003523296214225955,0.20469490442830415,-0.27479452035405877,0.0005973033900436025,0.06054139882326126,0.05949627235531807,-0.0186921413987875,0.2530944347381592,-0.2036169320344925,0.06714220345020294,-0.016208915039896965,-0.019425267353653908,0.0026166439056396484,0.18981903791427612,-0.2720983326435089,-0.0010106180561706424
-0.09835832888999332,-0.011350706210799458,0.09226606982695156,0.053114808962947076,0.006045203473562035,-0.020273925946649958,0.24549420393751137,-0.2819005648606108,0.08476350301157334,-0.015319732025758379,-0.023441813572317328,0.004821570729669798,0.19225550084127963,-0.2705131640645731,-0.0011565309055172868,0.05110851675271988,0.05614250898361206,-0.012096116319298744,0.2645540237426758,-0.2168015092611313,0.04054872691631317,-0.011922189965844154,-0.016726918518543243,0.008872478269040585,0.1755456030368805,-0.25702518224716187,-0.004266970790922642
-0.09375657514823668,-0.016352373585083294,0.09604239567571841,0.05533429679739005,0.008879243428832973,-0.023070371517184243,0.25837654992387327,-0.2912484267240633,0.06314329149066233,-0.020139496500884452,-0.0203421161358093,0.008550104332577562,0.18520749128884664,-0.2495987439013002,-0.00037969838057682844,0.0503622442483902,0.047356557101011276,-0.0037913545966148376,0.2917836010456085,-0.23707273602485657,0.0028303787112236023,-0.017100196331739426,-0.01840914785861969,0.01566295325756073,0.16032058000564575,-0.245237797498703,-0.020501328632235527
-0.08729965143491213,-0.02195849952041263,0.09899568075744883,0.05572945676276487,0.014623149937747972,-0.02723913937781898,0.2769464354595055,-0.29989472008146073,0.024697995532255424,-0.01791241545494925,-0.017010844426280043,0.01032690962695598,0.18833253658310287,-0.22585047515279538,-0.014570632479437854,0.02403336763381958,0.04059378802776337,0.007106242701411247,0.3123132586479187,-0.24350489675998688,-0.000972013920545578,-0.005027905106544495,-0.01854914426803589,0.0361015759408474,0.169473797082901,-0.2087283581495285,-0.008520341478288174
-0.07793162082157992,-0.02244647760692551,0.09602294742729187,0.04784005631903308,0.015688609380652627,-0.022323364105246084,0.2993384748859031,-0.29506326853069137,0.010303159101031155,-0.018466044606219145,-0.0171208954541901,0.019130665405341227,0.18709652750554598,-0.2037550563472825,-0.005876147693453419,0.013544641435146332,0.036650195717811584,0.0004993714392185211,0.33285871148109436,-0.26557299494743347,-0.029401715844869614,0.002716323360800743,-0.019913334399461746,0.03704964369535446,0.182631716132164,-0.19577857851982117,-0.02205175906419754
-0.06873087438935448,-0.024858049614820195,0.09044007195114342,0.040614205965648104,0.020899480225008368,-0.0176268021984448,0.3246043422608099,-0.2948456036691911,-0.01804927560564125,-0.01890520474153357,-0.014075762426536069,0.02532652453695781,0.19038057875121164,-0.18831757429163615,-0.009683257200157915,-0.0041497573256492615,0.023533795028924942,0.02033320441842079,0.34996137022972107,-0.2759779393672943,-0.03891964629292488,-0.0015991805121302605,-0.024303751066327095,0.05749336630105972,0.17467546463012695,-0.17917554080486298,-0.02115510031580925
-0.06093645916775217,-0.024255178355321243,0.08354071296495386,0.03328423655843282,0.024139086828257026,-0.009392293863252863,0.34574440461051664,-0.29185431945109824,-0.03189025295650284,-0.02247576412560055,-0.012805125417826711,0.03442367300191871,0.19387672495134922,-0.1718560736026292,-0.007858637089924573,-0.01664094626903534,0.02589569240808487,0.013665294274687767,0.35991039872169495,-0.27759090065956116,-0.042083483189344406,0.002838006243109703,-0.024290479719638824,0.060054413974285126,0.1904720515012741,-0.18230782449245453,-0.02551952190697193
-0.052127126539784976,-0.022028455365027354,0.07921363580818347,0.024164508608898537,0.02677936446982942,-0.0013182576426538344,0.3629029615865025,-0.286260166421251,-0.03935588270525163,-0.02493661611844757,-0.0125385216367212,0.038473765932173824,0.2015252299485554,-0.16717199129570542,-0.008165076950212753,-0.028998039662837982,0.017809651792049408,0.029966887086629868,0.37189313769340515,-0.2825603783130646,-0.03841404989361763,-0.005344796925783157,-0.030207175761461258,0.07491758465766907,0.1835249662399292,-0.17970065772533417,-0.030697867274284363
-0.04390955086984334,-0.01988086265603485,0.07816588629993514,0.012889359979432972,0.03016299323725329,0.011235992307689785,0.3738447093406103,-0.2824508653234504,-0.03755838473397086,-0.027292988390326726,-0.012596404626378128,0.04008845561307969,0.20932378915860916,-0.1690947832921094,-0.00693860821694745,-0.049051474779844284,0.024061549454927444,0.028469961136579514,0.38320258259773254,-0.28355616331100464,-0.04361199215054512,0.00314980186522007,-0.0428926981985569,0.08301041275262833,0.20658007264137268,-0.18510141968727112,-0.04526479169726372
-0.03972886144605664,-0.015396411215562572,0.07816620133533908,-0.0022634504520332166,0.03246430056016558,0.019675922683468714,0.3832684037044667,-0.2797905027119815,-0.04262018413530705,-0.02948157861781193,-0.010644681273278264,0.038888777320082384,0.2199699976860348,-0.18174748294391777,-0.014336710262367826,-0.06788592040538788,0.021618299186229706,0.03918782249093056,0.39301806688308716,-0.28839123249053955,-0.036701615899801254,0.003590622916817665,-0.05519461631774902,0.09410127252340317,0.21532458066940308,-0.19634802639484406,-0.04541253671050072
-0.03403710371962035,-0.011243675864472499,0.07725272153426621,-0.01862102332195267,0.030389148776382817,0.029279618414141992,0.3915116438303475,-0.28178205639139575,-0.03702440580670048,-0.03078030936630293,-0.011320757845219452,0.04029432970383913,0.22998419831923897,-0.1941294572295498,-0.0164973063103425,-0.09007646143436432,0.020839408040046692,0.041374459862709045,0.40550169348716736,-0.293101966381073,-0.024714026600122452,0.01002330332994461,-0.05744431912899017,0.10150178521871567,0.22995150089263916,-0.20325767993927002,-0.0497715137898922
-0.028737744676546502,-0.008283408590089452,0.0744391524607718,-0.03743577081057091,0.025548444575330086,0.03667353604255956,0.40260567183773416,-0.28623297913085544,-0.0260029623546622,-0.030349325850297555,-0.01248008271292568,0.043286659970054465,0.23980537259605247,-0.2067720405642893,-0.01817521729433375,-0.11087459325790405,0.01720113679766655,0.050668686628341675,0.40864619612693787,-0.2903323471546173,-0.009887401014566422,0.004746409133076668,-0.06663154810667038,0.10906682163476944,0.23393094539642334,-0.21785102784633636,-0.04980967566370964
-0.022390536891979267,-0.006191268807633241,0.06894562652671461,-0.057474125639855246,0.018816613120259895,0.04547497221402404,0.4104597584532847,-0.28607398498137626,-0.011702583487217637,-0.03006967741079495,-0.01472718384787152,0.049643938827845936,0.24917484833809078,-0.21899241079621268,-0.018294548795246265,-0.13414253294467926,0.014933276921510696,0.06078539788722992,0.4191593825817108,-0.29113343358039856,0.019661862403154373,0.010191701352596283,-0.07302361726760864,0.1170923113822937,0.24194733798503876,-0.21567188203334808,-0.05510743707418442
-0.01736179330936843,-0.0033293117447246935,0.06201472089583409,-0.08008606359515495,0.013364580927104372,0.05541252898333374,0.41835466745580197,-0.2861475762300376,0.016093697247469525,-0.027981917528237123,-0.015680482685944304,0.057289993016033054,0.25538613470811333,-0.23005391751397278,-0.019943010486463797,-0.1497519314289093,0.009852446615695953,0.06961046159267426,0.41697874665260315,-0.2914401888847351,0.04812981188297272,0.010207219049334526,-0.0774051696062088,0.11748893558979034,0.24352185428142548,-0.22123746573925018,-0.05131545290350914
-0.015723847577997437,-0.0032897209757789783,0.05388590143064819,-0.10180376100090832,0.007373696521218889,0.06487382983509497,0.4207949537207353,-0.28643722339977407,0.04443611948955982,-0.02336417342272925,-0.017708461563739383,0.06661901951604596,0.25823850380096447,-0.2390373236148364,-0.0181195605674981,-0.16660910844802856,0.006593822967261076,0.07497710734605789,0.4151470363140106,-0.2804657220840454,0.0685066431760788,0.005329534411430359,-0.08615884184837341,0.121665820479393,0.2451809048652649,-0.2284391224384308,-0.05652420595288277
-0.009995979876007486,-0.00047722630719870465,0.045039037725950144,-0.12524757669080044,0.000982584118295157,0.07275648095041032,0.41858268426690687,-0.27998146115632233,0.06555432834252485,-0.019493883905353424,-0.0200835998774807,0.0762710684881869,0.26140457522144894,-0.24908527682091222,-0.02087700404025552,-0.1763361692428589,-0.003171198535710573,0.08939019590616226,0.41556769609451294,-0.280226469039917,0.09944519400596619,0.007196908816695213,-0.08324192464351654,0.12503716349601746,0.24128736555576324,-0.22985665500164032,-0.04902159422636032
-0.006504575707561897,0.0015305639399362842,0.034309016605551315,-0.14667386323025455,-0.0038094656469930704,0.08287180877833172,0.41421442810603276,-0.27725486850894354,0.09555184437108405,-0.012196479000618753,-0.0233237285806735,0.087429670167181,0.26015968845643106,-0.25685022426638404,-0.01743725236160348,-0.19319096207618713,-0.0006864373572170734,0.09267368167638779,0.41153138875961304,-0.270427942276001,0.11014293134212494,0.006460471078753471,-0.10255936533212662,0.12794123589992523,0.24204114079475403,-0.2275446653366089,-0.06107904389500618
-0.00252606559950153,0.004315382668669567,0.024955557253906552,-0.1690090517323337,-0.008027110237312894,0.09054244630768543,0.40896117765445406,-0.270349172034284,0.10817234422830821,-0.005396668210451831,-0.025942780128613188,0.09809585607482235,0.26009088207613046,-0.26597577121170446,-0.02129862684271207,-0.20416320860385895,-0.014300152659416199,0.10969869047403336,0.4016953110694885,-0.25772830843925476,0.14328329265117645,0.004538349807262421,-0.0925145074725151,0.12858892977237701,0.23663929104804993,-0.2259584218263626,-0.04715947061777115
-0.0008875440864063814,0.0048492690131719945,0.012103216356951952,-0.18976672553377757,-0.011978698970142174,0.10110048566363668,0.39941386510928995,-0.25982692159442333,0.1392980684849315,0.0015520985231557262,-0.031073459010135213,0.11000809450595264,0.25648685380345493,-0.26987144411321407,-0.015245400958092318,-0.21748770773410797,-0.01107696071267128,0.11360581964254379,0.39427050948143005,-0.24943146109580994,0.15733709931373596,0.008504660800099373,-0.11267596483230591,0.13384537398815155,0.2340722233057022,-0.22484014928340912,-0.05871296674013138
-0.000507012264122392,0.007493359287629268,0.0042950636360041695,-0.20951146455222158,-0.015351929438323449,0.10950540715187207,0.38893964123658487,-0.25039709609133814,0.15499871156736508,0.009522188049497478,-0.035123683904775924,0.12013274782899772,0.2527006483000002,-0.27672924050474057,-0.018891186594456197,-0.22498218715190887,-0.022620197385549545,0.12784406542778015,0.381432443857193,-0.23160523176193237,0.189296156167984,0.006071936339139938,-0.10336121171712875,0.13439127802848816,0.2370658814907074,-0.21913062036037445,-0.04545072466135025
0.0024844280791800582,0.010818727961710892,-0.006913283203197942,-0.22743161921048674,-0.020326578188141212,0.11958206666073905,0.38416835861279425,-0.2260878471657948,0.16616888546612382,0.01622497058757834,-0.04273674647070213,0.13309774125504858,0.24823631164447582,-0.28149110553587736,-0.01556342529014658,-0.24192018806934357,-0.022031135857105255,0.13251721858978271,0.37276479601860046,-0.2270892858505249,0.21739737689495087,0.012563521042466164,-0.10868647694587708,0.13476943969726562,0.2369515597820282,-0.21926963329315186,-0.046573735773563385
0.003160098006997663,0.013788038772466924,-0.017269582823381497,-0.2417243586240133,-0.025499713829945404,0.1268602579582461,0.37975831592062725,-0.21671135723505136,0.18564134066014668,0.021357400242104987,-0.04940408438496494,0.14518938705776185,0.24289540963815492,-0.28565342149657,-0.015814546353671504,-0.23677022755146027,-0.022111251950263977,0.14581146836280823,0.3690052926540375,-0.2102685421705246,0.2616141140460968,0.016665451228618622,-0.11181450635194778,0.14113281667232513,0.25209611654281616,-0.2096673548221588,-0.04196974262595177
0.00476018554127979,0.018461944056143962,-0.02903835098436642,-0.24749690661183132,-0.028912731502238553,0.13784552668026995,0.37474871753100175,-0.20398784146206833,0.21410396130915035,0.023892285085141286,-0.055861537489928725,0.15770520066380753,0.24399849552455632,-0.28546619386986455,-0.012751997551970588,-0.23473870754241943,-0.02035706117749214,0.14998042583465576,0.3548138439655304,-0.1926269829273224,0.29223963618278503,0.01335793174803257,-0.11279609799385071,0.13878335058689117,0.2596488296985626,-0.21656465530395508,-0.04143234342336655
0.004559223852436044,0.019468520446489997,-0.03486363564325133,-0.24737622024862868,-0.03137301569284527,0.14614420526611985,0.36704145453466214,-0.1881316808417564,0.24504519783810227,0.025773608008957002,-0.060130673499638354,0.16465480333849214,0.25063968043771123,-0.2833547638934287,-0.014590432964690406,-0.2210383266210556,-0.01902318373322487,0.15357637405395508,0.343648761510849,-0.1776045262813568,0.32420942187309265,0.007379520684480667,-0.10733979940414429,0.13138489425182343,0.2547459602355957,-0.224664106965065,-0.03219698369503021
0.0012176159175614064,0.023216731048636655,-0.0356836950071673,-0.24353242928807903,-0.033636137072343794,0.1521460761345804,0.35731302763588313,-0.1727080251922376,0.2716820660202777,0.02919522428658522,-0.06410320124195519,0.1649268252805313,0.2555231195078248,-0.27794941709916265,-0.012513883976725287,-0.19867637753486633,-0.005493984092026949,0.1519276201725006,0.33038100600242615,-0.15411344170570374,0.3544734716415405,0.00748396385461092,-0.1081729605793953,0.12355748564004898,0.26495739817619324,-0.23803694546222687,-0.03243047744035721
-0.004765192842277937,0.02521521935713844,-0.029394002471166074,-0.23484374999280858,-0.03920668352879451,0.15393235217107315,0.3482768134705192,-0.1575851940559793,0.29239142842342203,0.03264181962571901,-0.0678735752488728,0.16095062731073376,0.2634449379949672,-0.2734623128615343,-0.017364809653278426,-0.16758213937282562,0.003752640914171934,0.1539076268672943,0.3151051104068756,-0.12181264907121658,0.39566469192504883,0.006414242088794708,-0.09165435284376144,0.11038406938314438,0.2712809443473816,-0.2463698536157608,-0.021565228700637817
-0.005696238932232705,0.026474972952791317,-0.028239618147184876,-0.21885298562886257,-0.05048049648351642,0.1540768495814239,0.33646147582817515,-0.16513279717819998,0.31150867020390227,0.03524113431662503,-0.0760827211788858,0.15286359107724232,0.2709724278258119,-0.2673183370627789,-0.017483157208926004,-0.1595870703458786,0.009793203324079514,0.1521277129650116,0.3107440769672394,-0.13603495061397552,0.4218820035457611,0.01891736313700676,-0.08596433699131012,0.10883890837430954,0.24779969453811646,-0.2421969622373581,-0.02002420835196972
-0.013403505850750444,0.02716234635023868,-0.029349364641682297,-0.20276504399062822,-0.05458112217222585,0.15574420270652475,0.3267081956204374,-0.17224243138587916,0.3340290290220278,0.03958365107279743,-0.08061266250095381,0.1352064275561783,0.2634375448972608,-0.2513265252347615,-0.01952374944285588,-0.14419008791446686,0.012983428314328194,0.14061078429222107,0.2694256007671356,-0.13740985095500946,0.4311330020427704,0.02493017166852951,-0.07226906716823578,0.09215647727251053,0.2490749955177307,-0.25262925028800964,-0.0075612906366586685
-0.022199297843006977,0.025969866912186106,-0.038947755195951714,-0.18030101377517946,-0.0536054255423005,0.16221139833113415,0.30990258099421464,-0.18142192508808622,0.35089487851757856,0.039248386815798744,-0.08348167664845829,0.1131901075820275,0.2545594779128545,-0.24620177822617734,-0.00934037966573249,-0.127543106675148,0.02362395077943802,0.1346065104007721,0.25772973895072937,-0.13574732840061188,0.45429161190986633,0.027576059103012085,-0.07326964288949966,0.08241106569766998,0.23466214537620544,-0.23690016567707062,-0.011272286996245384
-0.03252849461495436,0.024903107584903363,-0.04766460902095611,-0.1606210736720904,-0.048270005743320105,0.1667898361194248,0.2939885274398692,-0.18422166747658986,0.3644479644001807,0.038701208161395016,-0.078152350667418,0.09453968629726887,0.24109868606162296,-0.23727152796461545,-0.011103647696511587,-0.09921866655349731,0.02952205017209053,0.12268596142530441,0.2205267697572708,-0.15121108293533325,0.46286097168922424,0.025070136412978172,-0.05722571536898613,0.06524315476417542,0.23307543992996216,-0.23677493631839752,-0.005157100036740303
-0.04431442942801793,0.02235715506628687,-0.05384158772945006,-0.13610424848375693,-0.04294250895172206,0.167773177567783,0.27087859371833556,-0.18630680136272662,0.3759872547108726,0.03788423712421058,-0.06859362467808638,0.07756765036109976,0.23220254793867337,-0.23309807507980881,-0.005976794974322687,-0.08269239962100983,0.032519321888685226,0.1144273430109024,0.21055161952972412,-0.1472097635269165,0.4569741189479828,0.02295280247926712,-0.05493035167455673,0.0476510226726532,0.23320770263671875,-0.2225988358259201,-0.00913386233150959
-0.055176090697095864,0.01946080147737382,-0.05445606561030256,-0.1148930284173746,-0.03614930429650116,0.16271047323540686,0.24955677438981647,-0.18388486584745797,0.38099546809066753,0.035364817482175286,-0.05563224251389234,0.05764332943498104,0.22902737184497504,-0.2241905908788556,-0.008537480600557451,-0.06469299644231796,0.028423449024558067,0.10495353490114212,0.18895068764686584,-0.16365833580493927,0.4334072172641754,0.025107182562351227,-0.04072530195116997,0.029668547213077545,0.23261232674121857,-0.21084925532341003,-0.00247198436409235
-0.06760451104377893,0.01490903383859037,-0.049274319201082474,-0.09320602017111854,-0.028181691055021774,0.15216088165000327,0.22848383183975796,-0.17971130050285472,0.37562690443619307,0.03481616976562019,-0.04126626669924195,0.03856604472967341,0.22847392780236783,-0.21342240481505004,-0.0028084691427852975,-0.05905855819582939,0.026407893747091293,0.10162847489118576,0.1709236204624176,-0.1573982685804367,0.40000537037849426,0.022887662053108215,-0.03330817446112633,0.02171415463089943,0.2368137538433075,-0.19656094908714294,-0.0032749222591519356
-0.07735320763516076,0.012704525367280395,-0.03986753891224968,-0.07503028094806202,-0.020469861177405152,0.13929509296940032,0.20805526656714574,-0.1731236879795487,0.35867284940256583,0.030555735335672355,-0.027940201095190995,0.024736867128981616,0.23178395941622112,-0.20102212799366237,-0.002695549912503703,-0.04645403474569321,0.027587339282035828,0.09306855499744415,0.1640145480632782,-0.15662795305252075,0.39235755801200867,0.024049410596489906,-0.025693673640489578,0.01185308862477541,0.23779575526714325,-0.18956904113292694,0.00653457548469305
-0.08627025385243212,0.012257113522493625,-0.027624675146589863,-0.06029546063051735,-0.015241162706969985,0.12411279935965061,0.19193566555359326,-0.16797497078911744,0.3416960182884675,0.027533210662967107,-0.017667454535556397,0.013699488288022503,0.23370241575813205,-0.192136267859574,0.006048881622746275,-0.03933410346508026,0.03249330818653107,0.08609887957572937,0.15824493765830994,-0.15280158817768097,0.3869471848011017,0.022696126252412796,-0.024309849366545677,0.00564049556851387,0.24117523431777954,-0.19042427837848663,0.0018180889310315251
-0.09062947080631929,0.009567781561208372,-0.015024491421288012,-0.048463285008320124,-0.013394084848507775,0.10983488505898377,0.18154974021084724,-0.16618856318516564,0.33136818883216745,0.02433740406404206,-0.011018430462600906,0.005684495853315034,0.2364293426684081,-0.18959234203916514,0.0028223088972300385,-0.041537098586559296,0.031179193407297134,0.0780179426074028,0.1460665613412857,-0.15769776701927185,0.37717190384864807,0.022735483944416046,-0.017531245946884155,0.0052239494398236275,0.24400252103805542,-0.19164200127124786,0.007712719962000847
-0.09606744473977495,0.008938804426066344,-0.0024247604099051274,-0.03990345645955816,-0.013713637268931732,0.0973081406419511,0.1753569472540253,-0.16656781449532895,0.3244889258072327,0.02009329256154266,-0.007191343483975799,0.0028065535498438456,0.2379306708161455,-0.18974128574513857,0.007551028094146604,-0.03057907521724701,0.04098378121852875,0.06567618995904922,0.15070907771587372,-0.16519485414028168,0.39438143372535706,0.020401328802108765,-0.018743373453617096,0.004054449498653412,0.24470481276512146,-0.201944500207901,0.0037160199135541916
-0.0989297755609162,0.008653404327088889,0.008648522785833114,-0.032724988602488944,-0.015537987881071365,0.0862947736597806,0.17507576062214397,-0.17165251011934354,0.3251011797239444,0.017744045142690543,-0.0050704096397386905,0.0014030594446086534,0.23805902863258133,-0.19608347211786648,0.004475017265059564,-0.0270211361348629,0.04174423962831497,0.05897090584039688,0.15324923396110535,-0.16984930634498596,0.4028305113315582,0.016431432217359543,-0.020200412720441818,0.010187159292399883,0.2513614594936371,-0.21226657927036285,0.0069160498678684235
-0.10060472916767473,0.007395655338081866,0.01694664265290972,-0.026262033818302204,-0.018718239071011285,0.07863890156946646,0.17875614192473469,-0.17966961429626674,0.33146580002809733,0.01392193296083154,-0.004877598073327454,0.004032506439063167,0.24108552770300123,-0.20529602247326909,0.006979931469081999,-0.018028683960437775,0.04692590981721878,0.04893633723258972,0.15757952630519867,-0.18344667553901672,0.4038706421852112,0.012685751542448997,-0.023127088323235512,0.01053196843713522,0.2540907859802246,-0.22455018758773804,0.006752454675734043
-0.10280469574006618,0.00461896573022483,0.024563593851965108,-0.019290167476058023,-0.021070848514830234,0.07208573177808072,0.18449600732738936,-0.18921164356687392,0.3366755339871161,0.011263526906587605,-0.005994754996922169,0.005624406580700371,0.24385117547219898,-0.2162368945939733,0.00707916948442639,-0.012665621936321259,0.039925187826156616,0.04646242409944534,0.16207259893417358,-0.19665278494358063,0.3871493339538574,0.008284148760139942,-0.01945791393518448,0.011542154476046562,0.2581193149089813,-0.23646031320095062,0.008862794376909733
-0.10400176074247686,0.00335386435525684,0.029376854592867156,-0.011928460416357096,-0.02114428534338639,0.06677614037751083,0.19071604029366832,-0.20046790421699212,0.3339288987883886,0.007705917677470325,-0.007469361392550496,0.007670141530327826,0.2475498027749478,-0.22797406723844318,0.008839994907745286,-0.00039335712790489197,0.04780515655875206,0.03709844499826431,0.17485038936138153,-0.193551704287529,0.38652998208999634,0.003947289660573006,-0.02602042257785797,0.014026446267962456,0.2565734386444092,-0.24602870643138885,0.009154546074569225
-0.10601653558847528,0.00010725801923575445,0.03465481392319748,-0.004446713871258467,-0.020332056488419,0.06131486595625241,0.19700226213610988,-0.211590149735817,0.3272023825474475,0.005356898061246089,-0.009832270942918914,0.008923974276602659,0.2489288639598272,-0.238288976115141,0.009409542424404782,0.01243819110095501,0.040073055773973465,0.032813429832458496,0.18732093274593353,-0.19656600058078766,0.3520473837852478,-0.0018570628017187119,-0.021156271919608116,0.01014084741473198,0.25777506828308105,-0.2533983886241913,0.009659742005169392
-0.10656875332581131,-0.000883331636802133,0.03969095346105,0.003073298086215537,-0.018159011856110727,0.055307465654626964,0.20271174470997802,-0.22089617991901775,0.31272555415056785,0.0028221094293400016,-0.012941136150839744,0.00887182235519393,0.25052277474896806,-0.24661458083360502,0.009673173525993872,0.01796536333858967,0.04641054943203926,0.024676287546753883,0.188287615776062,-0.20538382232189178,0.3346387445926666,-0.0015524588525295258,-0.02616620995104313,0.009885133244097233,0.25865328311920166,-0.2627471089363098,0.010932455770671368
-0.10805524880298303,-0.00249039556261041,0.04641999079006779,0.011030018365401096,-0.015456730557561736,0.048159973989489055,0.2076507501982075,-0.2303132782800666,0.29339077698103444,0.0009565411148184813,-0.016451089346363162,0.008171453851183978,0.2515377771564731,-0.2554170256362094,0.010902785048084238,0.03163880109786987,0.04551824927330017,0.015339968726038933,0.20640192925930023,-0.1971295177936554,0.3026138246059418,-0.009662903845310211,-0.024455739185214043,0.008202791213989258,0.2530815005302429,-0.27061688899993896,0.00875451322644949
-0.1065522454886908,-0.003996525354099297,0.05378799596989835,0.017110934113074232,-0.01250396958993646,0.039829543294029726,0.21406763457723518,-0.23806336366901845,0.27028721552929075,-0.0005444584359272509,-0.019766881190649552,0.007694485795554495,0.250624364783722,-0.26342275980195273,0.00896357737433466,0.03387681394815445,0.050563037395477295,0.007927065715193748,0.20418860018253326,-0.2040548324584961,0.27659517526626587,-0.007926013320684433,-0.023113111034035683,0.009531289339065552,0.2480897605419159,-0.27563774585723877,0.012114062905311584
-0.10674770008113879,-0.004341571706447837,0.0629901834031813,0.02370594411266093,-0.008962479369828993,0.030826049537160418,0.21803771012977047,-0.2439520893671115,0.24495500670380077,-0.0016720243133900147,-0.02179832908552793,0.00881821372502863,0.2467422104779814,-0.26938417089292266,0.011663511108086225,0.042741674929857254,0.051021821796894073,-0.0013712700456380844,0.2158758044242859,-0.20275676250457764,0.24229669570922852,-0.01092291809618473,-0.0232709813863039,0.007611999288201332,0.23860770463943481,-0.27785730361938477,0.008711830712854862
-0.10761255477065365,-0.005519560681695615,0.07267912714171963,0.029259147081371856,-0.0041146961672267265,0.02060693281817291,0.22172846390291337,-0.2477500960038716,0.21458765130573842,-0.00266834422890033,-0.022724015415954875,0.008484281658157747,0.2403519231478363,-0.27304566696634724,0.00893748812201203,0.04807779937982559,0.053134359419345856,-0.009454157203435898,0.22060270607471466,-0.20379948616027832,0.2062412053346634,-0.011741725727915764,-0.023055851459503174,0.0064689479768276215,0.2308313250541687,-0.2791511118412018,0.009102435782551765
-0.10625541868787136,-0.0043363249361828065,0.08308075921045986,0.0354581045683974,0.001695201254047118,0.008927342809801484,0.2223818663185621,-0.2541082191314852,0.18179571656343882,-0.005025749258908082,-0.0225352327933048,0.007211441735154813,0.23316663487771017,-0.27528071589284564,0.009070867761171197,0.0569036602973938,0.05650641769170761,-0.01599731482565403,0.2310042530298233,-0.20002777874469757,0.17150206863880157,-0.014462308958172798,-0.023403225466609,0.003887653350830078,0.22198863327503204,-0.28047311305999756,0.0038617169484496117
-0.10445602041535017,-0.005879496668309994,0.092536478807676,0.04076176621884481,0.006833664566761833,-0.002260661745170094,0.22505422196896363,-0.2586056101044695,0.14633668194211819,-0.007140242479701408,-0.023206162647448094,0.005783170783113101,0.22532474805481661,-0.27692317632470265,0.0043933702806056,0.05752096325159073,0.058383140712976456,-0.019626690074801445,0.2347966730594635,-0.20080745220184326,0.138086199760437,-0.013234615325927734,-0.020953025668859482,0.004759924486279488,0.2114998698234558,-0.2771459221839905,0.005792058072984219
-0.1014242312184845,-0.007292723620775403,0.1038254753728623,0.0459412487783616,0.011197220789058921,-0.01203093365437687,0.22872310292815642,-0.26312573816931617,0.11220487513852853,-0.009303343637590016,-0.02382147442702231,0.006080533523793304,0.2155821083140359,-0.27534058656007776,0.005524213824136117,0.06010414659976959,0.06197957694530487,-0.0212287325412035,0.24351494014263153,-0.2025395780801773,0.1037028431892395,-0.0153412576764822,-0.020183652639389038,0.004548548720777035,0.19855117797851562,-0.27653220295906067,0.000617758953012526
-0.09799860852023573,-0.0096253189556829,0.10859932243138978,0.05023001877981863,0.014841258165782774,-0.01959991705952061,0.23460114698152496,-0.2677808532360226,0.07853494540451532,-0.011916702438852492,-0.024442202197265065,0.006839824086559166,0.20396249433146058,-0.2739640565939908,0.0009874758544010055,0.05751979351043701,0.06298799812793732,-0.02207031473517418,0.25398969650268555,-0.20244792103767395,0.07257701456546783,-0.013548573479056358,-0.019431134685873985,0.007439841516315937,0.18647778034210205,-0.26811516284942627,-0.0005169514333829284
-0.09332301390354511,-0.012674976491222095,0.11412661005636897,0.053296247212802926,0.013964952414766427,-0.024603164326180274,0.24362919063113284,-0.27822025293204417,0.07388290866804119,-0.015222108823299356,-0.02404201601399679,0.008541012073840868,0.18982737689211152,-0.2681006495864078,-0.0006130209794780456,0.05537095665931702,0.06056984141469002,-0.01816096156835556,0.2714425325393677,-0.21053016185760498,0.036798764020204544,-0.013986442238092422,-0.019135231152176857,0.010149670764803886,0.17972686886787415,-0.25483185052871704,-0.006638631224632263
-0.08806285042883176,-0.016487523571279614,0.11872354592486235,0.055165181593737345,0.01589645515507646,-0.02990456237505646,0.2576130035076785,-0.2894516354785231,0.0572031011043224,-0.019812990125994617,-0.02164264427572634,0.010657156879933424,0.18992553590826688,-0.24332919388866256,-0.001748764948582661,0.047299738973379135,0.04778595641255379,-0.004918686114251614,0.2860502004623413,-0.23340138792991638,-0.006768342107534409,-0.018418852239847183,-0.01625581830739975,0.018339388072490692,0.16500315070152283,-0.24593164026737213,-0.018595639616250992
-0.08138394714531876,-0.021574572659952006,0.12264518158184522,0.055881568793286186,0.020986849749587005,-0.03362586429401256,0.274908331862452,-0.3004895950548108,0.01970463841482808,-0.018206124488346447,-0.019328207530693607,0.012192404696608284,0.19604677410687069,-0.22355482872302912,-0.012725855202859342,0.02508184313774109,0.044169582426548004,-0.0017637722194194794,0.3181703984737396,-0.24173504114151,-0.0031135566532611847,-0.0012987302616238594,-0.020507510751485825,0.03452127054333687,0.1756647229194641,-0.2078527808189392,-0.013458513654768467
-0.07325379567827857,-0.02250894065700827,0.11948005756256913,0.04760863265092475,0.022622602067650245,-0.029899714045487098,0.2992684515479336,-0.2964948497261624,0.007971102205381494,-0.01788415281580428,-0.01931185616387841,0.017660175026529525,0.19502602914308864,-0.201826380826415,-0.006937367423091625,0.0137786865234375,0.040141746401786804,-0.0012469440698623657,0.32969409227371216,-0.2622411251068115,-0.035988371819257736,-0.0002862783148884773,-0.02222164161503315,0.041033580899238586,0.18735280632972717,-0.2025868147611618,-0.022049864754080772
-0.06502282320586797,-0.024205808491897688,0.1127964159614945,0.04147941234418255,0.02739852731754094,-0.023448764715845675,0.323302813526503,-0.2961560946752332,-0.02155843407697194,-0.018966185460563095,-0.016813230425795578,0.02536143952169339,0.19977853882152022,-0.19042818564589004,-0.009246849874716634,-0.006388142704963684,0.023906484246253967,0.017346860840916634,0.3523554801940918,-0.27396368980407715,-0.037594329565763474,0.002619869075715542,-0.020664112642407417,0.05662734806537628,0.18047961592674255,-0.17809250950813293,-0.02067890390753746
-0.056783068404657806,-0.024144686936022168,0.10452361116315613,0.03282254468302121,0.030347661631431332,-0.014592356987586378,0.3458812649169683,-0.2909696537792829,-0.031103532245949285,-0.02165538307388258,-0.01508790768923231,0.03477208525595847,0.2005323300628884,-0.1730391785010841,-0.007257167273168306,-0.015283063054084778,0.031316034495830536,0.008661942556500435,0.3597712218761444,-0.2778934836387634,-0.0495850034058094,0.001548299565911293,-0.02994471788406372,0.06276384741067886,0.19493086636066437,-0.1900854855775833,-0.026988713070750237
-0.04836751070321385,-0.021999152624917907,0.09924054590147469,0.024191449266021656,0.03229283356063781,-0.006228618399793211,0.3632487879243802,-0.2863572541524017,-0.044185557275667336,-0.02385723505633415,-0.014956707066522105,0.039715362070668794,0.20845949544424175,-0.17213807563982322,-0.008369148452293432,-0.031145181506872177,0.017635811120271683,0.030672792345285416,0.37276726961135864,-0.27968716621398926,-0.03790722414851189,-0.0027668531984090805,-0.02860688976943493,0.07621274143457413,0.19061847031116486,-0.1792585402727127,-0.033564839512109756
-0.04089942097078507,-0.017536364025206263,0.09759061166758326,0.012037387125176796,0.03641618526727504,0.009530030067318057,0.37446685753880116,-0.2789644067263169,-0.037911585507518684,-0.025997301750109024,-0.014587834209163807,0.04194574153887698,0.21468809893845314,-0.1775934915036882,-0.008431284510927322,-0.04584234207868576,0.028762537986040115,0.025227190926671028,0.3846299946308136,-0.28459909558296204,-0.04619286581873894,0.004059199243783951,-0.04910437762737274,0.0865359976887703,0.21321550011634827,-0.18892133235931396,-0.04387637600302696
-0.035397650455905726,-0.012814416062548874,0.09593384746285721,-0.002438932416504962,0.036711753308652,0.017753249928297053,0.383428501854823,-0.27906080295988134,-0.04501355982145576,-0.028058865833392295,-0.01344557806778322,0.04242081480997525,0.22361563674995225,-0.1890714679473741,-0.014746931029699638,-0.0703204795718193,0.021690454334020615,0.04038982465863228,0.3927261531352997,-0.2863692343235016,-0.037553656846284866,0.007029760628938675,-0.0517122857272625,0.09792674332857132,0.22866076231002808,-0.1991940438747406,-0.047877948731184006
-0.029138263273273353,-0.009211718039635969,0.09363157509499202,-0.018706069711440385,0.03309387660374536,0.028610547148992544,0.39246212234807304,-0.2807058682628633,-0.03801949599606677,-0.030697337184886934,-0.014261569789659232,0.04545655659688942,0.23525195877577865,-0.20201257197765188,-0.020018534156782515,-0.08692570775747299,0.021828126162290573,0.040006592869758606,0.4060973823070526,-0.29363831877708435,-0.023949090391397476,0.007217960432171822,-0.057533614337444305,0.10270379483699799,0.22700008749961853,-0.20983289182186127,-0.046061065047979355
-0.023078693034066258,-0.004621857629402126,0.09027185620046405,-0.037340950224552555,0.027323961486660886,0.035578509649220914,0.40354935366301203,-0.2861817727504932,-0.025443556812067374,-0.028862135319108514,-0.01608197650735621,0.04883709610808888,0.24176030730052955,-0.2127477828213478,-0.01757632608009751,-0.11162915825843811,0.019549641758203506,0.048540446907281876,0.40686097741127014,-0.29141107201576233,-0.015291694551706314,0.007618671283125877,-0.06904282420873642,0.11222568899393082,0.24292108416557312,-0.21839472651481628,-0.055128928273916245
-0.01822912603902685,-0.0024596436131795302,0.08544136312435983,-0.05741338651295466,0.020372347571360458,0.043912481792637605,0.410468741792216,-0.2868841203806457,-0.016477649747344777,-0.029515184493611565,-0.017301814583166365,0.05505542203592711,0.2518227681961113,-0.22537310212794637,-0.02205252742374693,-0.13175392150878906,0.013624023646116257,0.06438851356506348,0.41806814074516296,-0.29254886507987976,0.025011219084262848,0.008848926052451134,-0.07096964865922928,0.11873843520879745,0.2409369945526123,-0.2175407111644745,-0.05086731165647507
-0.013866424762847853,-0.00016737830136952066,0.07821863148921142,-0.0799852964484637,0.014845939524973982,0.055953072474002434,0.4173024868998159,-0.287495191157523,0.020413372772678202,-0.027093109070247822,-0.018770204783511556,0.06298246133727681,0.255520471261374,-0.23450750357392755,-0.01927817703780352,-0.15063419938087463,0.014789551496505737,0.06345710903406143,0.4149627387523651,-0.29367727041244507,0.03848755359649658,0.012295052409172058,-0.08596078306436539,0.11922664195299149,0.25023290514945984,-0.22921007871627808,-0.05836518853902817
-0.010239082567875098,0.0011075197362019754,0.0709233094436195,-0.10216653853079824,0.007932659023926862,0.06277052123184886,0.41952380416169405,-0.2883399436068963,0.03619303523797561,-0.022819340975900076,-0.020243208086647722,0.07037476160124702,0.2603098045345107,-0.2456477399141983,-0.022922888953431,-0.1650516241788864,0.002401340287178755,0.08037398010492325,0.41861388087272644,-0.28299275040626526,0.07364962995052338,0.003449283540248871,-0.08244622498750687,0.12466266006231308,0.24139662086963654,-0.2291107326745987,-0.05159984901547432
-0.006129243291165353,0.003929440752648545,0.062498663585435224,-0.1260949700636731,0.001949523714501585,0.07361699232056607,0.4185132883416484,-0.28252605537021447,0.06938025107622964,-0.018266420358246212,-0.02339214726277369,0.07992772050800553,0.26112855959104914,-0.2537654188024591,-0.019436647147546577,-0.17940376698970795,0.0029936167411506176,0.0830952525138855,0.4128955900669098,-0.28153565526008606,0.08654622733592987,0.010278506204485893,-0.09204423427581787,0.12531714141368866,0.2504468560218811,-0.236457958817482,-0.05698050931096077
-0.003532416624616554,0.005348564965465412,0.053327957857399015,-0.14776373820075295,-0.003545685379027879,0.08132654889316826,0.41420314970422184,-0.27896193743862985,0.08430665176332183,-0.01188215990572779,-0.02564590206512309,0.08965081318819747,0.2627465241141131,-0.26352633230690753,-0.022013123716881362,-0.19114239513874054,-0.005342696327716112,0.09767880290746689,0.4146955609321594,-0.27292630076408386,0.11389082670211792,0.0028746221214532852,-0.09886517375707626,0.13027450442314148,0.2363320142030716,-0.22805596888065338,-0.05504321679472923
-0.0010097703241561493,0.006965228960600488,0.04335713687033079,-0.17012979419617744,-0.007379437413016544,0.09145575688428291,0.4091817346104754,-0.27263119385196466,0.11042561834206567,-0.004495656166875417,-0.028938143655329186,0.10054351328544912,0.25982373551960863,-0.2702827436427019,-0.01881242304063634,-0.2061787247657776,-0.007338755298405886,0.1048368588089943,0.3983413875102997,-0.2578316926956177,0.1355513036251068,0.00857040286064148,-0.10067027062177658,0.1293519139289856,0.2445986568927765,-0.2347002476453781,-0.05347773805260658
0.00026976381949613194,0.009239936659983317,0.0328928400741203,-0.19046820100701403,-0.011877142812038687,0.10052069729340535,0.3989637755855342,-0.26079372155884717,0.132455657109925,0.0021324289341032605,-0.03305051636579721,0.11172362187726138,0.2578975705985623,-0.27721716774799116,-0.018746117836908445,-0.21451812982559204,-0.01551656424999237,0.11778799444437027,0.39664801955223083,-0.2536115348339081,0.15817809104919434,0.006698222830891609,-0.10907753556966782,0.13543716073036194,0.22853606939315796,-0.2246832400560379,-0.053565505892038345
0.0004764602840713322,0.011643815551830292,0.02382676720086658,-0.20927202664234867,-0.01433271156833007,0.11006536612325471,0.38868193969446035,-0.25328716608527696,0.15517727180786306,0.010624944709144832,-0.037038982837965376,0.1220377326374576,0.25240789109663936,-0.2804834333172451,-0.015689327888053998,-0.2245444804430008,-0.015128716826438904,0.12409884482622147,0.37782347202301025,-0.2315198928117752,0.1814834326505661,0.007070502266287804,-0.11100774258375168,0.13617853820323944,0.24467772245407104,-0.22831697762012482,-0.05007990449666977
0.0030965154992011515,0.013753316465227856,0.011259029628850356,-0.2257237825210412,-0.01996320604401228,0.11905230981243928,0.38343121191195906,-0.2279912020439667,0.15586110878487316,0.016154246345227698,-0.04373617978762067,0.13529559176574593,0.2508691006777764,-0.28706260389812305,-0.017806612819272153,-0.23855063319206238,-0.025558385998010635,0.13577038049697876,0.3749416470527649,-0.23129704594612122,0.21927550435066223,0.012930022552609444,-0.10587844997644424,0.1359216570854187,0.2322947084903717,-0.22031155228614807,-0.04278262332081795
0.004366277484067192,0.017441884621998114,0.0005490487848357303,-0.23953119300005804,-0.024685554387430874,0.1268693630952568,0.380318574668143,-0.21876140635792998,0.17744371818589352,0.022481643187853593,-0.05068758976711867,0.1470356911253408,0.24318283923737954,-0.2895330635863079,-0.013447543813917317,-0.236019566655159,-0.015492916107177734,0.1402643322944641,0.36687901616096497,-0.20972374081611633,0.2534518539905548,0.015261182561516762,-0.11778358370065689,0.1401538997888565,0.2520124316215515,-0.21712829172611237,-0.045088473707437515
0.0041245552308822615,0.02118735015391158,-0.010753166685076223,-0.2461579633510301,-0.0285064161913037,0.1364856650873825,0.3748299147515438,-0.20453600631427019,0.20980605471422709,0.0244407786806845,-0.05636451463466665,0.1583989311458376,0.2437834185746284,-0.29025407168435524,-0.014082182423713717,-0.23103319108486176,-0.02548157051205635,0.1511421799659729,0.3531412184238434,-0.19575533270835876,0.28864726424217224,0.012584982439875603,-0.10590332001447678,0.135835200548172,0.25148800015449524,-0.2179827243089676,-0.03812780603766441
0.0035567990941387526,0.023474790506481758,-0.014389581689137263,-0.245867759360638,-0.03091667996547728,0.14501743661220848,0.3667652714639821,-0.1889738202581621,0.24121719536280214,0.026962085460839186,-0.06075264996582283,0.16461598463676816,0.24709599822837433,-0.2866828601334316,-0.01318486561378799,-0.21811747550964355,-0.009323634207248688,0.14932963252067566,0.3410443365573883,-0.1786583960056305,0.3212091624736786,0.011475032195448875,-0.11693481355905533,0.13322146236896515,0.26593953371047974,-0.23073267936706543,-0.03612387180328369
-0.0002791011256215374,0.027079361602924176,-0.014819728276770654,-0.24006162068882594,-0.03452112514142587,0.15133207955298228,0.3568107314147707,-0.1739886026655596,0.26788741165992463,0.0285940712319629,-0.06434766151362654,0.16538032314189136,0.2560874894306147,-0.2824765692811651,-0.014910942143136749,-0.1913076788187027,-0.010778535157442093,0.15557637810707092,0.33204755187034607,-0.15431562066078186,0.36021989583969116,0.00574848335236311,-0.09918301552534103,0.12224055081605911,0.26471370458602905,-0.23750145733356476,-0.027681326493620872
-0.005621641062493904,0.0278437337598682,-0.01073659257779849,-0.22944550036326508,-0.04190045161678635,0.15165913211214854,0.34881978100452593,-0.1678672331966939,0.28939461340043565,0.032374685004927586,-0.06767207381052352,0.16312367750831927,0.2649934108607653,-0.2760833601124216,-0.014199718062670907,-0.16738170385360718,0.010132864117622375,0.1505962312221527,0.31689879298210144,-0.1281726211309433,0.39189693331718445,0.007481077685952187,-0.09901466965675354,0.11098861694335938,0.26790738105773926,-0.2467571347951889,-0.021917298436164856
-0.007322668755805421,0.030961649913876725,-0.00843080796982409,-0.21567182244668912,-0.05253700731591094,0.15108726640010234,0.33708032977396885,-0.1711640983337656,0.30980591454510314,0.034854716529368814,-0.0758917793621441,0.15165102329784058,0.27005780759173065,-0.26758179026673085,-0.018904685291540997,-0.15658271312713623,0.002432494889944792,0.1524650752544403,0.3024652302265167,-0.14309599995613098,0.4196528494358063,0.02112697809934616,-0.07502901554107666,0.10536064952611923,0.24572309851646423,-0.24946558475494385,-0.009864848107099533
-0.014623915347352464,0.03186703789929474,-0.009670553960646595,-0.1976932623621123,-0.056292470593572404,0.153838330470613,0.3247260584399219,-0.1783221319200407,0.3324318461260214,0.03885495901797664,-0.08119902732530189,0.1327881305863318,0.260656205110007,-0.2530845969843825,-0.011256279775825207,-0.14288213849067688,0.01859295926988125,0.13866469264030457,0.2736537754535675,-0.13299031555652618,0.43029552698135376,0.024115480482578278,-0.07951278239488602,0.09080133587121964,0.24903085827827454,-0.24758432805538177,-0.01458381861448288
-0.02360408772777117,0.02987348994360735,-0.01958955761114976,-0.17755638629040005,-0.05437999631662583,0.16123883766981048,0.30980247255695337,-0.18382671717000168,0.34919917660981115,0.03684377098216912,-0.08334299160848829,0.10985461286002304,0.2520366074064744,-0.24467399681190483,-0.014466250682281452,-0.12285856902599335,0.0173565112054348,0.1344534158706665,0.2473393976688385,-0.15354815125465393,0.4532470405101776,0.028877373784780502,-0.06184803694486618,0.07874161005020142,0.22836613655090332,-0.2385580986738205,-0.005764562636613846
-0.03510531636451313,0.027720059694909725,-0.029375776720470575,-0.15353257375490115,-0.04858062715740068,0.16518502082341582,0.29003168393861095,-0.19170116928724504,0.36379203980694425,0.038083031188369386,-0.07614769575854631,0.09240949631703947,0.23672313991049576,-0.23702753512983615,-0.007002984163342686,-0.09495045244693756,0.032885488122701645,0.12022636085748672,0.22767862677574158,-0.13648419082164764,0.45509639382362366,0.021747451275587082,-0.06569580733776093,0.05985955148935318,0.23720955848693848,-0.23001281917095184,-0.011189553886651993
-0.04831775958651613,0.02611271934244893,-0.033060942809292185,-0.13213152860046445,-0.043281237475627204,0.16547468464389065,0.26813138873017683,-0.190663529815484,0.3732828719808203,0.034294956068519275,-0.06731330631219927,0.07187621058866854,0.2312871909564317,-0.2296960520359361,-0.010622205609747248,-0.07924990355968475,0.02656540833413601,0.11580472439527512,0.2025740146636963,-0.1625242829322815,0.45384177565574646,0.02651543915271759,-0.0444546602666378,0.045084454119205475,0.2251204401254654,-0.22439652681350708,-0.0028355438262224197
-0.058189133437632885,0.020529375369417634,-0.03480019407964583,-0.10904866437916835,-0.03627944833374351,0.15943151792804017,0.24551036507016746,-0.18795598490563548,0.37759138003319603,0.03520718140069356,-0.053136342017241926,0.054661873792573805,0.22515397976526882,-0.2233110545354633,-0.003630271726537008,-0.06611590832471848,0.0317780040204525,0.10315275937318802,0.18539485335350037,-0.1599125862121582,0.4216737747192383,0.023556649684906006,-0.045494552701711655,0.026585672050714493,0.23538438975811005,-0.2038915753364563,-0.007043967954814434
-0.06998614380139224,0.02020629071017724,-0.028411466821956628,-0.08942575084617212,-0.028338229540194878,0.14891658954083828,0.2242776292114801,-0.1827010712236408,0.3700616994987177,0.03180783475524367,-0.039267820822817615,0.03481849479837123,0.22695888719135338,-0.2095641998117363,-0.006174950488069744,-0.05518276244401932,0.022709498181939125,0.10213359445333481,0.1722731739282608,-0.1645595133304596,0.4038297235965729,0.02450835332274437,-0.028526945039629936,0.019137416034936905,0.23066285252571106,-0.1959606558084488,0.002632186748087406
-0.08023125350019099,0.014983248691792765,-0.018340101276856462,-0.07165428681555955,-0.020939360363573144,0.13568605085177005,0.20539901545814868,-0.17702216767005285,0.3551909397547049,0.029796752846703925,-0.025949103049895558,0.022073933004207253,0.2282490976498546,-0.1987517408010539,0.002125250482520777,-0.04452522471547127,0.032959017902612686,0.08898631483316422,0.16175785660743713,-0.15632489323616028,0.38437357544898987,0.024156641215085983,-0.03025425225496292,0.007091425359249115,0.23809799551963806,-0.18552382290363312,0.0012207833351567388
-0.0890848467819516,0.012734818059644062,-0.006540006652714071,-0.057224816098927316,-0.016015303677071265,0.12106774811406856,0.18998880312203278,-0.17150692803601042,0.3386457653859239,0.026699724358484906,-0.016782407002905887,0.009437500826103755,0.23145861306716772,-0.18907466191815148,0.001941415786027371,-0.04292553663253784,0.024589017033576965,0.08851737529039383,0.15254294872283936,-0.16316214203834534,0.38165149092674255,0.02563878707587719,-0.017233842983841896,0.004691921174526215,0.23902994394302368,-0.19074422121047974,0.006725556217133999
-0.09456989870622762,0.011884537048581948,0.005916658757853236,-0.04596390593768094,-0.01412521304092752,0.10746315042434385,0.18016266063184838,-0.16989901881183084,0.32760190801127387,0.02377041349866983,-0.010145751347102546,0.003958076634381783,0.23410658141796886,-0.1885150642744248,0.0065975048773984244,-0.03940091282129288,0.03533806651830673,0.07473160326480865,0.14693619310855865,-0.15414780378341675,0.3768291473388672,0.02139638178050518,-0.021183334290981293,0.002300737425684929,0.24764354526996613,-0.19038163125514984,0.003853156231343746
-0.0967983471514417,0.012763954901103313,0.017341404109968518,-0.03843466735774501,-0.015304206671180072,0.09540297722168517,0.17439876727817363,-0.1699283509445155,0.3213896383291446,0.018657513955797088,-0.007370540300086326,0.0002167296431047921,0.237895450830718,-0.18884095232790102,0.004581010808996309,-0.02929115667939186,0.03975943848490715,0.06753693521022797,0.15114431083202362,-0.1674213707447052,0.3986113965511322,0.019478600472211838,-0.016994018107652664,0.00351664237678051,0.2450639009475708,-0.2048003375530243,0.005462411791086197
-0.09962115048642,0.012028575954574537,0.028175574046775197,-0.0315566835899645,-0.017708687155493556,0.0851920998284615,0.17476548358777264,-0.17506975039446326,0.32464433266046516,0.01673027527415227,-0.005303716416484446,0.0002583062655567852,0.23879088049632588,-0.19721427766014038,0.005646236415479257,-0.029675744473934174,0.041853923350572586,0.05679325386881828,0.1487279087305069,-0.1754448115825653,0.39864686131477356,0.017817359417676926,-0.02100919745862484,0.0072711678221821785,0.25330767035484314,-0.21191439032554626,0.00480863731354475
-0.1031517173659574,0.00958900582791355,0.03675391396022713,-0.025567934497498057,-0.020736081795468552,0.07768798006875166,0.1782224651241421,-0.1828955839017376,0.33113600759189954,0.013229808151450466,-0.005011635631086058,0.0018627746234840977,0.24172303723655283,-0.20574584048779185,0.005243844044177482,-0.018649239093065262,0.04174993932247162,0.052502620965242386,0.15779897570610046,-0.19005087018013,0.4040863811969757,0.011899542063474655,-0.020388994365930557,0.011027182452380657,0.2567763328552246,-0.2285350114107132,0.009748455137014389
-0.1035335989736019,0.009333837241557577,0.04205935376421936,-0.01885204362714787,-0.022904555455717877,0.0721353854474479,0.18411055159195608,-0.1936280085451745,0.33619267053781493,0.01024493233090756,-0.005557821067618111,0.005319617974730313,0.2457493781535867,-0.21884324046320344,0.009501838685183416,-0.00988655537366867,0.04236256703734398,0.04333086311817169,0.16611185669898987,-0.1890103816986084,0.3889995515346527,0.005790917202830315,-0.0224788635969162,0.010731457732617855,0.2604339122772217,-0.23899464309215546,0.005540398880839348
-0.10517813784187866,0.007132917744779084,0.04745254588557543,-0.012238095539661176,-0.023283617268970356,0.0670233302550075,0.19035584123234942,-0.20335729263984684,0.3339082514713706,0.007009009625662344,-0.007295169744761474,0.0063936611775040255,0.24990197625598454,-0.23069174265542847,0.006233112217188391,0.0008028298616409302,0.04399007186293602,0.03922078385949135,0.17582765221595764,-0.19915366172790527,0.38438674807548523,0.0029015671461820602,-0.023663893342018127,0.013444687239825726,0.25987982749938965,-0.24949242174625397,0.010794585570693016
-0.10665439498933656,0.00498639430765502,0.052316597356785934,-0.004775207485042371,-0.022246006335118782,0.06184180578596678,0.19667273329046678,-0.21447873025007455,0.32689925293865246,0.004970683361855794,-0.009253011691558934,0.008409384542864554,0.2521202183426828,-0.24138740239230555,0.010536960841580295,0.013330105692148209,0.04100911691784859,0.03134389966726303,0.18702061474323273,-0.19840365648269653,0.351216197013855,-0.0008259303867816925,-0.02239718660712242,0.00680052675306797,0.25990715622901917,-0.25512582063674927,0.006819291040301323
-0.10650617159870537,0.002419704902050002,0.05824459889240669,0.0030399407062265526,-0.01967533262480279,0.05569500253679238,0.2024904635688298,-0.2235713183745247,0.3118648439074305,0.0037774523552116888,-0.012336889156837935,0.006508794215198605,0.25334985442275043,-0.2488899170638664,0.0073217161677625485,0.016747204586863518,0.04009796679019928,0.02728109061717987,0.18861858546733856,-0.20860892534255981,0.32931724190711975,-0.002879563719034195,-0.02446782775223255,0.011128578335046768,0.26226282119750977,-0.2651779055595398,0.012411186471581459
-0.10914535874739963,0.0015677332745299463,0.0640269027562831,0.010469761167923189,-0.016874346117934914,0.04934778564054332,0.20715398794297896,-0.23249401227089828,0.29105355389955145,0.0010076382873427056,-0.0157024556884754,0.007679573708157134,0.2554229294294152,-0.2577779527669787,0.011961771575235187,0.03234853595495224,0.04847358539700508,0.01243419386446476,0.2049926072359085,-0.19755885004997253,0.3016009032726288,-0.009267307817935944,-0.025733742862939835,0.004937098361551762,0.2548917531967163,-0.27092599868774414,0.008107488043606281
-0.10739761382673042,-0.0001346905230867859,0.07290022254194399,0.016314275930777066,-0.013966393484971099,0.04037893767734849,0.21311784628159616,-0.24008283217801327,0.2675211728688166,0.00042643350680329577,-0.019369285020629536,0.0055443585490227145,0.25330797886024553,-0.2644353413846298,0.008528724239759401,0.034293752163648605,0.04468300938606262,0.011294569820165634,0.2075178623199463,-0.20615679025650024,0.27711859345436096,-0.009103704243898392,-0.020582452416419983,0.009677628055214882,0.2488044798374176,-0.2781819999217987,0.013127284124493599
-0.10811433114918466,-0.0009513901885561378,0.08022923820585552,0.02214953294044146,-0.010908404628233214,0.03194467784249998,0.21782317826297265,-0.24628527826251642,0.24454557709374788,-0.000879615657558988,-0.021117047787225524,0.008155362248632128,0.24915727549553424,-0.2711714434458,0.012483562783889294,0.04281040281057358,0.05206841975450516,-0.004157984629273415,0.2152947634458542,-0.20404615998268127,0.23969170451164246,-0.01033027283847332,-0.024037383496761322,0.004005651921033859,0.2411549985408783,-0.27928417921066284,0.006959876045584679
-0.10779766852963578,-0.0018114691142333823,0.09047061897227344,0.02750881662407542,-0.00582058108124698,0.021557881681603983,0.22183835248630343,-0.24914462565347717,0.2123322511257961,-0.0012854792252553183,-0.022386915810512057,0.0061516812162757525,0.24250055291725953,-0.27469801611150496,0.007485015960087999,0.04704801365733147,0.05002756416797638,-0.007059214636683464,0.22002601623535156,-0.20707374811172485,0.20755760371685028,-0.012762311846017838,-0.021514883264899254,0.00675557367503643,0.23090501129627228,-0.28098124265670776,0.009500094689428806
-0.10870203275406537,-0.0014956451313860482,0.09896290363054279,0.03369508002215711,-0.0005165435361100299,0.010701251855587934,0.22264123064511,-0.25570913891079244,0.1820301938215213,-0.003931055976481899,-0.0219381277493051,0.00635630897916962,0.23506808282315644,-0.27685314171451414,0.009254482997831154,0.055761195719242096,0.056633614003658295,-0.016962576657533646,0.22958864271640778,-0.20162782073020935,0.1689920425415039,-0.013121122494339943,-0.023299749940633774,0.0011009685695171356,0.2218419909477234,-0.27926909923553467,0.0030197761952877045
-0.10610919812902156,-0.0030130343336682843,0.10870804566809898,0.03910520883106689,0.005183037215584078,-0.0005824818472318413,0.2247752854778499,-0.2593778248789036,0.14455505944382266,-0.005609659445500374,-0.022457413155631996,0.003817775789248251,0.2257828463706404,-0.2767745736533877,0.0036745914862281737,0.0572042316198349,0.054301854223012924,-0.01611003652215004,0.23404116928577423,-0.20449194312095642,0.13696974515914917,-0.013785311952233315,-0.01940597966313362,0.004966823384165764,0.21042688190937042,-0.27972733974456787,0.006069454364478588
-0.1041133813725545,-0.004809418369346933,0.11784048622705656,0.044639537826766704,0.009439039439617967,-0.009716366385873502,0.22769952294248985,-0.26433674877582275,0.11153791630079572,-0.008348060065759026,-0.022706010295764405,0.005274326736133608,0.215821449704946,-0.2767277604736351,0.005697208093280043,0.06053205579519272,0.061291612684726715,-0.022970715537667274,0.24399495124816895,-0.20060065388679504,0.10008984804153442,-0.01561623066663742,-0.02049367129802704,0.0013866778463125229,0.19939911365509033,-0.2765898108482361,0.0005664603086188436
-0.09850930364011373,-0.00824235655334458,0.12504145446851933,0.04876149329912994,0.01226906229180726,-0.018428389419586952,0.23342819746712942,-0.2701813289077126,0.0856455419633138,-0.011245116073409065,-0.023732596285632464,0.004549347496845214,0.20421225935777335,-0.27477617865756765,0.000990186793931525,0.06003417819738388,0.06109709292650223,-0.022728025913238525,0.2515256702899933,-0.20138730108737946,0.06330148875713348,-0.015239117667078972,-0.017125962302088737,0.0039020609110593796,0.18955810368061066,-0.2755511999130249,-0.0007482970831915736
-0.09460257639376565,-0.010267661445759827,0.13107312994043382,0.05246998093824488,0.011177848968556918,-0.02327949790680096,0.2425216798618908,-0.2797813777089981,0.07822631527195373,-0.014535139006201177,-0.02340213047273923,0.005960824691601201,0.19174178906911715,-0.27265871613003295,-0.000939094948903018,0.0523274764418602,0.05635736882686615,-0.014497536234557629,0.2660248577594757,-0.21648229658603668,0.03327620029449463,-0.0128057561814785,-0.01586403325200081,0.007676063105463982,0.17654022574424744,-0.2552904486656189,-0.005476363468915224
-0.08963554385983315,-0.015204958660881372,0.13488806101666478,0.0544164572096714,0.014054415164060656,-0.02780335158627259,0.25690123141792137,-0.2906201183222789,0.057514242069109524,-0.01893945510165539,-0.019979503268867854,0.008946067119580216,0.18777439520959238,-0.24748734022761798,-0.0023009408045470458,0.041199903935194016,0.04999871179461479,-0.003016415983438492,0.2823330760002136,-0.2348792999982834,0.0066138021647930145,-0.016693532466888428,-0.020069876685738564,0.024207700043916702,0.16595983505249023,-0.24396754801273346,-0.008443002589046955
-0.08176785192285682,-0.020378848355128203,0.13779601440697697,0.0544924884414349,0.017549330593898488,-0.02987330210407502,0.2733947889888086,-0.2975395751043886,0.02756197579824344,-0.019428412483726582,-0.018162971055519977,0.012509912269208771,0.19277575577828415,-0.22448952545217032,-0.005076412155922149,0.025286775082349777,0.04154008626937866,0.0023700110614299774,0.3157626688480377,-0.24325764179229736,-0.00457296147942543,-0.0035969866439700127,-0.014885365962982178,0.032505251467227936,0.17166395485401154,-0.21290849149227142,-0.01608356088399887
-0.07510774028651143,-0.023357737986589917,0.1348331659561307,0.04707147420937658,0.021235698025807357,-0.026584562796300962,0.2979631617551287,-0.29589660994977823,0.009039766112781934,-0.019409639608541022,-0.015765488243457096,0.017825954347085542,0.1933194737609441,-0.20298931098463566,-0.007337955574915718,0.01442553848028183,0.03767086938023567,0.002298116683959961,0.32953521609306335,-0.2622780501842499,-0.0331687293946743,-0.002234816551208496,-0.021403925493359566,0.03955541551113129,0.18255475163459778,-0.1988733857870102,-0.0182954128831625
-0.0660256469529152,-0.023386309477076896,0.12784292899390615,0.04094937997968975,0.025950946818630194,-0.020670148773126222,0.3216484487774787,-0.29490333294846266,-0.020690963651262682,-0.01979692915985238,-0.013986688039300562,0.025213533028295865,0.19641771806572583,-0.18949860340509772,-0.007503101528396237,-0.007652908563613892,0.025058865547180176,0.01656794734299183,0.35095781087875366,-0.2720714509487152,-0.04078071936964989,0.003131384961307049,-0.01972169801592827,0.05326592177152634,0.18335090577602386,-0.18087399005889893,-0.025759268552064896
-0.05687184452069296,-0.022686078415231507,0.12113044634093979,0.03210344684831323,0.02886534467484919,-0.013411476193220532,0.34488930865613143,-0.2898853446914199,-0.033835812740864515,-0.022785574077278575,-0.01208097963554358,0.03331866833715995,0.19971657220104913,-0.17391180758956729,-0.010438847827928158,-0.014013715088367462,0.02655893936753273,0.015421759337186813,0.3611089885234833,-0.2774175703525543,-0.04210541024804115,-0.001269596628844738,-0.024331215769052505,0.06379711627960205,0.18466217815876007,-0.18419671058654785,-0.02047635242342949
-0.0482670150827064,-0.02195903492094299,0.1162669954292486,0.023321142442732336,0.031143152574744957,-0.002618082513597054,0.36183681219538,-0.28364080326202856,-0.038924224523934924,-0.02378697383385935,-0.012895547417852486,0.039038712313361736,0.20413123021046775,-0.16857514697507092,-0.004964293122175247,-0.03288675844669342,0.022376105189323425,0.026565907523036003,0.36983349919319153,-0.27986636757850647,-0.04223465546965599,-0.0004141833633184433,-0.02990644797682762,0.07406513392925262,0.196378692984581,-0.18073351681232452,-0.035910896956920624
-0.04129168109685219,-0.01843498266189073,0.114311452365659,0.011126607250610456,0.03490683630466493,0.010290501020602163,0.3730961242439184,-0.27830050539920315,-0.04139643618933537,-0.02653043437491869,-0.01180850357935072,0.040652826006783556,0.21371897670967974,-0.17572264235172566,-0.008606671597483587,-0.04804173856973648,0.023007899522781372,0.03131358325481415,0.3830302059650421,-0.28282132744789124,-0.03966183587908745,-0.0006076376885175705,-0.04337681457400322,0.0837683156132698,0.20364728569984436,-0.1868283450603485,-0.04017031192779541
-0.03594061064767698,-0.013111563191109923,0.11282452473826327,-0.004385523370362778,0.03588481826946742,0.01992127430712783,0.3815714875590714,-0.2777053570981057,-0.039395202011779845,-0.028274746486094585,-0.010782850130600671,0.04081172590646231,0.22159282292644533,-0.18636417492332727,-0.012032519257410616,-0.06952688097953796,0.02578417956829071,0.0351172499358654,0.3928230404853821,-0.2893002927303314,-0.04175776615738869,0.009078502655029297,-0.055367983877658844,0.0954355001449585,0.22311551868915558,-0.19682717323303223,-0.049811579287052155
-0.029932777450096388,-0.007671679252157053,0.11206295520546967,-0.0207254883502965,0.03282146588559452,0.027860988145601888,0.39054559967414626,-0.28198261908879585,-0.041272124155694916,-0.029190761180834673,-0.01065380101796399,0.042414364377914966,0.2320516212443969,-0.19922439856404017,-0.018373005306046224,-0.08741546422243118,0.019543997943401337,0.04291553422808647,0.40257254242897034,-0.2918104827404022,-0.02342044934630394,0.006368605419993401,-0.055501628667116165,0.10192602127790451,0.22617846727371216,-0.20449024438858032,-0.04488963261246681
-0.024125091499105404,-0.006929656969812812,0.10767920386318479,-0.03879987258745049,0.02671461918416519,0.03641548031506885,0.400270363133241,-0.28570226392460357,-0.025267253308673982,-0.028040158867972023,-0.012687957604001607,0.04689103389491743,0.23964478673124393,-0.21017456171991036,-0.016404319932964623,-0.11462704837322235,0.02103448659181595,0.04820474609732628,0.4082077443599701,-0.29020532965660095,-0.012008626013994217,0.008158402517437935,-0.07123588770627975,0.11086913198232651,0.2409028857946396,-0.21966956555843353,-0.05602245777845383
-0.017965733650480698,-0.004812607757868268,0.1024989883080343,-0.060068302277847874,0.019419305397397828,0.04455511680223032,0.4091115263772369,-0.28571164304662156,-0.01360618363224052,-0.028888322943922268,-0.014142509084622404,0.05297693712305916,0.25069315968668815,-0.22347831806928353,-0.021592301815399322,-0.12953868508338928,0.0129474438726902,0.0618465319275856,0.4177441895008087,-0.2929360568523407,0.02099490724503994,0.006530867889523506,-0.06870657205581665,0.1152394488453865,0.23353417217731476,-0.21865318715572357,-0.04821218177676201
-0.012866024862385948,-0.002790799504552309,0.09555642220406527,-0.08187336198560602,0.013652239859164073,0.055220663581407786,0.41615493248049273,-0.2873937563266878,0.01711403432830304,-0.024897128341624972,-0.016159373669071653,0.060765693474421026,0.2533844719722486,-0.23246850882618744,-0.017224231547986833,-0.15510573983192444,0.012807901948690414,0.0646839365363121,0.41574862599372864,-0.2886495292186737,0.04167526215314865,0.013313200324773788,-0.08176413923501968,0.11708800494670868,0.24952954053878784,-0.2223050892353058,-0.059498902410268784
-0.010859507569996627,0.0006283596266772217,0.08800427881860315,-0.10527888337798125,0.007320323872681777,0.06264195388562092,0.4193709520306335,-0.2852806467166887,0.03871936099169889,-0.021657759461767845,-0.017038523605715464,0.0685134732022571,0.25836907079014965,-0.24332820904973185,-0.02253236891179305,-0.16667093336582184,0.0018503288738429546,0.08069685846567154,0.41681256890296936,-0.27992141246795654,0.07403621077537537,0.003150882199406624,-0.080583356320858,0.12289509922266006,0.24254149198532104,-0.22668397426605225,-0.04828723520040512
-0.0052195115068102635,0.0031139303683190857,0.0790324884533257,-0.12877853612012521,0.0009702858620439838,0.07396155187464094,0.41757182095151024,-0.27914415526314607,0.06997549805118063,-0.017810209101764132,-0.020806998294873546,0.07916058962208587,0.2595225470924329,-0.2512798525008704,-0.017834271267380755,-0.18007871508598328,0.002754140179604292,0.08259113878011703,0.4146789014339447,-0.27963125705718994,0.08964631706476212,0.01008402556180954,-0.09024868905544281,0.12425770610570908,0.24672147631645203,-0.23225797712802887,-0.057460855692625046
-0.004277505491963027,0.0071913961859433875,0.07012419660252414,-0.15024562126120822,-0.004130650563052946,0.0812447808295473,0.41409028249764535,-0.27663300513635464,0.08711639142344313,-0.011083708485882056,-0.022742950108293438,0.08902444323123536,0.260841572481115,-0.26090450996161874,-0.02073604074907681,-0.19215232133865356,-0.0069292266853153706,0.09708312153816223,0.4115077555179596,-0.27050164341926575,0.11381030082702637,0.0038672909140586853,-0.09366565197706223,0.12869195640087128,0.23812557756900787,-0.22694914042949677,-0.05233130604028702
5.2861270671127446e-05,0.006014953092919009,0.059186828977694096,-0.1714860090585891,-0.008279320495108771,0.09094103368258617,0.40807273989520687,-0.2703262825170545,0.11068439825074171,-0.0038361504622116595,-0.026270648862412285,0.10041924546882397,0.2586405170672649,-0.26798808686718256,-0.01795846081893626,-0.20738229155540466,-0.007266957778483629,0.10513725131750107,0.40116646885871887,-0.25733792781829834,0.13972409069538116,0.007927009835839272,-0.10131087154150009,0.12934701144695282,0.24192778766155243,-0.23079776763916016,-0.054985325783491135
0.001701701870475173,0.007924400674892139,0.04849289593520624,-0.19225666114139997,-0.012290538868862522,0.10032521681224034,0.3991586141364327,-0.259568171627282,0.13619723257074526,0.002660187345448402,-0.030188248053391716,0.11152452872459347,0.2568242812058466,-0.27522675867533464,-0.018427242086273162,-0.2146933376789093,-0.01679915562272072,0.11721041798591614,0.3940553069114685,-0.24916589260101318,0.16064387559890747,0.0067332834005355835,-0.10301036387681961,0.13345643877983093,0.2311854362487793,-0.22365160286426544,-0.0509832464158535
0.002979529704485721,0.009920863916745107,0.03894507385037925,-0.21029479457171524,-0.015084216907014409,0.10968583950456043,0.3880427596051137,-0.25025742664321726,0.15778676690835317,0.01079956585486306,-0.034634806621273294,0.12198211026034307,0.2522329310639646,-0.27844334981882074,-0.015081153199142066,-0.2286195158958435,-0.016048043966293335,0.12451901286840439,0.38012564182281494,-0.23215597867965698,0.18357513844966888,0.007052380591630936,-0.11255311965942383,0.13586477935314178,0.23967887461185455,-0.22540982067584991,-0.05210408940911293
0.005006488587256897,0.013423036626565814,0.02915749192843956,-0.22920272271282993,-0.019887508710920525,0.11821369372701926,0.38266323428120286,-0.22700621494629739,0.15916522969673877,0.016350572840131125,-0.040921119675472024,0.13347236329355594,0.2495897124421262,-0.28531768546867114,-0.01750399095549666,-0.2389834225177765,-0.026247091591358185,0.1370077133178711,0.3728192448616028,-0.22953952848911285,0.22394774854183197,0.012785486876964569,-0.1016116663813591,0.13520950078964233,0.23599138855934143,-0.21879562735557556,-0.04059603065252304
0.006896633011229624,0.01588976648341017,0.016607727392617316,-0.24164589150720922,-0.024680851103696597,0.1274378755930535,0.3784425143272135,-0.2182729127783905,0.17830919764398212,0.02211777303988475,-0.04848385159183862,0.14614975826551063,0.24378619261871526,-0.2877622850018853,-0.01205015464509212,-0.23871715366840363,-0.014989320188760757,0.14220821857452393,0.36841917037963867,-0.20803269743919373,0.255553662776947,0.01671106368303299,-0.11927296966314316,0.14200769364833832,0.25464266538619995,-0.21425150334835052,-0.047415841370821
0.008282246848239219,0.02029658852059127,0.006516167770509105,-0.24770950539457412,-0.028148758124936106,0.13770395598866522,0.37298428851526505,-0.20516525551037376,0.2113827434324136,0.024307866162804535,-0.05387853468806023,0.15767287048762468,0.2458165627690577,-0.28918195188926576,-0.014589764944773041,-0.2357722520828247,-0.027718059718608856,0.1518867015838623,0.34941574931144714,-0.19747674465179443,0.2900772988796234,0.0141791682690382,-0.10153400152921677,0.13461068272590637,0.2546324133872986,-0.2207987755537033,-0.03443680703639984
0.006127621300228611,0.022969394965522402,0.001538209723994026,-0.24793230034798985,-0.03141695610181457,0.14561812002778246,0.36498875448281315,-0.1899915544375772,0.24284894647916286,0.027088829586180817,-0.05930776361235365,0.16369784602341408,0.24963602468202736,-0.2858105877647494,-0.01171730123938305,-0.22032080590724945,-0.00871308147907257,0.15042269229888916,0.34492406249046326,-0.1745007336139679,0.32174018025398254,0.007888536900281906,-0.11844246834516525,0.1338694542646408,0.25941184163093567,-0.22470153868198395,-0.03891488164663315
0.0030203673421920585,0.026597828248037372,0.0020662339227971753,-0.24434172997748735,-0.033582770203776785,0.15195424749250122,0.35597449121078195,-0.17224409905777827,0.2694823586998303,0.02912785433982137,-0.06243851972101571,0.1639303093267266,0.2562630163851845,-0.28139299927981415,-0.014142464160541273,-0.19641654193401337,-0.012764902785420418,0.15446680784225464,0.3262311518192291,-0.15635834634304047,0.35842251777648926,0.008216103538870811,-0.09597232192754745,0.12068036943674088,0.2630566954612732,-0.23978151381015778,-0.02619711309671402
-0.00023328284821427607,0.027311432448096647,0.004910553706640923,-0.23394187937628114,-0.03928254950585012,0.1534780731250383,0.34532920756729535,-0.158775476271949,0.29224003175737534,0.033843891286246874,-0.06526136839799457,0.16133995800527476,0.2633583235184796,-0.2755978121114265,-0.014179275088007074,-0.16642914712429047,0.013528294861316681,0.15009665489196777,0.3151961863040924,-0.11800245195627213,0.39332786202430725,0.005072907544672489,-0.10107744485139847,0.11122351139783859,0.27394407987594604,-0.2488531917333603,-0.02512931078672409
-0.0037853986969721516,0.029314860641898085,0.009188184494733203,-0.21939512022450453,-0.05016813673620628,0.15394452549976323,0.33458422622878015,-0.1629415922397173,0.31126157808323757,0.03552394777487323,-0.07414838450284297,0.15125780598400299,0.2722535997514338,-0.269917415969995,-0.021443201686990064,-0.1620633751153946,-0.0006791953928768635,0.1546975076198578,0.3027084469795227,-0.1455826610326767,0.4195469915866852,0.021989494562149048,-0.07262158393859863,0.10794448852539062,0.2411227524280548,-0.24786829948425293,-0.008057042956352234
-0.010721939553022884,0.028651631211864034,0.006032614703280171,-0.2011734011396818,-0.053658360296258534,0.15587202254070365,0.32330668407429136,-0.17288040880853345,0.33354749965001235,0.04094570272906479,-0.07880741313663288,0.1341971529649068,0.26111616663528403,-0.2536041864222771,-0.009799896368280412,-0.14084388315677643,0.024228760972619057,0.13657760620117188,0.2702533006668091,-0.12461204826831818,0.42914265394210815,0.022214902564883232,-0.08267033100128174,0.0901290774345398,0.2547951340675354,-0.25175365805625916,-0.01647983491420746
-0.019298191975669118,0.02969014680251461,-0.002312985692346415,-0.18044638734267518,-0.053017840956872175,0.16295798123412716,0.30710954034191934,-0.17995709542864913,0.3490167484358647,0.03757605249481615,-0.08306711845146252,0.11011067923210416,0.2547231744199614,-0.2472166061597891,-0.015963042096844727,-0.1278102993965149,0.013402000069618225,0.13875886797904968,0.2534138858318329,-0.15214064717292786,0.4537217319011688,0.03145604580640793,-0.05923771858215332,0.08304429799318314,0.22251686453819275,-0.23530630767345428,-0.003802359104156494
-0.02968659018132844,0.026241521719810458,-0.010874998460521512,-0.15849871398789056,-0.0467282855696793,0.16653957670212255,0.2910581510820752,-0.18634025943951998,0.3634653188250261,0.040499682196156024,-0.07555200152550724,0.09482479535870314,0.2361084598930665,-0.23613923936943937,-0.005428092953088512,-0.09799829125404358,0.03696439787745476,0.12044251710176468,0.22076693177223206,-0.1359996646642685,0.4569737911224365,0.019702233374118805,-0.06561984121799469,0.062057822942733765,0.24156516790390015,-0.23503224551677704,-0.012484842911362648
-0.040847677528187694,0.02408934023559063,-0.017898972254398474,-0.13610071619231784,-0.042446157973698564,0.16851348827697027,0.26876447701835154,-0.1852157623738636,0.3737631723078854,0.03524627703162757,-0.06840413128788107,0.07524390238264031,0.23285481236667774,-0.23189675580002655,-0.011720294786473875,-0.08407185971736908,0.028606273233890533,0.1174158975481987,0.20704534649848938,-0.15883782505989075,0.4618721902370453,0.028159907087683678,-0.04709223657846451,0.05015230178833008,0.22030290961265564,-0.22451770305633545,-0.004169084131717682
-0.0521453689878778,0.020029614844792546,-0.01725237474428274,-0.11361669928306192,-0.03541672352444979,0.1624888869897169,0.24804440308173026,-0.1840252456148459,0.38034990134505897,0.03692243168090446,-0.05402971054876533,0.05835734432998377,0.22388051357568717,-0.22445829872940173,-0.004873260629440441,-0.06658987700939178,0.03552740812301636,0.10155448317527771,0.1818995475769043,-0.1629735827445984,0.4287201762199402,0.023431850597262383,-0.04541295766830444,0.02740258350968361,0.23415729403495789,-0.20622538030147552,-0.007127788849174976
-0.06454582797233763,0.018194581237182796,-0.011302341725139923,-0.09294450455169904,-0.027798669685214154,0.15237237267992113,0.22682023543146715,-0.1795069392421273,0.3749356554540648,0.03374149242096478,-0.04070586045193855,0.037568008761600664,0.22509156238321712,-0.2111110887847275,-0.006469731583688993,-0.05958906561136246,0.02273494005203247,0.10442868620157242,0.17086519300937653,-0.16160765290260315,0.40555378794670105,0.024123307317495346,-0.028805408626794815,0.023815248161554337,0.23028701543807983,-0.19827093183994293,0.001068216864950955
-0.07314965740944133,0.0151352462186447,-0.003120338298836282,-0.07468997177240627,-0.02012514954367585,0.13953105611122885,0.2070225902697447,-0.17310186786016765,0.3594154927954211,0.03029389751873534,-0.0270632483454504,0.025601014895546215,0.2272053361936264,-0.2007913237150089,0.0006938611349491346,-0.045012906193733215,0.038280684500932693,0.08743547648191452,0.1624211072921753,-0.15512767434120178,0.3999330699443817,0.023301124572753906,-0.03266289457678795,0.010700194165110588,0.2384362369775772,-0.18954108655452728,0.0023503433912992477
-0.08180248492147525,0.012297255482197712,0.00945885775057773,-0.05990100558841463,-0.015405673194926835,0.12403848915070838,0.19166904140657007,-0.16906174401969373,0.34491414724790265,0.026877912612718022,-0.017575491207605175,0.012711926225112238,0.2308233069791523,-0.19233572043824584,0.002835030794801236,-0.0416935533285141,0.025388559326529503,0.08833134919404984,0.15681113302707672,-0.1555866003036499,0.38467922806739807,0.02282656356692314,-0.017057951539754868,0.0065917083993554115,0.23780815303325653,-0.19122593104839325,0.005477242171764374
-0.08799921843286278,0.01077136327144963,0.022844060922107178,-0.0482043436713323,-0.013074298057628851,0.10934729785121984,0.18160580450036407,-0.16681755648675492,0.33399194171209623,0.023721681606732353,-0.010396937324913055,0.006433348417191247,0.23376126952690046,-0.19003818245809026,0.005583546818609781,-0.040850453078746796,0.038164686411619186,0.07610291987657547,0.1454693078994751,-0.15071317553520203,0.379605770111084,0.021737830713391304,-0.021545998752117157,0.006717003881931305,0.24549853801727295,-0.19214721024036407,0.0044488124549388885
-0.09070514538966915,0.010181533990998162,0.036823030334259294,-0.039517065973583856,-0.013389072576558967,0.09635621239440172,0.1743011108268737,-0.1662754795754248,0.325622304377367,0.01856308677486891,-0.006892845243254442,0.003489929320804373,0.2368665575056738,-0.19032346143730428,0.005043955939101417,-0.03039880469441414,0.03896072506904602,0.06795895844697952,0.15067574381828308,-0.1659695953130722,0.39703500270843506,0.020097915083169937,-0.015597749501466751,0.005191849544644356,0.2436853051185608,-0.20474125444889069,0.005170494318008423
-0.09436179411915713,0.009941366687671939,0.04761194191790019,-0.032277010949155756,-0.014915233553316384,0.08499717970034347,0.17409547343668566,-0.17115269773060196,0.3263552213029803,0.01643151260293567,-0.004624791352438633,0.0028443732267807546,0.23729081900075452,-0.1979905061344339,0.0054292937709721515,-0.02768433466553688,0.048488911241292953,0.05527013540267944,0.1510685533285141,-0.1651662290096283,0.40449216961860657,0.01619468443095684,-0.024674784392118454,0.01037184614688158,0.25058645009994507,-0.21201297640800476,0.005053331144154072
-0.09571055445964362,0.00851934482840999,0.055865488235912246,-0.025736605218109977,-0.017770431414256622,0.0766319163158105,0.17707854282904997,-0.1792679366223908,0.33269157965724644,0.01269825832181557,-0.00476737589039572,0.004071311597220731,0.2399990475002264,-0.20599980904666254,0.005543072474298863,-0.017475295811891556,0.04326298460364342,0.05299094319343567,0.15962550044059753,-0.1831139475107193,0.40549638867378235,0.011768321506679058,-0.018218595534563065,0.013431207276880741,0.2527426779270172,-0.22839124500751495,0.009701987728476524
-0.09783220810547129,0.005969100005281463,0.06239292376783151,-0.01890936165041055,-0.019525340574939005,0.0705726130967298,0.18317410743680962,-0.18889250624697015,0.338213820081728,0.009851744087678941,-0.005351408304310324,0.00795754864073816,0.2428857213778116,-0.2187671009441738,0.009442196692315184,-0.014110319316387177,0.044377729296684265,0.04314538091421127,0.15785059332847595,-0.19370399415493011,0.3850148022174835,0.009336227551102638,-0.021709075197577477,0.012136483564972878,0.25842055678367615,-0.23750212788581848,0.005628161132335663
-0.10061876201528125,0.004237287071835041,0.06863565963122753,-0.011226074129948107,-0.019164991420896744,0.06504803272795971,0.18866954086615154,-0.1994962999642944,0.3343871080157975,0.0066084592304394285,-0.007273890555704239,0.00872627460652681,0.24651009085470277,-0.22991812244268917,0.006274273516438408,-0.002455189824104309,0.047554273158311844,0.038392145186662674,0.17065902054309845,-0.20003202557563782,0.3880588114261627,0.003594154492020607,-0.024445615708827972,0.016661740839481354,0.25700631737709045,-0.24934570491313934,0.011193533428013325
-0.1008610471976533,0.002008765650789183,0.07328311226211365,-0.004105579352603494,-0.017966176738614618,0.05999211404715369,0.1951116403565839,-0.2103061106248573,0.32757580540517667,0.003867489679415265,-0.009716865878104964,0.011139505310696064,0.24864148316430693,-0.24102919073666085,0.010901760342585458,0.011115295812487602,0.043597374111413956,0.02926098182797432,0.18173454701900482,-0.19649355113506317,0.3490329682826996,0.0006003379821777344,-0.021207591518759727,0.0079574566334486,0.25837719440460205,-0.2541247010231018,0.007135791704058647
-0.10165531426473232,0.00019671416674291953,0.0784550999299154,0.0037568619103342587,-0.015386979824806446,0.05328698877083554,0.20074629670000638,-0.22057975810571154,0.3121734542661437,0.002558559330265026,-0.0133354172558919,0.008821960693359925,0.24988063637008565,-0.24829105559742448,0.007574061515592361,0.019484475255012512,0.04933256283402443,0.025611229240894318,0.19248203933238983,-0.19639256596565247,0.34070664644241333,-0.005786009132862091,-0.028244370594620705,0.016832400113344193,0.2583100497722626,-0.2665765881538391,0.011961733922362328
-0.10135838082646105,-0.0005461427756484068,0.08478497669625774,0.010904002105122403,-0.013082061217169686,0.047007171950731404,0.20588419199626173,-0.22988119336888105,0.2940597418529482,-0.0003827512933900594,-0.01690003135600217,0.011442217250490898,0.25217633851235577,-0.2581998959204466,0.011640773376061151,0.03160804510116577,0.0485171303153038,0.010685071349143982,0.20310178399085999,-0.1958622932434082,0.2975883483886719,-0.007181413471698761,-0.0220758356153965,0.005295914597809315,0.2507628798484802,-0.27007806301116943,0.007111615501344204
-0.10125009793341107,-0.0016073204231627418,0.09375503217037622,0.016914005938171373,-0.009043279537509441,0.037023519407600416,0.211442320895445,-0.23694589612247896,0.26884049698386947,-4.470376661895085e-05,-0.02013611705671275,0.008282821858455247,0.2489920963204562,-0.26426361417389277,0.007488401080155111,0.033826395869255066,0.0519007071852684,0.010000383481383324,0.20471881330013275,-0.20222432911396027,0.2803646922111511,-0.010152401402592659,-0.02493758127093315,0.015679217875003815,0.24855999648571014,-0.2802923023700714,0.01191091537475586
-0.10051455357356046,-0.0028541022175068956,0.10179641904034106,0.02288866367224905,-0.005834017606001683,0.029020524149151333,0.21562728123865155,-0.24267743919443957,0.24550040281164814,-0.0024362086666335145,-0.022099923367451688,0.012127800703184278,0.24696626470878977,-0.2724659130379874,0.01138330444953386,0.042152225971221924,0.055767595767974854,-0.0063289012759923935,0.21355241537094116,-0.19918915629386902,0.24025560915470123,-0.009602990001440048,-0.023073777556419373,0.007412401959300041,0.23762746155261993,-0.2775779366493225,0.008187221363186836
-0.09973468285874322,-0.004339330290795452,0.11122955989402977,0.02821240197421912,-0.0002556234441609517,0.018317159397432274,0.2197597434820846,-0.24525646261317502,0.21333742548672824,-0.002067207978353419,-0.023367497897682468,0.010194933732149285,0.23954728998508762,-0.2742648049695002,0.00839635392418133,0.047163549810647964,0.05668951943516731,-0.009730007499456406,0.21770361065864563,-0.20354367792606354,0.20992277562618256,-0.012644674628973007,-0.024079646915197372,0.011681130155920982,0.23007765412330627,-0.28271400928497314,0.00999920442700386
-0.09918772317785135,-0.004193146457270718,0.12013975338761042,0.034186929715506104,0.005056104335380487,0.007543404751144834,0.22083587725534157,-0.25162962179354176,0.1838957473760749,-0.004696634905909088,-0.023252367797131978,0.010738738796385197,0.23296635838023788,-0.27764312384583445,0.009825070977313598,0.05506649613380432,0.060382287949323654,-0.020253287628293037,0.22942203283309937,-0.19607272744178772,0.17041347920894623,-0.013107236474752426,-0.021952982991933823,0.006026861257851124,0.219536691904068,-0.28051871061325073,0.004350302740931511
-0.09726013621703034,-0.00514991211279972,0.13025786250900426,0.038986073393869496,0.011080057072772568,-0.003910150393114429,0.22400136641079904,-0.25480023594519885,0.1462880683412869,-0.005793949580395845,-0.02368915515269804,0.008879827319902146,0.22369650263910282,-0.27794994694605857,0.004852450774936526,0.056195348501205444,0.0627063661813736,-0.019742105156183243,0.23300674557685852,-0.19973741471767426,0.14392220973968506,-0.014543764293193817,-0.022657306864857674,0.010212297551333904,0.21296095848083496,-0.2795447111129761,0.005528630223125219
-0.09424806186709318,-0.007132495884545888,0.13662785321404133,0.04431134848176491,0.014781165435830476,-0.01283954598661341,0.22720388514462428,-0.26020279505114813,0.11726459833948569,-0.009245559119806627,-0.02428407567861603,0.010337302837443193,0.21578964139712337,-0.27708973389348107,0.005368101697480565,0.05907575041055679,0.06779567897319794,-0.026204321533441544,0.2442525029182434,-0.1987837851047516,0.10532917082309723,-0.014621540904045105,-0.020222008228302002,0.006985273212194443,0.19838251173496246,-0.27643412351608276,-0.00034084764774888754
-0.09116314795338279,-0.009332170147050392,0.14743154377108741,0.047831783510915014,0.01990761557685263,-0.02137987644161993,0.23402241363587706,-0.2634002759216643,0.08026804256599182,-0.011099519046039485,-0.024360516868195528,0.009899022734157055,0.20387338770290497,-0.2746713942854355,0.00012987833224289888,0.05350549519062042,0.06323869526386261,-0.0208592526614666,0.25123026967048645,-0.20538178086280823,0.07473623752593994,-0.012769876047968864,-0.01842198520898819,0.013182398863136768,0.187102273106575,-0.26739075779914856,2.4774461053311825e-05
-0.08600707840189338,-0.012802336658025578,0.15151124231662616,0.051288000206533596,0.02179864287118892,-0.026270730344307092,0.24266453300612323,-0.2705866596926187,0.0581143413067901,-0.014639218839238825,-0.024542809644912112,0.013367608706607628,0.19124700193468644,-0.2682700184288408,-0.0001754312330213153,0.047969501465559006,0.06415668874979019,-0.02126399241387844,0.27115193009376526,-0.20897985994815826,0.03582938760519028,-0.011166000738739967,-0.017771469429135323,0.017169727012515068,0.1808825433254242,-0.2517390847206116,-0.007501829415559769
-0.08053593155760229,-0.0178607389843462,0.15520479965861253,0.052412346750298065,0.02286490765575175,-0.031372228670018404,0.25775627248306693,-0.2812125915225234,0.047695032585017276,-0.018803016937597034,-0.022528237860493364,0.015052247826139927,0.19230846376301425,-0.24002337782616423,-0.0019472595309394255,0.045272305607795715,0.05033360421657562,-0.0081270020455122,0.2854065001010895,-0.22757460176944733,-0.007969159632921219,-0.02067345380783081,-0.017831508070230484,0.02245398238301277,0.16976378858089447,-0.24697664380073547,-0.01646147295832634
-0.07318669819211202,-0.020863012377851164,0.15897878623939912,0.05308550369477013,0.027375536442960233,-0.03500060665643912,0.2731530661697169,-0.29329678531403974,0.014770177044180259,-0.018776644626988522,-0.020612470303444718,0.015456690240143636,0.20108163735853385,-0.2225830402449869,-0.009524519645433029,0.02528683841228485,0.04716774821281433,-0.005262367427349091,0.31675276160240173,-0.2341393232345581,-0.011928919702768326,-0.001549234613776207,-0.021204423159360886,0.03415603190660477,0.1831701397895813,-0.20864582061767578,-0.01832980290055275
-0.06869770588358724,-0.021990292208546636,0.15753833200779455,0.045991083760777346,0.029777859918367563,-0.033430589430554936,0.2965196742758877,-0.2929943526183266,0.0014660714633014087,-0.01866234455186393,-0.019231808473414793,0.01918256995596895,0.20240956222385265,-0.20213357250604927,-0.008991970391944715,0.014243312180042267,0.04192504286766052,-0.0021664518862962723,0.3284551203250885,-0.25764429569244385,-0.03714568540453911,-0.0019719572737812996,-0.02222159504890442,0.0433628186583519,0.19046702980995178,-0.20924614369869232,-0.02038542926311493
-0.058170445316982525,-0.02358124813188679,0.15170652517794853,0.04074318290289175,0.03333308427094215,-0.02773956752567096,0.319768942373809,-0.2923771502071641,-0.023411208273850254,-0.01928219384740898,-0.018034409217032144,0.026202211188199546,0.2081781031926377,-0.19305347984946883,-0.008041354016368657,-0.007810518145561218,0.028855683282017708,0.012418420985341072,0.35018259286880493,-0.2687382698059082,-0.04466495290398598,0.002955191768705845,-0.022805701941251755,0.05677330493927002,0.18906055390834808,-0.18396608531475067,-0.026539746671915054
-0.05040084513150226,-0.023919451702922777,0.14346206225293512,0.0323057053134276,0.036429499032408746,-0.020614602679670115,0.3433287113679506,-0.28853816094410417,-0.03531163231479694,-0.022130448100617504,-0.015561067799320203,0.03495053840845636,0.21043646209050215,-0.1775228716880754,-0.009806522399527048,-0.01675087958574295,0.03136174753308296,0.0097027737647295,0.36037763953208923,-0.27676793932914734,-0.04781239107251167,0.0025919629260897636,-0.027837485074996948,0.06515344977378845,0.19845464825630188,-0.19210733473300934,-0.022342350333929062
-0.04224938530484387,-0.02084058868178074,0.13815750354133993,0.02352190682287849,0.03848748401237967,-0.01022720366469272,0.3612608839578108,-0.28216065978977134,-0.04477876381000546,-0.02332133107066271,-0.01650371490643185,0.04103068221925815,0.21610584164854824,-0.17819693951364618,-0.004278361103692181,-0.03380277752876282,0.023767568171024323,0.02412593737244606,0.3717587888240814,-0.27783653140068054,-0.048457805067300797,-0.0002484917640686035,-0.03269152715802193,0.0753154382109642,0.20213989913463593,-0.18406663835048676,-0.042182039469480515
-0.03661964203998877,-0.016642890031032153,0.13464682373435433,0.010564212790934117,0.04282410042690344,0.003321821992786319,0.3733591430894641,-0.27704224948855893,-0.04704164403047976,-0.025846209787060193,-0.013741934820486587,0.043245323762800984,0.22310891716841505,-0.18736956515323613,-0.01162619940852766,-0.045968759804964066,0.029342753812670708,0.025686688721179962,0.3833926022052765,-0.28285714983940125,-0.04651419445872307,0.003743112087249756,-0.04928392171859741,0.08776406943798065,0.2170863002538681,-0.1942601054906845,-0.03873242810368538
-0.030769881389707182,-0.012363040306558166,0.132185054553417,-0.0039052366656623047,0.041273222772200205,0.01425422526388161,0.38165793735986947,-0.27712304148723277,-0.04617974190912358,-0.02697346238452502,-0.014190127282331138,0.04523002841163399,0.2288324790789057,-0.19677073284364774,-0.014103336954850568,-0.07034419476985931,0.026963569223880768,0.035156067460775375,0.39059364795684814,-0.28329721093177795,-0.041736554354429245,0.007744196802377701,-0.05239085853099823,0.09719903022050858,0.23750726878643036,-0.2050645798444748,-0.051489364355802536
-0.02399558248889447,-0.006342579305608517,0.1290699983907348,-0.020581118883285628,0.0361411947096887,0.025140542644260848,0.39079729208227953,-0.2783927071887524,-0.042020578399393715,-0.029629374406418187,-0.015262209300915172,0.0483040183660164,0.24062737820437236,-0.21008120563978527,-0.022424607574737947,-0.08642230182886124,0.022010013461112976,0.04166360944509506,0.40528926253318787,-0.2932855784893036,-0.024966023862361908,0.005412677302956581,-0.05686912685632706,0.10476414114236832,0.22964639961719513,-0.21426163613796234,-0.04384393244981766
-0.018013969931316005,-0.00417036803554248,0.12674399033005082,-0.039159244772652584,0.029752208991617374,0.03451673539226926,0.40174238970124554,-0.2851073264933318,-0.026733647405261924,-0.02757317347976733,-0.017760764322303765,0.05251131498432262,0.24565051437840782,-0.2197273381969289,-0.017963594980889706,-0.11094318330287933,0.024321187287569046,0.04450589418411255,0.4053315222263336,-0.2908008396625519,-0.019068699330091476,0.008140908554196358,-0.07080624997615814,0.11126241832971573,0.24730947613716125,-0.22436149418354034,-0.05822728946805
-0.013261238810784792,-0.000971331511074252,0.12166475268258493,-0.05930819757446011,0.022309781564519994,0.042043721364548446,0.40887765147600336,-0.2864425312257852,-0.020093112766574252,-0.027586769989831953,-0.018569960595034282,0.05804700090671831,0.2549797276908487,-0.23271168491152616,-0.024714260609031667,-0.12959183752536774,0.013745848089456558,0.06433655321598053,0.4157991111278534,-0.2925169765949249,0.020481785759329796,0.007500244304537773,-0.07073979079723358,0.11937963217496872,0.24306073784828186,-0.2198413759469986,-0.04985595867037773
-0.010055367812789656,0.0018033530858998386,0.11336653854582676,-0.08118469910234594,0.01651518872592345,0.0548067483017536,0.41471944930855636,-0.28743032554520215,0.016026195804676662,-0.025211881090053945,-0.02028134358506629,0.06625880765353141,0.25770909249221396,-0.2405646550186666,-0.020024974141312057,-0.1508031189441681,0.018003206700086594,0.06145314872264862,0.413576602935791,-0.29176753759384155,0.03276008740067482,0.013160772621631622,-0.08972538262605667,0.12023814767599106,0.25419747829437256,-0.2345423549413681,-0.06226323917508125
-0.006251008579236817,0.00405492012375035,0.106993854716844,-0.10355824544910837,0.009366805202026061,0.0615095882346939,0.417246838322215,-0.28722685803564985,0.030555614548102975,-0.02152420267005369,-0.021421025826793505,0.07328278370585732,0.26290926578921703,-0.25203629070275635,-0.025355305870700083,-0.16342417895793915,0.004016816150397062,0.07992088049650192,0.4160971939563751,-0.2830294668674469,0.06566901504993439,0.0037508253008127213,-0.08391332626342773,0.125154048204422,0.24716296792030334,-0.233993798494339,-0.05005360767245293
-0.0030802103495246283,0.006645334498926159,0.09951897957356137,-0.12652691520882994,0.0029125353881739795,0.0729522271228651,0.4160328300362748,-0.28209461250363865,0.06163970411974484,-0.01686827362233058,-0.02524674333406341,0.08271411833785444,0.26390346978950024,-0.2602484905043421,-0.02021771777474279,-0.1807091236114502,0.005162506829947233,0.08286262303590775,0.4142111837863922,-0.28220996260643005,0.0814322978258133,0.0114583820104599,-0.09612470865249634,0.12784811854362488,0.25369134545326233,-0.2388778030872345,-0.0609811469912529
-4.848274832908071e-05,0.007404674342532664,0.08956011445575897,-0.14864592892366021,-0.00219426945249224,0.08105319165545641,0.41353408841248485,-0.2792830025775013,0.07889099502625754,-0.010786854180338597,-0.02706361228823502,0.09175829787864725,0.26593285464729993,-0.2702239513632457,-0.023501857498425233,-0.19013150036334991,-0.0038449247367680073,0.09731452912092209,0.4110350012779236,-0.27152374386787415,0.10826626420021057,0.002324143424630165,-0.09933895617723465,0.1310451328754425,0.2427283525466919,-0.2335369735956192,-0.053395628929138184
0.002112838741834109,0.007989464680131064,0.08052405408146962,-0.17005295031353299,-0.006483890125343699,0.09143023677578317,0.40753236305722756,-0.27196095771108003,0.104801840112695,-0.004118722852239771,-0.030773260012920745,0.10273811723131676,0.2637345335851446,-0.2763198715565381,-0.01890941674099745,-0.20639081299304962,-0.006337978411465883,0.10400025546550751,0.40073660016059875,-0.26114168763160706,0.1320818066596985,0.010623972862958908,-0.10314933210611343,0.13047848641872406,0.24514712393283844,-0.2363588958978653,-0.05574362352490425
0.0025812498395999493,0.011562706650352273,0.06984565726826762,-0.19055860629003007,-0.010364374868335876,0.09978817404582695,0.3989001030436112,-0.2624665350778579,0.12877965438709846,0.0032814238038774424,-0.03408654383065438,0.1128733750437842,0.2604938479987357,-0.28284198021889756,-0.018855080708323303,-0.21065114438533783,-0.012498591095209122,0.11607099324464798,0.39250651001930237,-0.2502652704715729,0.15108805894851685,0.0052999090403318405,-0.11018238961696625,0.13588988780975342,0.2367994636297226,-0.2326335459947586,-0.053312622010707855
0.002599561237199127,0.013002985893579278,0.06086631611115421,-0.20782185092991526,-0.013529504093166547,0.10951541478815006,0.3868269106094791,-0.25217061845667066,0.14839271038749371,0.010836885921204464,-0.03825915793136024,0.12351158142315727,0.25672847785830866,-0.2867585976402002,-0.01723269314731546,-0.2253892868757248,-0.014312021434307098,0.12500625848770142,0.38118430972099304,-0.2370171993970871,0.1808823198080063,0.009561298415064812,-0.11352570354938507,0.13796882331371307,0.2433973103761673,-0.2309267818927765,-0.04998527094721794
0.005477465368165076,0.015280076388149119,0.047763936114520754,-0.2232762988292001,-0.01874314977814722,0.118654588138703,0.38477288534888915,-0.23140693359078543,0.1574059250928992,0.01722928038772732,-0.04486539847213667,0.13710276264656465,0.25315579664241744,-0.2923557568285152,-0.016827317230894437,-0.2311951071023941,-0.02037026733160019,0.13303104043006897,0.37414634227752686,-0.22752946615219116,0.21576379239559174,0.014208953827619553,-0.10699782520532608,0.1362675279378891,0.24246931076049805,-0.22586728632450104,-0.04356743395328522
0.004318832654330611,0.01877358854354224,0.03741534333003994,-0.23538832682255026,-0.023326963198852014,0.1262848431284611,0.3804946834773984,-0.21864013893486386,0.1781114714649973,0.022771505922846838,-0.05149299698598186,0.14874648323323672,0.24753796263525243,-0.2949459668215297,-0.014202298623261654,-0.23490361869335175,-0.017137303948402405,0.14213424921035767,0.3691897392272949,-0.21284165978431702,0.2505015432834625,0.013894367963075638,-0.11896096915006638,0.14171747863292694,0.24667003750801086,-0.22079014778137207,-0.04473636671900749
0.00457764675185262,0.021301004712846384,0.02913186439035806,-0.2421728818431786,-0.0263062307092981,0.13595909460997255,0.37615525392432386,-0.2059370495465884,0.2082742337765478,0.025389593996992598,-0.05715712521861164,0.15927769518382814,0.24577517765911272,-0.29471177180861985,-0.01320124425060652,-0.2243547886610031,-0.020279400050640106,0.14652946591377258,0.3510311543941498,-0.1939495950937271,0.28460901975631714,0.013778885826468468,-0.10551348328590393,0.13416919112205505,0.25709375739097595,-0.22433383762836456,-0.0377042256295681
0.0029488473984339444,0.026665225504162275,0.02334920549921209,-0.24135506804390358,-0.029369928430855716,0.1440854651853437,0.36717623184442777,-0.18869252144147858,0.23791925102719702,0.027438233372339263,-0.06175848624494234,0.16485182350939845,0.24900576881555972,-0.29132188941167275,-0.013640480728143533,-0.21166066825389862,-0.00910680741071701,0.15104782581329346,0.3473707139492035,-0.17954443395137787,0.32259997725486755,0.010404916480183601,-0.11779960244894028,0.13480570912361145,0.26064246892929077,-0.22972577810287476,-0.036621492356061935
-0.0008980371440865458,0.03001684301668197,0.024297293340346283,-0.23623126157236046,-0.03278726256421313,0.15001982998743246,0.35862207255506223,-0.17424765742475057,0.2654495741381982,0.02948507386802569,-0.06478128870952445,0.16536095300463308,0.2559492083939851,-0.2855861653469589,-0.013992184683568094,-0.18359129130840302,-0.005858693737536669,0.15115782618522644,0.3271917998790741,-0.15459011495113373,0.35723528265953064,0.008213897235691547,-0.09749968349933624,0.11855504661798477,0.273831844329834,-0.2463797777891159,-0.02669922448694706
-0.004624115870733509,0.030572269757783235,0.027587902664124617,-0.22351233893484349,-0.04273686498302359,0.1504244694532801,0.3497390066902843,-0.17436177045187146,0.2879522717659274,0.03262972421501767,-0.06965910457891217,0.16220851105651113,0.26699197249581214,-0.27890623184826785,-0.017095272785433553,-0.16570918262004852,0.008342154324054718,0.15347135066986084,0.324593186378479,-0.13841570913791656,0.3917793929576874,0.008124805986881256,-0.09806464612483978,0.11410538107156754,0.2589987814426422,-0.2432878315448761,-0.023359492421150208
-0.009265560501857915,0.03204915199047147,0.03196005137902041,-0.21094347811685887,-0.05243598079361515,0.14882046949836927,0.33918163915249816,-0.17868881098548917,0.31016040374239673,0.03640448740614354,-0.07506260292634799,0.15390569970014917,0.26892961400645815,-0.2686482354402873,-0.01786430106780829,-0.14818191528320312,0.006521265488117933,0.14800986647605896,0.30060893297195435,-0.14094670116901398,0.41286030411720276,0.02007262408733368,-0.07638093084096909,0.09973913431167603,0.2535715699195862,-0.2496636062860489,-0.016988679766654968
-0.014661308190678164,0.032117952303068346,0.028028449325701924,-0.19261151716589295,-0.05583125130714493,0.15244830760024505,0.32496341265913603,-0.1830972037304574,0.33082451888630166,0.03861445026406673,-0.08192886771940848,0.12963228821127512,0.2629582706805896,-0.25238019132782397,-0.017621463078506462,-0.1438191533088684,0.015428835526108742,0.14035558700561523,0.27266213297843933,-0.1439819633960724,0.42993178963661194,0.027946315705776215,-0.07735619693994522,0.09192634373903275,0.24148689210414886,-0.24622231721878052,-0.009598836302757263
-0.02534336531831415,0.032216541758819515,0.01736631443686933,-0.17243829579034142,-0.05256326787716383,0.15962986846787536,0.3093257200447136,-0.1884262775905239,0.3473090340336792,0.03855891459744008,-0.08228199651261836,0.10834665715369692,0.25078670731981273,-0.24357037914892343,-0.010669582558267604,-0.11478254199028015,0.020842857658863068,0.1281956434249878,0.24806122481822968,-0.14724719524383545,0.4456522464752197,0.02646220289170742,-0.06313434988260269,0.07282622903585434,0.23660537600517273,-0.24206358194351196,-0.008065501227974892
-0.03610426919860503,0.03060639164827167,0.009476132220227047,-0.14991534316624347,-0.04707302053348412,0.16358890376846646,0.2887089844710639,-0.1939669766164274,0.36044157496204116,0.0378677225745869,-0.07602772751074909,0.08850863694178435,0.23890221094962039,-0.23904084015020083,-0.008628277209396847,-0.0928042083978653,0.0295706856995821,0.12150663882493973,0.22523987293243408,-0.14631691575050354,0.45274847745895386,0.024626269936561584,-0.0621788427233696,0.05982300639152527,0.23404145240783691,-0.23155979812145233,-0.009553004056215286
-0.04877629481777915,0.02851745025819526,0.0034569186036567034,-0.12716293666558096,-0.041332090823046334,0.16287135636266628,0.26446133928251664,-0.19443051335482062,0.37006601583505316,0.03558889665471491,-0.06554027702348711,0.06984693769402843,0.23214025827819929,-0.2315964253614757,-0.009345295248778134,-0.0745127871632576,0.026468686759471893,0.11164502799510956,0.2033870816230774,-0.16245383024215698,0.44186317920684814,0.02469528093934059,-0.04640867933630943,0.038088321685791016,0.23352548480033875,-0.2227146029472351,-0.003995678387582302
-0.061090750161892075,0.02579703215892049,0.00498785246409208,-0.10587165957522733,-0.03440207706088116,0.15626833779103508,0.2424923829016506,-0.19176580741291802,0.3725864825995655,0.034813942543331984,-0.05238018650932733,0.04990730020710609,0.2292663743143797,-0.22338997858805626,-0.004470061302981626,-0.06078586354851723,0.027304576709866524,0.10511411726474762,0.18956640362739563,-0.15853171050548553,0.4183484613895416,0.023408133536577225,-0.04041793942451477,0.025455661118030548,0.23606789112091064,-0.20846770703792572,-0.004650791175663471
-0.07273842683310468,0.022288413532761668,0.009366286198941191,-0.08646204337756579,-0.026682206742983994,0.14599961878702739,0.2221217864522414,-0.18568851970467073,0.36486675972185556,0.0328449611367612,-0.03837118107470017,0.032341126683599446,0.23106086562728165,-0.21202230419347584,-0.0042156609766172,-0.0538797490298748,0.023494519293308258,0.10045205056667328,0.17142540216445923,-0.16084331274032593,0.3940368592739105,0.024173367768526077,-0.028990302234888077,0.01631392166018486,0.23729155957698822,-0.19635458290576935,0.0018115892307832837
-0.08245394772796305,0.019338784782952343,0.019946009698611582,-0.0696783673940444,-0.019921510913328687,0.13309657967175745,0.20302467446430283,-0.17926195789970806,0.34944627954423363,0.02991315377805458,-0.025710879870823815,0.01961489599840905,0.2334029742209003,-0.20028892991639505,0.0016040565156879023,-0.04240596294403076,0.028696760535240173,0.09056121110916138,0.16005732119083405,-0.1646370142698288,0.3799784481525421,0.025294601917266846,-0.025373734533786774,0.0054381005465984344,0.23666736483573914,-0.19003066420555115,0.0028768591582775116
-0.0892620632982914,0.017547159832618987,0.0320857346549547,-0.05544759373281035,-0.015209398842538817,0.11893372660641986,0.18805584886649424,-0.17442195962660212,0.33343856522508336,0.02828222602844485,-0.01611647683172656,0.008240722680534409,0.2341133577069435,-0.19214589336911414,0.0032502868525582456,-0.04168357700109482,0.030184179544448853,0.08720659464597702,0.15275557339191437,-0.15796759724617004,0.37696030735969543,0.023832401260733604,-0.02179664373397827,0.004611387848854065,0.24149025976657867,-0.19111940264701843,0.003528791479766369
-0.09517560816726386,0.014455731731856575,0.04328177891447356,-0.04545845837238215,-0.013852968784160409,0.10696667711009283,0.1783117150284996,-0.1715358844040163,0.32309736215789053,0.023923182596669753,-0.010074459314490926,0.002803428498592872,0.2364405752782478,-0.1900822645547645,0.003993065181770391,-0.03746868297457695,0.03465179353952408,0.0741424709558487,0.14483949542045593,-0.1670500785112381,0.3835633099079132,0.02431265264749527,-0.017500415444374084,-0.0005428474396467209,0.2454325258731842,-0.19656366109848022,0.00593902263790369
-0.0987652605087337,0.01578232578638642,0.054352422197651906,-0.03778498723068153,-0.015292245818553887,0.09561657227936296,0.17414307455395148,-0.173225011962669,0.32075968706527547,0.020831477355597035,-0.006962264308706478,-0.001279810135181822,0.23763571530234376,-0.1929702820761559,0.006057330255256432,-0.029441967606544495,0.04105854034423828,0.06548360735177994,0.1525759994983673,-0.16652578115463257,0.3959870934486389,0.018151702359318733,-0.02046724036335945,0.002924202010035515,0.2469334900379181,-0.20375199615955353,0.003433695062994957
-0.10147397867204411,0.014290677155073102,0.06370746669414092,-0.03175661905069415,-0.01810253605892587,0.08653944047172904,0.17526200377694534,-0.1782018951839184,0.3254581967464656,0.017537270720547844,-0.005090302323794009,-0.0016010792553822033,0.23950892203756538,-0.1984987259785687,0.004112068168613007,-0.027961857616901398,0.03928891941905022,0.05754127725958824,0.14761847257614136,-0.18577785789966583,0.40197890996932983,0.01819266751408577,-0.017242221161723137,0.005941617302596569,0.2547209858894348,-0.21761153638362885,0.007129574194550514
-0.10414348056728685,0.012680486681904898,0.07045178519118929,-0.02540971240809618,-0.021451527801189346,0.07955869799559281,0.1793063685654006,-0.18628482828237866,0.33254652135619434,0.014473983024239606,-0.004636964150405403,0.000822684620162971,0.2429615715150083,-0.20932936330210866,0.007045584379825739,-0.01891893520951271,0.04408545047044754,0.05028768628835678,0.1581346094608307,-0.18955710530281067,0.40162351727485657,0.01081523485481739,-0.023516368120908737,0.009051081724464893,0.25912564992904663,-0.2292708307504654,0.00586431659758091
-0.1047720790015322,0.00987951700377854,0.0781875861623069,-0.019245024586804254,-0.02364410986661669,0.07375110747936701,0.18508824160398432,-0.1959486864437345,0.3365641619540958,0.010781245234634949,-0.0052038732646037126,0.0029972334924390346,0.24775544714544348,-0.22093876282955008,0.006354044011155571,-0.008059762418270111,0.04361671954393387,0.04475773125886917,0.1682468205690384,-0.19469168782234192,0.3989373445510864,0.005710326135158539,-0.02163766697049141,0.010121352039277554,0.2580798268318176,-0.2411782592535019,0.009644282050430775
-0.10800331965538561,0.007378879650508112,0.08441630457361886,-0.012478048845853438,-0.02416395099462944,0.06851727997134682,0.19160889142450566,-0.20638784736524982,0.3361507424198142,0.008309631708228224,-0.006413090120114647,0.005023096409546025,0.2503052615446819,-0.23243563577704648,0.009546246147835065,-0.0023126527667045593,0.03832776099443436,0.04031074047088623,0.17007134854793549,-0.20350675284862518,0.36872372031211853,0.005101421847939491,-0.020873742178082466,0.00879921205341816,0.2613993287086487,-0.24639171361923218,0.008314812555909157
-0.10863691626712502,0.006756640800699312,0.08811024776216582,-0.004628448280796471,-0.02288024939022916,0.06327692944964791,0.19630610267691306,-0.2164244384415049,0.3254520829745539,0.005722879295903824,-0.008689361553741379,0.005704010436463989,0.25231621024924056,-0.2403333988409436,0.008623093176755317,0.014251703396439552,0.04244955629110336,0.03199000656604767,0.18839702010154724,-0.2001029998064041,0.3558947741985321,-0.002813691273331642,-0.024417193606495857,0.008531574159860611,0.26049157977104187,-0.25847411155700684,0.009929771535098553
-0.10995260324605705,0.004775868681822946,0.09337792383479242,0.0024049386888605785,-0.020697356576730528,0.05722288480289317,0.20217007104920393,-0.22494557464388745,0.30928691665574337,0.0035526369246026293,-0.01181567532742417,0.005515455336204317,0.25423841938413677,-0.2502696621737984,0.009977206227896397,0.021070007234811783,0.04185789078474045,0.025663385167717934,0.1946725696325302,-0.19828824698925018,0.328296035528183,-0.005244506523013115,-0.024591898545622826,0.008380263112485409,0.2614157199859619,-0.2645983099937439,0.00949779711663723
-0.11021838129552075,0.0030669767677277337,0.10062253748916268,0.00961488966040567,-0.018539272516607575,0.0503021865629845,0.20724033265632036,-0.23316832486449252,0.2897274970302038,0.0012901860469622616,-0.015443102324475403,0.005805720846443983,0.2556302320338971,-0.2580336356711512,0.009646971334906728,0.029781587421894073,0.04452262818813324,0.017045510932803154,0.200985386967659,-0.20455315709114075,0.3008512854576111,-0.007570680230855942,-0.022371485829353333,0.006057148799300194,0.25524604320526123,-0.27311185002326965,0.01066640391945839
-0.11065883417654271,0.0016078040995791347,0.10792492704470315,0.01656245180673057,-0.015646099284763897,0.041550639852376,0.2121245571323164,-0.24154077128224605,0.2671827982201764,0.0004769561509915066,-0.018215571565438585,0.005716114409534334,0.25353132709495374,-0.2657006641965713,0.01050286327224792,0.03518453985452652,0.043385639786720276,0.008838394656777382,0.2089664191007614,-0.2067657709121704,0.26864057779312134,-0.008776985108852386,-0.022294893860816956,0.005970360711216927,0.24858106672763824,-0.27484583854675293,0.010652978904545307
-0.11073730097650833,0.0005397458171671854,0.11716988671599506,0.02201217238296387,-0.011621786942078447,0.031903126267124424,0.21697254127042614,-0.24732130528464932,0.24005017871914558,-0.0007401793427439808,-0.01996125432641355,0.005668547245292115,0.24893632888212994,-0.26998958069527806,0.01059773212712213,0.03987760841846466,0.048980921506881714,0.00046597979962825775,0.21011632680892944,-0.20810416340827942,0.23704224824905396,-0.009895376861095428,-0.023252233862876892,0.006080572493374348,0.24338218569755554,-0.2802463173866272,0.009267185814678669
-0.11024164140441854,-0.0010941040920993213,0.12711308908006477,0.027695978388420927,-0.007526007840513427,0.022326415162406108,0.22039471833510138,-0.25026618143450113,0.20868375943240064,-0.0023066613317318753,-0.0217821694082865,0.006114939259806733,0.243611983883124,-0.2745828454088483,0.009338540212587546,0.047847405076026917,0.05188990384340286,-0.007606154307723045,0.22033372521400452,-0.20543727278709412,0.2091648429632187,-0.012137850746512413,-0.021230647340416908,0.004958556033670902,0.22888398170471191,-0.28090983629226685,0.009128618985414505
-0.10923174195525431,-0.002384309995505922,0.1358902719026415,0.03406257707333728,-0.0031876347107439125,0.011843577126171102,0.2222902489301191,-0.25606480080682553,0.18123431366781512,-0.003299792524364941,-0.02193362104263345,0.005901126096851472,0.23423459883300596,-0.2766594345231655,0.009036214483131688,0.05344978719949722,0.05191168934106827,-0.013263699598610401,0.22807887196540833,-0.2045518159866333,0.1668449342250824,-0.012325078248977661,-0.022381337359547615,0.001516193151473999,0.2220514714717865,-0.2783011794090271,0.004098123870790005
-0.1092567339937958,-0.0038948528593223835,0.14668980587384783,0.039215744116146894,0.0028536688252122264,0.0008498789715387994,0.22419082913759625,-0.26036974228747456,0.1437361172715519,-0.006045087997419112,-0.02192079264758431,0.0037063236843011887,0.22515927771101388,-0.2762005646024477,0.004628372764245048,0.05653446167707443,0.054215140640735626,-0.015577319078147411,0.23246577382087708,-0.20483002066612244,0.13335731625556946,-0.013613436371088028,-0.019865190610289574,0.0016553066670894623,0.21085035800933838,-0.2801470458507538,0.0037186359986662865
-0.10731659209271341,-0.001952037289003737,0.15602376616448782,0.044597238253155674,0.007618439465480973,-0.008636530241862747,0.2268085394787716,-0.26499040178478667,0.1077815351804443,-0.00894406173929453,-0.022408329524626524,0.003346032579419715,0.2153577704860343,-0.27678289907451903,0.0037232834194451,0.06105060875415802,0.0579788014292717,-0.02031404711306095,0.24388287961483002,-0.20213156938552856,0.09958381950855255,-0.01585100032389164,-0.020032454282045364,-0.00047446228563785553,0.19859406352043152,-0.2749764621257782,0.001070999656803906
-0.10331000845999318,-0.006688391694651671,0.1613013574503369,0.048735257229000975,0.00824323179497068,-0.016061370008558142,0.2340787070574934,-0.27276579803804174,0.0926011001764436,-0.01156859199114436,-0.023544857794439766,0.0026875749960782,0.2033937530379446,-0.27367575104322533,0.0011402282228064903,0.05732543766498566,0.05999879166483879,-0.019394569098949432,0.24578088521957397,-0.20506663620471954,0.061847470700740814,-0.014467498287558556,-0.0174736175686121,0.0028917221352458,0.1896267682313919,-0.2742473781108856,-0.0002502611605450511
-0.09796571627200777,-0.010791769175082587,0.16635773447738275,0.052615180016852656,0.007330853571132834,-0.019992178024255028,0.24442587290661083,-0.281814492892516,0.08140389628745115,-0.014592099303167483,-0.023580475900552757,0.004903342976581881,0.19092875461082745,-0.27116055191136945,-0.0004916624603533602,0.05162988603115082,0.05523171275854111,-0.011899386532604694,0.2667517364025116,-0.2139379382133484,0.03853965178132057,-0.01332814246416092,-0.015200702473521233,0.00904820952564478,0.17154961824417114,-0.2558082938194275,-0.0036742854863405228
-0.09170151648545918,-0.014433389325134553,0.16982829070493002,0.05410964794685021,0.009954725582465258,-0.02349195599829835,0.25763697078017345,-0.28988719431076604,0.06103744443905269,-0.019317847339162506,-0.020161300587262926,0.008524107357365503,0.1845308773655866,-0.2474969039904236,-0.0009347897884079632,0.04291180521249771,0.0478447824716568,-0.0023657120764255524,0.28955724835395813,-0.23612931370735168,0.012067385017871857,-0.013552945107221603,-0.019827857613563538,0.02164738066494465,0.1617046445608139,-0.2377815991640091,-0.007984999567270279
-0.08452737699640399,-0.019932446839740194,0.17181410926406993,0.05337521907321114,0.01432054052342345,-0.026151403372765662,0.27644794905180303,-0.2954125835258099,0.031491097241539284,-0.01843836083885048,-0.017158671072907444,0.01184195676617199,0.18604046156455362,-0.22234652155909618,-0.004197093673742136,0.025611888617277145,0.041842639446258545,0.005036000162363052,0.30898988246917725,-0.24433760344982147,-0.005464278161525726,-0.006712331436574459,-0.016507958993315697,0.03209646791219711,0.17331184446811676,-0.21547454595565796,-0.01626688241958618
-0.07627764392888034,-0.022671774095039628,0.16912466324332412,0.04797007653681122,0.017676264273790418,-0.022244194963057008,0.29832861781142217,-0.29461380534039144,0.008375403228870874,-0.01958733059818633,-0.015342013477272608,0.018080983876380876,0.18984094655774242,-0.20420449366519905,-0.009289299161784857,0.012989293783903122,0.033445630222558975,0.006461469456553459,0.334254652261734,-0.2644095718860626,-0.024068791419267654,0.0012593772262334824,-0.01916094310581684,0.041165679693222046,0.17845036089420319,-0.18884913623332977,-0.016921013593673706
-0.06803679975698745,-0.022508727082671095,0.16190628839085583,0.04094384477491696,0.02234567950421032,-0.016959267839363988,0.3231960191620643,-0.29337465157666004,-0.01514162156524153,-0.019942187213400756,-0.013426083138612674,0.025695251548401542,0.1904967080673399,-0.1854462183808617,-0.007677699926857371,-0.003440871834754944,0.028568949550390244,0.013776207342743874,0.3465695083141327,-0.27320072054862976,-0.03979731723666191,0.0005110185593366623,-0.022863470017910004,0.05330069363117218,0.18386869132518768,-0.18548543751239777,-0.02578556537628174
-0.058126994640901125,-0.023691336454584686,0.15626556182450146,0.033837464020718896,0.025648390693483077,-0.009699811947425889,0.344733432871258,-0.2903360580992838,-0.03256699724267922,-0.023096891767391672,-0.011976370000692928,0.03331466133798292,0.1971012538241622,-0.17395159053459933,-0.010053591023136028,-0.015459373593330383,0.021558746695518494,0.02164813131093979,0.36120206117630005,-0.27690741419792175,-0.038670752197504044,-0.000855468213558197,-0.02055582031607628,0.06229960173368454,0.17962437868118286,-0.17728173732757568,-0.021742410957813263
-0.05046790575952944,-0.02227302902501706,0.15055246594350777,0.02420930184884666,0.02899932987353984,0.0009643286644713965,0.36133448676363905,-0.2840882362701616,-0.036494008632844264,-0.02444931527772326,-0.011846274511608856,0.037790879186412406,0.20062774349769774,-0.16490602370558935,-0.006225153885512154,-0.030958734452724457,0.02428276836872101,0.023443276062607765,0.36927732825279236,-0.2825108468532562,-0.04246222600340843,-0.0015366878360509872,-0.03351319953799248,0.07333746552467346,0.1934307962656021,-0.18501682579517365,-0.034003060311079025
-0.043930369600365296,-0.01859052363684773,0.1509124073319795,0.012283972256141099,0.03145568322881395,0.010883489504143994,0.3726758953709061,-0.28147963126713044,-0.04092932294053207,-0.02730187293179166,-0.011715445582350555,0.03864512284453754,0.21117215880439388,-0.17173047743255448,-0.008274343704365139,-0.04916242137551308,0.020633697509765625,0.034862276166677475,0.38227352499961853,-0.2801090180873871,-0.03749913349747658,0.0003067236393690109,-0.04042818024754524,0.08371876925230026,0.20363597571849823,-0.1821616291999817,-0.04229532554745674
-0.03807691802302455,-0.01427028343054199,0.15049648498251952,-0.0029577388361803647,0.03379728697669054,0.021749001543329503,0.3814889243252243,-0.27732945862275776,-0.03738524173993229,-0.029556163252982926,-0.010272583841995756,0.03855373655191252,0.22076562845284856,-0.1832212159553765,-0.012394362707833607,-0.06844747066497803,0.025171931833028793,0.03453917056322098,0.3942277729511261,-0.29070305824279785,-0.041074108332395554,0.007198154926300049,-0.057699210941791534,0.09410853683948517,0.21796643733978271,-0.19638502597808838,-0.04807243123650551
-0.031879600867706734,-0.010513247853889348,0.14895727147669222,-0.01948025892663938,0.031495338520582894,0.028566146912723998,0.3911036021700756,-0.28215338621983016,-0.040439378703286455,-0.030053365767725913,-0.010089590086620094,0.03964390536931894,0.2306270284853971,-0.19580004411083354,-0.016500888524624686,-0.08988836407661438,0.019591186195611954,0.045030057430267334,0.40153762698173523,-0.2904459536075592,-0.023033231496810913,0.007661737501621246,-0.0552220493555069,0.10196603834629059,0.22970205545425415,-0.20379142463207245,-0.047546304762363434
-0.02646474976215138,-0.008114204240084303,0.14567434849020883,-0.037649299829986285,0.026064132151546796,0.03773573629983913,0.40070406917333196,-0.28494283222550865,-0.024821024790842458,-0.030102494719934876,-0.011650156515690175,0.04412823360231686,0.2404524185928335,-0.2080187288792698,-0.017398667996203553,-0.112098827958107,0.019527338445186615,0.048641860485076904,0.4109152853488922,-0.2917996942996979,-0.008277859538793564,0.0072777159512043,-0.06866706162691116,0.10937663167715073,0.23432929813861847,-0.216520294547081,-0.05197562649846077
-0.02104758081298111,-0.004885995865072141,0.14018235884956276,-0.0586423443320314,0.019389225201622784,0.04526679476215054,0.41017259159045694,-0.2863056629554295,-0.010193887096686276,-0.029251252804108115,-0.01331122015054794,0.050062475885079005,0.24908217621217427,-0.21999769219532272,-0.018573247662736974,-0.12982933223247528,0.014783129096031189,0.05947595089673996,0.41499438881874084,-0.2899627983570099,0.017144829034805298,0.007033489644527435,-0.07117282599210739,0.11463307589292526,0.2376500964164734,-0.219434455037117,-0.052964288741350174
-0.016162878877250837,-0.0027648533931310657,0.13332327900433036,-0.0799812765689213,0.013292296394905024,0.05465010794349037,0.41604804891932173,-0.2857782829557608,0.01400148687122262,-0.026524746233659784,-0.014756986185561902,0.05809345339620083,0.25460904834397075,-0.23041131782908042,-0.019230914031102508,-0.15221799910068512,0.009770847856998444,0.0690271332859993,0.41763797402381897,-0.29019978642463684,0.04761512577533722,0.01109369844198227,-0.07773414254188538,0.11732912063598633,0.24206331372261047,-0.21971246600151062,-0.05374323949217796
-0.011894322761410591,-0.0007149946209705399,0.12456846246219172,-0.1032330682975539,0.007555875173729832,0.06391354757498173,0.4194329050940686,-0.28540834695892775,0.04377338247277448,-0.022374754725905135,-0.01639664296243745,0.06687638931265716,0.25699191141925715,-0.2396302916214514,-0.019079385081820617,-0.16471733152866364,0.00638769892975688,0.07535995543003082,0.4149113595485687,-0.28088340163230896,0.06731173396110535,0.006289340555667877,-0.08445073664188385,0.12169971317052841,0.24624253809452057,-0.22824105620384216,-0.054312583059072495
-0.007884659030838705,0.0012604002274794782,0.11567526727497267,-0.12593202203188955,0.0009518908005456509,0.0727092935227872,0.41737428237463475,-0.279954666084678,0.06440785258377986,-0.018202228770560453,-0.01931027141716984,0.07711720332976368,0.26005858764773226,-0.24950241483520483,-0.020477671557390997,-0.17786844074726105,-0.0018469211645424366,0.08754239231348038,0.41610923409461975,-0.2788211405277252,0.09628035128116608,0.006602838635444641,-0.08564192801713943,0.1251109391450882,0.23961259424686432,-0.2280326634645462,-0.05101507529616356
-0.005894630882200094,0.003428927320694316,0.10677943014562011,-0.14802894829939872,-0.003995878133829722,0.08220030287508986,0.4141211572689945,-0.2764122912019453,0.09256041713000487,-0.011265594924793005,-0.02258953835935922,0.0881794386056039,0.2590379739633657,-0.2574641506739663,-0.017583488661213266,-0.19222237169742584,-0.003076684195548296,0.09315638989210129,0.40891045331954956,-0.26918262243270874,0.11012992262840271,0.007437974214553833,-0.09533128887414932,0.1271664947271347,0.2434891313314438,-0.22761809825897217,-0.05689120292663574
-0.0017958951488776446,0.004319191854092843,0.0952439178142292,-0.16941444003852751,-0.008341999190381246,0.0901666084303864,0.407874118396283,-0.2693563259327836,0.10788063467782316,-0.004525855399316304,-0.02546139888694522,0.09938542240294221,0.25880731575238675,-0.2661265421866514,-0.020089396763848445,-0.20542263984680176,-0.011571362614631653,0.10840174555778503,0.40396884083747864,-0.2594056725502014,0.1412384957075119,0.005143888294696808,-0.09901886433362961,0.130691260099411,0.23371364176273346,-0.2240706980228424,-0.05123179778456688
0.00014561113345047617,0.006875868592891291,0.08418623908684601,-0.19061947651438932,-0.011712905653114756,0.10049385568646911,0.39953552765854,-0.26031274535813553,0.13739963051549944,0.002440472707850222,-0.02995007662322083,0.11102095166630768,0.2550416719038457,-0.2707206880076186,-0.01583392020999893,-0.21572095155715942,-0.012889493256807327,0.11330447345972061,0.39051365852355957,-0.24677127599716187,0.159392848610878,0.008527074009180069,-0.10493594408035278,0.1319480687379837,0.23705673217773438,-0.2251274436712265,-0.05404164269566536
0.0021742545603895954,0.008854551821960243,0.07463691050411071,-0.20939333148298972,-0.015550641644853863,0.10887904926143693,0.38763124970077867,-0.24924995937137912,0.15665736742005582,0.010009379768444054,-0.03449368686770734,0.12142879434271725,0.25177490660036445,-0.2768975127874018,-0.01796120602971138,-0.22719593346118927,-0.021018896251916885,0.127610445022583,0.3839675486087799,-0.23461392521858215,0.1876171976327896,0.006782297044992447,-0.10851076990365982,0.1361560821533203,0.23317687213420868,-0.21944694221019745,-0.04943456873297691
0.004212274090448964,0.012630984116245903,0.06414447327568122,-0.22870337957069828,-0.0197860882810352,0.11804300003313781,0.38351394682105816,-0.22779114862370178,0.16292302405222028,0.01657764061100544,-0.041379064036123736,0.13333401631161415,0.24716049943434049,-0.28231027351579346,-0.016238962717976622,-0.2404603362083435,-0.02307608351111412,0.13365265727043152,0.3707132041454315,-0.22686582803726196,0.22079549729824066,0.012964364141225815,-0.10413964837789536,0.13464131951332092,0.23992469906806946,-0.21881286799907684,-0.043094452470541
0.0063755051818316,0.017332755384769433,0.05221398047634341,-0.24134364680274123,-0.024799032781164774,0.12669515530798448,0.37724098531287803,-0.21950128161783308,0.1824647163016904,0.021290897157300048,-0.04870893546935417,0.14621852488878698,0.24319215966571406,-0.285746027456285,-0.013906150506697206,-0.2436254620552063,-0.022255800664424896,0.1445559561252594,0.36458906531333923,-0.21592989563941956,0.2540998160839081,0.017550809308886528,-0.11443695425987244,0.14015065133571625,0.24825282394886017,-0.21462123095989227,-0.04465670511126518
0.00715819898838222,0.020816724592598482,0.043024948916046614,-0.24898255762375965,-0.028776366527293505,0.13652630486157621,0.3737688036613457,-0.20640336497302647,0.21188905790845408,0.024441921047134923,-0.05536555610714431,0.15706071862958007,0.24330054979722066,-0.2872231646698545,-0.01423743704134789,-0.2320960909128189,-0.02051927149295807,0.15161848068237305,0.3548154830932617,-0.18883678317070007,0.2962193489074707,0.011643679812550545,-0.10846741497516632,0.13832533359527588,0.2592214345932007,-0.2127505987882614,-0.0370035283267498
0.006551991393028964,0.02234901387511922,0.03676021954533402,-0.24925603559546342,-0.030670773028816527,0.14677571748349263,0.3647347165824776,-0.18800015598277542,0.2446176515090008,0.025353478950093607,-0.06058618202331307,0.16454847242013895,0.24937835705507802,-0.283483443831961,-0.011666349740645747,-0.2231776863336563,-0.01722162961959839,0.15192577242851257,0.3413897156715393,-0.1798718422651291,0.31950879096984863,0.00941786915063858,-0.11038593202829361,0.13150832056999207,0.2564423382282257,-0.22666452825069427,-0.036626413464546204
0.0033192086801374335,0.02418025610471666,0.037373532603869636,-0.24523401964257036,-0.03301534202727006,0.15182197976783307,0.35600123866376515,-0.17246366658398907,0.27042424650753694,0.029472037246239535,-0.06360285859627104,0.16396325916170917,0.2554746971126373,-0.2792106162526217,-0.014498292772146955,-0.19897058606147766,-0.005362496245652437,0.15456637740135193,0.32905247807502747,-0.14972350001335144,0.35981443524360657,0.005983034148812294,-0.1056487187743187,0.12391464412212372,0.2664298713207245,-0.23731614649295807,-0.029169032350182533
-0.00123155625828503,0.02714501835217701,0.04124573786594231,-0.2360901533209135,-0.03788808746488274,0.15468059324873754,0.34583431640762186,-0.15588767159329378,0.2929018579561795,0.03257861339979764,-0.066679772452223,0.16161548136146334,0.26463799542682825,-0.27401408116320114,-0.015349596125543076,-0.1681797206401825,0.004603154491633177,0.15342146158218384,0.3148743808269501,-0.12409011274576187,0.39480161666870117,0.006393652409315109,-0.09195300936698914,0.11145360767841339,0.26989972591400146,-0.2484361082315445,-0.022925645112991333
-0.003484621039033729,0.028187088811513966,0.04400799079186512,-0.21982066661754932,-0.04882319972408746,0.15457567006587514,0.3341674155785726,-0.16338842899896333,0.31199124309812304,0.03603179578954806,-0.07442775149964004,0.1529173745988248,0.27185905312216063,-0.26889382986955834,-0.01819997589776716,-0.16183097660541534,0.01096559688448906,0.1523977518081665,0.3046727180480957,-0.13199572265148163,0.4192502796649933,0.019259557127952576,-0.08675931394100189,0.10911884903907776,0.2510063648223877,-0.2433585226535797,-0.01895337551832199
-0.011247335507598155,0.02867254680872365,0.04419767151375202,-0.20365660276824388,-0.053235034909738445,0.15653385315358867,0.3234026438481137,-0.17010704226903114,0.33333068508810415,0.03966838710199998,-0.07939539084309709,0.13612276690654573,0.26496416510377463,-0.2538529031172576,-0.018315564926447352,-0.14316725730895996,0.013563953340053558,0.1419166922569275,0.27205806970596313,-0.13752904534339905,0.43324753642082214,0.024958323687314987,-0.0713692307472229,0.09281709045171738,0.2435993254184723,-0.25186604261398315,-0.007015367969870567
-0.01907516092938564,0.028006727535829112,0.035393220615870365,-0.1822991950450052,-0.05197457141320898,0.16238368887229365,0.3076901911151767,-0.17782761073766434,0.35077096809385416,0.040778205311289215,-0.08180351825374939,0.11408877065616323,0.25339031738261714,-0.2467912562594927,-0.008688871281177972,-0.12716318666934967,0.02376445010304451,0.1346188187599182,0.25085824728012085,-0.12931028008460999,0.4505733251571655,0.026222672313451767,-0.07062878459692001,0.08225136250257492,0.2409762144088745,-0.2407161444425583,-0.011670833453536034
-0.028427015218842333,0.02607521596703257,0.02473795363182376,-0.1613993628261632,-0.04767510902950572,0.16765615643502033,0.290062860981734,-0.18210012715309717,0.363537638348392,0.038495298875215585,-0.07779211084056556,0.0954354165761789,0.2430947976688983,-0.23963505694754972,-0.01149615233822017,-0.10092702507972717,0.032176483422517776,0.12461312860250473,0.2253064066171646,-0.14987879991531372,0.4700652062892914,0.026533761993050575,-0.059383928775787354,0.06860051304101944,0.2280067652463913,-0.23653116822242737,-0.005906738340854645
-0.04049057998385061,0.023409018279678645,0.019231107157901075,-0.1380239136315877,-0.04189239779817637,0.16836946451460666,0.26934994474942997,-0.18402898983235083,0.37696975156790713,0.0392088821776793,-0.06735269489640476,0.07909989424197897,0.23163580153662863,-0.23396536399340048,-0.006568559217532795,-0.08291051536798477,0.031975749880075455,0.11385888606309891,0.20415490865707397,-0.14951133728027344,0.45094290375709534,0.022233210504055023,-0.05224532634019852,0.04555916786193848,0.2362585812807083,-0.22414526343345642,-0.010038372129201889
-0.053017365595503144,0.019834713515172974,0.01890608684715409,-0.11606351769982545,-0.035045626574656485,0.1640355979344848,0.2476590356841642,-0.1814358102332941,0.38146246860220845,0.03601387866988995,-0.05519561444537701,0.05794473550820233,0.22975969150916478,-0.22534128528602493,-0.009509509064323268,-0.06660356372594833,0.032659873366355896,0.10560581833124161,0.18889936804771423,-0.16395379602909088,0.44047287106513977,0.02750907838344574,-0.04366937279701233,0.03320281207561493,0.22744491696357727,-0.2117796242237091,-0.0039624981582164764
-0.06519828650740565,0.015427477621669497,0.024507653956202892,-0.09431261927623417,-0.026676814690985987,0.15366299862249053,0.22764856394555147,-0.17809407225468338,0.3768274839707031,0.036689880601957575,-0.04042270348194038,0.039635836594353796,0.2268389850308474,-0.21440763108236885,-0.004110320471660543,-0.058944884687662125,0.023117847740650177,0.10215134173631668,0.16941708326339722,-0.15594473481178284,0.39669862389564514,0.021412620320916176,-0.029554227367043495,0.020088791847229004,0.23976129293441772,-0.19716334342956543,-0.0019014280987903476
-0.07377040152341907,0.013000584557025432,0.03196216754426244,-0.07626511910929665,-0.019303113915777017,0.14117641873917194,0.2072020668522913,-0.1717700431378097,0.3596543677937826,0.030964458847741332,-0.028005302399275782,0.025163741048741996,0.23190574446805973,-0.2018619270719607,-0.0017474567386884707,-0.04566037282347679,0.03309456259012222,0.09190884977579117,0.16388565301895142,-0.1560589075088501,0.3967786729335785,0.023636698722839355,-0.02872803807258606,0.01408481877297163,0.23520073294639587,-0.19115452468395233,0.004635878838598728
-0.0824385120828666,0.011601866182664157,0.04444268820117582,-0.06115356762753459,-0.01396159949477214,0.12565935216245644,0.19135540339717788,-0.16689625541051972,0.3427002531243523,0.028551426714379956,-0.017478474119417404,0.014396437029045275,0.23318708726016998,-0.1932329307988211,0.004554442326963482,-0.03987818956375122,0.0300014466047287,0.08780238032341003,0.1574251502752304,-0.1515766680240631,0.38484853506088257,0.02270996943116188,-0.02113954909145832,0.005413832142949104,0.24039030075073242,-0.19015701115131378,0.002711499109864235
-0.08831694865683118,0.01111431046351879,0.05854492172129526,-0.049460876716708714,-0.01206433449061944,0.11123952339074765,0.18109850836597755,-0.16446519143498747,0.33192996551000287,0.025054560303541796,-0.01096660878313772,0.006435949380751605,0.23571785085267796,-0.1899010148762723,0.0033721803208616235,-0.04118611663579941,0.032636672258377075,0.07866711169481277,0.1449243724346161,-0.1576523631811142,0.3762580454349518,0.022853326052427292,-0.017612401396036148,0.0053877998143434525,0.24303153157234192,-0.19271370768547058,0.0064774565398693085
-0.09223451153887184,0.00891622037414568,0.06966467136772386,-0.04041356090514717,-0.01232496082559632,0.09848641463545722,0.17465807514361012,-0.16501136499385097,0.32415501665867325,0.02075740424566816,-0.007190956025007425,0.0032724006341649575,0.23719122716518862,-0.19042291316415416,0.006509176240815734,-0.030878785997629166,0.0450880266726017,0.06514899432659149,0.14918933808803558,-0.16185522079467773,0.40036848187446594,0.01986769400537014,-0.020207293331623077,0.006504540331661701,0.2428707480430603,-0.20279212296009064,0.004466718062758446
-0.09483227239883923,0.00854261249139998,0.08146777744968194,-0.033422681850222805,-0.014511896688424139,0.08734696024170378,0.17436595269894484,-0.16995937579311435,0.3260519524061663,0.017994126965944393,-0.005121691833840427,0.002558747682174797,0.2368565424522183,-0.1968180700859987,0.005077900117810721,-0.025412455201148987,0.041635289788246155,0.05952819436788559,0.15435779094696045,-0.16864266991615295,0.40328559279441833,0.016290726140141487,-0.01782633736729622,0.009987623430788517,0.24876868724822998,-0.21300344169139862,0.006719889119267464
-0.09686537610932709,0.0070409437601838985,0.08983654684866972,-0.026725329332481045,-0.017503113338550993,0.07922284656724703,0.17818520362511728,-0.1781251481341449,0.33328171712150934,0.014418209228387387,-0.004554100065109182,0.0049038970151778225,0.23909035166426781,-0.20598859944781445,0.00681201357550913,-0.019349653273820877,0.050187140703201294,0.049141962081193924,0.15440517663955688,-0.182695209980011,0.4065115749835968,0.012150154449045658,-0.02450518123805523,0.012774311937391758,0.2534900903701782,-0.22578378021717072,0.0066947611048817635
-0.09834307852182114,0.004424941611494785,0.09830834210115678,-0.019204567704592154,-0.01975654996795095,0.07266197574832237,0.18334890318758182,-0.1884605333412509,0.3385103638245498,0.010880855732982357,-0.00555940954426668,0.006969308004004341,0.24250369477272551,-0.21729272840141964,0.007055602538346746,-0.01004607230424881,0.04388120025396347,0.044407617300748825,0.16642016172409058,-0.19088709354400635,0.39449918270111084,0.007911711931228638,-0.019866129383444786,0.012309822253882885,0.2540055513381958,-0.23698583245277405,0.00851555448025465
-0.10049302164113463,0.002750103829670612,0.10312301106463297,-0.011910445003873357,-0.019594410843594767,0.06645039370317365,0.19031133498734917,-0.19976607232257135,0.33713261790023824,0.008018788394845093,-0.006760183089804537,0.0083827247357996,0.24490817295953132,-0.2286596637041654,0.00856059490121041,-0.0027659237384796143,0.046271417289972305,0.038900308310985565,0.16995136439800262,-0.19540706276893616,0.3795481324195862,0.004677912220358849,-0.024519452825188637,0.01541056763380766,0.2559654116630554,-0.24555769562721252,0.008815217763185501
-0.10217951455702695,0.000765508297639605,0.10826784335957887,-0.00408557305986211,-0.018362218812929338,0.060999179801803576,0.19579564270877609,-0.2094567915857289,0.3283241028220219,0.004773663588478475,-0.00925819226456569,0.010270215363797332,0.24702626869176236,-0.2383651489903358,0.00904999150401791,0.01286674477159977,0.045789431780576706,0.031374409794807434,0.18569321930408478,-0.1957668960094452,0.35795021057128906,-0.000860702246427536,-0.02295927330851555,0.011820797808468342,0.25458964705467224,-0.2536868155002594,0.009758204221725464
-0.10309231004331565,-0.0015625853945992728,0.1139639738344981,0.0038204578966962305,-0.01589524896441994,0.05432519020209155,0.20157587831110146,-0.21989410792358527,0.3133058272600316,0.002674245930330981,-0.012496603085163732,0.010038072397445462,0.24781134459015253,-0.24677648082265008,0.009790261923604594,0.019858337938785553,0.04694151133298874,0.024828506633639336,0.19246527552604675,-0.19806915521621704,0.33317598700523376,-0.0035689566284418106,-0.025432879105210304,0.010793222114443779,0.2555922865867615,-0.262527734041214,0.010419297032058239
-0.10286260747659438,-0.0036279985451775423,0.12117668758643604,0.011514062692320698,-0.013038736365794763,0.0471471382876159,0.2068463969643539,-0.2285234862415066,0.29404147026805727,0.0003131886502655994,-0.01637536694345151,0.009386222338241181,0.24894139090488512,-0.25534200813743724,0.01041189024673125,0.02597057819366455,0.04753991216421127,0.016565978527069092,0.1966320127248764,-0.20432785153388977,0.3040858507156372,-0.005580160766839981,-0.023422781378030777,0.010325096547603607,0.25129440426826477,-0.26996296644210815,0.010442003607749939
-0.10396208800808067,-0.00485462311947907,0.1281937485915566,0.01861102247437209,-0.009285097145443306,0.03838278857582448,0.2115041954662287,-0.23778090886523703,0.2690644878115986,-0.0014440606458858449,-0.019425755564861858,0.009517949490079324,0.2475038447348151,-0.2631253650222572,0.01040121513505543,0.038834698498249054,0.05336184799671173,0.004901260137557983,0.21052812039852142,-0.19742906093597412,0.2742971181869507,-0.010084882378578186,-0.024767320603132248,0.007153389975428581,0.24371574819087982,-0.2733023464679718,0.010425101034343243
-0.10505894089153897,-0.007717961992307439,0.1387492800197397,0.023815708744491276,-0.005488006966519616,0.02836419391367063,0.21716919948757632,-0.24334431932745768,0.24279703389290822,-0.002280561229667358,-0.022327430682005937,0.008250833857241072,0.24314323061602336,-0.2679176057431183,0.01034635917012445,0.038321010768413544,0.05337124317884445,0.0007845573127269745,0.208038792014122,-0.20214740931987762,0.244579017162323,-0.009657066315412521,-0.021392162889242172,0.012580083683133125,0.23874370753765106,-0.279203325510025,0.010501758195459843
-0.10244438017974031,-0.006534700138816124,0.1474131452434411,0.02952529188425691,-0.0018508688405442842,0.019642457727884886,0.22107463461796528,-0.24575492236910415,0.2149322045575197,-0.003931789696831003,-0.02392125895062206,0.011411407082855951,0.23813048859884534,-0.27305428002682136,0.010294040924996762,0.050052642822265625,0.06222788989543915,-0.013627874664962292,0.22075322270393372,-0.2006329894065857,0.21341317892074585,-0.012294545769691467,-0.02520005777478218,0.007222965359687805,0.22594738006591797,-0.27886807918548584,0.00783104170113802
-0.1006166332759379,-0.0072548456297412914,0.15725467559074394,0.03617397198244601,0.0034480312294704043,0.008150594613863657,0.222342833449387,-0.252013293645265,0.18687170254156837,-0.004670918043416068,-0.023820218718624435,0.009306794448070697,0.22935513315317613,-0.2749498248596346,0.008031695119001904,0.05412021279335022,0.05541215464472771,-0.015413984656333923,0.22827765345573425,-0.20033743977546692,0.1697804182767868,-0.012851899489760399,-0.021547768265008926,0.006924834102392197,0.21848824620246887,-0.27768850326538086,0.005439759232103825
-0.1000201290644737,-0.007215237323732366,0.16699164689579118,0.04133123259604043,0.010677838173687112,-0.0037098581325465275,0.22338846660125344,-0.2568292531469505,0.1481900421381105,-0.007682460016648315,-0.022814687995236796,0.0080895125225481,0.22135339645073843,-0.27526181358916924,0.005713363750986346,0.05661246180534363,0.06190407648682594,-0.020306602120399475,0.2321409285068512,-0.19773319363594055,0.13516010344028473,-0.013599079102277756,-0.023165661841630936,0.007012590765953064,0.21226812899112701,-0.2761600911617279,0.0036961156874895096
-0.0967739007998545,-0.010623435208788563,0.17678440360158104,0.04610971830625484,0.015730165663440012,-0.01390140706357623,0.22607451268764867,-0.2600606476683167,0.10952723684640903,-0.010950216030400563,-0.023848426805133917,0.008093297036180353,0.21375825026392017,-0.27430992123180103,0.0038743031503229845,0.06171572208404541,0.06554487347602844,-0.02403496950864792,0.24413296580314636,-0.19812119007110596,0.10733598470687866,-0.01573011837899685,-0.01996234431862831,0.007263411767780781,0.1965833604335785,-0.2755368947982788,0.0028536757454276085
-0.09287565581700703,-0.013386381899942004,0.18468067842847166,0.0501802971160009,0.018596389530250546,-0.02185849064686631,0.2331382784594322,-0.2646441243919656,0.07929560576494,-0.012405265612983418,-0.025007548989921632,0.009317298756164325,0.20235979564335416,-0.2729234431634724,0.0027605316565072996,0.05414752662181854,0.06464224308729172,-0.02197166532278061,0.2501431405544281,-0.19961479306221008,0.07067146897315979,-0.01353822648525238,-0.01863463968038559,0.012068402022123337,0.18838104605674744,-0.26738396286964417,-0.0009939143201336265
-0.08692596048296516,-0.014358092598032529,0.1889638698815608,0.05303994456966491,0.01901543307152051,-0.026798861623323067,0.24215709584869918,-0.27265683994181067,0.06215862998995065,-0.016138827995841327,-0.025505515432681678,0.012778136728784764,0.19032591627010076,-0.2674391614905618,-0.0008928128255673755,0.049021780490875244,0.06297361850738525,-0.01822666823863983,0.27002906799316406,-0.20993641018867493,0.040015947073698044,-0.011323699727654457,-0.018183883279561996,0.01629534363746643,0.17786595225334167,-0.25138726830482483,-0.005801794119179249
-0.08191321771196884,-0.018331825341481714,0.19401645820596217,0.05425607937322112,0.020424824875223613,-0.032025333437767374,0.2568850770500247,-0.28222362929641065,0.052169613181936345,-0.019397691562789254,-0.022709110062527234,0.014720847053390876,0.19108883936574655,-0.23893191218792212,-0.0016457990425805824,0.04071320220828056,0.050268031656742096,-0.006156526505947113,0.2836751639842987,-0.22891166806221008,-0.0023354701697826385,-0.017588801681995392,-0.019731754437088966,0.024694858118891716,0.17088326811790466,-0.23812958598136902,-0.00942915678024292
-0.0751648507050891,-0.021562052380304304,0.1982960160475006,0.05342295641701302,0.024546878459895553,-0.03380288340940786,0.2732266009253787,-0.2913633429403256,0.020609500881757982,-0.019762782542252968,-0.020743258087169075,0.015847200134719935,0.1976764219998098,-0.21910228153097347,-0.00437441903986723,0.028900831937789917,0.04876917228102684,-0.006391679868102074,0.31249862909317017,-0.23418954014778137,-0.011823982000350952,-0.003761032596230507,-0.021704930812120438,0.0305536687374115,0.18621140718460083,-0.21620666980743408,-0.02272854745388031
-0.06922004130854738,-0.02282325063135594,0.1952072365065372,0.047893494139170545,0.027953583318302767,-0.03282373843157826,0.2952628922547804,-0.29365865510620665,0.002937644465408969,-0.020194195469853144,-0.017969189126734238,0.01898955992264224,0.20279677641494068,-0.20419907233825665,-0.010892949731321145,0.01593078300356865,0.03938644379377365,0.0028798487037420273,0.33056479692459106,-0.2542591392993927,-0.0314219705760479,-0.003958413377404213,-0.022540893405675888,0.044968411326408386,0.18715223670005798,-0.2026096135377884,-0.017850607633590698
-0.060848194038236464,-0.02463994407103479,0.18941752611499763,0.04218434839567678,0.031234793488727753,-0.027271511539860814,0.3184606773220079,-0.29273095636733243,-0.01858897286913263,-0.02092924224014232,-0.01722958959402415,0.026773676594010948,0.20618792537140265,-0.19154253620407086,-0.008155767505789483,-0.0066725388169288635,0.029551465064287186,0.010281229391694069,0.3487376272678375,-0.2704432010650635,-0.04265553131699562,0.004737607203423977,-0.020587529987096786,0.05410395562648773,0.19205370545387268,-0.1884341984987259,-0.02646452933549881
-0.05262155088455697,-0.025119799470541396,0.18227749633794862,0.03362649169312071,0.03467254337347903,-0.020036631076607993,0.3427776766416601,-0.28885577207146,-0.03444611636062812,-0.022993838125500543,-0.015227919370068089,0.035040265471567376,0.20941845675576765,-0.1788255164354851,-0.009793032770705803,-0.0162130668759346,0.028368942439556122,0.015058808028697968,0.3616080582141876,-0.2779294550418854,-0.046588312834501266,0.0001328643411397934,-0.027111127972602844,0.0653233453631401,0.1900700479745865,-0.18689174950122833,-0.0231669619679451
-0.045004667320919844,-0.021524885739783478,0.17599436346247194,0.023905613978934745,0.03756302548597404,-0.008383367389268355,0.36096374777514395,-0.2832543999932604,-0.04248603412279319,-0.023794209124214604,-0.015326794226860552,0.04107874150893603,0.21255533314314032,-0.17273865240707767,-0.006330488337659279,-0.03230169415473938,0.024496089667081833,0.02239990234375,0.3705211281776428,-0.2781710922718048,-0.048040103167295456,-0.0013613030314445496,-0.03265102207660675,0.0750129446387291,0.1994391232728958,-0.18790769577026367,-0.0373309887945652
-0.03747518769882537,-0.018687063265260248,0.17326979274502038,0.010642077191633521,0.040733770490832585,0.0049428087576855965,0.3725996315377879,-0.27701636925855305,-0.04685898043610717,-0.025771945235040176,-0.014549166848537179,0.04289300832707998,0.22040422973628382,-0.18259646180079547,-0.009539534989301057,-0.04725158214569092,0.02644762396812439,0.03059854358434677,0.38178613781929016,-0.2813046872615814,-0.04290197417140007,0.0016354918479919434,-0.04767289385199547,0.08717778325080872,0.21259769797325134,-0.18835945427417755,-0.04096235707402229
-0.031875602335751756,-0.013653774260827957,0.1713380279851998,-0.004471851847905832,0.040272312192554185,0.017090234013172802,0.3804442817161913,-0.27622911463060323,-0.042876955232661496,-0.027351800349372,-0.01433661654524278,0.044492547371983514,0.227262498440601,-0.19263213351545655,-0.013588271758223885,-0.06974132359027863,0.026771824806928635,0.03359086811542511,0.39317193627357483,-0.2871857285499573,-0.04423398897051811,0.00825531966984272,-0.054743342101573944,0.0962979644536972,0.23194390535354614,-0.20124605298042297,-0.05049896240234375
-0.025643062004305477,-0.009768038794203616,0.1694788823030375,-0.02169936668879316,0.03559616552288299,0.025825145086855874,0.390433851208137,-0.2803171351888006,-0.04387396422176767,-0.028704733224477513,-0.0148499660802085,0.04670850619500837,0.23778573405095402,-0.2055472382688601,-0.021179433664873414,-0.08731388300657272,0.02157345414161682,0.04304184019565582,0.40159374475479126,-0.2909923195838928,-0.026652328670024872,0.004315674304962158,-0.057217661291360855,0.1030769869685173,0.22987228631973267,-0.21321417391300201,-0.04575774818658829
-0.022551908152993683,-0.006498858264844928,0.1659001793589914,-0.040039280048003396,0.02873856567732474,0.03551506136208852,0.4000525267509867,-0.28469017376018757,-0.028450354189331326,-0.027503812471531434,-0.01728952943283763,0.05132184472823254,0.24476180461817149,-0.21634749740765488,-0.019314814017304456,-0.1110551580786705,0.022845309227705002,0.0456765852868557,0.40843504667282104,-0.29322466254234314,-0.015591703355312347,0.00878111831843853,-0.07111319899559021,0.11211573332548141,0.2433110922574997,-0.21814046800136566,-0.05616752430796623
-0.01622153975417034,-0.004402497206482587,0.16154624736623946,-0.06060123123537636,0.021519369412866713,0.043168022583391585,0.4085453920400533,-0.2875685652558915,-0.01716979487397655,-0.02670130957136741,-0.018290198413411722,0.05714014370821055,0.2528907633178437,-0.22848985901388888,-0.023040819820571632,-0.12823687493801117,0.014507435262203217,0.06139993667602539,0.4125351905822754,-0.29060128331184387,0.0162882748991251,0.006208643317222595,-0.07110755890607834,0.11615154892206192,0.23993568122386932,-0.22292974591255188,-0.05117044970393181
-0.01173592882983068,-0.0015827911163440018,0.15304846217061496,-0.08172384713319629,0.015257123608935035,0.05411963398006631,0.41347580763691016,-0.28692010173980687,0.012542378271994547,-0.024039910774267446,-0.019775850764066256,0.0652930176616672,0.2565870660406723,-0.23733218547494908,-0.020668974539189214,-0.1526540070772171,0.015085462480783463,0.06449101120233536,0.41419658064842224,-0.2907179296016693,0.03683283179998398,0.01171189732849598,-0.08927134424448013,0.1205826997756958,0.2495528757572174,-0.22903458774089813,-0.059673625975847244
-0.010056752993477573,-0.0001734766426735676,0.1460280282745838,-0.10503205173493703,0.00849343176926237,0.06218592326013193,0.416261730774672,-0.2861170127221761,0.03387883394748292,-0.02089966689526583,-0.021251052788148043,0.07273978050567176,0.260958287954977,-0.24800137341349118,-0.023528657156099208,-0.16456159949302673,0.0046456786803901196,0.07930576056241989,0.41682636737823486,-0.2840045094490051,0.06467944383621216,0.006527908146381378,-0.08611074090003967,0.125122532248497,0.24844908714294434,-0.23242050409317017,-0.053327009081840515
-0.005711588985977357,0.0030229160360725794,0.1373610757938821,-0.1278194102767143,0.002180859699167583,0.07330102623678152,0.415821164615782,-0.2822876318560694,0.061078768899701166,-0.01632988187533123,-0.02457526580275576,0.08216062278004142,0.2632882424452565,-0.25722250481284076,-0.02135204934302284,-0.1811322420835495,0.003722395282238722,0.08456017076969147,0.4138850271701813,-0.2799482047557831,0.08310441672801971,0.008263206109404564,-0.09686398506164551,0.1280003786087036,0.24952161312103271,-0.23597563803195953,-0.05810631066560745
-0.0029625048116421887,0.004582897251272572,0.1291705667167832,-0.15008894888145125,-0.0033541417479254813,0.08218167533575789,0.41321580040966877,-0.2780348709386625,0.08031379870908874,-0.010398264994686447,-0.02747806437286806,0.0918652613317259,0.2647225180235576,-0.2668287128153966,-0.021975360928171383,-0.19123820960521698,-0.005269576329737902,0.0962923988699913,0.41104915738105774,-0.2713506519794464,0.1075829416513443,0.005147384479641914,-0.0969696119427681,0.13038331270217896,0.24437570571899414,-0.2327176183462143,-0.05455605313181877
-0.00021507645063194945,0.006495333215188088,0.11932542685793458,-0.17122496508969282,-0.007740263293057688,0.0914809483339983,0.4075736115155984,-0.2713858979883436,0.10433576100312271,-0.0034497571335404794,-0.030847904059162084,0.10274158770763855,0.2630219017852442,-0.27407824276970616,-0.019815087667381676,-0.20699343085289001,-0.0056160506792366505,0.10665073245763779,0.40082669258117676,-0.25701844692230225,0.13246408104896545,0.007574526593089104,-0.10832715779542923,0.1334308683872223,0.24430836737155914,-0.2334001213312149,-0.056173522025346756
0.002564891220080396,0.007664725004083103,0.10835437317483046,-0.19157816523361323,-0.011405599296186364,0.10142948665954848,0.3986719143105326,-0.25966224123271625,0.12903672641774208,0.0027852880768672096,-0.03470796155896842,0.11396828034917919,0.2608214356942265,-0.2802046268404601,-0.01886794098062405,-0.21218839287757874,-0.014274798333644867,0.11592339724302292,0.39159342646598816,-0.2507408857345581,0.15580615401268005,0.007677754387259483,-0.10581875592470169,0.13420455157756805,0.2372528612613678,-0.23026461899280548,-0.05096122622489929
-0.0009139519280352172,0.010256916232662587,0.09957997935087207,-0.20877203614596818,-0.014461523917733806,0.11009777882222303,0.38697069087637614,-0.2512833709191756,0.15263468364156,0.011284892752532796,-0.03895734507300968,0.12421688119013212,0.255846214314065,-0.284274890685944,-0.01655989241322583,-0.2244371920824051,-0.01391511783003807,0.1263754665851593,0.3811860680580139,-0.23187488317489624,0.18299487233161926,0.0075404103845357895,-0.1166255921125412,0.13916249573230743,0.24381737411022186,-0.22954680025577545,-0.051951225847005844
0.003239053127807335,0.012762531495973985,0.08613531730113719,-0.22391838126168245,-0.0194352982966819,0.11958326975412405,0.3843720130571519,-0.22799880634564218,0.16303746661618806,0.016974823482927625,-0.04556189106338835,0.1381613620148073,0.2534829668910745,-0.29050958252772907,-0.01776772613549707,-0.23264643549919128,-0.022627070546150208,0.1339082419872284,0.3732854127883911,-0.22675389051437378,0.21864253282546997,0.014486491680145264,-0.10505539923906326,0.136144757270813,0.24203503131866455,-0.22424082458019257,-0.04116540774703026
0.003990338890466167,0.01670152877807598,0.07517623962430613,-0.23538836096878984,-0.023819522779283106,0.12690146346436745,0.38090562222799207,-0.2164478029352529,0.18471759667026888,0.022752188973463285,-0.05266488607136906,0.15005441709284195,0.2475187698313252,-0.29265879352251506,-0.013284705581994271,-0.23374176025390625,-0.016315840184688568,0.141353040933609,0.36845317482948303,-0.2092471718788147,0.2514004409313202,0.013243580237030983,-0.11932465434074402,0.14049041271209717,0.24803359806537628,-0.21952508389949799,-0.046629540622234344
0.0023844186213458126,0.020662022486816017,0.06605180354840944,-0.24143109139087185,-0.026581697753517878,0.1359844576787563,0.375731906909613,-0.20427197032598815,0.21177846459556907,0.02523289984258834,-0.058095529040971046,0.1600599539579298,0.24623662039091046,-0.2930607395779064,-0.014797495942293343,-0.22361312806606293,-0.020586825907230377,0.14813578128814697,0.3551954925060272,-0.19148162007331848,0.2901647984981537,0.014089599251747131,-0.10819145292043686,0.1362718790769577,0.2560564875602722,-0.22135646641254425,-0.03651976212859154
0.001507041962187716,0.025153153586542396,0.06217355308163297,-0.24120883500650822,-0.028844502464491578,0.1446454211852462,0.36752002804566747,-0.18706590146037716,0.2408326289701434,0.027283696726483755,-0.06308130091513067,0.165165707007201,0.24890604045979195,-0.28897816208019056,-0.01291313740057602,-0.20693397521972656,-0.00784112885594368,0.14950335025787354,0.34461188316345215,-0.17478305101394653,0.32284876704216003,0.009802905842661858,-0.1155250295996666,0.13245271146297455,0.2662598788738251,-0.23297111690044403,-0.037380799651145935
-0.003421552735964985,0.027762156467086754,0.06298329665813311,-0.23473085084088083,-0.03275116043879811,0.15028581312648157,0.3578522018277566,-0.1708423534630399,0.2670674294814284,0.02953086274888352,-0.06613038812315325,0.16521152219848212,0.25825637907922994,-0.28461462789640346,-0.015907049133046334,-0.18615034222602844,-0.008102178573608398,0.15391182899475098,0.3310788869857788,-0.15601514279842377,0.3575551211833954,0.007746974006295204,-0.09944776445627213,0.12107276171445847,0.26769915223121643,-0.2413146048784256,-0.025110803544521332
-0.006589217233163942,0.028741509630304394,0.0669983341904109,-0.2227493774648489,-0.04262712984805298,0.1496234330194175,0.3501031407793834,-0.1752118544457668,0.2884277171141359,0.033088760641862745,-0.07058302710466256,0.1633496314785671,0.2671555597973954,-0.2771981708441556,-0.013878160485781582,-0.16059529781341553,0.010712485760450363,0.15106895565986633,0.3210460841655731,-0.13293100893497467,0.39260223507881165,0.00908870529383421,-0.09688061475753784,0.11117561906576157,0.2649117112159729,-0.24695436656475067,-0.021107399836182594
-0.01092350848157378,0.031884079996166624,0.07181188346776142,-0.20942964221662813,-0.0529461582452645,0.14848121996404245,0.3380578878357372,-0.17904545259873084,0.31010917423073603,0.035958168531301134,-0.07759738791040201,0.15244773699098693,0.26967176626601064,-0.2677166541529806,-0.017768864548015195,-0.15278221666812897,0.003530654590576887,0.15243354439735413,0.30180683732032776,-0.14609329402446747,0.41823849081993103,0.021483395248651505,-0.07655299454927444,0.1034630760550499,0.24532181024551392,-0.24522970616817474,-0.007722530514001846
-0.017333487589267213,0.028168264046315717,0.06718427485468584,-0.19171210839259983,-0.05562382258224293,0.15307472673686567,0.3252858624128205,-0.184113998918141,0.3325737982773483,0.03826418701498123,-0.08359944579956648,0.12969092407959135,0.2600406856203443,-0.24860383982370543,-0.009303888292555025,-0.13931186497211456,0.017616139724850655,0.1368236243724823,0.2697085440158844,-0.14362835884094238,0.42760780453681946,0.027178313583135605,-0.07583577930927277,0.08729708194732666,0.2453985959291458,-0.2479974776506424,-0.013798128813505173
-0.026159621667958963,0.02934243439266638,0.05475051119092385,-0.17073989591770936,-0.05257164799011763,0.16053195954473315,0.3093395858090647,-0.18995737103303373,0.34850878707552413,0.03748923964193001,-0.08390129778257807,0.10672542459730874,0.24924218259283756,-0.24321493025177823,-0.013622144473974085,-0.1151021271944046,0.018794676288962364,0.1329967975616455,0.24839365482330322,-0.1501408964395523,0.4479559361934662,0.025539223104715347,-0.06396329402923584,0.07504880428314209,0.22996476292610168,-0.2361866682767868,-0.00760432705283165
-0.03808761883680771,0.028133297331880868,0.045806062608974,-0.14795575641198308,-0.04671263414171491,0.16481211759857028,0.2888478486621753,-0.19525540574646416,0.3612066630656903,0.03689046921165085,-0.07641391417109825,0.08848543174531852,0.2359732049807856,-0.2355642056163672,-0.008466885926993363,-0.09000097960233688,0.03181653469800949,0.118868388235569,0.22339266538619995,-0.14983461797237396,0.4517402648925781,0.025048311799764633,-0.06208248808979988,0.056761689484119415,0.23079727590084076,-0.2301347404718399,-0.010546930134296417
-0.04971246757182729,0.026260233343879395,0.04147482224417896,-0.12530297895159268,-0.0410947957849766,0.1639432082852306,0.26545597874201227,-0.19544822258960334,0.37027202686570004,0.03543613496645923,-0.06583578093365983,0.06839088408743324,0.22805679838773343,-0.22909338941864696,-0.010220387948039379,-0.07319048792123795,0.026412874460220337,0.11465441435575485,0.20571330189704895,-0.15890079736709595,0.4433513283729553,0.024071700870990753,-0.04623059928417206,0.04062879830598831,0.22736898064613342,-0.21829260885715485,-0.0032948581501841545
-0.060900911585041594,0.021865899563821574,0.041408082439037576,-0.10386635916232738,-0.034296550847659785,0.15778222118927202,0.24330212666994422,-0.191895649069691,0.3727362120557072,0.03446736723754526,-0.051890131196159595,0.05028547923231577,0.22454479600016058,-0.2198071314761968,-0.0039038032819400017,-0.060968007892370224,0.02968272753059864,0.10372520983219147,0.18808074295520782,-0.16141019761562347,0.41913357377052307,0.023857910186052322,-0.04270004481077194,0.025337735190987587,0.23299971222877502,-0.20534682273864746,-0.004739666357636452
-0.07110242366389515,0.02006642583604863,0.04718703758755135,-0.08473585204002966,-0.027119000255479263,0.1469859531175405,0.22273101371476847,-0.186061917519979,0.36529867851405207,0.032039174097821234,-0.03789934593986551,0.03213386786280749,0.22641217412573916,-0.20872776682400176,-0.0041727926654471035,-0.05316837131977081,0.022767551243305206,0.1018839105963707,0.17099978029727936,-0.1649884581565857,0.393155962228775,0.024060532450675964,-0.02970423921942711,0.01587708294391632,0.23147323727607727,-0.1926230937242508,0.0020751720294356346
-0.08209296930454707,0.016135672199896593,0.058510705769240806,-0.06800240552749108,-0.020549112285071038,0.13385304686864202,0.20391905081814743,-0.1794658059435932,0.3496038484480145,0.029330008915546987,-0.025309803604465702,0.01920262431600062,0.22832824419969686,-0.19677670452315876,0.0018709754707443343,-0.04339154064655304,0.0329570434987545,0.08977865427732468,0.16094227135181427,-0.16276076436042786,0.3851846754550934,0.02532494254410267,-0.028808971866965294,0.006631745025515556,0.23342399299144745,-0.18594375252723694,0.00205898005515337
-0.09062464354964354,0.016210661216942496,0.07055034634357613,-0.054563937301678,-0.01628124071489019,0.11960591107516692,0.18959537083744238,-0.17459001401283128,0.33452922943278995,0.027064966861900346,-0.016025135665433246,0.008036455920238706,0.229384250546714,-0.18826756674625128,0.002643852130074644,-0.039985913783311844,0.02832537144422531,0.08767708390951157,0.1547400951385498,-0.16163913905620575,0.38262686133384705,0.02433069422841072,-0.019339291378855705,0.003072153776884079,0.23852187395095825,-0.19043047726154327,0.005530310794711113
-0.09547490151838378,0.014398179232123031,0.08245692960429765,-0.044230857717701806,-0.015305969431829788,0.10722525790834717,0.18068755552144564,-0.17287633726575785,0.3261286544105162,0.023436025948501756,-0.010057333790990901,0.002460920790136079,0.23226741773929238,-0.18811426664970055,0.005625459977638649,-0.037884607911109924,0.03669179603457451,0.07359902560710907,0.1471491903066635,-0.16317585110664368,0.3850128948688507,0.023501422256231308,-0.021138902753591537,5.824863910675049e-05,0.24423477053642273,-0.1918262243270874,0.0042402781546115875
-0.09906126913560481,0.013007388796614956,0.09081417389538761,-0.0364975339501215,-0.0168702079069473,0.0956630392834001,0.17631502627640822,-0.17467484812256567,0.3236050278090641,0.019639504512812368,-0.007120830820575635,-0.001741270674699887,0.2349666916718886,-0.18946984751445564,0.004814654687910048,-0.02891278639435768,0.03963598236441612,0.06586843729019165,0.15128843486309052,-0.1712704598903656,0.39795199036598206,0.01860206015408039,-0.01831240952014923,0.0017443299293518066,0.24567215144634247,-0.20351077616214752,0.004584807902574539
-0.10162329667590404,0.011760514755214271,0.10390685900785655,-0.030028744491218604,-0.019526161555992946,0.08608281735018641,0.1770126698616608,-0.17989803995529452,0.327338181441622,0.01671078537207616,-0.005245811807402426,-0.001950585068017726,0.23737829055982868,-0.1967715019293853,0.004925873910302013,-0.026248343288898468,0.04202597588300705,0.05726992338895798,0.15393118560314178,-0.17700815200805664,0.40531110763549805,0.01632179692387581,-0.02094411291182041,0.0063723353669047356,0.2524678111076355,-0.2140088677406311,0.005745595321059227
-0.10437544680359184,0.010561945677587888,0.11162080497838349,-0.024245175812288675,-0.02256516433802995,0.07872543230966401,0.18091625613329584,-0.18737626390550122,0.3341153635893868,0.01321480149782364,-0.004688326342447532,0.0002460402242609322,0.2410793751084187,-0.20663039469659697,0.006008159163605016,-0.016725189983844757,0.04132929444313049,0.052768174558877945,0.16182754933834076,-0.1897890269756317,0.40368232131004333,0.010994861833751202,-0.021049970760941505,0.009444238618016243,0.255079984664917,-0.22767232358455658,0.008625270798802376
-0.1066584789146173,0.009166156687863556,0.11712702357512823,-0.017735185848706845,-0.024432319076780225,0.07297932033870759,0.18663232472819566,-0.19731375153879357,0.3383003385916688,0.01023821413518717,-0.004978457953084614,0.0034593180560810823,0.24489997365974447,-0.21875694725947573,0.008631700667151583,-0.008851125836372375,0.04008813202381134,0.04449617862701416,0.16731274127960205,-0.19522568583488464,0.3878254294395447,0.006670717149972916,-0.021531589329242706,0.007770712487399578,0.25841498374938965,-0.23722921311855316,0.007503869011998177
-0.10809180172263924,0.006322602059644873,0.12347288390823957,-0.010877844884238142,-0.02441769787472624,0.06765981466663874,0.19249792628128307,-0.20684933715239145,0.3342916167255797,0.007419818512849868,-0.006738810618006572,0.004117476542848484,0.24841227854910014,-0.22948684561702273,0.007871396833269383,0.0005751475691795349,0.040729548782110214,0.04022442549467087,0.1754196584224701,-0.20141524076461792,0.37642723321914673,0.0033524706959724426,-0.023255299776792526,0.010994242504239082,0.2591128349304199,-0.24680139124393463,0.010304423049092293
-0.1098512876931336,0.004511060338983671,0.12756301328165645,-0.0035368944454071145,-0.023191858148898962,0.0626647513490359,0.19790491851644643,-0.21601112729996688,0.32432166737148277,0.00493348184521423,-0.009081400652988354,0.005960441066484166,0.2509107249491536,-0.23927528336598147,0.010275728147381962,0.01120312511920929,0.038765378296375275,0.03374548256397247,0.1826866865158081,-0.20493386685848236,0.34812742471694946,0.00034277699887752533,-0.021745387464761734,0.0055315569043159485,0.25978994369506836,-0.25302109122276306,0.009637987241148949
-0.11092472169312302,0.002926874969126824,0.13246546628620898,0.004280886429282728,-0.020974273456701907,0.05659589833699885,0.2028366307383157,-0.22593596709142563,0.30783739817126315,0.003247376979653678,-0.012461212478820802,0.00493633473615211,0.2523400464189105,-0.24677101953716152,0.00978214493768592,0.02208475023508072,0.043582409620285034,0.02503163181245327,0.19536790251731873,-0.20082193613052368,0.33161237835884094,-0.0053300075232982635,-0.02624465338885784,0.008157302625477314,0.25912851095199585,-0.2633766531944275,0.011019699275493622
-0.11131302592946991,0.0012157152371117383,0.13962126090792243,0.010842004160755057,-0.018744230496542873,0.050034541959409116,0.20845209776735169,-0.23369528383096894,0.28888461227966716,0.0012098731883772964,-0.01609283392048616,0.0051193065004025646,0.25358949001674064,-0.25564706727507974,0.01101268686063959,0.02991856262087822,0.04218217730522156,0.016398314386606216,0.2022647112607956,-0.20259860157966614,0.2973792254924774,-0.007405277341604233,-0.02174680307507515,0.0037346836179494858,0.2549254894256592,-0.2693565785884857,0.009215602651238441
-0.1097964052929195,-1.4733395676817589e-05,0.1478685488255856,0.017235519108143155,-0.015915334360524617,0.04136088734143515,0.21341685903394522,-0.24159775332514208,0.2659863548503649,0.0002779853975217331,-0.019089296705414073,0.004309989261199216,0.25207143482443306,-0.26270087495278266,0.009322751245622526,0.03576058894395828,0.04626193270087242,0.008597716689109802,0.2074613869190216,-0.20785877108573914,0.27419641613960266,-0.009241983294487,-0.02410195767879486,0.006155161187052727,0.24927277863025665,-0.27474498748779297,0.01091056875884533
-0.11215884953713111,-0.0006136603608211804,0.15659309497433552,0.023008647516846083,-0.012710393580018402,0.03209000058487294,0.21757177123683888,-0.2481124709767623,0.24212702607806247,-0.0010797284621839368,-0.02086014033253984,0.005010990622899544,0.2486035100509047,-0.26853861398729134,0.010704375394184819,0.04191166162490845,0.04623393341898918,-0.00027923472225666046,0.2134615182876587,-0.20689889788627625,0.23586468398571014,-0.010201197117567062,-0.021298345178365707,0.003431311808526516,0.24092380702495575,-0.2771124839782715,0.008882848545908928
-0.10964509362109333,-0.0016062208747508367,0.16617567435137937,0.02801505046445961,-0.00778755502003607,0.0220415527797286,0.2214259394118381,-0.2502758618392377,0.20918946891667908,-0.001838743102386728,-0.021943362378413416,0.004639572978199337,0.24249577786767423,-0.2722546272800656,0.008973315428618681,0.04651852697134018,0.05001381039619446,-0.006474591791629791,0.21730920672416687,-0.2077208310365677,0.20587430894374847,-0.011970052495598793,-0.022589821368455887,0.005336407572031021,0.23236528038978577,-0.2799784541130066,0.009153623133897781
-0.1101066286799281,-0.0026864028743012096,0.17566763055770962,0.03467834450759698,-0.003328004657379149,0.011898713954307735,0.22180664458986651,-0.2558289481848714,0.17950680833876237,-0.003971161260879049,-0.022068182035365244,0.005125125176372051,0.23538443751505544,-0.2752933168241452,0.00907768803619932,0.05603361874818802,0.051823489367961884,-0.014669540338218212,0.23061099648475647,-0.20183411240577698,0.16785025596618652,-0.013349935412406921,-0.02233271859586239,-0.0005502719432115555,0.22018367052078247,-0.27757537364959717,0.00443289615213871
-0.11014649363723245,-0.0028345759736305098,0.18444808858632192,0.039279903071068975,0.0021455906289522303,0.0006786778101256679,0.22453571434666347,-0.2596790213061879,0.1435443772050482,-0.005500470889364099,-0.02230745790816288,0.0023814632096087686,0.22542008638240102,-0.27518383704829036,0.004907073176346753,0.05642066150903702,0.052034955471754074,-0.014405541121959686,0.23217813670635223,-0.20412777364253998,0.13365352153778076,-0.014108622446656227,-0.01967468485236168,0.00167945958673954,0.21305355429649353,-0.2793494462966919,0.005097425542771816
-0.1074211656329156,-0.005027094267941869,0.19246722737157665,0.04459025975833775,0.006413882108809498,-0.008088846625556097,0.22698437818632763,-0.26395864722624557,0.10861845241368179,-0.008893630395281852,-0.022795814300951553,0.0029112386147909126,0.21658804907306306,-0.27592140807812615,0.004959862434046529,0.060989364981651306,0.05841923877596855,-0.019909251481294632,0.24337852001190186,-0.20218467712402344,0.10126830637454987,-0.015396574512124062,-0.020319800823926926,-0.0011687912046909332,0.19930198788642883,-0.2765536904335022,-0.000218022963963449
-0.10419052695865595,-0.007137132662646298,0.19963233325096674,0.048870380166108326,0.007094918817727398,-0.015438943953836864,0.23402812809698817,-0.2721132410561104,0.09437614182884131,-0.011217971389617972,-0.023459548433835766,0.002036257837125392,0.20444225061847696,-0.27425666597093334,0.00014249682577755139,0.060304559767246246,0.05952088534832001,-0.020234668627381325,0.24957802891731262,-0.20449352264404297,0.06328452378511429,-0.015551000833511353,-0.018750088289380074,0.001202080398797989,0.1910887360572815,-0.27343714237213135,8.229410741478205e-05
-0.09927578945093951,-0.01034692908241121,0.2053192208292736,0.05249817852955,0.006283398034143525,-0.019514030925693687,0.2435324134728969,-0.28145132943641954,0.0850831480974384,-0.014444549179291768,-0.022727633751637007,0.00304492625208761,0.19238510824746607,-0.2711712851545189,-0.0002328356634347329,0.05376305431127548,0.055546678602695465,-0.01202383078634739,0.26387879252433777,-0.2161080539226532,0.035218846052885056,-0.013743091374635696,-0.016307391226291656,0.005810481496155262,0.17506583034992218,-0.2582160234451294,-0.005632362794131041
-0.09335024847879297,-0.01518270433602291,0.207926650487928,0.05480707162663157,0.009378739705773607,-0.022867497478612824,0.25679241863974134,-0.2921366507783449,0.060958950661342735,-0.01931586580945496,-0.01952304135574429,0.006499778427958978,0.18588365975066767,-0.25064467481768266,-0.0018005458330288225,0.05043579638004303,0.047265492379665375,-0.00439794547855854,0.2913699448108673,-0.23446673154830933,0.005194632336497307,-0.016753293573856354,-0.01726590096950531,0.015144270844757557,0.15952594578266144,-0.24548768997192383,-0.017731430009007454
-0.08630873085059082,-0.020531253889519287,0.21191330245668294,0.05506781043939388,0.01424047502094308,-0.026787876361547894,0.27531568549120844,-0.29925452066419855,0.02565918691910188,-0.017317635169537163,-0.016674011539697293,0.008529364679265615,0.1881645093749133,-0.22647607899479483,-0.01252230435163582,0.024721208959817886,0.04169173538684845,0.006711961701512337,0.3111565411090851,-0.24384239315986633,-0.0025849491357803345,-0.005317650735378265,-0.018080545589327812,0.03444448858499527,0.1682775467634201,-0.21098798513412476,-0.01014601532369852
-0.07694543548084609,-0.022421250969445177,0.20815842662086617,0.04790830758807609,0.01601004060943122,-0.021645125943666965,0.298060300439702,-0.294993491821991,0.009464086534149116,-0.017765798921031882,-0.01668591727954041,0.01614133133502452,0.18755096778492414,-0.2039711331528329,-0.006773628685362989,0.013024359941482544,0.03496304899454117,0.0015817955136299133,0.33147186040878296,-0.26575106382369995,-0.03291930630803108,0.003119196742773056,-0.017625749111175537,0.03593692556023598,0.17984572052955627,-0.19418130815029144,-0.021111592650413513
-0.06909803858137542,-0.023771642010103636,0.20200406198084433,0.040631499789680135,0.0217296904754686,-0.01650449733051265,0.3234371905143661,-0.29487258427084256,-0.021056990239618285,-0.018071697368281885,-0.01358489883691878,0.022904021783983056,0.18951930749197615,-0.18746356000361655,-0.009282149648896643,-0.004653390496969223,0.02479364350438118,0.019140074029564857,0.3501339554786682,-0.27659377455711365,-0.04013855382800102,-0.00012966524809598923,-0.02552245371043682,0.05686337500810623,0.17529571056365967,-0.1769036203622818,-0.021975206211209297
-0.060187262335325294,-0.024014683160557392,0.19401469439242738,0.03280432693512383,0.02480644221776987,-0.00813628260985421,0.3450029900969947,-0.2914698255009315,-0.03430050599974149,-0.021861615812704682,-0.01234225604935308,0.03213232560025335,0.19298569963899564,-0.17044651096864197,-0.007945336601728248,-0.015993863344192505,0.025409355759620667,0.014840232208371162,0.35821011662483215,-0.27575376629829407,-0.041727494448423386,0.0013982942327857018,-0.02218838408589363,0.05937213450670242,0.18643811345100403,-0.18223395943641663,-0.024311793968081474
-0.05170288509050271,-0.022718622243988167,0.18957088385329898,0.023741162079255206,0.027050539898550635,0.00042025080941703464,0.3615963535371065,-0.285596096585811,-0.038834104014000684,-0.024156522011278027,-0.012230330792335957,0.036455998180453295,0.2002647141652077,-0.16582265273169622,-0.007244528694713627,-0.028725475072860718,0.019220955669879913,0.0289938822388649,0.3708859980106354,-0.280344158411026,-0.03935379907488823,-0.004868590272963047,-0.03071565553545952,0.0740441232919693,0.18449611961841583,-0.1776094287633896,-0.03170415386557579
-0.044066434749293726,-0.018909324568449928,0.1888538864461872,0.012167498472516063,0.030674079084651456,0.013212455646972893,0.37230240488436794,-0.2793595322310763,-0.03884355424000583,-0.02655783335299403,-0.011755914725078885,0.03791823129524092,0.20838591172402873,-0.1691848457004829,-0.006951926724991638,-0.04990044981241226,0.024153396487236023,0.029000669717788696,0.38178473711013794,-0.28247591853141785,-0.045858364552259445,0.002989804372191429,-0.04450514167547226,0.08307108283042908,0.2055419236421585,-0.1858016401529312,-0.04636925831437111
-0.03955953661541877,-0.014907053556303807,0.1886643882735678,-0.0029882153265536416,0.03245810595112745,0.02082884758369212,0.3814932917501005,-0.277836446466247,-0.044753922643693225,-0.029197435854850944,-0.00945459977593538,0.037138021562848005,0.21951446101132366,-0.18184956545736145,-0.015019605927592956,-0.06743323802947998,0.022785112261772156,0.038862112909555435,0.3919365108013153,-0.2881675064563751,-0.0395633764564991,0.00405900739133358,-0.056250378489494324,0.09366561472415924,0.21364256739616394,-0.19645163416862488,-0.046592000871896744
-0.03386908221177684,-0.0113530003507682,0.18696389289676224,-0.019016530950106393,0.03008998302067653,0.029881032402445332,0.3898420216687337,-0.2810414454774309,-0.03984778209058663,-0.030165594304794326,-0.009966584095180208,0.03893274344161313,0.22933778118824188,-0.19399572874536922,-0.016970194335763987,-0.089848592877388,0.020187683403491974,0.041189927607774734,0.40397879481315613,-0.29366448521614075,-0.026570316404104233,0.010507909581065178,-0.05723082646727562,0.10149148851633072,0.2286238670349121,-0.20160163938999176,-0.049010805785655975
-0.02829960582205071,-0.00875896352126289,0.18392732239737228,-0.037577974532656495,0.024857725481284006,0.03693572035739962,0.4009764526473554,-0.28636926677697117,-0.027974005805150668,-0.029561230665418832,-0.011271769353678693,0.042602818085624515,0.23873872434442808,-0.20612432580977685,-0.017336919744418557,-0.11303979903459549,0.01768692582845688,0.05149577185511589,0.4067762792110443,-0.28780707716941833,-0.010775070637464523,0.004554633051156998,-0.06860381364822388,0.10943897068500519,0.2353404015302658,-0.21838262677192688,-0.05201506242156029
-0.022538778503525227,-0.006788142290454169,0.17833337953932654,-0.058241078475948484,0.017847644380167567,0.04613858291811436,0.40896022827310896,-0.28453563671291665,-0.012740651908418128,-0.030377376255153,-0.013497295750379537,0.04944062297206159,0.24943454454085773,-0.2189121625198276,-0.019263100656205963,-0.13322924077510834,0.01401425153017044,0.06121025234460831,0.4191581904888153,-0.2916329801082611,0.02034946344792843,0.009110072627663612,-0.07165861874818802,0.11605283617973328,0.2370607852935791,-0.21516406536102295,-0.052246857434511185
-0.016882875366313745,-0.0037058660500003397,0.1711154104424888,-0.08095912797908801,0.012613320704120136,0.055981130055620075,0.41720930561421876,-0.2857779006626662,0.016587908479727242,-0.027460223802574554,-0.014841750916663753,0.057143288056226024,0.2540795551687952,-0.2286430810216104,-0.017865324779678966,-0.15121756494045258,0.010187745094299316,0.0685071349143982,0.416166752576828,-0.2907991111278534,0.045836441218853,0.011119762435555458,-0.07803498953580856,0.11634982377290726,0.2435246706008911,-0.22014150023460388,-0.054969701915979385
-0.013422653730327508,-0.0016490871333298632,0.16330748506462572,-0.1029958825216195,0.006835243174961219,0.06462294222924621,0.41992286862267214,-0.28600568859474235,0.042434268727921276,-0.022850713241101415,-0.016230368475215556,0.06606098506092678,0.25738945712460765,-0.2385856376476019,-0.01966197354553387,-0.16689257323741913,0.00544581888243556,0.07714469730854034,0.4148276150226593,-0.27843761444091797,0.07048831880092621,0.004002554342150688,-0.08523708581924438,0.12146588414907455,0.24287310242652893,-0.2266066074371338,-0.05368242785334587
-0.008615665920424582,0.0008722097321732966,0.1532177430238357,-0.12659848294855044,0.0003872783500968082,0.07368599233157747,0.41757009497022685,-0.2785376306433434,0.0671162914708233,-0.019029554686150616,-0.01940942044949971,0.07626366671695184,0.25973393147398,-0.24787350949310982,-0.019965347743872833,-0.17583100497722626,-0.002011400181800127,0.08691076189279556,0.41457295417785645,-0.28007379174232483,0.0974595844745636,0.008468329906463623,-0.08279328793287277,0.12394688278436661,0.2417304813861847,-0.22848471999168396,-0.05004548653960228
-0.005130179777517253,0.0019156301589845735,0.14350010125102228,-0.14752095946739796,-0.00441946255199822,0.08254890965814776,0.4133027169357507,-0.2766674752308038,0.09388265922321717,-0.011434379136205305,-0.02248123360686841,0.08736411073542177,0.258820258527246,-0.25592585945794716,-0.01760545883624128,-0.19348770380020142,-0.0027734083123505116,0.09518890827894211,0.41125014424324036,-0.2679353952407837,0.11345988512039185,0.0052945371717214584,-0.09985675662755966,0.12776418030261993,0.23897261917591095,-0.22445832192897797,-0.058764707297086716
-0.002403854887615338,0.003427988347897034,0.13298236221164372,-0.16986934269247175,-0.008175064637217904,0.09110721778479373,0.4081528325050256,-0.26865804526885995,0.11101785756557594,-0.004839166225027995,-0.025283012013312723,0.09856324313920437,0.25820184371976773,-0.26436626656957635,-0.01989067956219547,-0.205081969499588,-0.013044402003288269,0.10843741148710251,0.4002651870250702,-0.25692930817604065,0.14331620931625366,0.005324423313140869,-0.0926021859049797,0.1273152381181717,0.2360764443874359,-0.22557875514030457,-0.04778126999735832
-0.001247937845569237,0.006321208880014489,0.1214464671441734,-0.19068866744555635,-0.012006107146541847,0.1009462149502978,0.39857201579519813,-0.25855784271164084,0.13960296431715066,0.0020590394492477552,-0.030185870430018236,0.11022636210729429,0.25464767716774434,-0.2690248507505899,-0.015350458646672812,-0.2166905701160431,-0.012674745172262192,0.11521986126899719,0.3938177525997162,-0.2481585294008255,0.1603168100118637,0.007660442963242531,-0.11023905128240585,0.13364875316619873,0.2307218611240387,-0.22134174406528473,-0.056761547923088074
-0.001059889404540656,0.00712789567808668,0.1126884966981702,-0.21006467445456992,-0.015014163077555648,0.10978605892178668,0.38779975430293473,-0.24923231086189648,0.15774855026726342,0.009966445516611465,-0.0343521211091872,0.12043046201517138,0.25049166917054533,-0.27480722230181515,-0.01739256795173581,-0.22636011242866516,-0.0215061716735363,0.12692967057228088,0.3797200322151184,-0.23049619793891907,0.1880825310945511,0.007271856069564819,-0.10369671136140823,0.13417619466781616,0.2365991622209549,-0.21837715804576874,-0.04654887318611145
0.00330608129475772,0.01073093263352728,0.10274117979247892,-0.22859557947080278,-0.020010743332430254,0.1183313780018532,0.3820845527503202,-0.22564216426661926,0.16517262643237487,0.016241718312268734,-0.0416059488277379,0.1327165633845877,0.24651426574160337,-0.28013935888190433,-0.015961067173376083,-0.24226878583431244,-0.023474939167499542,0.1348561942577362,0.3720693290233612,-0.22746065258979797,0.22122789919376373,0.012542366981506348,-0.1067669466137886,0.13492579758167267,0.23484624922275543,-0.21668924391269684,-0.04468857869505882
0.006203899510212412,0.014556823473214216,0.08945296232038479,-0.2420080103434929,-0.024559441344527123,0.1269229580597648,0.3767178350306442,-0.21873567273589611,0.18478183264150325,0.021414389681468207,-0.048677771395784115,0.14547908730723566,0.24129537381442387,-0.28392259068309733,-0.014461909976897981,-0.24341556429862976,-0.022962693125009537,0.1445482075214386,0.36323243379592896,-0.21377995610237122,0.25677919387817383,0.018376369029283524,-0.11145253479480743,0.13914063572883606,0.24939289689064026,-0.21172408759593964,-0.04231661930680275
0.008074558190778357,0.020236146126496282,0.0803159991029288,-0.24957937467098223,-0.02863196125179114,0.13681591539051594,0.3729783210086934,-0.2051534517190408,0.21382004166887766,0.024171299576159707,-0.055808317775462184,0.15694914862449433,0.24169692255222266,-0.2850035991182531,-0.01308551011258132,-0.2338574379682541,-0.021081577986478806,0.1518477201461792,0.3540194034576416,-0.1895979642868042,0.2938716411590576,0.011109758168458939,-0.10966278612613678,0.1378185898065567,0.2563726007938385,-0.21102778613567352,-0.03963364660739899
0.006177406669738516,0.021437537457389695,0.07464484788105707,-0.2501516404519919,-0.030486681210091807,0.1467180124368216,0.3641113711454191,-0.187667988796326,0.24483086247881813,0.02538858606886378,-0.060596156226528315,0.16403209876102923,0.2478252933682831,-0.28194712609873446,-0.013025482430970152,-0.22455888986587524,-0.017691196873784065,0.15270152688026428,0.3408696949481964,-0.17829011380672455,0.32200995087623596,0.00880405679345131,-0.10992776602506638,0.13195452094078064,0.25511422753334045,-0.2236184924840927,-0.03446805477142334
0.0037608714637898948,0.024608797953400423,0.07656835113705221,-0.2463602185731177,-0.03275628447616567,0.15242529812748942,0.3546374967478848,-0.1723088220020764,0.27091294075548333,0.028915741954933693,-0.06411023185916928,0.16401563084263823,0.25376132367328935,-0.2768123450681092,-0.013453212487945657,-0.19996283948421478,-0.0060504344291985035,0.15395820140838623,0.3276905119419098,-0.14966988563537598,0.35746970772743225,0.005929667502641678,-0.10569102317094803,0.12261007726192474,0.26454341411590576,-0.23680169880390167,-0.03121042624115944
-0.0005107182279622246,0.027128970726079445,0.07850536912368809,-0.23668491469156558,-0.036881265760618655,0.15575545568292665,0.34238572813067436,-0.1506705028965896,0.2944491127098898,0.03257850383709274,-0.06658553987599682,0.16103909380916956,0.2628453657931259,-0.2722801214409851,-0.016810081586809474,-0.17676979303359985,-0.0010462072677910328,0.1554306447505951,0.31159499287605286,-0.13555555045604706,0.388090580701828,0.006911143660545349,-0.09439872205257416,0.11227776110172272,0.261074960231781,-0.24534262716770172,-0.020848305895924568
-0.005184189796544801,0.027691257144357294,0.08266932898039038,-0.22256383009978523,-0.04687735683679224,0.15492135747526933,0.33345595818733154,-0.15996496991409198,0.3119436849397857,0.03622548476895793,-0.07393194150549065,0.15106674834933928,0.26747228403292983,-0.26600912642620056,-0.017577659935474024,-0.15950347483158112,0.014076504856348038,0.14983367919921875,0.29845860600471497,-0.12416467815637589,0.4226066768169403,0.019267728552222252,-0.08258039504289627,0.10731948912143707,0.25567442178726196,-0.24915839731693268,-0.011352237313985825
-0.009609508889551359,0.028109540894195616,0.08067628504761507,-0.20526545272662416,-0.05285880090937042,0.1587724833704629,0.32244367365890003,-0.16690482313815883,0.33241300437752386,0.03856230266577071,-0.08193617327958198,0.13271292150988323,0.263401044234123,-0.25271079283974673,-0.012243456513618883,-0.15103189647197723,0.012423234060406685,0.14414137601852417,0.2779504954814911,-0.13486029207706451,0.43591591715812683,0.025153139606118202,-0.07224709540605545,0.09626909345388412,0.23839394748210907,-0.24328093230724335,-0.011709535494446754
-0.018226948953024857,0.02584732201523808,0.07163229980140533,-0.18547526660100894,-0.051758486359626724,0.16515439325055284,0.3105235415681155,-0.17630919529625683,0.35085531356956356,0.040074605875706965,-0.0828354700947202,0.11361955928234348,0.2506276885066175,-0.2413851350666199,-0.012158158295276594,-0.12706859409809113,0.026466406881809235,0.1337224245071411,0.2489638328552246,-0.1370762437582016,0.4545067548751831,0.025809306651353836,-0.07008299976587296,0.08228819817304611,0.2367214858531952,-0.24073322117328644,-0.011077482253313065
-0.027265054508306675,0.026346485033786296,0.06184369782185886,-0.16350698544313336,-0.04822771894743108,0.17018033230370866,0.292506099429042,-0.18256327056681762,0.36555550787475416,0.03874653297211655,-0.07816758250097333,0.09588606500149878,0.23917734068947305,-0.23694075266818793,-0.011382886137908976,-0.10539516806602478,0.03247775137424469,0.12774008512496948,0.22788241505622864,-0.14009292423725128,0.471646785736084,0.02365046553313732,-0.06179673224687576,0.07171190530061722,0.22782129049301147,-0.2324523776769638,-0.008569533005356789
-0.03825928451897113,0.02412617729944125,0.05589865475101141,-0.14107499117765246,-0.04349688549358475,0.1714811071845656,0.27158454130826964,-0.18341397487752734,0.37889054193238064,0.03719412181042567,-0.06804113475962374,0.08059601630693278,0.2294452734370813,-0.23080267020737416,-0.00889601669546793,-0.08636973798274994,0.035797324031591415,0.11346948891878128,0.1992865353822708,-0.1614815592765808,0.46520042419433594,0.027608059346675873,-0.053435035049915314,0.04950655251741409,0.22588863968849182,-0.22485287487506866,-0.008255690336227417
-0.05021289082567552,0.02232930427715911,0.05554620177310961,-0.11788792801728057,-0.037448165101486214,0.16617484454749565,0.24963262184655538,-0.18290600238990704,0.3863263135029219,0.037350153615786225,-0.05492535142140064,0.06064818996958274,0.2228409773077965,-0.2242368907441577,-0.008133086436105144,-0.0687471255660057,0.03351767733693123,0.10619965195655823,0.19015410542488098,-0.1543974131345749,0.4434073865413666,0.021998684853315353,-0.044501688331365585,0.03581918776035309,0.23163200914859772,-0.21382613480091095,-0.004647381603717804
-0.06111279926707052,0.017254425872468154,0.060502613022079724,-0.09713802053822546,-0.0299490875046136,0.15653287386885956,0.22887396050085176,-0.17833278980832687,0.38221234441530894,0.03412592026963824,-0.040662916672642525,0.04243296216048813,0.22470205369633955,-0.21552564329714383,-0.00459663140883564,-0.06085805594921112,0.027324559167027473,0.10202305763959885,0.16743414103984833,-0.1584463268518448,0.41212552785873413,0.023418016731739044,-0.031151406466960907,0.023464251309633255,0.23485152423381805,-0.19920149445533752,-0.0011240335879847407
-0.07090631613652118,0.014965954071575343,0.070009937686607,-0.07806104424555232,-0.02247722797964339,0.14284167720467425,0.20787433662603103,-0.17205729719776683,0.36651857900292056,0.030267379553713968,-0.02716745639602539,0.02769317843915125,0.22834382454478963,-0.20347132219887074,-0.0010286450129600056,-0.04625803232192993,0.03588659316301346,0.09110023081302643,0.16449451446533203,-0.15101778507232666,0.39924386143684387,0.021264083683490753,-0.03137589991092682,0.014869999140501022,0.2364186942577362,-0.19277064502239227,0.0015032488154247403
-0.07974034462314801,0.0128225250583713,0.08295945626467538,-0.0625245043098486,-0.0166297538474636,0.1267036565859325,0.19116196197359803,-0.16696969904830777,0.3486805620296066,0.026846599896701667,-0.016428248218981735,0.015489202266045122,0.23174171248347555,-0.1949140564198523,0.0019322807845641487,-0.04265521466732025,0.027623387053608894,0.08999346941709518,0.15512961149215698,-0.1511794924736023,0.3866063058376312,0.023365935310721397,-0.017522213980555534,0.0070308297872543335,0.23974505066871643,-0.18991075456142426,0.004941798746585846
-0.08640025200365448,0.010244815773182729,0.09706510253077322,-0.05008235019897577,-0.0133985473491561,0.11142943681373359,0.17971448181580815,-0.16390225069653339,0.3352633358468071,0.02342430737543152,-0.008979022066325202,0.007780163556387805,0.23465337225484487,-0.19041073096632685,0.005060215459562873,-0.041830677539110184,0.03466257452964783,0.07691792398691177,0.13968202471733093,-0.1566677838563919,0.36971887946128845,0.024651408195495605,-0.01923980936408043,0.004233525134623051,0.24368232488632202,-0.19079293310642242,0.00419722031801939
-0.09115480386717867,0.00996492545378578,0.1098537608658207,-0.039821939601700704,-0.012518917324947842,0.09748393437076552,0.1714046927761575,-0.16336900889366343,0.32335936140006,0.01984470802090368,-0.005260926199348047,0.0027324290553965244,0.2365074201291718,-0.18953620413536565,0.004761405349206879,-0.034194767475128174,0.03912995010614395,0.0688067227602005,0.14650031924247742,-0.15748827159404755,0.38953080773353577,0.01972709596157074,-0.017206484451889992,0.008403356187045574,0.24458685517311096,-0.20098945498466492,0.005629450082778931
-0.09382967850374703,0.009166290375828402,0.12068041469185833,-0.03326237437717772,-0.01389782950110871,0.08602520881973225,0.1701560138014173,-0.1667765294346677,0.3209552103000856,0.016076889807808584,-0.003403082037904949,0.0033225236573357656,0.23771758925562136,-0.19548686407304935,0.005917013472763814,-0.027673618867993355,0.04576119780540466,0.05795252323150635,0.1462486833333969,-0.16627784073352814,0.3986225426197052,0.01694982498884201,-0.019644903019070625,0.008898019790649414,0.24989458918571472,-0.21155861020088196,0.0063836341723799706
-0.09560385849330072,0.009720693219994756,0.12985031509651995,-0.026831352315462676,-0.017035100932314435,0.07721301019608916,0.1729968259041896,-0.17434782680180483,0.3268412099245366,0.012885486010648452,-0.004012427505859366,0.004640921578150365,0.23967478453649285,-0.20457101892039817,0.006629145822203818,-0.020028889179229736,0.045517679303884506,0.05268140882253647,0.1542009860277176,-0.1764436662197113,0.3999529182910919,0.01239725574851036,-0.01913028210401535,0.013826612383127213,0.2516886591911316,-0.22593140602111816,0.007685232907533646
-0.09613940736674864,0.006979820941946003,0.13805021703266973,-0.019862501204178235,-0.01908849143654019,0.07082103498441879,0.1787305940873998,-0.18557789959802826,0.33275302607064605,0.010023039827852374,-0.004827949695335094,0.008167027329585026,0.24205407555239794,-0.2168176422199259,0.00780225722963391,-0.010234512388706207,0.045122597366571426,0.04333917796611786,0.16256360709667206,-0.1855739951133728,0.3880193531513214,0.007589961402118206,-0.020864320918917656,0.01348375529050827,0.2554005980491638,-0.2357185333967209,0.0072271451354026794
