train_base_euler_roll,train_base_euler_pitch,train_base_euler_yaw,train_dof_pos_0,train_target_dof_pos_0,train_dof_pos_1,train_target_dof_pos_1,train_dof_pos_2,train_target_dof_pos_2,train_dof_pos_3,train_target_dof_pos_3,train_dof_pos_4,train_target_dof_pos_4,train_dof_pos_5,train_target_dof_pos_5,train_dof_pos_6,train_target_dof_pos_6,train_dof_pos_7,train_target_dof_pos_7,train_dof_pos_8,train_target_dof_pos_8,train_dof_pos_9,train_target_dof_pos_9,train_dof_pos_10,train_target_dof_pos_10,train_dof_pos_11,train_target_dof_pos_11
0.03910978138446808,-0.037447452545166016,0.02322581224143505,-0.009235217235982418,-0.03476819023489952,-0.04152408242225647,-0.04952910542488098,0.004577369894832373,0.0037099088076502085,0.048934005200862885,0.057038478553295135,-0.02745475247502327,-0.03959587961435318,0.15000000596046448,0.2760724127292633,-0.018028516322374344,-0.02816617861390114,0.026799893006682396,0.05622730031609535,-0.009577106684446335,-0.01921171322464943,0.029924871399998665,0.04929108917713165,-0.07535077631473541,-0.11732062697410583,0.0009790598414838314,0.001957421191036701
0.040123529732227325,-0.026768207550048828,0.03121030144393444,-0.03986616060137749,-0.014992647804319859,-0.014543494209647179,-0.05658455938100815,0.0010754182003438473,0.009189804084599018,0.02968544140458107,0.065555140376091,-0.016529083251953125,0.0046874647960066795,0.15000000596046448,0.33021193742752075,-0.025766784325242043,-0.08336912095546722,0.026754723861813545,0.04338639974594116,-0.011851674877107143,-0.002809254452586174,0.031644925475120544,-0.01987633667886257,-0.07976554334163666,-0.1423807144165039,0.019346321001648903,0.08293109387159348
0.03665514662861824,-0.037258148193359375,0.025751367211341858,-0.036593418568372726,-0.03907010331749916,0.0041940417140722275,-0.030686233192682266,-0.00575677677989006,0.0020282906480133533,0.02551417239010334,-0.004072720184922218,-0.0163421593606472,-0.014489494264125824,0.15000002086162567,0.36503949761390686,-0.025149518623948097,-0.08461141586303711,0.02926558442413807,0.06039366126060486,-0.009917128831148148,-0.026235420256853104,0.05919044092297554,0.03742910176515579,-0.07713036984205246,-0.16871395707130432,0.030144574120640755,0.08751119673252106
0.02861987054347992,-0.03678083419799805,0.03151392564177513,-0.042492013424634933,-0.028411652892827988,0.010226850397884846,-0.000512201339006424,-0.016006192192435265,-0.0030937117990106344,0.02563931979238987,-0.027946585789322853,0.022630460560321808,-0.017087988555431366,0.14934664964675903,0.3615601658821106,-0.04643925279378891,-0.09420719742774963,0.03000638633966446,0.06812962144613266,-0.018449045717716217,-0.05302632972598076,0.12654340267181396,0.0926465317606926,-0.13257171213626862,-0.1780170500278473,0.059619467705488205,0.08912967145442963
0.028060318902134895,-0.02827930450439453,0.01992598921060562,-0.03388597071170807,-0.008352158591151237,0.01242115069180727,0.021526580676436424,-0.003842355916276574,-0.0076314592733979225,0.025164855644106865,-0.029336152598261833,0.025654464960098267,-0.0005743158981204033,0.14930254220962524,0.3808869421482086,-0.04873090237379074,-0.0956728607416153,0.028543496504426003,0.0640598013997078,-0.022446205839514732,-0.06697829067707062,0.13601325452327728,0.14392323791980743,-0.13990256190299988,-0.16822996735572815,0.06832842528820038,0.08497320115566254
0.031747717410326004,-0.0017061233520507812,0.009645305573940277,-0.03240504860877991,0.02962518483400345,0.011148238554596901,0.055579230189323425,0.008467265404760838,-0.021144069731235504,0.010212386026978493,-0.026065638288855553,0.020212294533848763,0.047829266637563705,0.14940427243709564,0.3549412786960602,-0.06100279092788696,-0.099698007106781,0.02587609365582466,0.0700463131070137,-0.034377165138721466,-0.07334291189908981,0.13305343687534332,0.17633773386478424,-0.14204536378383636,-0.16429230570793152,0.07179516553878784,0.06551104038953781
0.039717160165309906,0.011473305523395538,-0.004781246185302734,-0.0004347563663031906,0.07783689349889755,0.010006347671151161,0.08074866980314255,0.0001112050813389942,-0.04414588212966919,-0.011292574927210808,0.011174319311976433,-0.010867984034121037,0.04006439447402954,0.14981596171855927,0.2634725868701935,-0.06898544728755951,-0.11530756950378418,0.027383988723158836,0.04080093652009964,-0.0618312731385231,-0.07667460292577744,0.14713013172149658,0.16179579496383667,-0.16550205647945404,-0.17292693257331848,0.03828156739473343,0.009838669560849667
0.04047809913754463,0.01822110265493393,-0.005466938018798828,0.013195171020925045,0.08039826154708862,0.016733765602111816,0.06314048916101456,-0.00043868980719707906,-0.04451631009578705,-0.007823791354894638,0.039122819900512695,-0.0351468101143837,0.021468551829457283,0.1487434208393097,0.22708716988563538,-0.07468410581350327,-0.09989570081233978,0.05172228813171387,0.05031895264983177,-0.07167836278676987,-0.07866993546485901,0.15061844885349274,0.15807941555976868,-0.16335619986057281,-0.19404913485050201,0.02410474792122841,-0.04170684888958931
0.04962427169084549,0.006260356865823269,0.014348460361361504,0.03363243117928505,0.12067922949790955,0.01237249094992876,0.07205057144165039,-0.02049407549202442,-0.05556480213999748,0.0037457665894180536,0.06458409875631332,-0.05477136746048927,0.025754913687705994,0.14839474856853485,0.13728569447994232,-0.06592142581939697,-0.12080782651901245,0.068167544901371,0.06891130656003952,-0.0830821618437767,-0.08427105844020844,0.14687120914459229,0.12155070900917053,-0.1781124621629715,-0.18838287889957428,-0.053940072655677795,-0.09810098260641098
0.06868049502372742,-0.004902362823486328,0.029757235199213028,0.04771758243441582,0.055358462035655975,-0.00013281927385833114,0.0683232843875885,-0.0350385382771492,-0.017374446615576744,0.01582222618162632,0.07701127231121063,-0.05917983502149582,-0.0157392006367445,0.14822924137115479,0.06016245484352112,-0.07799605280160904,-0.07289139926433563,0.06773003935813904,0.061529144644737244,-0.08855103701353073,-0.04716351255774498,0.16381627321243286,0.08559158444404602,-0.14790189266204834,-0.18342404067516327,-0.07697909325361252,-0.21972715854644775
0.07860703021287918,-0.016312599182128906,0.031603217124938965,0.0480043850839138,0.028455514460802078,0.013875027187168598,0.026357604190707207,-0.03578895702958107,0.010353151708841324,0.05795125663280487,0.15502408146858215,-0.04837626591324806,-0.05562562867999077,0.08168743550777435,-0.0570695586502552,-0.05519549921154976,-0.04259256273508072,0.07814320176839828,0.056738339364528656,-0.0845644399523735,-0.027334991842508316,0.15695880353450775,0.02368057519197464,-0.1438896805047989,-0.15651777386665344,-0.13707691431045532,-0.3199172914028168
0.08046170324087143,-0.016497135162353516,0.011417645029723644,0.02398497425019741,-0.03717631846666336,0.03459296375513077,-0.008281994611024857,0.015936417505145073,0.04524937644600868,0.15189114212989807,0.18610908091068268,-0.04778353497385979,-0.09446880221366882,-0.048576388508081436,-0.16086597740650177,-0.024356773123145103,0.024215154349803925,0.09158160537481308,0.031078997999429703,-0.06903025507926941,-0.005198082886636257,0.10861771553754807,0.014849741011857986,-0.078253835439682,-0.07250972837209702,-0.1503816843032837,-0.436293363571167
0.08790513128042221,-0.006129741668701172,-0.008709430694580078,0.00472632609307766,-0.06213608756661415,0.017526300624012947,-0.005090578459203243,0.044329334050416946,0.06817605346441269,0.2020808458328247,0.22158655524253845,-0.09402738511562347,-0.12458834052085876,-0.12006337195634842,-0.16136401891708374,0.005546014755964279,0.061472777277231216,0.09193320572376251,0.0016232458874583244,-0.04375854879617691,0.016719134524464607,0.0641690194606781,0.027453377842903137,-0.06872623413801193,-0.0077263424172997475,-0.15033119916915894,-0.49064475297927856
0.1099754050374031,0.021068435162305832,-0.02586984634399414,-0.024829735979437828,-0.06946997344493866,-0.0339130200445652,-0.009398514404892921,0.05862121284008026,0.06598474085330963,0.19615502655506134,0.2529500126838684,-0.09757045656442642,-0.13059279322624207,-0.1207423284649849,-0.1472153216600418,0.012058177031576633,0.07093705236911774,0.06811028718948364,-0.008533469401299953,-0.014892232604324818,0.022015806287527084,0.02907502092421055,0.03384657949209213,-0.0631723403930664,-0.012765160761773586,-0.15005159378051758,-0.5009820461273193
0.11673835664987564,0.029773792251944542,-0.03690147399902344,-0.045716293156147,-0.11550808697938919,-0.04978199303150177,-0.03615260869264603,0.06558273732662201,0.08128149062395096,0.20339182019233704,0.2668112516403198,-0.09960916638374329,-0.14112934470176697,-0.1230432540178299,-0.13539884984493256,0.028401315212249756,0.11502823233604431,0.06030314415693283,-0.022728823125362396,0.0005779656930826604,0.03943265229463577,0.018235472962260246,0.027113892138004303,-0.0746203139424324,-0.011339504271745682,-0.1500828117132187,-0.48878374695777893
0.10865651071071625,0.02743811346590519,-0.04602766036987305,-0.05723538622260094,-0.16880092024803162,-0.03323345258831978,-0.07783639430999756,0.0607365258038044,0.09287795424461365,0.21189671754837036,0.28589075803756714,-0.10401086509227753,-0.1510569453239441,-0.12111236155033112,-0.11853943765163422,0.047437023371458054,0.1493254452943802,0.06965170800685883,-0.045254360884428024,0.008642948232591152,0.05425785109400749,0.02585490234196186,0.005858683958649635,-0.0978788286447525,-0.03286486864089966,-0.1502431035041809,-0.45371365547180176
0.10675500333309174,0.019684677943587303,-0.03241157531738281,-0.11289066076278687,-0.20597682893276215,-0.03948606550693512,-0.09702504426240921,0.07041006535291672,0.0917518213391304,0.2867804169654846,0.2882647216320038,-0.14391988515853882,-0.16315515339374542,-0.0866304263472557,-0.07606244087219238,0.08447598665952682,0.16339407861232758,0.05975886434316635,-0.05606281757354736,-0.0014902043621987104,0.06507065147161484,0.014884510077536106,-0.0017280597239732742,-0.1191486343741417,-0.07546324282884598,-0.1501784473657608,-0.44012635946273804
0.12981843948364258,0.019944757223129272,-0.04464292526245117,-0.14693020284175873,-0.19156719744205475,-0.09627709537744522,-0.07745204120874405,0.09122592210769653,0.07814205437898636,0.2760034203529358,0.27629023790359497,-0.14589890837669373,-0.13645479083061218,-0.06562833487987518,0.005792204290628433,0.11057440936565399,0.1345583200454712,0.014890898950397968,-0.013521985150873661,0.018556753173470497,0.053003862500190735,0.003782522166147828,0.01734483242034912,-0.1319432258605957,-0.11910880357027054,-0.14938880503177643,-0.39026737213134766
0.12987451255321503,0.02226151153445244,-0.06696796417236328,-0.19658741354942322,-0.24165838956832886,-0.11770550906658173,-0.11839577555656433,0.10030578821897507,0.10280754417181015,0.27571606636047363,0.2653319537639618,-0.1267903596162796,-0.10920795798301697,0.0020283579360693693,0.06074848771095276,0.12932728230953217,0.16168229281902313,-0.0018605621298775077,-0.031049855053424835,0.04317113384604454,0.05017174780368805,-0.0031343535520136356,0.012789234519004822,-0.1446707397699356,-0.14469335973262787,-0.14933010935783386,-0.32645413279533386
0.11839228123426437,0.019962413236498833,-0.07688379287719727,-0.24528658390045166,-0.2702300548553467,-0.11999999731779099,-0.1593361645936966,0.11370563507080078,0.12149658054113388,0.26293936371803284,0.26495304703712463,-0.09991219639778137,-0.10100631415843964,0.09956679493188858,0.12689849734306335,0.15544593334197998,0.16705836355686188,-0.0062189409509301186,-0.04581708088517189,0.05281494930386543,0.058360036462545395,-0.00853810552507639,-0.018769940361380577,-0.16352181136608124,-0.14137455821037292,-0.14891844987869263,-0.2432074099779129
0.10153759270906448,0.018114158883690834,-0.08537530899047852,-0.28206661343574524,-0.28348028659820557,-0.12000000476837158,-0.16161082684993744,0.11248473078012466,0.13275843858718872,0.2321072369813919,0.21300283074378967,-0.1046973168849945,-0.07653945684432983,0.10950625687837601,0.2296878546476364,0.17789819836616516,0.1719646006822586,-0.0049062990583479404,-0.06319266557693481,0.06055567041039467,0.03629631549119949,-0.003810513997450471,0.0025488287210464478,-0.18965861201286316,-0.13881129026412964,-0.14865250885486603,-0.15778803825378418
0.07947341352701187,0.013859993778169155,-0.0984029769897461,-0.30416420102119446,-0.2934248149394989,-0.11999999731779099,-0.1798260509967804,0.10507535934448242,0.14383798837661743,0.2076025754213333,0.1576138287782669,-0.10136831551790237,-0.07380162179470062,0.12793396413326263,0.32144695520401,0.20046409964561462,0.18824957311153412,0.0010507808765396476,-0.05910752713680267,0.07223335653543472,0.010833820328116417,0.00420728325843811,0.03658243641257286,-0.21332982182502747,-0.13040071725845337,-0.14823126792907715,-0.0683455541729927
0.05569349601864815,0.004263096489012241,-0.09501409530639648,-0.2647099494934082,-0.25297775864601135,-0.11831627041101456,-0.1344621330499649,0.10467195510864258,0.11124276369810104,0.1078435629606247,0.07385359704494476,0.008492561988532543,-0.05620001628994942,0.1494653970003128,0.414761483669281,0.1828373819589615,0.17866678535938263,-0.011055785231292248,-0.04195736348628998,0.0306668933480978,-0.025386817753314972,0.10354980081319809,0.11584297567605972,-0.2169230878353119,-0.12238751351833344,0.006808968260884285,0.01741548627614975
0.026878073811531067,-0.003841876983642578,-0.07901477813720703,-0.23662026226520538,-0.09399573504924774,-0.11982078105211258,-0.05663784593343735,0.0843680202960968,0.016965825110673904,0.10690494626760483,0.030333049595355988,0.00794193148612976,0.022119004279375076,0.14969180524349213,0.6019597053527832,0.1816631257534027,0.05769547447562218,-0.014152162708342075,-0.031165461987257004,-0.008049712516367435,-0.07988391816616058,0.15688252449035645,0.18084166944026947,-0.18916071951389313,-0.2393755465745926,0.03282668814063072,0.11172144114971161
0.00044300738954916596,0.003318409901112318,-0.10429906845092773,-0.18947631120681763,-0.0468868687748909,-0.10508283972740173,-0.009219637140631676,0.09465520083904266,-0.01795044355094433,0.05161892622709274,0.0033870693296194077,0.04299229010939598,0.09181025624275208,0.14943313598632812,0.7121726870536804,0.1465490609407425,0.042706750333309174,-0.03113112971186638,-0.0077948784455657005,-0.06660789996385574,-0.09362438321113586,0.19651243090629578,0.25114864110946655,-0.19901417195796967,-0.2821170687675476,0.07855463027954102,0.1406286656856537
-0.03763628005981445,-0.0028858184814453125,-0.13128423690795898,-0.1464465856552124,-0.04411560669541359,-0.07371173799037933,-0.00042384862899780273,0.07584275305271149,-0.012442563660442829,0.03530173748731613,0.02355255000293255,0.07275164127349854,0.0940532237291336,0.14936518669128418,0.7079222798347473,0.1080751046538353,0.029942063614726067,-0.014621117152273655,-0.03709033876657486,-0.0725686326622963,-0.0699486956000328,0.23608408868312836,0.2826184034347534,-0.2371882051229477,-0.28464388847351074,0.07996257394552231,0.08582542091608047
-0.06990432739257812,-0.020076751708984375,-0.1448512077331543,-0.1056993305683136,-0.061062511056661606,-0.05382533743977547,-0.01162775605916977,0.06397546082735062,0.011145451106131077,0.046144332736730576,0.02734426036477089,0.07082156836986542,0.05071039870381355,0.1496453732252121,0.6489149928092957,0.08157186955213547,0.018248310312628746,-0.008802141062915325,-0.029205381870269775,-0.0725875124335289,-0.05368043854832649,0.2541583776473999,0.3057021498680115,-0.22478726506233215,-0.2483425736427307,0.06679406017065048,0.025459084659814835
-0.0782175064086914,-0.03636026382446289,-0.1499013900756836,-0.06644207239151001,-0.05274644494056702,-0.06393555551767349,-0.01644769124686718,0.07292082160711288,0.016663314774632454,0.060945045202970505,0.014290445484220982,0.033239301294088364,0.019201772287487984,0.1508333832025528,0.5638366937637329,0.02637513540685177,0.003930865786969662,-0.025614025071263313,-0.009268428198993206,-0.051813770085573196,-0.054742682725191116,0.3174251317977905,0.3095206916332245,-0.2010767161846161,-0.2182667851448059,0.004022088833153248,0.00200000312179327
-0.09383869171142578,-0.03921651840209961,-0.1147775650024414,-0.03761892393231392,-0.03254981338977814,-0.07300175726413727,-0.01176433265209198,0.0378679558634758,0.011047115549445152,0.06083260849118233,0.02714553102850914,0.011739022098481655,-0.009589102119207382,0.1504715383052826,0.5040649175643921,0.003833451308310032,-0.0290912464261055,-0.019696027040481567,-0.019850220531225204,-0.052414920181035995,-0.05426701530814171,0.30518850684165955,0.3072313666343689,-0.20232927799224854,-0.19343127310276031,0.0009321392280980945,-0.02591293305158615
-0.11218738555908203,-0.029638290405273438,-0.10619497299194336,-0.019314145669341087,-0.0027587078511714935,-0.06526678055524826,-0.009517969563603401,0.023873208090662956,0.0085340840741992,0.06190226227045059,0.04139021784067154,-0.015795405954122543,-0.03270859643816948,0.1508575975894928,0.4130098223686218,-0.05479560047388077,-0.07013675570487976,-0.005873814225196838,-0.01600681245326996,-0.06678210198879242,-0.06873845309019089,0.2980106770992279,0.2954128384590149,-0.17651697993278503,-0.17798112332820892,-0.0610460489988327,-0.06331095099449158
-0.12572193145751953,-0.026979923248291016,-0.10815954208374023,0.016823936253786087,-0.014043325558304787,-0.05573097616434097,-0.012916922569274902,0.020621407777071,0.004039691761136055,0.05246441811323166,0.005637399852275848,-0.045492321252822876,-0.046271078288555145,0.15029756724834442,0.30226391553878784,-0.10445788502693176,-0.08077369630336761,0.005671232007443905,0.010195660404860973,-0.090268075466156,-0.08832310140132904,0.2854326665401459,0.30167436599731445,-0.13854612410068512,-0.14260829985141754,-0.12224798649549484,-0.12606970965862274
-0.1373305320739746,-0.02216958999633789,-0.087432861328125,0.049971822649240494,0.05599135905504227,-0.049191687256097794,0.004015261307358742,-0.00438827695325017,-0.01920202746987343,0.04366300255060196,0.027256231755018234,-0.07057274132966995,-0.0470709428191185,0.1503453254699707,0.212712362408638,-0.12761639058589935,-0.13354690372943878,0.022363299503922462,0.024387206882238388,-0.11074721813201904,-0.11904550343751907,0.25706976652145386,0.25493958592414856,-0.13861407339572906,-0.14046627283096313,-0.150000661611557,-0.1577528417110443
-0.14093828201293945,-0.011492729187011719,-0.061649322509765625,0.07418610155582428,0.08645249903202057,-0.04799152538180351,0.002757798880338669,-0.033380914479494095,-0.024993689730763435,0.03557821363210678,0.03627222776412964,-0.09144634008407593,-0.025235794484615326,0.15041300654411316,0.11626109480857849,-0.15246893465518951,-0.15789949893951416,0.03264304995536804,0.046929024159908295,-0.12502796947956085,-0.15214703977108002,0.2377191036939621,0.2184363156557083,-0.14008332788944244,-0.13256347179412842,-0.15000231564044952,-0.20493845641613007
-0.12430715560913086,-0.006033897399902344,-0.05287456512451172,0.10071920603513718,0.12505273520946503,-0.043337419629096985,-0.01019039936363697,-0.04495673626661301,-0.02909816801548004,0.03207171708345413,0.05100241303443909,-0.11371243000030518,-0.008105823770165443,0.03287548944354057,-0.009317204356193542,-0.1530000865459442,-0.1714186817407608,0.03291955590248108,0.07345917820930481,-0.1564037948846817,-0.17614617943763733,0.16230611503124237,0.15599212050437927,-0.10928645730018616,-0.11525087803602219,-0.14999361336231232,-0.24640163779258728
-0.10126256942749023,0.00986937154084444,-0.0653219223022461,0.08699779212474823,0.0915287435054779,-0.04838287830352783,0.027856366708874702,-0.022080978378653526,-0.016161037608981133,0.059867363423109055,0.06866766512393951,-0.07450541108846664,0.002660292200744152,0.00559191545471549,-0.01237950474023819,-0.16448700428009033,-0.14799565076828003,0.061030857264995575,0.06994730234146118,-0.14941659569740295,-0.15500903129577637,0.05746834725141525,0.07446852326393127,-0.1097656711935997,-0.11346890032291412,-0.149997740983963,-0.2992309331893921
-0.06017255783081055,-0.005335330963134766,-0.07337665557861328,0.06910450011491776,0.048794835805892944,-0.045605625957250595,-0.00763745978474617,0.036440979689359665,0.04461496323347092,0.1693207174539566,0.15964122116565704,-0.05701052397489548,-0.0455750897526741,-0.10252266377210617,-0.10079759359359741,-0.12505005300045013,-0.08695131540298462,0.06249447166919708,0.008682011626660824,-0.11081603169441223,-0.10465912520885468,-0.052500102669000626,-0.040490999817848206,-0.05640764161944389,-0.06494942307472229,-0.15000255405902863,-0.4093702435493469
-0.012577533721923828,-0.033007144927978516,-0.05499410629272461,0.07262751460075378,-0.010098543018102646,-0.04494829475879669,-0.03675897791981697,0.07320564985275269,0.09450152516365051,0.22669164836406708,0.23572197556495667,-0.10201361030340195,-0.17002378404140472,-0.09176364541053772,-0.07921409606933594,-0.08188097923994064,-0.011288007721304893,0.0225289948284626,0.0034786025062203407,-0.10226426273584366,-0.029439982026815414,-0.03765440732240677,-0.07822329550981522,-0.01779818907380104,-0.030164305120706558,-0.14973123371601105,-0.5088987946510315
0.01405975129455328,-0.03174161911010742,-0.03379106521606445,0.04417093098163605,-0.00778566999360919,-0.021560808643698692,-0.04604581743478775,0.07224554568529129,0.09623052179813385,0.23373186588287354,0.28360459208488464,-0.12231270968914032,-0.18455831706523895,-0.06848614662885666,-0.030012082308530807,-0.05945916473865509,0.0021213595755398273,0.009577257558703423,-0.019153844565153122,-0.09611880779266357,-0.014014623127877712,-0.030322905629873276,-0.05656091868877411,0.003646616591140628,0.025910211727023125,-0.1497185081243515,-0.45676282048225403
0.03201041743159294,-0.03377866744995117,-0.03862953186035156,0.01685442216694355,-0.0345112606883049,-0.0010209641186520457,-0.04730414226651192,0.0643252283334732,0.07211260497570038,0.24573203921318054,0.3045472800731659,-0.14364224672317505,-0.19536864757537842,-0.057238250970840454,-0.03619899973273277,-0.040408842265605927,0.01990026980638504,0.0026926477439701557,-0.011907531879842281,-0.08169384300708771,-0.008728661574423313,-0.01657124049961567,-0.035613276064395905,0.023775335401296616,0.027934087440371513,-0.14948299527168274,-0.44061189889907837
0.04535582289099693,-0.04896402359008789,-0.05642080307006836,-0.023772835731506348,-0.08276448398828506,0.003617414040490985,-0.02286909893155098,0.04098532721400261,0.0510789230465889,0.30359697341918945,0.291218101978302,-0.17906099557876587,-0.17705979943275452,-0.028755851089954376,-0.026707123965024948,-0.017183439806103706,0.04390168935060501,0.0009073728579096496,-0.021491363644599915,-0.04827723279595375,0.009343422949314117,0.018414825201034546,0.0032811425626277924,0.035926807671785355,0.011167624965310097,-0.14884093403816223,-0.43602851033210754
0.053690604865550995,-0.06304645538330078,-0.07919120788574219,-0.055933915078639984,-0.09492231160402298,0.001538950251415372,-0.03056126832962036,0.02406017854809761,0.02569878101348877,0.30268582701683044,0.2978552281856537,-0.14253441989421844,-0.13512162864208221,-0.019731685519218445,-0.015510383993387222,0.018521595746278763,0.03223995864391327,0.004761793185025454,-0.023403536528348923,-0.026853809133172035,0.01981385424733162,0.04373634606599808,-0.0038689691573381424,-0.005244048312306404,-0.026410279795527458,-0.14847959578037262,-0.3975658714771271
0.05690065026283264,-0.05573463439941406,-0.10952615737915039,-0.1090877503156662,-0.1487397700548172,-0.008132528513669968,-0.043592698872089386,0.01871718280017376,0.025056544691324234,0.283383846282959,0.2882399260997772,-0.12866348028182983,-0.12718424201011658,0.0015290455194190145,0.020840397104620934,0.04576527699828148,0.07102952897548676,0.011787076480686665,-0.04950757697224617,0.003269884968176484,0.04293649643659592,0.0383472815155983,0.004546938464045525,-0.03242288902401924,-0.04001527279615402,-0.14851202070713043,-0.35854557156562805
0.06306278705596924,-0.054164886474609375,-0.14110136032104492,-0.15977782011032104,-0.18945465981960297,-0.03313674405217171,-0.0550922229886055,0.021931711584329605,0.024020958691835403,0.27791762351989746,0.27255210280418396,-0.13043272495269775,-0.12609978020191193,0.023175237700343132,0.04864044487476349,0.0827556699514389,0.10321949422359467,0.009144104085862637,-0.048470638692379,0.03627396747469902,0.059391409158706665,0.03147701919078827,0.02008582092821598,-0.0621279701590538,-0.041826412081718445,-0.1486693173646927,-0.3349972069263458
0.07212518900632858,-0.04756879806518555,-0.15902090072631836,-0.21554329991340637,-0.22981448471546173,-0.06902411580085754,-0.07878664880990982,0.034963954240083694,0.04157425835728645,0.25312307476997375,0.2491912543773651,-0.09444708377122879,-0.08875042200088501,0.08141195774078369,0.10009247809648514,0.11547394096851349,0.12168832123279572,-0.0044273193925619125,-0.0478731244802475,0.05690106004476547,0.05214966461062431,0.028710659593343735,0.02465253695845604,-0.09810969978570938,-0.06569454073905945,-0.14886999130249023,-0.2811414897441864
0.06537052989006042,-0.04279470443725586,-0.1769423484802246,-0.26021283864974976,-0.2503516674041748,-0.08275032043457031,-0.11975926160812378,0.04541018605232239,0.0722808837890625,0.22673800587654114,0.2266426980495453,-0.0980038046836853,-0.05798855051398277,0.10008306801319122,0.1912151575088501,0.14744187891483307,0.12638571858406067,-0.001604229910299182,-0.0689564049243927,0.07391177862882614,0.05159259960055351,0.02723115310072899,0.02016783319413662,-0.12499084323644638,-0.061860501766204834,-0.1487855315208435,-0.20023202896118164
0.05833514779806137,-0.03939390182495117,-0.17911720275878906,-0.28803032636642456,-0.27453315258026123,-0.1015235036611557,-0.14507660269737244,0.07053886353969574,0.09626813977956772,0.18277692794799805,0.18189285695552826,-0.06737413257360458,-0.05807165428996086,0.15000002086162567,0.27615630626678467,0.17142198979854584,0.15026244521141052,-0.0021700947545468807,-0.06333214789628983,0.07513733953237534,0.03269008547067642,0.04679177701473236,0.04511149972677231,-0.1509028971195221,-0.07725589722394943,-0.14825651049613953,-0.14381295442581177
0.036384467035532,-0.03411054611206055,-0.16894197463989258,-0.3160025477409363,-0.2527983486652374,-0.1156001165509224,-0.14380307495594025,0.07717546075582504,0.1002245768904686,0.17444157600402832,0.12038099020719528,-0.07093784958124161,-0.029377080500125885,0.15000002086162567,0.34612634778022766,0.19509899616241455,0.14771535992622375,0.011668172664940357,-0.05286078900098801,0.06237303465604782,0.0009268792346119881,0.06040330231189728,0.07340050488710403,-0.15426558256149292,-0.08705607801675797,-0.14817820489406586,-0.04320511966943741
0.013887976296246052,-0.03380250930786133,-0.17924261093139648,-0.2629793584346771,-0.21435022354125977,-0.11205212026834488,-0.11191535741090775,0.08185268193483353,0.08295710384845734,0.06687483936548233,0.036176227033138275,0.03509211912751198,0.01348426379263401,0.15003706514835358,0.4948417544364929,0.18497949838638306,0.14756496250629425,0.0052323355339467525,-0.022782891988754272,-0.014126562513411045,-0.04919365793466568,0.1458209902048111,0.14256899058818817,-0.1372734159231186,-0.10479886829853058,0.026636704802513123,0.08361067622900009
0.00037221398088149726,-0.026591777801513672,-0.2080998420715332,-0.23408672213554382,-0.11355899274349213,-0.10188136994838715,-0.0312647707760334,0.09573517739772797,0.006811857223510742,0.06897558271884918,0.018283013254404068,0.046375587582588196,0.07419732213020325,0.1495705246925354,0.6600927710533142,0.1765839010477066,0.08309429883956909,-0.012020730413496494,-0.044331248849630356,-0.047637008130550385,-0.06407775729894638,0.17018729448318481,0.21700194478034973,-0.13335861265659332,-0.22514928877353668,0.051779888570308685,0.11193656176328659
-0.019123077392578125,-0.03921937942504883,-0.24995994567871094,-0.14912186563014984,-0.043793026357889175,-0.07509041577577591,0.00811745971441269,0.08852535486221313,-0.017159050330519676,0.003863397054374218,-0.008399425074458122,0.1553245335817337,0.11338949203491211,0.1484353393316269,0.7503149509429932,0.14318965375423431,0.056037742644548416,-0.01750791445374489,-0.001987752504646778,-0.07024016231298447,-0.07600610703229904,0.25869929790496826,0.2459569126367569,-0.23800122737884521,-0.24031274020671844,0.14995265007019043,0.1927734911441803
-0.06055784225463867,-0.060425758361816406,-0.2648282051086426,-0.09658966958522797,-0.07182200253009796,-0.03282565996050835,-0.03590796887874603,0.08251170068979263,0.022898130118846893,0.030529962852597237,0.046573739498853683,0.11915020644664764,0.08889248967170715,0.14901790022850037,0.6768701076507568,0.13001853227615356,0.0473010428249836,0.020863113924860954,-0.04069777950644493,-0.08199018239974976,-0.0432954877614975,0.25769469141960144,0.27350905537605286,-0.2399812787771225,-0.2583402991294861,0.1499420553445816,0.052562832832336426
-0.07242155075073242,-0.05211782455444336,-0.26670122146606445,-0.06378964334726334,-0.03818143159151077,-0.04131471738219261,-0.0002278108149766922,0.04125913977622986,0.0035334411077201366,0.028499064967036247,0.03931358829140663,0.0840754434466362,0.08275026082992554,0.14921753108501434,0.6256468296051025,0.045734722167253494,0.022880887612700462,0.023409878835082054,-0.009430029429495335,-0.049207497388124466,-0.035431426018476486,0.294264554977417,0.2914235293865204,-0.22103053331375122,-0.21763215959072113,0.0805778056383133,0.05651938170194626
-0.08058309555053711,-0.05105161666870117,-0.2550044059753418,-0.033413033932447433,-0.045523256063461304,-0.04779186472296715,0.008754532784223557,0.02986769564449787,0.014716144651174545,0.04116944223642349,-0.0009173508733510971,0.04124094545841217,0.029651876538991928,0.14866165816783905,0.5277632474899292,-0.012531286105513573,-0.01187017373740673,0.0008357504266314209,-0.00166244525462389,-0.05097130313515663,-0.05101888254284859,0.29802370071411133,0.3010249733924866,-0.20047226548194885,-0.1996743530035019,0.018095750361680984,0.0016576256603002548
-0.0872197151184082,-0.04925346374511719,-0.2306814193725586,-0.00289296917617321,-0.010017294436693192,-0.05787038803100586,0.0003720950335264206,0.006133262068033218,-0.015711074694991112,0.0504491962492466,0.020450565963983536,0.002803797135129571,-0.0017768526449799538,0.1482025682926178,0.4388813376426697,-0.043924905359745026,-0.05525042489171028,-0.019642483443021774,-0.0003948686644434929,-0.04490587115287781,-0.06248869374394417,0.27467483282089233,0.29622623324394226,-0.1982858031988144,-0.1889204978942871,0.014368954114615917,-0.039702799171209335
-0.09845161437988281,-0.04075050354003906,-0.2133193016052246,0.016847869381308556,0.012434021569788456,-0.0575709193944931,0.0036899521946907043,-0.013694866560399532,-0.01190122775733471,0.06649509817361832,0.03856758028268814,-0.03840569406747818,-0.03892743960022926,0.14996905624866486,0.3954702615737915,-0.08761805295944214,-0.09647539258003235,-0.026156768202781677,-0.0035520633682608604,-0.05616619810461998,-0.07870905101299286,0.277403861284256,0.27725908160209656,-0.18509064614772797,-0.18529047071933746,-0.029530934989452362,-0.06054885685443878
-0.1118922233581543,-0.029906749725341797,-0.2072277069091797,0.04739060625433922,0.027788836508989334,-0.045572154223918915,0.0009400732815265656,-0.02562774531543255,-0.022772060707211494,0.06016504019498825,0.030122950673103333,-0.07221405953168869,-0.04137597978115082,0.1501707136631012,0.30519044399261475,-0.11927788704633713,-0.11891329288482666,-0.01565086841583252,0.0015666615217924118,-0.08576727658510208,-0.1028280183672905,0.2611749768257141,0.26953110098838806,-0.1706475019454956,-0.16161790490150452,-0.07767657935619354,-0.11378317326307297
-0.12179231643676758,-0.0125274658203125,-0.1972827911376953,0.06868384778499603,0.06907802820205688,-0.03393743559718132,0.01756753958761692,-0.041084542870521545,-0.042955584824085236,0.05184320732951164,0.051750656217336655,-0.09917561709880829,-0.050995878875255585,0.14855949580669403,0.24490509927272797,-0.14763577282428741,-0.14394138753414154,0.002228079130873084,0.004671555943787098,-0.11054765433073044,-0.11896056681871414,0.24645811319351196,0.2389245480298996,-0.16196225583553314,-0.1588675081729889,-0.11307159811258316,-0.1382884979248047
-0.11823892593383789,0.001566500635817647,-0.1839461326599121,0.0839608833193779,0.10659579187631607,-0.03769372031092644,0.017238402739167213,-0.0526404082775116,-0.03908850625157356,0.054262276738882065,0.06009208410978317,-0.11245255917310715,-0.02854429930448532,0.14920112490653992,0.11635236442089081,-0.15602585673332214,-0.16851963102817535,0.009368457831442356,0.038319967687129974,-0.12151095271110535,-0.1516820788383484,0.2176988124847412,0.1882719099521637,-0.15636111795902252,-0.1454470157623291,-0.14523057639598846,-0.20094041526317596
-0.10484695434570312,0.015262161381542683,-0.1778726577758789,0.09655788540840149,0.13973863422870636,-0.05082463473081589,0.013857774436473846,-0.05480734631419182,-0.045469123870134354,0.055643945932388306,0.09047091752290726,-0.11479072272777557,-0.007929707877337933,0.14851436018943787,0.03965878486633301,-0.16588819026947021,-0.17370842397212982,0.011280713602900505,0.06196338310837746,-0.12265469878911972,-0.17301590740680695,0.20516611635684967,0.127171590924263,-0.15931273996829987,-0.14405857026576996,-0.14999927580356598,-0.2553602457046509
-0.08651971817016602,0.030365072190761566,-0.18317842483520508,0.09630564600229263,0.14318658411502838,-0.050572630017995834,-0.01888432912528515,-0.046182114630937576,-0.01765434257686138,0.07688762992620468,0.1353294402360916,-0.1222754567861557,0.00677816616371274,0.036889608949422836,-0.09943851828575134,-0.14316287636756897,-0.165229931473732,0.02136274427175522,0.058646123856306076,-0.13616330921649933,-0.16539736092090607,0.10800451785326004,0.04700136184692383,-0.1339983344078064,-0.127370685338974,-0.14999863505363464,-0.33483007550239563
-0.052408695220947266,0.03178529068827629,-0.20571231842041016,0.09120921790599823,0.023892804980278015,-0.07039093971252441,-0.013571586459875107,-0.013165684416890144,0.042151808738708496,0.11900534480810165,0.24883662164211273,-0.09642350673675537,-0.08468370139598846,0.001013241009786725,-0.08396214246749878,-0.13735488057136536,-0.019575929269194603,0.027308404445648193,-0.02332073077559471,-0.12752170860767365,-0.059841033071279526,0.06862844526767731,-0.03525613248348236,-0.13182194530963898,-0.07334964722394943,-0.14999710023403168,-0.45730188488960266
-0.02656412124633789,0.008675740100443363,-0.19816160202026367,0.05989071726799011,-0.03772449865937233,-0.05898842588067055,-0.05369626730680466,0.06878361105918884,0.09807083755731583,0.2577604651451111,0.2796114683151245,-0.13387154042720795,-0.20159722864627838,-0.07229597866535187,-0.1109539270401001,-0.062387194484472275,0.04414426162838936,0.03045022115111351,-0.05355902761220932,-0.0849369615316391,0.00014600437134504318,-0.013027483597397804,-0.07722523808479309,-0.03750631958246231,-0.02868117392063141,-0.14925532042980194,-0.5185996890068054
0.006373678799718618,0.000839329557493329,-0.1779193878173828,0.05257842317223549,-0.023032665252685547,-0.06883212924003601,-0.0387200266122818,0.0685487911105156,0.08675964921712875,0.25276243686676025,0.2960717976093292,-0.13743263483047485,-0.2215251624584198,-0.07002905756235123,-0.06971967220306396,-0.03424973785877228,0.025046497583389282,-0.0026840658392757177,-0.029212355613708496,-0.08750821650028229,-0.0048518674448132515,0.007955950684845448,-0.04841306060552597,-0.03990151360630989,-0.013394232839345932,-0.14935973286628723,-0.5266004204750061
0.012458492070436478,0.010173076763749123,-0.1650543212890625,-0.0235142782330513,-0.048476215451955795,-0.040938496589660645,-0.060228131711483,0.07162238657474518,0.07246799021959305,0.32966330647468567,0.3138144016265869,-0.21672049164772034,-0.21369695663452148,-0.07288423180580139,-0.0735282450914383,-0.004831377882510424,0.03818855062127113,-0.0001803545601433143,-0.059348978102207184,-0.051353760063648224,0.00983165018260479,-0.013979567214846611,-0.04379288852214813,0.0005791618023067713,0.000637921504676342,-0.14926201105117798,-0.4847586750984192
0.029278559610247612,0.00021433670190162957,-0.19143915176391602,-0.03892909735441208,-0.09030657261610031,-0.0452764555811882,-0.047357797622680664,0.06826559454202652,0.04890834540128708,0.32151108980178833,0.2960234582424164,-0.20035524666309357,-0.19482283294200897,-0.0701407715678215,-0.049870651215314865,0.03160861134529114,0.04723973199725151,-0.008421764709055424,-0.04236219450831413,-0.022380758076906204,0.01380200870335102,-0.012811804190278053,-0.007957050576806068,-0.026492776349186897,-0.032671816647052765,-0.1485101729631424,-0.48308274149894714
0.04472866654396057,0.008773053996264935,-0.21870040893554688,-0.09304357320070267,-0.14853496849536896,-0.05896615609526634,-0.05128410458564758,0.04472094401717186,0.04184992238879204,0.31611400842666626,0.28791412711143494,-0.16765747964382172,-0.15773101150989532,-0.04306085780262947,-0.033381301909685135,0.03919990733265877,0.09140825271606445,-0.018880311399698257,-0.055392973124980927,0.00898838322609663,0.03998888283967972,0.0013202677946537733,0.018383318558335304,-0.05626536160707474,-0.052704162895679474,-0.14894139766693115,-0.438526451587677
0.05340823158621788,0.005364463198930025,-0.2440485954284668,-0.13179068267345428,-0.16544915735721588,-0.06201593950390816,-0.08330444246530533,0.03757796064019203,0.04192521423101425,0.287530779838562,0.2933352291584015,-0.1519845575094223,-0.1573495864868164,-0.0017059138044714928,0.010841824114322662,0.07234050333499908,0.10485188663005829,-0.026036204770207405,-0.07899503409862518,0.03520052507519722,0.07616813480854034,-0.001145975198596716,-0.019450662657618523,-0.083073191344738,-0.06668131798505783,-0.14864219725131989,-0.3630868196487427
0.05789364501833916,-0.0008568763732910156,-0.27593469619750977,-0.17126889526844025,-0.21335767209529877,-0.06304071843624115,-0.1035410463809967,0.040438853204250336,0.056003082543611526,0.2732006907463074,0.2828209400177002,-0.15870290994644165,-0.13414455950260162,-0.00012891316146124154,0.05494297668337822,0.10815700143575668,0.13327135145664215,-0.032424941658973694,-0.07634817063808441,0.06695767492055893,0.08815918862819672,-0.004272079560905695,-0.02039986662566662,-0.10926882177591324,-0.0928475558757782,-0.14865097403526306,-0.3165056109428406
0.05671824514865875,-0.003234386444091797,-0.3055129051208496,-0.2064853310585022,-0.2614361643791199,-0.06437429040670395,-0.13003048300743103,0.041702352464199066,0.07362417131662369,0.25506848096847534,0.26262351870536804,-0.14942508935928345,-0.09805929660797119,0.0074464003555476665,0.11736905574798584,0.1367041915655136,0.15684455633163452,-0.0367480106651783,-0.07620744407176971,0.09587878733873367,0.0829010009765625,-0.004406947176903486,-0.00663064606487751,-0.13170687854290009,-0.10827215015888214,-0.14853496849536896,-0.25504937767982483
0.049535006284713745,-0.006539344787597656,-0.31329965591430664,-0.23840171098709106,-0.2910114526748657,-0.07148214429616928,-0.14054830372333527,0.05053309351205826,0.08837409317493439,0.24556365609169006,0.22701941430568695,-0.12522035837173462,-0.08201108872890472,0.05790727958083153,0.18861140310764313,0.164506196975708,0.1773863285779953,-0.039669621735811234,-0.08765360713005066,0.10248526185750961,0.07266757637262344,0.005278577096760273,0.023094072937965393,-0.1514773964881897,-0.10967379063367844,-0.14827470481395721,-0.2212209850549698
0.04155348613858223,0.0015125501668080688,-0.2976226806640625,-0.26370978355407715,-0.29318755865097046,-0.09521304816007614,-0.13769924640655518,0.06841673702001572,0.09389372915029526,0.20483273267745972,0.17456935346126556,-0.10506203025579453,-0.07993143796920776,0.1497221440076828,0.28275266289711,0.1768912374973297,0.17999477684497833,-0.045893922448158264,-0.0994938388466835,0.08664047718048096,0.05574965104460716,0.027716005221009254,0.05290885269641876,-0.1659223735332489,-0.0982188805937767,-0.1483757197856903,-0.16323541104793549
0.030152954161167145,0.016659436747431755,-0.27090883255004883,-0.2677015960216522,-0.26168251037597656,-0.11972486972808838,-0.1430438607931137,0.09205494821071625,0.08938252180814743,0.10998567938804626,0.11794926226139069,-0.05493401736021042,-0.054309774190187454,0.15000352263450623,0.3907110393047333,0.1703203171491623,0.16923461854457855,-0.06010384485125542,-0.0788934975862503,0.030307454988360405,0.015675662085413933,0.07428669184446335,0.07966107130050659,-0.15790721774101257,-0.11757481098175049,-0.038313329219818115,-0.03547170013189316
0.007765037473291159,0.0005804310785606503,-0.26811885833740234,-0.2324575036764145,-0.1509234458208084,-0.11286770552396774,-0.076162189245224,0.0845329612493515,0.02731328271329403,0.0975382998585701,0.049471788108348846,0.034025195986032486,0.01819624751806259,0.14952628314495087,0.5377064943313599,0.1766078919172287,0.11284728348255157,-0.057636599987745285,-0.08031588047742844,-0.007532530929893255,-0.03195365518331528,0.15387891232967377,0.15725372731685638,-0.15942054986953735,-0.1620648354291916,0.03830990195274353,0.07402610778808594
-0.00919485092163086,-0.00798654556274414,-0.28176450729370117,-0.18458020687103271,-0.11873304843902588,-0.09780926257371902,-0.04146885499358177,0.09271784871816635,0.014438657090067863,0.07719168812036514,0.022153351455926895,0.0888199731707573,0.051515232771635056,0.14909787476062775,0.6864657402038574,0.1650385558605194,0.0843639075756073,-0.06112823635339737,-0.03591695800423622,-0.05164136365056038,-0.06764884293079376,0.21787616610527039,0.20540845394134521,-0.19691148400306702,-0.21795357763767242,0.1064576730132103,0.13840517401695251
-0.025780677795410156,-0.004670143127441406,-0.29700326919555664,-0.14956429600715637,-0.059538789093494415,-0.08343803882598877,-0.008797641843557358,0.10031970590353012,-0.009007202461361885,0.07329348474740982,0.02983243204653263,0.07164734601974487,0.0624229833483696,0.14869803190231323,0.7400389909744263,0.1259571760892868,0.04292077571153641,-0.04480010271072388,-0.04026927798986435,-0.061484940350055695,-0.06233052536845207,0.24580930173397064,0.2534746527671814,-0.24053950607776642,-0.26240435242652893,0.11987297236919403,0.12995266914367676
-0.04258441925048828,0.001866985927335918,-0.2804241180419922,-0.10858623683452606,-0.028910253196954727,-0.08059056103229523,0.0227751936763525,0.07572535425424576,-0.01199303101748228,0.04539971053600311,0.034718628972768784,0.05416027083992958,0.06043447554111481,0.1487506926059723,0.7613650560379028,0.08278939872980118,0.021287519484758377,-0.017910676077008247,-0.04113271087408066,-0.061785392463207245,-0.040796708315610886,0.24401192367076874,0.26262447237968445,-0.24350334703922272,-0.2657163441181183,0.12387831509113312,0.12758640944957733
-0.06374597549438477,-0.008288383483886719,-0.257718563079834,-0.06404564529657364,-0.02268001064658165,-0.07125154137611389,0.009373608976602554,0.04591095447540283,0.004685751162469387,0.04662005603313446,0.05393296480178833,0.02183854766190052,0.04475336894392967,0.14875544607639313,0.6781651377677917,0.034738894551992416,0.005633547902107239,0.008320675231516361,-0.033481415361166,-0.046077776700258255,-0.03253844007849693,0.2674170732498169,0.2674611508846283,-0.2655797302722931,-0.2613493800163269,0.07874121516942978,0.07483665645122528
-0.08442974090576172,-0.017483234405517578,-0.23492002487182617,-0.029610883444547653,-0.040662337094545364,-0.06156532093882561,0.002191854640841484,0.01819966547191143,0.0023623984307050705,0.06447204202413559,0.04078257828950882,-0.017797010019421577,-0.004005022346973419,0.14875106513500214,0.5897724628448486,-0.0203691478818655,-0.020650170743465424,0.007523647975176573,-0.0159250907599926,-0.05415952578186989,-0.046009212732315063,0.27843090891838074,0.2968066334724426,-0.21546699106693268,-0.21920442581176758,0.03598771244287491,0.02488936111330986
-0.09284830093383789,-0.020226001739501953,-0.20908069610595703,0.0018201271304860711,-0.02463042549788952,-0.06452590227127075,0.00607820600271225,-0.008973523043096066,-0.0023326792288571596,0.072325699031353,0.024287024512887,-0.05036400631070137,-0.05223800614476204,0.1503816545009613,0.4954310953617096,-0.06084299087524414,-0.0633595734834671,-0.013801882974803448,-0.005607420578598976,-0.04926475137472153,-0.06427183002233505,0.2618560492992401,0.2957160472869873,-0.21301688253879547,-0.20103788375854492,0.026858773082494736,-0.009740740060806274
-0.10462331771850586,-0.018142223358154297,-0.21126365661621094,0.037540681660175323,0.009344476275146008,-0.048724737018346786,0.018525252118706703,-0.012781588360667229,-0.009830695576965809,0.06955409795045853,0.015584633685648441,-0.08552086353302002,-0.08182215690612793,0.14895904064178467,0.40463492274284363,-0.12377914786338806,-0.10775591433048248,-0.022084752097725868,-0.0012129591777920723,-0.07155212014913559,-0.08255551010370255,0.27446603775024414,0.2842736542224884,-0.18212199211120605,-0.1847192794084549,-0.061836808919906616,-0.06400885432958603
-0.12128496170043945,-0.008373260498046875,-0.21006155014038086,0.0689220279455185,0.01711408421397209,-0.02411545440554619,0.00920325517654419,-0.02154228277504444,-0.014506867155432701,0.062175385653972626,0.030077144503593445,-0.11909713596105576,-0.07951869070529938,0.14896583557128906,0.3316059708595276,-0.15702369809150696,-0.11785678565502167,-0.007910319603979588,-0.01003903616219759,-0.08445525914430618,-0.09392550587654114,0.24666620790958405,0.26834607124328613,-0.1880708932876587,-0.16436557471752167,-0.06741467118263245,-0.10183391720056534
-0.12380361557006836,0.012957419268786907,-0.18369817733764648,0.0827898234128952,0.10697492212057114,-0.01885816641151905,0.009977346286177635,-0.05186733230948448,-0.03881007805466652,0.050619762390851974,0.06948812305927277,-0.13664880394935608,-0.06618544459342957,0.14895649254322052,0.20554490387439728,-0.17695403099060059,-0.16807349026203156,-0.008944421075284481,0.0181354321539402,-0.08887340128421783,-0.1346956044435501,0.23450399935245514,0.2156098634004593,-0.18399347364902496,-0.15634669363498688,-0.07496973127126694,-0.13205352425575256
-0.11313724517822266,0.031776998192071915,-0.1610555648803711,0.08944318443536758,0.1556972712278366,-0.026665503159165382,0.017039427533745766,-0.07348350435495377,-0.035131558775901794,0.052588630467653275,0.09666723012924194,-0.14541976153850555,-0.03552960231900215,0.1486900895833969,0.12669098377227783,-0.17634209990501404,-0.19395986199378967,-0.016593139618635178,0.03685769811272621,-0.08241952210664749,-0.15961375832557678,0.23288989067077637,0.16579663753509521,-0.17127607762813568,-0.14655116200447083,-0.07961969822645187,-0.17890803515911102
-0.09854745864868164,0.05107332766056061,-0.16611909866333008,0.09334243088960648,0.2005028873682022,-0.033991798758506775,0.01502920500934124,-0.06467781960964203,-0.05827751010656357,0.05985338240861893,0.15682247281074524,-0.14834660291671753,0.017740460112690926,0.14841167628765106,0.01817820966243744,-0.16202786564826965,-0.1986328363418579,-0.015776831656694412,0.05364522337913513,-0.0927458330988884,-0.1776248812675476,0.21400335431098938,0.1055283173918724,-0.17693281173706055,-0.161111980676651,-0.11194342374801636,-0.2496069073677063
-0.08304452896118164,0.07323628664016724,-0.18940353393554688,0.08645283430814743,0.17730940878391266,-0.0395527221262455,-3.2203271985054016e-05,-0.035889312624931335,-0.03463130071759224,0.07718372344970703,0.19572219252586365,-0.13917326927185059,0.026009444147348404,0.14833933115005493,-0.05496388301253319,-0.13922202587127686,-0.15160627663135529,-0.0024315761402249336,0.04273693636059761,-0.11681248247623444,-0.1502884030342102,0.16334940493106842,0.04069434851408005,-0.1656649261713028,-0.13824807107448578,-0.15000025928020477,-0.325432687997818
-0.057076454162597656,0.08715284615755081,-0.21198129653930664,0.07738945633172989,0.0902203917503357,-0.0478350855410099,-0.03169011324644089,-0.005015688017010689,0.035934194922447205,0.11896289139986038,0.26805222034454346,-0.11210212111473083,-0.052698004990816116,0.10557631403207779,-0.11835949122905731,-0.11167217791080475,-0.042060378938913345,0.012356197461485863,-0.005747324787080288,-0.10840776562690735,-0.06800161302089691,0.12214834243059158,-0.03305082768201828,-0.15218546986579895,-0.08051601052284241,-0.14999951422214508,-0.4345463812351227
-0.02092742919921875,0.08856535702943802,-0.21331024169921875,0.0460672564804554,-0.010535750538110733,-0.055319227278232574,-0.047954730689525604,0.02694673091173172,0.07860627770423889,0.21672630310058594,0.29722094535827637,-0.11235982179641724,-0.1750086396932602,0.008407961577177048,-0.11873121559619904,-0.041928935796022415,0.0579490102827549,0.015696221962571144,-0.04350874200463295,-0.06048084422945976,0.004953593015670776,0.036869145929813385,-0.059663325548172,-0.09094220399856567,-0.03324008733034134,-0.14999903738498688,-0.49096667766571045
0.0013240276603028178,0.08624818921089172,-0.22335100173950195,0.01357350591570139,-0.0649385005235672,-0.035517964512109756,-0.04601110890507698,0.09996083378791809,0.10441819578409195,0.31524163484573364,0.29375606775283813,-0.21662989258766174,-0.24163199961185455,-0.07426360994577408,-0.09292241930961609,0.02018670178949833,0.11013314127922058,0.013261650688946247,-0.03727985918521881,-0.020047318190336227,0.038789670914411545,-0.027224641293287277,-0.025560179725289345,-0.08675757795572281,0.0052329786121845245,-0.14821204543113708,-0.5140629410743713
0.014842560514807701,0.09501680731773376,-0.2447648048400879,-0.010911629535257816,-0.05550633370876312,-0.042011115700006485,-0.04471722990274429,0.08653480559587479,0.07101459801197052,0.2972208559513092,0.29853129386901855,-0.20610031485557556,-0.2093537300825119,-0.07946030795574188,-0.10807967185974121,0.03563135862350464,0.06957712769508362,0.008744031190872192,-0.0879492238163948,0.003754407400265336,0.03865233436226845,-0.045406732708215714,-0.016138439998030663,-0.08916579186916351,-0.014537562616169453,-0.1485140472650528,-0.5271474719047546
0.022469207644462585,0.0909271389245987,-0.26612424850463867,-0.03833937644958496,-0.10517039149999619,-0.03918701037764549,-0.06084710359573364,0.08333664387464523,0.05349893495440483,0.2865416407585144,0.294488787651062,-0.207024484872818,-0.18916954100131989,-0.07866173982620239,-0.09451344609260559,0.05075021833181381,0.09493929147720337,0.008099102415144444,-0.09112146496772766,0.025744536891579628,0.06043904647231102,-0.041564200073480606,-0.022560471668839455,-0.0917852371931076,-0.05185363441705704,-0.14852392673492432,-0.4798791706562042
0.03039092756807804,0.07252277433872223,-0.2745952606201172,-0.06103279069066048,-0.15506218373775482,-0.040109723806381226,-0.07827260345220566,0.07617620378732681,0.04798349738121033,0.2739742398262024,0.2911912798881531,-0.19375872611999512,-0.17022328078746796,-0.07385865598917007,-0.054011020809412,0.07871688902378082,0.1018834263086319,0.0033736438490450382,-0.08832313120365143,0.034556444734334946,0.06756507605314255,-0.02754363976418972,-0.03501970320940018,-0.10201925784349442,-0.10626205801963806,-0.1484372615814209,-0.4423558712005615
0.06104196235537529,0.08532622456550598,-0.2626686096191406,-0.16072753071784973,-0.19280731678009033,-0.08581003546714783,-0.09817716479301453,0.057086169719696045,0.05553378164768219,0.2997753322124481,0.3010343015193939,-0.1424141228199005,-0.15006272494792938,-0.011437802575528622,-0.001468665897846222,0.08466096967458725,0.11056181788444519,-0.03643672913312912,-0.09870922565460205,0.047279659658670425,0.08117612451314926,-0.024233093485236168,-0.05489350110292435,-0.15220095217227936,-0.15196958184242249,-0.14844977855682373,-0.3923507332801819
0.06982726603746414,0.07510750740766525,-0.27873754501342773,-0.1933741420507431,-0.22687683999538422,-0.09626007825136185,-0.11445825546979904,0.06811528652906418,0.06855110824108124,0.27181193232536316,0.28893834352493286,-0.1437019556760788,-0.13257774710655212,0.00757735688239336,0.054900627583265305,0.11851261556148529,0.13628697395324707,-0.04964832589030266,-0.08451814949512482,0.06316930055618286,0.09546294063329697,-0.033807069063186646,-0.037293605506420135,-0.1664501428604126,-0.14157217741012573,-0.14886362850666046,-0.32832443714141846
0.06812617182731628,0.06392346322536469,-0.31294918060302734,-0.2253917008638382,-0.2754185199737549,-0.09684498608112335,-0.1471114605665207,0.0648123249411583,0.095195472240448,0.26791661977767944,0.2638489007949829,-0.1360642910003662,-0.11150950193405151,0.027230845764279366,0.1207113265991211,0.1443500816822052,0.17318089306354523,-0.052500516176223755,-0.08877451717853546,0.09577365964651108,0.09455768018960953,-0.03290805593132973,-0.01808854751288891,-0.1820349246263504,-0.1336865872144699,-0.14877165853977203,-0.26328250765800476
0.06728512048721313,0.05614210292696953,-0.3292231559753418,-0.2590011656284332,-0.2995483875274658,-0.10572344809770584,-0.17153747379779816,0.07767416536808014,0.1213851347565651,0.25483977794647217,0.232751727104187,-0.11598603427410126,-0.09448274970054626,0.10303962975740433,0.1999969333410263,0.16797927021980286,0.19885559380054474,-0.060227539390325546,-0.0760369673371315,0.11068092286586761,0.08295492827892303,-0.024978691712021828,0.0061858464032411575,-0.2063239961862564,-0.13058783113956451,-0.1485954225063324,-0.1942628026008606
0.05799226835370064,0.052580442279577255,-0.3193941116333008,-0.280071884393692,-0.28784602880477905,-0.1199517697095871,-0.15526781976222992,0.09317978471517563,0.10883156955242157,0.19729162752628326,0.184144988656044,-0.1021914929151535,-0.08245910704135895,0.14999999105930328,0.28497111797332764,0.18530772626399994,0.18821696937084198,-0.05977175384759903,-0.0937824621796608,0.09922325611114502,0.07003064453601837,-0.004562949761748314,0.02555185928940773,-0.22046878933906555,-0.1314059942960739,-0.14857983589172363,-0.12994933128356934
0.026569664478302002,0.042332857847213745,-0.30786561965942383,-0.2988044023513794,-0.2742193341255188,-0.11992765963077545,-0.1440640091896057,0.09764740616083145,0.09731504321098328,0.18333284556865692,0.12543293833732605,-0.10541105270385742,-0.06804147362709045,0.15000000596046448,0.3863467872142792,0.20915214717388153,0.17410039901733398,-0.035098347812891006,-0.11249565333127975,0.08511326462030411,0.0348966121673584,0.013614023104310036,0.05664128065109253,-0.21213459968566895,-0.12982259690761566,-0.14842525124549866,-0.05625956505537033
0.004033932462334633,0.030168313533067703,-0.3171358108520508,-0.25897806882858276,-0.2346939742565155,-0.11733123660087585,-0.10085246711969376,0.09069160372018814,0.058859504759311676,0.12513047456741333,0.04145295172929764,-0.006241219118237495,-0.043335817754268646,0.14960402250289917,0.5042903423309326,0.18392056226730347,0.14771701395511627,-0.04096669703722,-0.08128899335861206,0.029260795563459396,-0.029632829129695892,0.11274583637714386,0.14304111897945404,-0.18066097795963287,-0.1555199921131134,-0.023889347910881042,0.023759182542562485
-0.006209373474121094,0.036334577947854996,-0.31925439834594727,-0.2380204200744629,-0.11747366935014725,-0.11973293870687485,-0.05128173530101776,0.09098207950592041,0.014016474597156048,0.1203826293349266,0.026639921590685844,-0.018350517377257347,0.027762800455093384,0.14951714873313904,0.6701606512069702,0.18005254864692688,0.0764223039150238,-0.046901848167181015,-0.05072630196809769,0.001767599955201149,-0.06130507215857506,0.1375650316476822,0.1801082193851471,-0.17006243765354156,-0.21541748940944672,-0.012308907695114613,0.14822794497013092
-0.028045654296875,0.038585301488637924,-0.3460369110107422,-0.18058587610721588,-0.0346980057656765,-0.09418720752000809,0.004304876551032066,0.10174109041690826,-0.02297282963991165,0.04144208878278732,0.00019456632435321808,0.07675014436244965,0.08238965272903442,0.15015175938606262,0.7677926421165466,0.14407195150852203,0.0476202666759491,-0.04421798139810562,-0.03074611723423004,-0.05140865221619606,-0.06857404857873917,0.21053647994995117,0.24056284129619598,-0.21111418306827545,-0.2725026607513428,0.10767519474029541,0.1870657056570053
-0.0614776611328125,0.02628728188574314,-0.3506479263305664,-0.1426529437303543,-0.038941390812397,-0.06371864676475525,-0.0039648087695240974,0.0878491923213005,-0.008090471848845482,0.0527929924428463,0.050952691584825516,0.05408470332622528,0.07090045511722565,0.15018023550510406,0.749079704284668,0.13327230513095856,0.02800729125738144,-0.00817777682095766,-0.05853908509016037,-0.061909958720207214,-0.04868901148438454,0.2329120934009552,0.2686903476715088,-0.2266927808523178,-0.2871381938457489,0.10967627167701721,0.09754345566034317
-0.07116985321044922,0.02540947124361992,-0.33273935317993164,-0.1084042638540268,-0.012669338844716549,-0.0645233541727066,0.01982050947844982,0.06551054120063782,-0.01849755086004734,0.04049278050661087,0.05899182707071304,0.03532370924949646,0.056395016610622406,0.15010684728622437,0.7276725769042969,0.08829811215400696,0.006338365375995636,-0.006285068579018116,-0.03208035230636597,-0.05673285573720932,-0.04239977151155472,0.2703198790550232,0.28741946816444397,-0.2633930742740631,-0.28068244457244873,0.10119201242923737,0.09157028049230576
-0.08355045318603516,0.020027559250593185,-0.2965278625488281,-0.07905075699090958,-0.02345244400203228,-0.06393732130527496,0.008443184196949005,0.025861676782369614,0.0033004244323819876,0.04250127449631691,0.050381116569042206,0.014721701852977276,0.010351339355111122,0.15025979280471802,0.6468273401260376,0.054455939680337906,-0.010527780279517174,-0.00970434583723545,-0.028837386518716812,-0.052599161863327026,-0.04305464029312134,0.26673004031181335,0.2965661585330963,-0.25599169731140137,-0.24719107151031494,0.09016770124435425,0.03344567120075226
-0.09227228164672852,0.007824729196727276,-0.2798881530761719,-0.04561237618327141,-0.023775167763233185,-0.056999992579221725,5.791895091533661e-05,0.006166160572320223,-0.011772453784942627,0.056144893169403076,0.029583370313048363,-0.017316637560725212,-0.03510166332125664,0.14870086312294006,0.5199151039123535,-0.003495167475193739,-0.03746364265680313,-0.02262600138783455,-0.005773697979748249,-0.04483233392238617,-0.05058324337005615,0.2916153073310852,0.3142118752002716,-0.2246187925338745,-0.2181299775838852,0.025657763704657555,-0.022647645324468613
-0.09954214096069336,-0.0063571929931640625,-0.2658114433288574,-0.007905466482043266,-0.022214049473404884,-0.04814006760716438,0.0030944719910621643,-0.010665779933333397,-0.004201305098831654,0.06870194524526596,0.027340542525053024,-0.051419854164123535,-0.05190155282616615,0.14866217970848083,0.4509662985801697,-0.04491071775555611,-0.06687366962432861,-0.03384087607264519,-0.00483853742480278,-0.04690437391400337,-0.06441524624824524,0.28591567277908325,0.30235755443573,-0.21925580501556396,-0.19515281915664673,0.0024282592348754406,-0.05228586867451668
-0.1076040267944336,-0.0070247650146484375,-0.27301645278930664,0.02524212934076786,0.020717639476060867,-0.030448492616415024,0.012444054707884789,-0.008987016044557095,-0.01528603583574295,0.06590054929256439,0.02578957937657833,-0.0827879011631012,-0.0819704681634903,0.14869847893714905,0.3571150302886963,-0.10465107858181,-0.10975971817970276,-0.030772119760513306,0.000527634285390377,-0.06549094617366791,-0.07935984432697296,0.26405519247055054,0.27306511998176575,-0.17026105523109436,-0.1746239960193634,-0.07483983039855957,-0.08972392231225967
-0.11073446273803711,-0.006049156188964844,-0.2676224708557129,0.05847299098968506,0.016241315752267838,-0.018718557432293892,0.025574663653969765,-0.017987778410315514,-0.023786509409546852,0.05883973836898804,0.01245826855301857,-0.10984719544649124,-0.07864820957183838,0.14877822995185852,0.29140350222587585,-0.14652100205421448,-0.12096989154815674,-0.017550216987729073,0.0005484195426106453,-0.07595431059598923,-0.09151466935873032,0.24330900609493256,0.25521424412727356,-0.17229437828063965,-0.1583779901266098,-0.08293446898460388,-0.12895360589027405
-0.10634231567382812,0.00016063764633145183,-0.23877334594726562,0.0814671441912651,0.10115686804056168,-0.017642568796873093,0.04357408732175827,-0.048213183879852295,-0.04035189375281334,0.04895493760704994,0.05113930255174637,-0.12389247864484787,-0.04514011740684509,0.14843443036079407,0.17756183445453644,-0.16865555942058563,-0.18035262823104858,-0.008568747900426388,0.019277319312095642,-0.09571985900402069,-0.1354801207780838,0.21886014938354492,0.19002650678157806,-0.16430817544460297,-0.15685439109802246,-0.12270823866128922,-0.17804057896137238
-0.09708642959594727,0.004274012520909309,-0.22644424438476562,0.10108105093240738,0.1157771646976471,-0.016117794439196587,0.03522597998380661,-0.059462063014507294,-0.03837118670344353,0.04661542922258377,0.06042923033237457,-0.12665309011936188,-0.030992873013019562,0.14281629025936127,0.0880560502409935,-0.17660273611545563,-0.18393374979496002,0.007248915731906891,0.0445006862282753,-0.12185612320899963,-0.1528700441122055,0.1668035089969635,0.13672570884227753,-0.15341846644878387,-0.15133678913116455,-0.14999763667583466,-0.23951300978660583
-0.07718706130981445,0.008226394653320312,-0.23033952713012695,0.10707210004329681,0.09907215088605881,-0.016587620601058006,0.03428303450345993,-0.043293025344610214,-0.01953188143670559,0.06469161808490753,0.09525280445814133,-0.10786767303943634,-0.0053411079570651054,0.09624390304088593,-0.02804240956902504,-0.1853780597448349,-0.16614076495170593,0.02751629613339901,0.03714380040764809,-0.1317165046930313,-0.1463974267244339,0.10935413092374802,0.06493709981441498,-0.1373419165611267,-0.13037942349910736,-0.1499955803155899,-0.3276450037956238
-0.04543256759643555,0.003709158394485712,-0.22418832778930664,0.11432240158319473,0.05037172883749008,-0.03039444237947464,0.011808525770902634,-0.04035467281937599,0.028500277549028397,0.09246659278869629,0.1853167563676834,-0.09431888908147812,-0.058576349169015884,0.0641162246465683,-0.06952296197414398,-0.18412597477436066,-0.09362143278121948,0.035845063626766205,-0.008829639293253422,-0.12260572612285614,-0.08526881039142609,0.09952214360237122,-0.02887609414756298,-0.1133824959397316,-0.08661457896232605,-0.1499536633491516,-0.4178191125392914
-0.0339202880859375,-0.021855831146240234,-0.19372940063476562,0.0564410537481308,-0.0030109556391835213,0.001334020751528442,-0.03159300610423088,0.08898184448480606,0.08475475758314133,0.2758643329143524,0.25222837924957275,-0.13703927397727966,-0.1475147008895874,-0.09227166324853897,-0.09107339382171631,-0.0755833238363266,-0.01920858770608902,0.044008828699588776,-0.0349876806139946,-0.11924237757921219,-0.028577137738466263,-0.030657527968287468,-0.08106125146150589,0.03232854604721069,-0.03798028826713562,-0.14857539534568787,-0.49108245968818665
0.013512996025383472,-0.03714704513549805,-0.18966388702392578,0.04489047825336456,-0.01566200703382492,-0.0636863261461258,-0.0007717367261648178,0.09104885160923004,0.07206150144338608,0.2926498055458069,0.2713881731033325,-0.17744681239128113,-0.18778719007968903,-0.056248556822538376,-0.04237772151827812,-0.0424935445189476,-0.004255165345966816,0.0022788825444877148,-0.02080943062901497,-0.08036652952432632,-0.022086434066295624,-0.011432109400629997,-0.013788042590022087,0.02172485738992691,0.004149268381297588,-0.14931367337703705,-0.5304784178733826
0.0282600000500679,-0.028560161590576172,-0.18620967864990234,-0.013829830102622509,-0.032391298562288284,-0.06622307747602463,-0.03384292125701904,0.07551336288452148,0.06113014370203018,0.31025630235671997,0.3017996847629547,-0.17276287078857422,-0.17308633029460907,-0.06251142174005508,-0.0625903308391571,-0.017291147261857986,0.0025102212093770504,-0.0010055095190182328,-0.055331677198410034,-0.03860451281070709,-0.004774496890604496,-0.02098848484456539,-0.029143473133444786,0.014428388327360153,0.00490476842969656,-0.1491912454366684,-0.4776870906352997
0.04052678123116493,-0.03104257583618164,-0.1891021728515625,-0.039139069616794586,-0.07303794473409653,-0.049340326339006424,-0.05339167267084122,0.06743854284286499,0.05487086623907089,0.2864028513431549,0.3067922294139862,-0.17688630521297455,-0.18436528742313385,-0.05933951586484909,-0.041225891560316086,0.007203135639429092,0.028568966314196587,-0.00012685060210060328,-0.04649803042411804,-0.021319396793842316,0.005725581664592028,-0.012221061624586582,-0.02760837785899639,0.01205254066735506,-0.00989668071269989,-0.14923182129859924,-0.4488055408000946
0.04793207347393036,-0.0379643440246582,-0.18263721466064453,-0.09129870682954788,-0.1324530690908432,-0.036364033818244934,-0.06603671610355377,0.04444582760334015,0.0539112351834774,0.3116436004638672,0.30454516410827637,-0.14813166856765747,-0.16045895218849182,-0.00907018780708313,-0.008795104920864105,0.03222202882170677,0.06403489410877228,0.0021132128313183784,-0.04848605394363403,-0.029129356145858765,0.03662119805812836,0.017644399777054787,-0.031618669629096985,-0.02756645530462265,-0.06049087643623352,-0.14860498905181885,-0.3915145993232727
0.061229631304740906,-0.04335784912109375,-0.2080540657043457,-0.12676449120044708,-0.16594471037387848,-0.03916175663471222,-0.07399699091911316,0.043542928993701935,0.041310232132673264,0.3150109052658081,0.29868993163108826,-0.1382213532924652,-0.13436126708984375,0.005488868802785873,0.02788192592561245,0.0627346932888031,0.07967929542064667,0.0007477670442312956,-0.05117430165410042,-0.0037415167316794395,0.05172782763838768,0.029182076454162598,-0.01822829060256481,-0.05346732959151268,-0.06828106939792633,-0.14833444356918335,-0.3439406156539917
0.07278884947299957,-0.0338749885559082,-0.24534320831298828,-0.1669878512620926,-0.2124181091785431,-0.051134705543518066,-0.07984510809183121,0.04518561810255051,0.05458395928144455,0.3018219470977783,0.2814977169036865,-0.12787078320980072,-0.11100956797599792,0.02350577525794506,0.06340906769037247,0.08885391056537628,0.11863596737384796,-0.0014146959874778986,-0.04739922285079956,0.03489270433783531,0.05859119072556496,0.02000950276851654,0.01105620339512825,-0.07727646082639694,-0.0705316960811615,-0.14871105551719666,-0.3081541657447815
0.08297290652990341,-0.01695871353149414,-0.27370643615722656,-0.21159368753433228,-0.24286237359046936,-0.06760290265083313,-0.10013967752456665,0.05410556495189667,0.07152631878852844,0.2821045219898224,0.26323458552360535,-0.12162861973047256,-0.09821850061416626,0.041418980807065964,0.10149258375167847,0.11133450269699097,0.151346817612648,-0.008968878537416458,-0.05797284096479416,0.06549150496721268,0.06983627378940582,0.008266379125416279,0.022473661229014397,-0.10296250879764557,-0.0674385279417038,-0.14895375072956085,-0.2650189995765686
0.09305549412965775,-0.014603137969970703,-0.2812042236328125,-0.23771615326404572,-0.27192437648773193,-0.0928759053349495,-0.12194236367940903,0.07698499411344528,0.09943857043981552,0.24443720281124115,0.2280857115983963,-0.0830964669585228,-0.07370962202548981,0.13794595003128052,0.1791578084230423,0.14951200783252716,0.18783441185951233,-0.022669784724712372,-0.048989925533533096,0.07342862337827682,0.06792090833187103,0.00810632947832346,0.042879458516836166,-0.13780035078525543,-0.062119677662849426,-0.14866697788238525,-0.17906399071216583
0.08975933492183685,-0.009302139282226562,-0.27835512161254883,-0.2695973217487335,-0.27013641595840454,-0.11392844468355179,-0.14935429394245148,0.0944773331284523,0.11228421330451965,0.20436571538448334,0.19790707528591156,-0.05790556222200394,-0.04880029708147049,0.15000000596046448,0.26499322056770325,0.174533411860466,0.16618116199970245,-0.028927460312843323,-0.06600343436002731,0.06911969184875488,0.060381826013326645,0.018825041130185127,0.01783030852675438,-0.1502947062253952,-0.07855605334043503,-0.11012298613786697,-0.08698783814907074
0.06897936761379242,-0.004900932312011719,-0.27983522415161133,-0.29050329327583313,-0.2647591531276703,-0.11987632513046265,-0.16079533100128174,0.106482595205307,0.12125936895608902,0.16642513871192932,0.14102451503276825,-0.05723795294761658,-0.048533257097005844,0.15000000596046448,0.3453851640224457,0.19690868258476257,0.18031442165374756,-0.016232380643486977,-0.06455904245376587,0.06686042249202728,0.03268826752901077,0.030110107734799385,0.05075116083025932,-0.15267720818519592,-0.09084033221006393,-0.06447101384401321,-0.004363660700619221
0.04204477369785309,-0.0019235610961914062,-0.2903623580932617,-0.3032739460468292,-0.22015772759914398,-0.11987125873565674,-0.12123804539442062,0.1051691323518753,0.09308943897485733,0.15418191254138947,0.05231073126196861,-0.05655035376548767,-0.01793787255883217,0.15000002086162567,0.46605822443962097,0.21823151409626007,0.1552181988954544,0.00981373805552721,-0.046431977301836014,0.07370935380458832,-0.01903829723596573,0.04369765520095825,0.11842743307352066,-0.15948177874088287,-0.09795084595680237,-0.06286963820457458,0.08814709633588791
0.01842130720615387,0.007111008744686842,-0.3089890480041504,-0.29617416858673096,-0.14525507390499115,-0.11982661485671997,-0.04772935062646866,0.09139462560415268,0.03401973098516464,0.13644561171531677,-0.030474254861474037,-0.031121956184506416,0.032928384840488434,0.15000252425670624,0.609377384185791,0.22122447192668915,0.12242425978183746,0.01932404935359955,-0.022655025124549866,0.07039943337440491,-0.06409621238708496,0.07822715491056442,0.2005806267261505,-0.1634274274110794,-0.1601230651140213,-0.035880401730537415,0.16344735026359558
0.006387596484273672,0.004782229661941528,-0.35396432876586914,-0.22911658883094788,-0.05574369430541992,-0.10157512128353119,-0.0011863969266414642,0.11475376039743423,-0.015730902552604675,0.07794486731290817,-0.054311223328113556,0.05121467262506485,0.07393920421600342,0.1492682695388794,0.7145535945892334,0.1826850175857544,0.05600299686193466,-0.021275967359542847,-0.0026732711121439934,-0.020221423357725143,-0.0831993892788887,0.16955633461475372,0.24508115649223328,-0.1668449193239212,-0.2544398307800293,0.0505414679646492,0.1902913749217987
-0.014036178588867188,-0.015423297882080078,-0.3914656639099121,-0.14258404076099396,-0.050408437848091125,-0.07091671228408813,-0.0034561846405267715,0.10992880165576935,-0.015025682747364044,0.026921655982732773,-0.001317957416176796,0.12180572003126144,0.08022944629192352,0.14699049293994904,0.7814104557037354,0.12693721055984497,0.03477871045470238,-0.0316147617995739,-0.03054862469434738,-0.06772439926862717,-0.06035386398434639,0.3012501895427704,0.2629324793815613,-0.3122056722640991,-0.2943000793457031,0.14996519684791565,0.15286806225776672
-0.04903554916381836,-0.029992103576660156,-0.39889955520629883,-0.09206266701221466,-0.06479906290769577,-0.05096300691366196,-0.0340699777007103,0.06710099428892136,0.019194765016436577,0.044351525604724884,0.05350254103541374,0.07060588151216507,0.07696183025836945,0.1496354043483734,0.7005497217178345,0.08051688969135284,0.03617659583687782,0.003082254668697715,-0.036027826368808746,-0.0535338893532753,-0.0378270260989666,0.3245335817337036,0.28838279843330383,-0.25594279170036316,-0.260236918926239,0.06920243799686432,0.053142283111810684
-0.06402969360351562,-0.025195598602294922,-0.37833356857299805,-0.061161067336797714,-0.04870566353201866,-0.05209190025925636,-0.005624119192361832,0.04052988439798355,0.00026784464716911316,0.04183327034115791,0.01974470540881157,0.04020428657531738,0.03173156827688217,0.14897263050079346,0.5956180095672607,0.03059210814535618,0.01338890753686428,-0.002708962420001626,-0.00928861927241087,-0.04718652367591858,-0.039789583534002304,0.30290544033050537,0.31677907705307007,-0.2451847642660141,-0.21804268658161163,0.038653213530778885,0.01775556430220604
-0.07332181930541992,-0.025922298431396484,-0.3546891212463379,-0.030301451683044434,-0.018774744123220444,-0.05673016235232353,0.005374608561396599,0.01581387221813202,-0.004749558866024017,0.052595146000385284,0.013130748644471169,0.0025244473945349455,-0.01538369245827198,0.14845244586467743,0.4904046654701233,-0.025875231251120567,-0.041309285908937454,-0.020080164074897766,-0.00108353141695261,-0.04696235805749893,-0.05658924952149391,0.3062879741191864,0.3090640604496002,-0.21197590231895447,-0.2049264907836914,-0.01145877130329609,-0.030396543443202972
-0.0858922004699707,-0.027904510498046875,-0.3324718475341797,0.003535841591656208,-0.02197936736047268,-0.053549572825431824,-0.010891355574131012,-0.009371377527713776,-0.008625496178865433,0.06564060598611832,0.02482023276388645,-0.03911171108484268,-0.019213538616895676,0.14844776690006256,0.4095265865325928,-0.06960414350032806,-0.05958418920636177,-0.02315281145274639,0.006973490118980408,-0.05166114494204521,-0.06420637667179108,0.29556527733802795,0.30550724267959595,-0.1964675486087799,-0.19817395508289337,-0.06136658042669296,-0.08513277024030685
-0.10120868682861328,-0.020119667053222656,-0.3161940574645996,0.03342454507946968,0.028271827846765518,-0.04189806804060936,0.009811218827962875,-0.0310526080429554,-0.030801210552453995,0.06650933623313904,0.047606948763132095,-0.07511056214570999,-0.03444438427686691,0.1484661102294922,0.34048330783843994,-0.11301954835653305,-0.10717819631099701,-0.01627407595515251,0.004669346380978823,-0.0835864394903183,-0.086911141872406,0.26215752959251404,0.2714580297470093,-0.17230045795440674,-0.17756691575050354,-0.09691234678030014,-0.09636988490819931
-0.10801839828491211,-0.010428428649902344,-0.3016324043273926,0.06330833584070206,0.025224849581718445,-0.03621663898229599,0.01760748215019703,-0.048576872795820236,-0.035908620804548264,0.059048812836408615,0.015622883103787899,-0.10063879936933517,-0.04954180493950844,0.1483437716960907,0.26346614956855774,-0.1563124805688858,-0.12302668392658234,-0.003442846704274416,0.018004341050982475,-0.09061917662620544,-0.11138810962438583,0.24254612624645233,0.2627770006656647,-0.17295660078525543,-0.15123003721237183,-0.10543441772460938,-0.1371004581451416
-0.11221837997436523,-0.0011019706726074219,-0.28288841247558594,0.09391283988952637,0.08826837688684464,-0.031618744134902954,0.030533449724316597,-0.06887485086917877,-0.04807239770889282,0.04526299983263016,0.029198870062828064,-0.11611343920230865,-0.048156287521123886,0.1492096185684204,0.1383792757987976,-0.17720016837120056,-0.17146344482898712,0.009639197029173374,0.042755622416734695,-0.1195511445403099,-0.14964871108531952,0.20579151809215546,0.20526210963726044,-0.1489594429731369,-0.14112676680088043,-0.15000011026859283,-0.18238896131515503
-0.11248254776000977,0.012836415320634842,-0.27513551712036133,0.11203638464212418,0.11361062526702881,-0.021551167592406273,0.03548923134803772,-0.07248108834028244,-0.050226304680109024,0.04105384647846222,0.04073087498545647,-0.12513113021850586,-0.026897620409727097,0.13103608787059784,0.03139965608716011,-0.19329313933849335,-0.18101602792739868,0.03102046251296997,0.0552651584148407,-0.14335601031780243,-0.16769342124462128,0.1604541391134262,0.14932821691036224,-0.14138607680797577,-0.12928111851215363,-0.14999999105930328,-0.250788152217865
-0.08921289443969727,0.020028075203299522,-0.2825508117675781,0.12378229200839996,0.1388874053955078,-0.022576821967959404,0.02236039750277996,-0.05813610553741455,-0.024920351803302765,0.05786251649260521,0.09663369506597519,-0.12406784296035767,-0.002610139548778534,0.010733513161540031,-0.046918805688619614,-0.18521636724472046,-0.18090839684009552,0.04021366313099861,0.056872159242630005,-0.1581452339887619,-0.16929420828819275,0.07690169662237167,0.06251486390829086,-0.11606676131486893,-0.11976458132266998,-0.1499985307455063,-0.3161424398422241
-0.048621177673339844,0.011367001570761204,-0.30118608474731445,0.12698914110660553,0.044742025434970856,-0.051647916436195374,-0.00363779254257679,-0.02591533213853836,0.04637308418750763,0.1049693152308464,0.19071289896965027,-0.08680602163076401,-0.0694020539522171,-0.0170681644231081,-0.09141166508197784,-0.17913368344306946,-0.07014515995979309,0.041377339512109756,0.010828218422830105,-0.14991287887096405,-0.08215295523405075,0.04694829508662224,-0.03549667447805405,-0.11257380992174149,-0.07098378986120224,-0.15000182390213013,-0.4223868250846863
-0.025200843811035156,-0.008148193359375,-0.2855372428894043,0.10708340257406235,-0.009229764342308044,-0.03807142749428749,-0.040888525545597076,0.03584383800625801,0.09319029003381729,0.19968871772289276,0.2717016935348511,-0.07024528831243515,-0.18059709668159485,-0.03597696125507355,-0.06424000859260559,-0.12352649122476578,-0.003028593026101589,0.050661277025938034,-0.049043044447898865,-0.11832092702388763,-0.020732048898935318,0.012461123988032341,-0.08997341245412827,-0.067020483314991,-0.03321091830730438,-0.14983394742012024,-0.4658363461494446
0.0043761245906353,-0.013350963592529297,-0.2541794776916504,0.07193279266357422,0.005955151282250881,-0.03348248824477196,-0.04655354470014572,0.06374102830886841,0.09286358952522278,0.2544562518596649,0.3093971312046051,-0.15174244344234467,-0.21881495416164398,-0.03832866996526718,-0.04365042224526405,-0.08295479416847229,-0.0050801485776901245,0.027983499690890312,-0.04102563485503197,-0.11501678079366684,-0.015552503056824207,-0.005296557210385799,-0.07869729399681091,-0.003725253976881504,0.008408136665821075,-0.14919500052928925,-0.4877251386642456
0.029156146571040154,-0.02210855484008789,-0.24834585189819336,0.042246267199516296,-0.02291276305913925,-0.03131478652358055,-0.03766845539212227,0.07493629306554794,0.07833603024482727,0.28617721796035767,0.3115873336791992,-0.18256202340126038,-0.21964886784553528,-0.03867394104599953,-0.03889309987425804,-0.047312334179878235,0.01543880533427,0.007649464998394251,-0.01086489949375391,-0.10083738714456558,-0.011685430072247982,-0.0013864807551726699,-0.045774683356285095,0.02213648334145546,0.0026505463756620884,-0.14889653027057648,-0.4819030165672302
0.0405396930873394,-0.02647113800048828,-0.2733173370361328,0.0021110710222274065,-0.0646156445145607,-0.027464691549539566,-0.04381287097930908,0.058009397238492966,0.05768272280693054,0.31564855575561523,0.3119484782218933,-0.1927410066127777,-0.20025430619716644,-0.04428132250905037,-0.047458481043577194,-0.02043319121003151,0.037646252661943436,0.010467344895005226,-0.0238884836435318,-0.06565293669700623,0.003259197808802128,0.005481502041220665,-0.007114944979548454,0.023680027574300766,0.00792873278260231,-0.14890043437480927,-0.4643537700176239
0.05224417522549629,-0.02991342544555664,-0.3097681999206543,-0.043349601328372955,-0.0930023044347763,-0.03260688856244087,-0.03879920393228531,0.034351058304309845,0.0385127030313015,0.3226718604564667,0.30846521258354187,-0.15352880954742432,-0.16142085194587708,-0.020926043391227722,-0.019326891750097275,0.0016617287183180451,0.044141385704278946,0.01325529906898737,-0.02919873222708702,-0.028797697275877,0.018889570608735085,0.024273155257105827,0.001443658024072647,-0.0019294136436656117,-0.01648062653839588,-0.14891847968101501,-0.40496864914894104
0.05821429193019867,-0.032470703125,-0.34241676330566406,-0.08590219914913177,-0.12852364778518677,-0.030916983261704445,-0.05281373858451843,0.02400881238281727,0.030215861275792122,0.29869797825813293,0.29981476068496704,-0.1489778459072113,-0.15224584937095642,-0.0065885065123438835,0.003951173275709152,0.03752492368221283,0.06296486407518387,0.017813660204410553,-0.035093508660793304,0.0040121180936694145,0.03507817164063454,0.02658567763864994,-0.0025107581168413162,-0.03511575981974602,-0.04055767506361008,-0.1485857367515564,-0.37659913301467896
0.06340792775154114,-0.031424522399902344,-0.36798620223999023,-0.13947772979736328,-0.17656239867210388,-0.033938128501176834,-0.08281698822975159,0.028182003647089005,0.03848356008529663,0.281368613243103,0.2914629578590393,-0.14896291494369507,-0.1246519535779953,0.0026598507538437843,0.04113778471946716,0.07567011564970016,0.09938810765743256,0.016300160437822342,-0.031722988933324814,0.030914293602108955,0.05776757746934891,0.022320153191685677,-0.004655437543988228,-0.06815315783023834,-0.05930614471435547,-0.14861547946929932,-0.30524492263793945
0.0723407045006752,-0.03061819076538086,-0.39027833938598633,-0.1892935037612915,-0.22750981152057648,-0.054487477988004684,-0.09996683895587921,0.03883273899555206,0.06046442687511444,0.2629964351654053,0.26933225989341736,-0.12276436388492584,-0.10227502882480621,0.050725363194942474,0.10189546644687653,0.11517225950956345,0.13195262849330902,0.004381962586194277,-0.04229751229286194,0.05557502806186676,0.06129340082406998,0.018837088719010353,0.008417099714279175,-0.10379885882139206,-0.07266304641962051,-0.14868581295013428,-0.25975164771080017
0.07668554782867432,-0.024892807006835938,-0.41013145446777344,-0.2369665652513504,-0.24950265884399414,-0.07838091254234314,-0.11690651625394821,0.0512123666703701,0.07117860019207001,0.24321870505809784,0.23556627333164215,-0.10246580094099045,-0.07187287509441376,0.09728439897298813,0.15826824307441711,0.14553236961364746,0.14419402182102203,-0.00640224851667881,-0.0539068803191185,0.0766635462641716,0.053928036242723465,0.01974393241107464,0.025351854041218758,-0.1363462507724762,-0.08308222889900208,-0.14857380092144012,-0.2178458720445633
0.06628242135047913,-0.02069091796875,-0.4183335304260254,-0.2655373513698578,-0.28072860836982727,-0.09148753434419632,-0.1416776031255722,0.0671703964471817,0.1081884577870369,0.2056972235441208,0.19188040494918823,-0.08588042855262756,-0.05440554767847061,0.1410064995288849,0.24326375126838684,0.16956070065498352,0.1758386790752411,-0.0029020868241786957,-0.053084880113601685,0.08277808874845505,0.04194639250636101,0.03150884062051773,0.052050765603780746,-0.14891278743743896,-0.08516435325145721,-0.14828409254550934,-0.14422623813152313
0.04836668074131012,-0.016501903533935547,-0.4061880111694336,-0.28354501724243164,-0.27224627137184143,-0.10762567818164825,-0.14281132817268372,0.08244924992322922,0.10463123023509979,0.17055532336235046,0.13888303935527802,-0.06857593357563019,-0.041306547820568085,0.14999999105930328,0.32330334186553955,0.19062665104866028,0.1631103754043579,0.00628117797896266,-0.06803879886865616,0.0668163001537323,0.017240285873413086,0.05261247605085373,0.05721794068813324,-0.15202343463897705,-0.09981466084718704,-0.14869625866413116,-0.06182669848203659
0.02684565633535385,-0.00508880615234375,-0.39881277084350586,-0.2779032588005066,-0.2213665097951889,-0.11916273832321167,-0.11074161529541016,0.09212499856948853,0.08925648778676987,0.11140504479408264,0.055688075721263885,-0.04758260399103165,-0.01413009688258171,0.15000002086162567,0.4534412920475006,0.19040881097316742,0.1575520783662796,0.00726967491209507,-0.033160824328660965,0.04007097706198692,-0.02504698559641838,0.08977247774600983,0.11997286230325699,-0.1360272914171219,-0.10076209902763367,-0.04907722398638725,0.07089538127183914
0.003355942200869322,0.011881696991622448,-0.4027895927429199,-0.27828994393348694,-0.12802956998348236,-0.11707303673028946,-0.04344640299677849,0.08271070569753647,0.02024981938302517,0.1197175532579422,-0.0034382306039333344,-0.028283458203077316,0.04370536655187607,0.14999397099018097,0.6181915402412415,0.19282223284244537,0.10281352698802948,0.022009164094924927,-0.028323687613010406,0.02751409262418747,-0.06752561032772064,0.10877955704927444,0.1981167048215866,-0.14091996848583221,-0.18325801193714142,-0.047725144773721695,0.13844141364097595
-0.0009822845458984375,0.03615143895149231,-0.42580747604370117,-0.2606445848941803,-0.05499568581581116,-0.11748216301202774,0.0001966618001461029,0.10152391344308853,-0.024216916412115097,0.10499914735555649,-0.03615272790193558,-0.014317940920591354,0.09077045321464539,0.15010209381580353,0.7037636637687683,0.1868070811033249,0.07598227262496948,0.007801854982972145,0.011482149362564087,0.016171904280781746,-0.08768121898174286,0.11927374452352524,0.2518782913684845,-0.1475934535264969,-0.23370151221752167,-0.025958670303225517,0.19959264993667603
-0.024829387664794922,0.013302111066877842,-0.4607062339782715,-0.15643133223056793,0.0060313185676932335,-0.08399491012096405,0.027152830734848976,0.10922396928071976,-0.041234131902456284,0.009071337059140205,-0.021805910393595695,0.1229609027504921,0.11056938767433167,0.14796780049800873,0.7441033720970154,0.15590593218803406,0.043757665902376175,0.0031890410464257,0.0032590702176094055,-0.0720977634191513,-0.0741744115948677,0.2715355455875397,0.2643275260925293,-0.25429990887641907,-0.28519564867019653,0.14995236694812775,0.2011748105287552
-0.06565618515014648,-0.009933948516845703,-0.4607048034667969,-0.08813144266605377,-0.03516548126935959,-0.04936188831925392,-0.019407376646995544,0.07730814069509506,-0.009835579432547092,0.011576197110116482,0.05268210917711258,0.07851308584213257,0.07733684778213501,0.1485266387462616,0.7144028544425964,0.14607307314872742,0.02958662435412407,0.04871031641960144,-0.033993564546108246,-0.08112812787294388,-0.05078975111246109,0.2931423485279083,0.28625765442848206,-0.2426396757364273,-0.2960086464881897,0.14996914565563202,0.06683452427387238
-0.08539199829101562,-0.00090789794921875,-0.4725341796875,-0.05579356104135513,-0.0037353402003645897,-0.04756635054945946,-0.0029962724074721336,-0.0067496392875909805,-0.029426753520965576,0.024417012929916382,0.06494686752557755,0.03716322034597397,0.05408670753240585,0.1487831175327301,0.6304267644882202,0.05355004221200943,0.01834595948457718,0.051723722368478775,-0.005631191655993462,-0.05008978769183159,-0.0370866060256958,0.3329562842845917,0.3123363256454468,-0.2773638069629669,-0.272060751914978,0.04729915410280228,0.04146981239318848
-0.09836006164550781,-0.01747417449951172,-0.47514915466308594,-0.012577156536281109,-0.0340300127863884,-0.04525139182806015,0.007764298468828201,-0.007095928303897381,-0.024772441014647484,0.051258232444524765,0.0015078261494636536,-0.011947466991841793,-0.007160556502640247,0.14878208935260773,0.5111870765686035,0.012256545946002007,-0.008674085140228271,0.01168848853558302,0.011998028494417667,-0.050091955810785294,-0.04833834245800972,0.3076954782009125,0.33709803223609924,-0.2667599022388458,-0.21979714930057526,0.039381012320518494,-0.033326007425785065
-0.11026811599731445,-0.010607242584228516,-0.46857404708862305,0.006630768068134785,-0.011659652926027775,-0.04508877545595169,-0.012265906669199467,-0.018111607059836388,-0.03242110088467598,0.06497716158628464,-0.005513165146112442,-0.05674932897090912,-0.07573924958705902,0.149224191904068,0.3453111946582794,-0.060496263206005096,-0.059985268861055374,-0.014971118420362473,0.04324309527873993,-0.05294468626379967,-0.07524079829454422,0.287802129983902,0.31824415922164917,-0.189123272895813,-0.19340819120407104,-0.07485318928956985,-0.08802783489227295
-0.11862802505493164,-0.009064674377441406,-0.4465599060058594,0.0436982735991478,0.023526612669229507,-0.04497617110610008,0.01246383972465992,-0.042115144431591034,-0.037908755242824554,0.06105788052082062,0.022571971639990807,-0.08810833841562271,-0.05191754922270775,0.15056240558624268,0.31208935379981995,-0.0993049368262291,-0.10257276892662048,-0.013560885563492775,0.012202917598187923,-0.05584971234202385,-0.09071691334247589,0.2693086266517639,0.28281354904174805,-0.19934514164924622,-0.18052583932876587,-0.07689651846885681,-0.11796773225069046
-0.13230133056640625,0.001993458019569516,-0.42109060287475586,0.07479798048734665,0.10181290656328201,-0.029397888109087944,0.03723396360874176,-0.07328888028860092,-0.06712603569030762,0.045766495168209076,0.05371203273534775,-0.1105789914727211,-0.06674055755138397,0.14887134730815887,0.2329981029033661,-0.1350734978914261,-0.16728073358535767,0.010021963156759739,-0.0020139021798968315,-0.09538794308900833,-0.12139097601175308,0.2522684335708618,0.23061925172805786,-0.18518294394016266,-0.16547571122646332,-0.10940506309270859,-0.13895681500434875
-0.13305950164794922,0.01867005228996277,-0.4064197540283203,0.09230372309684753,0.0998542383313179,-0.02526116371154785,0.025392817333340645,-0.09007688611745834,-0.0693526491522789,0.03940112143754959,0.05397177115082741,-0.12755504250526428,-0.049968261271715164,0.14877714216709137,0.145724356174469,-0.16901209950447083,-0.16325053572654724,0.024846043437719345,0.026062794029712677,-0.12174760550260544,-0.14155226945877075,0.22482796013355255,0.21151980757713318,-0.17747478187084198,-0.15625596046447754,-0.13222327828407288,-0.17684581875801086
-0.11909055709838867,0.02346261963248253,-0.4028806686401367,0.11479854583740234,0.13468262553215027,-0.036962296813726425,0.027942324057221413,-0.0888160690665245,-0.0653538852930069,0.0439777635037899,0.06009826809167862,-0.13213379681110382,-0.030698344111442566,0.14857731759548187,0.03411230072379112,-0.17965666949748993,-0.18387483060359955,0.027683457359671593,0.06309515982866287,-0.13548538088798523,-0.17327047884464264,0.18831981718540192,0.14606323838233948,-0.1644439399242401,-0.14107711613178253,-0.14999906718730927,-0.2322770208120346
-0.10152530670166016,0.03227764740586281,-0.4148101806640625,0.12368454784154892,0.13978487253189087,-0.03170951455831528,0.03323785960674286,-0.07153260707855225,-0.052311841398477554,0.06499015539884567,0.09097813069820404,-0.14180712401866913,-0.025133009999990463,0.038498371839523315,-0.01469045877456665,-0.17205186188220978,-0.17538754642009735,0.0411706380546093,0.06226501241326332,-0.15755976736545563,-0.16600565612316132,0.09556230157613754,0.08502297848463058,-0.14796864986419678,-0.15426547825336456,-0.14999639987945557,-0.30702534317970276
-0.0712738037109375,0.03850196674466133,-0.43357038497924805,0.1268228143453598,0.047717973589897156,-0.047486841678619385,0.004334727302193642,-0.045252230018377304,0.031415052711963654,0.08600267022848129,0.18875883519649506,-0.11811251193284988,-0.0819111317396164,0.013995019719004631,-0.07046306133270264,-0.18943414092063904,-0.0679180771112442,0.052443645894527435,0.008516374975442886,-0.15951833128929138,-0.08014855533838272,0.06808145344257355,-0.016256215050816536,-0.1470019817352295,-0.0996551513671875,-0.14999695122241974,-0.4172314703464508
-0.04649209976196289,0.02900303341448307,-0.43051767349243164,0.13353824615478516,0.0014809034764766693,-0.05755507946014404,-0.0416586734354496,-0.04349556937813759,0.07968226075172424,0.12694500386714935,0.27826064825057983,-0.09539241343736649,-0.16690677404403687,0.0015389671316370368,-0.1005789041519165,-0.17422525584697723,0.003806778695434332,0.06775029748678207,-0.03895263746380806,-0.14806365966796875,-0.023457687348127365,0.05307285860180855,-0.08421381562948227,-0.13475745916366577,-0.043189823627471924,-0.14999805390834808,-0.47526317834854126
-0.022916316986083984,0.027365703135728836,-0.4147496223449707,0.1281445026397705,-0.033146023750305176,-0.05580025166273117,-0.06763939559459686,-0.014976267702877522,0.11382997035980225,0.1638425886631012,0.3077317178249359,-0.08728977292776108,-0.24317924678325653,-0.013195782899856567,-0.0709439069032669,-0.15198369324207306,0.05163639038801193,0.06925687193870544,-0.03504950553178787,-0.13596495985984802,0.007228127680718899,0.040711142122745514,-0.08587072789669037,-0.1051672175526619,0.009156246669590473,-0.14982128143310547,-0.475973904132843
-0.004628658294677734,0.02962653711438179,-0.3853297233581543,0.10030601173639297,-0.04080137237906456,-0.035544201731681824,-0.061556875705718994,0.037087224423885345,0.10089301317930222,0.2233559489250183,0.32091403007507324,-0.14342541992664337,-0.26899629831314087,-0.03352656215429306,-0.0759112685918808,-0.12087967991828918,0.057377465069293976,0.06401584297418594,-0.03272997587919235,-0.1423102766275406,0.009010560810565948,0.017445100471377373,-0.07572592049837112,-0.03718205541372299,0.014618715271353722,-0.14910398423671722,-0.5077924728393555
0.02069464698433876,0.015604017302393913,-0.36548948287963867,0.06886473298072815,-0.05102185904979706,-0.03426157683134079,-0.04973997175693512,0.05520687624812126,0.0778534859418869,0.28345274925231934,0.3224096894264221,-0.18826912343502045,-0.24682439863681793,-0.039529282599687576,-0.04790524020791054,-0.074844129383564,0.05835684388875961,0.044396668672561646,-0.03236239403486252,-0.11661163717508316,0.02927769348025322,0.014738382771611214,-0.040165938436985016,0.011654769070446491,0.007547419518232346,-0.14821362495422363,-0.46771156787872314
0.038780294358730316,0.0011235536076128483,-0.3799252510070801,0.02582387626171112,-0.06683789938688278,-0.03502434119582176,-0.04799533635377884,0.06305070966482162,0.06405019015073776,0.3271732032299042,0.32382676005363464,-0.19299335777759552,-0.20141497254371643,-0.025504183024168015,-0.01987072452902794,-0.03131483122706413,0.04776366055011749,0.0435129776597023,0.0022355453111231327,-0.09062732011079788,0.015477144159376621,0.016843773424625397,-0.012721484526991844,0.0035333128180354834,-0.009023230522871017,-0.1481572836637497,-0.4201267957687378
0.05868043750524521,-0.0004787445068359375,-0.42554569244384766,-0.032615356147289276,-0.11813084036111832,-0.05093811824917793,-0.056953564286231995,0.05101097747683525,0.045906975865364075,0.3280361294746399,0.31241467595100403,-0.1597679853439331,-0.16003189980983734,-0.011016706936061382,-0.001648232340812683,0.0010082710068672895,0.076780304312706,0.045908842235803604,-0.019026998430490494,-0.04069890081882477,0.031036164611577988,0.010078655555844307,0.005299422889947891,-0.015978066250681877,-0.029600679874420166,-0.148618683218956,-0.3615862727165222
0.07952757924795151,-0.0065479278564453125,-0.47029876708984375,-0.0948181077837944,-0.14321690797805786,-0.0645187571644783,-0.09169342368841171,0.05079285427927971,0.06040637940168381,0.3115105926990509,0.31430014967918396,-0.12823593616485596,-0.12365654110908508,0.019059354439377785,0.03380676731467247,0.046509288251399994,0.08841611444950104,0.04150865972042084,0.003567545209079981,0.007371689658612013,0.042442917823791504,-0.002236800966784358,-0.02779337950050831,-0.03767985850572586,-0.06265761703252792,-0.14894825220108032,-0.26849642395973206
0.09827025234699249,-0.015646934509277344,-0.5044093132019043,-0.16140544414520264,-0.16184359788894653,-0.07832145690917969,-0.11882255971431732,0.05929093435406685,0.0752578154206276,0.295942485332489,0.301930695772171,-0.09704262763261795,-0.08147834241390228,0.06046109274029732,0.08184212446212769,0.0983024537563324,0.09405112266540527,0.03202264383435249,0.01852533593773842,0.043990060687065125,0.050875138491392136,-0.007882305420935154,-0.03716154396533966,-0.07010001689195633,-0.06486126780509949,-0.14909707009792328,-0.1774301528930664
0.11245451867580414,-0.022405147552490234,-0.5359807014465332,-0.21624474227428436,-0.21322718262672424,-0.09188957512378693,-0.13630372285842896,0.07131067663431168,0.09315762668848038,0.2674981653690338,0.27120646834373474,-0.07881360501050949,-0.052233096212148666,0.0880386158823967,0.12485066056251526,0.14549244940280914,0.13177968561649323,0.023655887693166733,-0.009590535424649715,0.07663365453481674,0.06255953758955002,-0.0042793033644557,-0.019093314185738564,-0.10928376764059067,-0.07389213889837265,-0.14883704483509064,-0.1355675309896469
0.12735387682914734,-0.01306772232055664,-0.5485286712646484,-0.276244193315506,-0.24052120745182037,-0.12000036239624023,-0.16295509040355682,0.10250646620988846,0.1243172287940979,0.21706439554691315,0.2410070151090622,-0.021423380821943283,-0.017809195443987846,0.15000002086162567,0.1849423348903656,0.17616574466228485,0.13435505330562592,0.005592053756117821,-0.004943804815411568,0.08691902458667755,0.0501817986369133,-0.0012746374122798443,-0.014933908358216286,-0.1496421992778778,-0.08203940093517303,-0.11984461545944214,-0.0776912197470665
0.10757024586200714,-0.006512165069580078,-0.5473251342773438,-0.3095301389694214,-0.2602806091308594,-0.11992368847131729,-0.16218248009681702,0.12471853941679001,0.13439308106899261,0.1543591320514679,0.1869480162858963,-0.005425584968179464,-0.002591099590063095,0.15000002086162567,0.23263666033744812,0.20151278376579285,0.15699487924575806,0.016942564398050308,-0.031193401664495468,0.0819900631904602,0.039911262691020966,0.013303099200129509,0.008473144844174385,-0.17636345326900482,-0.08125672489404678,-0.06472878158092499,-0.031490664929151535
0.07382845133543015,-0.004118919372558594,-0.5423297882080078,-0.33043715357780457,-0.2650507688522339,-0.11990219354629517,-0.1511438637971878,0.12827841937541962,0.1256873458623886,0.13545845448970795,0.09633396565914154,-0.010167333297431469,-0.016212094575166702,0.15000000596046448,0.3510151505470276,0.22288493812084198,0.16304105520248413,0.045242007821798325,-0.0451846681535244,0.06929583847522736,0.001881742849946022,0.034241024404764175,0.06340140104293823,-0.16983935236930847,-0.0955238938331604,-0.04677041247487068,0.03167762979865074
0.04096969962120056,-0.0026731491088867188,-0.5568585395812988,-0.2880358397960663,-0.21414059400558472,-0.11857940256595612,-0.0860985666513443,0.09548985958099365,0.06996646523475647,0.05632049962878227,-0.003129187971353531,0.0027770244050771,0.009352222084999084,0.1499907672405243,0.5217710733413696,0.20570239424705505,0.14065171778202057,0.04761242866516113,-0.015136831440031528,0.028876639902591705,-0.055513326078653336,0.11268963664770126,0.16078272461891174,-0.16678224503993988,-0.1460830569267273,0.03465014696121216,0.10557329654693604
0.02082139253616333,-0.00653076171875,-0.5902676582336426,-0.23018431663513184,-0.10795091092586517,-0.10802474617958069,-0.014455326832830906,0.0972149670124054,-0.0063248444348573685,0.021030733361840248,-0.049403950572013855,0.06113661825656891,0.057017527520656586,0.149325892329216,0.6920229196548462,0.17278015613555908,0.06919899582862854,0.011150970123708248,6.858259439468384e-05,-0.06188196316361427,-0.09145370870828629,0.20247553288936615,0.25025904178619385,-0.18088048696517944,-0.2606998682022095,0.08577152341604233,0.14083053171634674
-0.004422187805175781,-0.0011167526245117188,-0.6291885375976562,-0.19887997210025787,-0.08369916677474976,-0.08667393028736115,-0.011687617748975754,0.10467500984668732,-0.012149234302341938,0.0339912474155426,-0.041127949953079224,0.055840786546468735,0.0917748361825943,0.15003302693367004,0.7358341217041016,0.14694711565971375,0.053813669830560684,0.0004883322981186211,0.01197870634496212,-0.05708310753107071,-0.08631252497434616,0.1899002194404602,0.27560579776763916,-0.1891256719827652,-0.282268226146698,0.08863256126642227,0.14190787076950073
-0.024052143096923828,-0.0059356689453125,-0.6422524452209473,-0.14864471554756165,-0.030954509973526,-0.07218062877655029,0.013606585562229156,0.07963268458843231,-0.01977062039077282,0.022071920335292816,-0.017145251855254173,0.09708388894796371,0.09624689817428589,0.1490124762058258,0.7134445309638977,0.10418954491615295,0.027804531157016754,-0.01104544848203659,0.0023194150999188423,-0.05896664410829544,-0.06545891612768173,0.22375409305095673,0.2849179804325104,-0.24012725055217743,-0.2975447177886963,0.10229386389255524,0.12270783632993698
-0.04473686218261719,-0.032550811767578125,-0.6337404251098633,-0.09620894491672516,-0.03486189618706703,-0.06316464394330978,-0.0023891758173704147,0.0672440454363823,-0.005679837428033352,0.05522546544671059,0.025789815932512283,0.06782898306846619,0.05417893826961517,0.14844249188899994,0.6465641856193542,0.0744195282459259,0.006181661039590836,-0.01261009182780981,-0.02570376917719841,-0.05380382016301155,-0.045471906661987305,0.2699270248413086,0.2939910888671875,-0.2618749737739563,-0.2788233458995819,0.07022948563098907,0.038714367896318436
-0.056803226470947266,-0.03840065002441406,-0.6109342575073242,-0.05526112765073776,-0.03880053013563156,-0.06851516664028168,-0.0009645074605941772,0.042836688458919525,-0.0007378256414085627,0.06745850294828415,0.032649148255586624,0.02299794740974903,0.02873942255973816,0.1483488529920578,0.5618537664413452,0.012640990316867828,-0.015857074409723282,-0.02073366753757,-0.014102865941822529,-0.04622301459312439,-0.04522506147623062,0.30528709292411804,0.2994641661643982,-0.23458777368068695,-0.23741596937179565,0.00919445138424635,-0.001300215721130371
-0.07386636734008789,-0.03238487243652344,-0.5774798393249512,-0.022625373676419258,-0.02147037163376808,-0.06778231263160706,-0.013201529160141945,0.004922450054436922,-0.004544808529317379,0.06847116351127625,0.038776542991399765,-0.011948393657803535,-0.010073080658912659,0.1486503630876541,0.43935897946357727,-0.03831684961915016,-0.04655171558260918,-0.019176937639713287,-0.006786699406802654,-0.04790795221924782,-0.05594555661082268,0.2856629490852356,0.30342337489128113,-0.21731218695640564,-0.21244226396083832,-0.03582751005887985,-0.06915416568517685
-0.08760499954223633,-0.025464534759521484,-0.5495548248291016,0.012890055775642395,-0.002691262401640415,-0.06478950381278992,-0.0059932321310043335,-0.02751130610704422,-0.016347166150808334,0.06372253596782684,0.02910749986767769,-0.045146066695451736,-0.03730015456676483,0.1484684944152832,0.3321217894554138,-0.08068448305130005,-0.0916462242603302,-0.018449626863002777,0.006754166912287474,-0.05043875798583031,-0.08461552858352661,0.261195570230484,0.28765255212783813,-0.2201322615146637,-0.18284229934215546,-0.043548956513404846,-0.11527872085571289
-0.09995174407958984,-0.015096187591552734,-0.5318055152893066,0.040550000965595245,0.0313088558614254,-0.057959433645009995,-0.007524372078478336,-0.0496249757707119,-0.03256988897919655,0.06454295665025711,0.04729302227497101,-0.07845587283372879,-0.044453635811805725,0.1483495682477951,0.24000540375709534,-0.12343738228082657,-0.1193230003118515,-0.016685280948877335,0.008707053028047085,-0.06898052245378494,-0.10542017221450806,0.2479526698589325,0.2611231207847595,-0.19098468124866486,-0.1582450270652771,-0.08343138545751572,-0.1469411998987198
-0.10626983642578125,-0.006468772888183594,-0.5252485275268555,0.068030446767807,0.0707629919052124,-0.053656693547964096,-0.0035967379808425903,-0.057196177542209625,-0.04371584579348564,0.06523369997739792,0.050114620476961136,-0.09937409311532974,-0.04747752100229263,0.14880266785621643,0.13707512617111206,-0.14691825211048126,-0.14534758031368256,-0.011418329551815987,0.027202151715755463,-0.08978884667158127,-0.13079588115215302,0.22064900398254395,0.21884767711162567,-0.16147677600383759,-0.14102201163768768,-0.1255340427160263,-0.18612565100193024
-0.11403465270996094,0.01076287217438221,-0.5292267799377441,0.09141089022159576,0.10217414051294327,-0.035222288221120834,0.006887288764119148,-0.05894642695784569,-0.050082702189683914,0.054698776453733444,0.06505826860666275,-0.12472986429929733,-0.033291932195425034,0.1065211221575737,0.054028600454330444,-0.16054470837116241,-0.16135022044181824,0.011603832244873047,0.039956171065568924,-0.13712811470031738,-0.1500866413116455,0.1542818248271942,0.16306038200855255,-0.13154828548431396,-0.14040619134902954,-0.14999382197856903,-0.23401953279972076
-0.10364198684692383,0.0240970179438591,-0.5305843353271484,0.10330048948526382,0.09357012808322906,-0.03507193550467491,0.007686695083975792,-0.05586065351963043,-0.027598954737186432,0.058281004428863525,0.07920555025339127,-0.12357395142316818,-0.012781679630279541,0.08182455599308014,-0.06013040617108345,-0.18716536462306976,-0.14642015099525452,0.03640887141227722,0.04705087095499039,-0.14495842158794403,-0.15565358102321625,0.1369030475616455,0.09258690476417542,-0.13632768392562866,-0.1090204119682312,-0.14999528229236603,-0.3123587965965271
-0.06415033340454102,0.019791696220636368,-0.5222101211547852,0.0994798019528389,0.09713057428598404,-0.04857165366411209,-0.020706910640001297,-0.04659377783536911,0.002747779246419668,0.11364541947841644,0.15536770224571228,-0.10639350116252899,-0.011585677042603493,-0.049941252917051315,-0.119800865650177,-0.14801962673664093,-0.1280326098203659,0.03671126812696457,0.03852196782827377,-0.13065160810947418,-0.1341293305158615,0.03812950477004051,-0.007942741736769676,-0.10919924825429916,-0.10034862905740738,-0.14999468624591827,-0.37673184275627136
-0.024433135986328125,-0.0025072097778320312,-0.5044574737548828,0.07012651860713959,-0.020532120019197464,-0.04449702426791191,-0.022115664556622505,0.051437217742204666,0.07820575684309006,0.23685617744922638,0.2584211230278015,-0.09088077396154404,-0.17135542631149292,-0.06465017050504684,-0.07359549403190613,-0.08263065665960312,0.013501607812941074,0.02261853590607643,-0.02932121604681015,-0.0960550308227539,-0.021896079182624817,-0.0112307732924819,-0.08040177077054977,-0.04475587233901024,-0.04852765053510666,-0.1498856395483017,-0.48851266503334045
0.007778821513056755,-0.003367900848388672,-0.4857149124145508,0.052312031388282776,-0.007095602340996265,-0.04264867305755615,-0.04265771806240082,0.07218626141548157,0.09303779155015945,0.2541730999946594,0.28955933451652527,-0.15122152864933014,-0.19459739327430725,-0.07004661113023758,-0.07991033792495728,-0.047640278935432434,0.0019563883543014526,-0.008118639700114727,-0.05346190929412842,-0.08750268071889877,-0.005795483477413654,-0.02017606608569622,-0.06887666136026382,-0.019385330379009247,-0.008961860090494156,-0.14961783587932587,-0.524945855140686
0.02615681104362011,0.0028596315532922745,-0.4879727363586426,0.014169314876198769,-0.03568299487233162,-0.031406451016664505,-0.05554823577404022,0.07452651858329773,0.08804494887590408,0.27761325240135193,0.30726248025894165,-0.19510523974895477,-0.22443920373916626,-0.06199720501899719,-0.056127164512872696,-0.025781400501728058,0.04109754413366318,-0.01840442419052124,-0.044657688587903976,-0.05855841562151909,0.009870501235127449,-0.02654419094324112,-0.04281386733055115,0.01637331023812294,0.015707693994045258,-0.14887464046478271,-0.47530409693717957
0.038705017417669296,-0.006810188293457031,-0.505826473236084,-0.006632158532738686,-0.06514675170183182,-0.02534114010632038,-0.044075630605220795,0.0661926418542862,0.06710891425609589,0.2893736660480499,0.30169814825057983,-0.19009508192539215,-0.20106813311576843,-0.05118539556860924,-0.04023738577961922,0.004266383592039347,0.0519440583884716,-0.020693061873316765,-0.030744142830371857,-0.03398077189922333,0.010417082346975803,-0.00685714790597558,-0.01968597061932087,0.0017328796675428748,0.012452006340026855,-0.14910687506198883,-0.4371553957462311
0.03591245412826538,-0.005543231964111328,-0.5339407920837402,-0.034649092704057693,-0.12028483301401138,-0.012703821994364262,-0.046534620225429535,0.06036372482776642,0.04379741847515106,0.28141242265701294,0.29351645708084106,-0.18648119270801544,-0.17978675663471222,-0.04875865578651428,-0.03047940507531166,0.032647937536239624,0.07915247976779938,-0.005829401779919863,-0.06528667360544205,-0.008673587813973427,0.035758212208747864,-0.006162079516798258,0.007611667737364769,-0.027701405808329582,-0.017548587173223495,-0.148629829287529,-0.429206907749176
0.03424014151096344,0.004870533011853695,-0.5620322227478027,-0.07003650814294815,-0.17374232411384583,-0.019852761179208755,-0.04956629127264023,0.05731021985411644,0.03323565423488617,0.26493021845817566,0.2865268588066101,-0.18300238251686096,-0.1776401698589325,-0.043652649968862534,-0.00031103193759918213,0.05223795771598816,0.1169046014547348,0.00199350924231112,-0.09051811695098877,0.018679091706871986,0.06565798819065094,-0.010312994010746479,0.010352402925491333,-0.05258207023143768,-0.0363282784819603,-0.14864806830883026,-0.40528011322021484
0.04166126623749733,0.012585549615323544,-0.5741381645202637,-0.1308038979768753,-0.2138974517583847,-0.05922209098935127,-0.06511443108320236,0.042276088148355484,0.03888168931007385,0.2789980173110962,0.2670362591743469,-0.18430912494659424,-0.1804639846086502,0.015559141524136066,0.037267230451107025,0.07270543277263641,0.15435276925563812,-0.010093684308230877,-0.10913218557834625,0.03318032994866371,0.09291011095046997,-0.003316983813419938,0.01618708297610283,-0.08785481750965118,-0.04132890701293945,-0.1480647325515747,-0.3800823986530304
0.05008314177393913,0.006899905391037464,-0.6003694534301758,-0.1733132153749466,-0.22800973057746887,-0.089445099234581,-0.09629961103200912,0.05498438701033592,0.05004076287150383,0.266803503036499,0.25632113218307495,-0.16620244085788727,-0.13501030206680298,0.04022493585944176,0.09139417111873627,0.11129188537597656,0.15982583165168762,-0.025435172021389008,-0.087534099817276,0.0606917105615139,0.09164315462112427,-0.009227362461388111,0.01575501263141632,-0.11460404098033905,-0.07081598788499832,-0.1484675407409668,-0.2918904423713684
0.057162027806043625,0.01003660261631012,-0.6118779182434082,-0.2407228946685791,-0.2537713348865509,-0.11997929215431213,-0.15551447868347168,0.07668034732341766,0.07816819101572037,0.2431032359600067,0.23471596837043762,-0.08708472549915314,-0.10202339291572571,0.15000000596046448,0.18162469565868378,0.13632138073444366,0.15176922082901,-0.04435630887746811,-0.06825125962495804,0.07305005192756653,0.07138573378324509,-0.004416478797793388,0.0068465303629636765,-0.1484706848859787,-0.10715003311634064,-0.1489984542131424,-0.20630863308906555
0.042505353689193726,0.009063422679901123,-0.623131275177002,-0.28151947259902954,-0.24905040860176086,-0.11991454660892487,-0.15617969632148743,0.07900140434503555,0.0752311497926712,0.18661531805992126,0.20032428205013275,-0.08673663437366486,-0.08838076889514923,0.15000000596046448,0.25862520933151245,0.1629960685968399,0.13098721206188202,-0.03936421871185303,-0.11035613715648651,0.08246123790740967,0.06032812222838402,0.00305572128854692,-0.0026336126029491425,-0.168426051735878,-0.11105765402317047,-0.14121508598327637,-0.15341466665267944
0.029592176899313927,-0.002166748046875,-0.6244111061096191,-0.2998650372028351,-0.2743234634399414,-0.11978093534708023,-0.16036972403526306,0.09587953984737396,0.10166038572788239,0.1428990215063095,0.11865934729576111,-0.04323793575167656,-0.0758393406867981,0.14995057880878448,0.38168901205062866,0.18016046285629272,0.16090598702430725,-0.05092587694525719,-0.08516564220190048,0.05102189630270004,0.010022930800914764,0.054127857089042664,0.06143900752067566,-0.1777387261390686,-0.11964449286460876,-0.04339917004108429,-0.05344879999756813
0.01691749133169651,-0.012835025787353516,-0.6205763816833496,-0.2724299132823944,-0.21572141349315643,-0.11982333660125732,-0.11901555210351944,0.09718264639377594,0.07533983141183853,0.13133279979228973,0.06127750873565674,0.024599531665444374,-0.02054346539080143,0.14915266633033752,0.5165748596191406,0.19740433990955353,0.11343702673912048,-0.05943935364484787,-0.06154535710811615,0.024486742913722992,-0.04114648699760437,0.11026669293642044,0.09868470579385757,-0.18625126779079437,-0.1424769163131714,0.03701753169298172,0.06233137100934982
-0.0024518966674804688,-0.012908458709716797,-0.6351308822631836,-0.20630182325839996,-0.12111347913742065,-0.10183082520961761,-0.03973773494362831,0.10316234081983566,0.023082129657268524,0.060917485505342484,0.014692496508359909,0.11161676794290543,0.07671523094177246,0.14906319975852966,0.674709677696228,0.17123550176620483,0.09604404866695404,-0.06576815247535706,-0.04454599693417549,-0.0513901486992836,-0.06307367235422134,0.20951531827449799,0.20532932877540588,-0.1725642830133438,-0.19713495671749115,0.11442974209785461,0.14053641259670258
0.003865404985845089,-0.004507541656494141,-0.6546993255615234,-0.18549194931983948,-0.08002199232578278,-0.10943026095628738,-0.020676683634519577,0.09753205627202988,-0.002211293438449502,0.03888232260942459,0.03279291093349457,0.08966799825429916,0.0868283361196518,0.14936092495918274,0.7507595419883728,0.1494034081697464,0.05149329826235771,-0.03254062309861183,-0.04941585287451744,-0.057591792196035385,-0.06146853044629097,0.22912296652793884,0.24613049626350403,-0.22065141797065735,-0.2652539610862732,0.11257349699735641,0.12050115317106247
-0.007939338684082031,-0.01984262466430664,-0.6987485885620117,-0.1350635290145874,-0.037117015570402145,-0.09140932559967041,0.037780798971652985,0.07344823330640793,-0.023708391934633255,0.013521324843168259,0.0160224586725235,0.10004596412181854,0.08125936985015869,0.14907391369342804,0.783460795879364,0.11154384166002274,0.03509947285056114,0.014255608431994915,-0.04363569617271423,-0.053863950073719025,-0.035352762788534164,0.2626715898513794,0.2585391700267792,-0.25250959396362305,-0.27861496806144714,0.1441582292318344,0.152528777718544
-0.020391464233398438,-0.03719139099121094,-0.767695426940918,-0.08760812133550644,-0.08655758202075958,-0.06424674391746521,0.024666165933012962,0.07042191922664642,0.00894390232861042,0.013402292504906654,-0.019165078178048134,0.07928009331226349,0.05226719379425049,0.14772069454193115,0.7211210131645203,0.05422558635473251,0.0343497171998024,0.03565928712487221,-0.039415393024683,-0.054373692721128464,-0.0273967944085598,0.2826685905456543,0.2787925899028778,-0.2538381814956665,-0.25554025173187256,0.09775245189666748,0.08744538575410843
-0.02592325210571289,-0.04177141189575195,-0.804715633392334,-0.06736984848976135,-0.0668460801243782,-0.05958189070224762,0.02959907241165638,0.06705500930547714,-0.011596346274018288,0.01963716745376587,-0.027634864673018456,0.05445007607340813,0.006761461030691862,0.14815254509449005,0.6273702383041382,0.008401271887123585,-0.007681664079427719,0.02626519463956356,-0.0018048733472824097,-0.0530349537730217,-0.03552743420004845,0.2597361207008362,0.293761670589447,-0.2520989775657654,-0.23388789594173431,0.08302518725395203,0.06532907485961914
-0.03641366958618164,-0.047809600830078125,-0.8030304908752441,-0.055906809866428375,-0.04008244350552559,-0.06135499104857445,0.04285908490419388,0.06448128074407578,-0.01289293635636568,0.03292808309197426,-0.027586376294493675,0.03152818605303764,-0.017990147694945335,0.1483466923236847,0.5412532091140747,-0.033401936292648315,-0.061878789216279984,0.011995595879852772,0.0013552401214838028,-0.05462899059057236,-0.0495806448161602,0.2616221010684967,0.2839086055755615,-0.22938314080238342,-0.22739528119564056,0.03243827074766159,0.014702544547617435
-0.05802154541015625,-0.06011199951171875,-0.7744607925415039,-0.03731803968548775,-0.021205171942710876,-0.05617864057421684,0.025298116728663445,0.03488761931657791,-0.016433903947472572,0.041169650852680206,-0.015269661322236061,0.0313454195857048,-0.024480916559696198,0.14864017069339752,0.4109930992126465,-0.057693369686603546,-0.09875616431236267,0.006788139697164297,0.003355365712195635,-0.05986785888671875,-0.0782545953989029,0.27068838477134705,0.28248170018196106,-0.21082814037799835,-0.19698217511177063,-0.002422510413452983,-0.06066307798027992
-0.08538293838500977,-0.07057809829711914,-0.7541975975036621,-0.013603053987026215,-0.005749880336225033,-0.03874359279870987,0.009424036368727684,0.010208941996097565,-0.02297373302280903,0.051966093480587006,-0.00668756477534771,0.01584010012447834,-0.03762982785701752,0.1492021232843399,0.26919618248939514,-0.0885644480586052,-0.11810314655303955,0.005731427576392889,0.021388698369264603,-0.09312649816274643,-0.10647666454315186,0.28614792227745056,0.2840423583984375,-0.16667591035366058,-0.16176240146160126,-0.10354787856340408,-0.13481955230236053
-0.11115026473999023,-0.0679316520690918,-0.7450675964355469,0.011536785401403904,0.003619990311563015,-0.01586177758872509,0.009719567373394966,-0.004393131472170353,-0.029025744646787643,0.041397202759981155,-0.011735739186406136,0.012041719630360603,-0.01989285834133625,0.1491198092699051,0.15817974507808685,-0.11766960471868515,-0.12493593990802765,0.016919530928134918,0.03473152592778206,-0.11638487875461578,-0.1268145591020584,0.2594836950302124,0.2699298560619354,-0.1286255270242691,-0.13305020332336426,-0.15000002086162567,-0.20482414960861206
-0.12891721725463867,-0.06306838989257812,-0.7341761589050293,0.04170190170407295,0.05248319357633591,0.0033320775255560875,0.008229875937104225,-0.02369210124015808,-0.04190794378519058,0.024756019935011864,-0.002464776858687401,-0.002081595826894045,0.0012270589359104633,0.10336797684431076,0.05190687254071236,-0.1392611712217331,-0.14443951845169067,0.03131379187107086,0.06829135864973068,-0.14364297688007355,-0.15959936380386353,0.2261350452899933,0.2196202427148819,-0.1259142905473709,-0.11867395043373108,-0.1499965637922287,-0.24446438252925873
-0.12323665618896484,-0.05810070037841797,-0.7191190719604492,0.06966500729322433,0.0796208456158638,0.00666579557582736,0.005287567153573036,-0.041266944259405136,-0.039366938173770905,0.012827574275434017,-0.0030951015651226044,-0.02206234633922577,0.04131104797124863,0.035954635590314865,-0.0960647314786911,-0.1563790738582611,-0.15111060440540314,0.04094652459025383,0.09255105257034302,-0.1479211151599884,-0.17796927690505981,0.19455336034297943,0.15390905737876892,-0.11191334575414658,-0.08896518498659134,-0.14999830722808838,-0.3014955222606659
-0.09640645980834961,-0.04767942428588867,-0.6992478370666504,0.07673786580562592,0.11183051764965057,-0.0013896275777369738,0.016232287511229515,-0.0615435428917408,-0.0419616661965847,0.012491350993514061,0.05022481828927994,-0.01896844618022442,0.08903001248836517,-0.09305399656295776,-0.13830026984214783,-0.144328311085701,-0.15509408712387085,0.04679327830672264,0.08516894280910492,-0.15275488793849945,-0.1734764724969864,0.08456749469041824,0.06307180970907211,-0.08232466876506805,-0.0819077342748642,-0.1499987542629242,-0.33914878964424133
-0.05942106246948242,-0.0614924430847168,-0.6783924102783203,0.03628362715244293,0.00690798182040453,-0.008047902956604958,0.02458708919584751,0.03478865325450897,0.03353336825966835,0.14619667828083038,0.14168640971183777,0.0059846676886081696,-0.012968933209776878,-0.10375996679067612,-0.10301908850669861,-0.09572932869195938,-0.05271082744002342,0.051159728318452835,0.01330680213868618,-0.10624167323112488,-0.09021826833486557,-0.03668634593486786,-0.025371527299284935,-0.062455542385578156,-0.052527450025081635,-0.15000002086162567,-0.47990432381629944
-0.016373634338378906,-0.08751106262207031,-0.6381349563598633,0.02545911632478237,-0.027791708707809448,-0.02814357727766037,-0.014157542958855629,0.07332946360111237,0.07509926706552505,0.22909033298492432,0.21065419912338257,-0.11822818219661713,-0.12545724213123322,-0.09835132211446762,-0.0971796065568924,-0.06142713874578476,-0.02332117408514023,0.01409414503723383,-0.020576920360326767,-0.08972921967506409,-0.0415700301527977,-0.029880765825510025,-0.06724447757005692,0.01808357983827591,-0.028303273022174835,-0.14972098171710968,-0.5495519042015076
0.005210070870816708,-0.0953054428100586,-0.6027779579162598,0.006835304666310549,-0.013897343538701534,-0.024165499955415726,-0.02268911898136139,0.08043906837701797,0.06782856583595276,0.2420012205839157,0.26396530866622925,-0.12028152495622635,-0.14528116583824158,-0.07162400335073471,-0.03795607015490532,-0.039676811546087265,-0.04193713515996933,-0.011597612872719765,-0.025580264627933502,-0.10542900115251541,-0.032812513411045074,0.00231451285071671,-0.04849334806203842,0.025493519380688667,-0.015856292098760605,-0.14957407116889954,-0.518824577331543
0.003013120498508215,-0.08351755142211914,-0.6162762641906738,-0.012419317848980427,-0.04780375957489014,0.004323252942413092,-0.018482621759176254,0.06549202650785446,0.05436043068766594,0.23100495338439941,0.27885687351226807,-0.12179023027420044,-0.1637180745601654,-0.06828103959560394,-0.05676766857504845,-0.03460869938135147,-0.013856526464223862,0.004032136872410774,-0.05475154519081116,-0.09302546828985214,-0.03573881834745407,0.009423027746379375,-0.014588570222258568,0.025494270026683807,0.015305610373616219,-0.14924483001232147,-0.5173250436782837
0.008072285912930965,-0.08167791366577148,-0.6400547027587891,-0.043427497148513794,-0.115615613758564,0.0047469353303313255,-0.012888394296169281,0.03766985610127449,0.03840496018528938,0.2705419659614563,0.2759769558906555,-0.16807156801223755,-0.18931414186954498,-0.056831974536180496,-0.05169159546494484,-0.026961911469697952,0.0510345958173275,0.008781369775533676,-0.07000306993722916,-0.06554333865642548,-0.0035618646070361137,0.030515039339661598,0.029329625889658928,0.037754785269498825,0.026112422347068787,-0.1485539972782135,-0.5074525475502014
0.024857284501194954,-0.095855712890625,-0.6508817672729492,-0.05999268963932991,-0.12158943712711334,-0.012603054754436016,-0.00821605883538723,0.04084537550806999,0.024028770625591278,0.28237608075141907,0.2768143117427826,-0.16062453389167786,-0.15165334939956665,-0.0429527685046196,-0.0046815425157547,0.00452608335763216,0.04365070164203644,-0.008327551186084747,-0.06273040175437927,-0.05141161009669304,0.015155691653490067,0.057372238487005234,0.02556469663977623,0.026333820074796677,-0.014480378478765488,-0.1485978215932846,-0.4528460204601288
0.02829781360924244,-0.09149360656738281,-0.662559986114502,-0.09409491717815399,-0.15724606812000275,-0.020322799682617188,-0.04198640584945679,0.035848043859004974,0.02916385978460312,0.2642020285129547,0.28043270111083984,-0.14926308393478394,-0.13815124332904816,-0.009137123823165894,0.045720938593149185,0.03466741740703583,0.06952910125255585,-0.011839596554636955,-0.08304127305746078,-0.038136158138513565,0.033625707030296326,0.05829184502363205,0.019893256947398186,-0.009001490660011768,-0.031714119017124176,-0.14838336408138275,-0.3986230492591858
0.02999047376215458,-0.07783794403076172,-0.6932759284973145,-0.13433991372585297,-0.20891086757183075,-0.026908405125141144,-0.07019921392202377,0.03457081317901611,0.03878234326839447,0.24663279950618744,0.267736554145813,-0.1509649157524109,-0.1362656056880951,0.009486692026257515,0.08968965709209442,0.05596020445227623,0.11525467038154602,-0.012274879962205887,-0.08577737957239151,-0.006159529555588961,0.048818573355674744,0.04641907662153244,0.0303817018866539,-0.031850315630435944,-0.039909444749355316,-0.148555189371109,-0.3533802628517151
0.0353408120572567,-0.07275819778442383,-0.7186532020568848,-0.17617559432983398,-0.23690281808376312,-0.04766478016972542,-0.09083840250968933,0.03483283147215843,0.046352569013834,0.24755503237247467,0.24306006729602814,-0.12410727888345718,-0.11469803750514984,0.0715174525976181,0.14165104925632477,0.08613688498735428,0.13165773451328278,-0.024498462677001953,-0.06940172612667084,0.021936191245913506,0.0480523556470871,0.04154897481203079,0.0454869270324707,-0.06284507364034653,-0.0493718758225441,-0.14880043268203735,-0.2993606925010681
0.04501891881227493,-0.06908178329467773,-0.7265114784240723,-0.21736276149749756,-0.24514029920101166,-0.08322655409574509,-0.10196176916360855,0.05549153313040733,0.06299708783626556,0.22191686928272247,0.21499910950660706,-0.085316963493824,-0.09379702806472778,0.15000000596046448,0.2194412648677826,0.11791444569826126,0.14074912667274475,-0.05083673074841499,-0.07210950553417206,0.03316415101289749,0.041418761014938354,0.046517930924892426,0.058242544531822205,-0.10444121807813644,-0.04870826005935669,-0.14881794154644012,-0.22377340495586395
0.039860375225543976,-0.056531429290771484,-0.7292842864990234,-0.2579880654811859,-0.2364509552717209,-0.10836705565452576,-0.12480039894580841,0.07605207711458206,0.08405572921037674,0.16317033767700195,0.16922098398208618,-0.06550274789333344,-0.059980493038892746,0.15000002086162567,0.32490426301956177,0.1393728405237198,0.12342454493045807,-0.06797127425670624,-0.08247578144073486,0.038026388734579086,0.021693594753742218,0.0451996885240078,0.043959394097328186,-0.12698723375797272,-0.0680103525519371,-0.11723565310239792,-0.11066707968711853
0.017552874982357025,-0.06498336791992188,-0.7315483093261719,-0.2636067569255829,-0.23831039667129517,-0.11869131773710251,-0.11364167183637619,0.07919441163539886,0.07711346447467804,0.11527137458324432,0.09323429316282272,-0.02071613259613514,-0.03883922100067139,0.14988072216510773,0.3898361623287201,0.16383235156536102,0.14401814341545105,-0.06818890571594238,-0.09679467976093292,0.028139235451817513,-0.0027457131072878838,0.07801968604326248,0.08870244026184082,-0.12637171149253845,-0.08235175162553787,-0.0389840304851532,-0.03301078453660011
-0.007210254669189453,-0.07959556579589844,-0.7416048049926758,-0.236911341547966,-0.18245433270931244,-0.11171568930149078,-0.07326997071504593,0.08072999119758606,0.04811067134141922,0.12712140381336212,0.012185543775558472,0.025754472240805626,0.01160353608429432,0.1492079645395279,0.5233262181282043,0.18383939564228058,0.1095370203256607,-0.06635607779026031,-0.05815760791301727,0.023851444944739342,-0.0564604289829731,0.12780296802520752,0.16322802007198334,-0.13738003373146057,-0.1256837099790573,-0.004491446539759636,0.05818653851747513
-0.021569252014160156,-0.0509495735168457,-0.7416491508483887,-0.23501083254814148,-0.09501303732395172,-0.11270425468683243,-0.02328631840646267,0.08218174427747726,0.004617601633071899,0.12266912311315536,0.0001279134303331375,0.03399243950843811,0.07734932005405426,0.1503003090620041,0.6706050634384155,0.18028728663921356,0.05732700228691101,-0.06867402791976929,-0.034217558801174164,0.019306771457195282,-0.07962532341480255,0.1327444314956665,0.2128649204969406,-0.13343222439289093,-0.19324266910552979,-0.0025854650884866714,0.12998472154140472
-0.029519081115722656,-0.019147872924804688,-0.7587466239929199,-0.21206015348434448,-0.008238134905695915,-0.11152500659227371,0.004052024334669113,0.09185222536325455,-0.020787030458450317,0.0816996619105339,0.03136749193072319,0.04834870249032974,0.1323634386062622,0.15020138025283813,0.7371383309364319,0.1487613171339035,0.03154176101088524,-0.08161959052085876,-0.030098378658294678,-0.028620624914765358,-0.06612592190504074,0.1549355387687683,0.2362220585346222,-0.1273002177476883,-0.24441130459308624,0.030665438622236252,0.16139890253543854
-0.06696748733520508,-0.047585487365722656,-0.8044414520263672,-0.11550050228834152,-0.00876085925847292,-0.06434716284275055,0.008771529421210289,0.059833746403455734,-0.024187808856368065,0.035050708800554276,0.04618212580680847,0.12311919778585434,0.13629783689975739,0.1501784771680832,0.7255043387413025,0.11113910377025604,0.03176458925008774,-0.03499547392129898,-0.045055463910102844,-0.04794150963425636,-0.04502330720424652,0.27873870730400085,0.256080687046051,-0.2634655833244324,-0.26309168338775635,0.11233455687761307,0.11308333277702332
-0.09773969650268555,-0.06575489044189453,-0.8405780792236328,-0.07082466036081314,-0.06883349269628525,-0.040553249418735504,-0.04690774530172348,0.03852177783846855,0.013838651590049267,0.06983806937932968,0.07253361493349075,0.06492819637060165,0.06810355186462402,0.1499984711408615,0.6120681762695312,0.06494656950235367,0.033196087926626205,0.003458732273429632,-0.04667669162154198,-0.05952730029821396,-0.03890775889158249,0.32471388578414917,0.2925319969654083,-0.22016935050487518,-0.22354203462600708,0.006806678604334593,0.0043104784563183784
-0.09311676025390625,-0.0490117073059082,-0.8492202758789062,-0.053429264575242996,-0.031342726200819016,-0.05901739373803139,0.005129380151629448,0.0400947704911232,-0.017036335542798042,0.06920286267995834,0.026173213496804237,0.02860650047659874,0.029697028920054436,0.1502593755722046,0.5643677711486816,0.01972031593322754,0.006052183918654919,-0.01636495068669319,-0.01399631891399622,-0.05308511108160019,-0.04363764077425003,0.2910836338996887,0.31887203454971313,-0.21303515136241913,-0.19238387048244476,0.007276284974068403,0.011156030930578709
-0.08404779434204102,-0.04357147216796875,-0.8308935165405273,-0.027295537292957306,0.020446639508008957,-0.08427556604146957,0.04384761303663254,0.022966856136918068,-0.030256740748882294,0.06888282299041748,0.021134724840521812,0.000629920104984194,-0.007795367389917374,0.15050506591796875,0.525160014629364,-0.016368472948670387,-0.0583152137696743,-0.034694842994213104,-0.021582402288913727,-0.04284137487411499,-0.05180316045880318,0.2911873757839203,0.2989145815372467,-0.2000417709350586,-0.2024865448474884,-0.006387301720678806,-0.017615245655179024
-0.09721851348876953,-0.03756141662597656,-0.8146090507507324,-0.002702689031139016,0.00945903081446886,-0.074342280626297,0.0014161579310894012,0.0005097976536490023,-0.029148682951927185,0.07647797465324402,0.04049650579690933,-0.03426899388432503,-0.03640417009592056,0.1504485160112381,0.4312174320220947,-0.05288683995604515,-0.07857730984687805,-0.014230135828256607,-0.019921526312828064,-0.0532655194401741,-0.056605707854032516,0.27726805210113525,0.28041696548461914,-0.18831320106983185,-0.19614601135253906,-0.04517803341150284,-0.054396048188209534
-0.10593175888061523,-0.026519298553466797,-0.8014063835144043,0.02707294560968876,0.024194903671741486,-0.06225909665226936,-0.007241010665893555,-0.019825639203190804,-0.035021889954805374,0.06319865584373474,0.0621224045753479,-0.05892932415008545,-0.01987089402973652,0.1502782553434372,0.35251954197883606,-0.09504906833171844,-0.09134566783905029,0.00135035440325737,-0.010605772025883198,-0.0691826194524765,-0.07716873288154602,0.2597642242908478,0.266071081161499,-0.18474486470222473,-0.1696062833070755,-0.05433058366179466,-0.08479104936122894
-0.11599588394165039,-0.017368316650390625,-0.7831792831420898,0.055207036435604095,0.06860199570655823,-0.04363009333610535,0.01562575437128544,-0.04517250880599022,-0.058180999010801315,0.05511784926056862,0.04654612019658089,-0.08473480492830276,-0.05105377733707428,0.14887283742427826,0.25540006160736084,-0.1375698298215866,-0.1430068463087082,0.014160037972033024,0.012908363714814186,-0.11538558453321457,-0.11678663641214371,0.25344401597976685,0.24510259926319122,-0.1568773090839386,-0.15940028429031372,-0.13156604766845703,-0.14321859180927277
-0.11350584030151367,-0.015567302703857422,-0.7641134262084961,0.0858159214258194,0.07401464879512787,-0.03685061261057854,0.016397835686802864,-0.06630073487758636,-0.056776151061058044,0.05586785823106766,0.05200004577636719,-0.11033712327480316,-0.0293487049639225,0.14842551946640015,0.16029705107212067,-0.16744281351566315,-0.15095911920070648,0.021611275151371956,0.03197985887527466,-0.11711657047271729,-0.13968771696090698,0.24876414239406586,0.2062864899635315,-0.1645912528038025,-0.14517174661159515,-0.1335214078426361,-0.1921619474887848
-0.10533285140991211,-0.0029039382934570312,-0.751551628112793,0.10866590589284897,0.12665550410747528,-0.01705901511013508,0.010165674611926079,-0.0833946168422699,-0.06157558783888817,0.03896963223814964,0.061217524111270905,-0.11925867944955826,-0.016274819150567055,0.05636408552527428,0.014351170510053635,-0.16115593910217285,-0.17919133603572845,0.03382984176278114,0.07581019401550293,-0.149191752076149,-0.17140595614910126,0.12587346136569977,0.12275034934282303,-0.1256200075149536,-0.12894335389137268,-0.14999254047870636,-0.2385329306125641
-0.07569026947021484,0.0007417332963086665,-0.7670102119445801,0.11240656673908234,0.07601787894964218,-0.020929699763655663,0.040418051183223724,-0.06326542049646378,-0.029250144958496094,0.06637996435165405,0.10587787628173828,-0.10112100094556808,-0.019122136756777763,0.01976858079433441,-0.012776579707860947,-0.1834835261106491,-0.1175643652677536,0.04924981668591499,0.03674820810556412,-0.1474931240081787,-0.12142091244459152,0.06693382561206818,0.04182753711938858,-0.12899479269981384,-0.11891954392194748,-0.1499965786933899,-0.34369680285453796
-0.0380091667175293,-0.025725841522216797,-0.7648439407348633,0.10630127042531967,0.011192151345312595,-0.02560778521001339,0.003115219995379448,-0.027420101687312126,0.03997170925140381,0.15784381330013275,0.202946275472641,-0.07768449932336807,-0.09432472288608551,-0.028834940865635872,-0.07567150890827179,-0.14335371553897858,-0.048556774854660034,0.051706500351428986,-0.027895960956811905,-0.11223112046718597,-0.04895790293812752,0.038583479821681976,-0.055382438004016876,-0.06855349242687225,-0.07259361445903778,-0.15004855394363403,-0.44096389412879944
-0.0023822784423828125,-0.04322385787963867,-0.7504744529724121,0.07564538717269897,-0.008593350648880005,-0.017673060297966003,-0.030414778739213943,0.056721463799476624,0.07710255682468414,0.2529923915863037,0.26331472396850586,-0.13030578196048737,-0.17478100955486298,-0.03836262598633766,-0.043900880962610245,-0.08120451122522354,-0.007300911471247673,0.03559321165084839,-0.024441827088594437,-0.10740713030099869,-0.014353384263813496,-0.0005088064353913069,-0.06319787353277206,-0.007858590222895145,-0.02870839089155197,-0.14945493638515472,-0.4769386351108551
0.03710850700736046,-0.04423093795776367,-0.7509207725524902,0.04097184166312218,0.0005664564669132233,-0.03502572700381279,-0.026034530252218246,0.074716717004776,0.0767783373594284,0.2786708176136017,0.2889977693557739,-0.15750567615032196,-0.17694343626499176,-0.018444722518324852,-0.0033407360315322876,-0.05098671838641167,-0.009353309869766235,0.01118477713316679,-0.004257127642631531,-0.08563557267189026,-0.022332563996315002,-0.009174473583698273,-0.02804439701139927,0.01633046567440033,0.012822974473237991,-0.14947600662708282,-0.4575129747390747
0.060064204037189484,-0.04714393615722656,-0.7691025733947754,0.001249874709174037,-0.029310427606105804,-0.03399887681007385,-0.031799957156181335,0.06352295726537704,0.057542476803064346,0.3084697127342224,0.30165794491767883,-0.14477799832820892,-0.14943309128284454,-0.04490165784955025,-0.055523503571748734,-0.020912211388349533,0.007910054177045822,0.010316903702914715,-0.00815937016159296,-0.04528801143169403,-0.006496190093457699,-0.009201490320265293,-0.020136600360274315,0.025024255737662315,0.012331131845712662,-0.14945419132709503,-0.4304651916027069
0.07644034922122955,-0.05181074142456055,-0.7921161651611328,-0.03436288982629776,-0.06738772988319397,-0.030366772785782814,-0.04004646837711334,0.037860166281461716,0.04217557609081268,0.3193148374557495,0.3140493929386139,-0.13060568273067474,-0.13071545958518982,-0.04726215824484825,-0.0492609478533268,0.0002795009349938482,0.02707482874393463,0.016392916440963745,-0.01246542576700449,-0.023371804505586624,0.009882384911179543,0.012049714103341103,-0.010405885055661201,0.01640108972787857,-0.004412340931594372,-0.14911985397338867,-0.3886144459247589
0.08888616412878036,-0.05673933029174805,-0.8114142417907715,-0.06766814738512039,-0.09357443451881409,-0.024758031591773033,-0.046972714364528656,0.02925446443259716,0.0364399217069149,0.31196966767311096,0.31438297033309937,-0.12747935950756073,-0.12630386650562286,-0.021220870316028595,-0.0118446946144104,0.028206774964928627,0.040581170469522476,0.023748954758048058,-0.01924976333975792,-0.008301964960992336,0.020782865583896637,0.032307710498571396,-0.013865238055586815,-0.005723974201828241,-0.02137698233127594,-0.1487247347831726,-0.35755789279937744
0.09401746839284897,-0.05608844757080078,-0.8311529159545898,-0.10361353307962418,-0.1461513340473175,-0.019057633355259895,-0.06333360075950623,0.03113558329641819,0.04206826910376549,0.3053208589553833,0.2979920506477356,-0.12759868800640106,-0.11039033532142639,-0.019423242658376694,0.013728681951761246,0.06575073301792145,0.07826215028762817,0.03714356943964958,-0.015165687538683414,0.009333252906799316,0.04501756280660629,0.032664813101291656,-0.007861817255616188,-0.041075535118579865,-0.04849407076835632,-0.14838193356990814,-0.31920158863067627
0.10580437630414963,-0.0397486686706543,-0.8522448539733887,-0.14601372182369232,-0.20305903255939484,-0.03773573040962219,-0.07932353764772415,0.036638714373111725,0.05539286509156227,0.2860186696052551,0.28174880146980286,-0.11510366201400757,-0.09889110922813416,0.0088538508862257,0.05414772033691406,0.08807940036058426,0.12168422341346741,0.0389142744243145,-0.010518970899283886,0.03263132646679878,0.05296248570084572,0.02828528918325901,0.021850092336535454,-0.07151859998703003,-0.05760211497545242,-0.14843010902404785,-0.28797104954719543
0.11954721063375473,-0.020044803619384766,-0.8629183769226074,-0.19466532766819,-0.22564418613910675,-0.0681171715259552,-0.09022944420576096,0.05112233757972717,0.06296295672655106,0.2686154246330261,0.26562461256980896,-0.09364355355501175,-0.07738418877124786,0.05250145494937897,0.0952155590057373,0.1105402261018753,0.14294633269309998,0.033021461218595505,-0.02678871899843216,0.04737977311015129,0.0585818849503994,0.019384270533919334,0.02789829671382904,-0.10220547020435333,-0.06292169541120529,-0.14857171475887299,-0.2443631887435913
0.13211314380168915,-0.005765438079833984,-0.8709430694580078,-0.23148027062416077,-0.25189465284347534,-0.09879714250564575,-0.1301312893629074,0.08382666110992432,0.1077042743563652,0.23667192459106445,0.23131194710731506,-0.06782368570566177,-0.05194436386227608,0.11869161576032639,0.17521420121192932,0.13594825565814972,0.16977570950984955,0.026771305128932,-0.009736849926412106,0.05829238519072533,0.05466221645474434,0.015642782673239708,0.041830312460660934,-0.13316939771175385,-0.0526435449719429,-0.15034887194633484,-0.14981763064861298
0.12708114087581635,-0.0027022361755371094,-0.8838644027709961,-0.2524479031562805,-0.2536972761154175,-0.11864543706178665,-0.15575791895389557,0.0920679122209549,0.12370520085096359,0.2132854014635086,0.19935090839862823,-0.06525440514087677,-0.024954378604888916,0.14536325633525848,0.2437458485364914,0.1654512733221054,0.16804496943950653,0.03791508078575134,-0.016150154173374176,0.06844334304332733,0.04862184822559357,0.019738873466849327,0.028066206723451614,-0.15014031529426575,-0.06450990587472916,-0.15057115256786346,-0.0519816093146801
0.10617431253194809,0.004847066476941109,-0.8950834274291992,-0.2696903645992279,-0.2614884078502655,-0.11995690315961838,-0.1824757307767868,0.10570475459098816,0.14498773217201233,0.18609334528446198,0.14912937581539154,-0.04941841959953308,-0.029437772929668427,0.14999999105930328,0.302227646112442,0.17917823791503906,0.1871555596590042,0.06020117923617363,-0.001831107772886753,0.07403237372636795,0.020313629880547523,0.03247135132551193,0.04711684584617615,-0.1497349888086319,-0.07588393986225128,-0.12974753975868225,0.030543021857738495
0.07375839352607727,0.012027598917484283,-0.8862028121948242,-0.24102258682250977,-0.22915294766426086,-0.11571255326271057,-0.14749322831630707,0.10641725361347198,0.1155792847275734,0.06282489746809006,0.06943824142217636,-0.014688581228256226,-0.019300270825624466,0.15000002086162567,0.3971337378025055,0.17705370485782623,0.17220354080200195,0.05424593761563301,-0.004308843985199928,0.02171100489795208,-0.012917588464915752,0.07514586299657822,0.08428902924060822,-0.18079032003879547,-0.09046702086925507,0.10434221476316452,0.1158551573753357
0.04070251062512398,0.002440916607156396,-0.8815064430236816,-0.20183894038200378,-0.09375792741775513,-0.11064402014017105,-0.03221745789051056,0.06314759701490402,0.0017168502090498805,0.015487298369407654,-0.017767632380127907,0.027969779446721077,0.03424219787120819,0.14999555051326752,0.6165592074394226,0.1578039675951004,0.06867341697216034,0.05143681541085243,-0.01061831135302782,-0.04936893656849861,-0.0791422501206398,0.17315392196178436,0.19675864279270172,-0.16638241708278656,-0.21970528364181519,0.13067379593849182,0.15729960799217224
0.024699874222278595,-0.0012717247009277344,-0.9116439819335938,-0.1654934138059616,-0.0827210322022438,-0.09040281176567078,-0.022066082805395126,0.07476697117090225,-0.00851091742515564,0.0194755457341671,-0.03626997023820877,0.0443325936794281,0.0758785605430603,0.1495380997657776,0.7137376666069031,0.14575068652629852,0.051760826259851456,0.02394818142056465,0.02547857165336609,-0.0679071843624115,-0.09505224972963333,0.19451548159122467,0.23922911286354065,-0.18004439771175385,-0.26426073908805847,0.1371636539697647,0.17437531054019928
0.006398247089236975,-0.008976459503173828,-0.9467978477478027,-0.11578985303640366,-0.033090248703956604,-0.059786293655633926,0.02093297429382801,0.07281431555747986,-0.026126563549041748,-0.00033983049797825515,-0.03448927402496338,0.12059810757637024,0.08727480471134186,0.14621496200561523,0.7216706871986389,0.09550439566373825,0.036603622138500214,0.006140915676951408,0.020606424659490585,-0.07038336247205734,-0.0734817385673523,0.2589305639266968,0.2696288824081421,-0.2843143045902252,-0.28640300035476685,0.1499776542186737,0.16050070524215698
-0.013852596282958984,-0.02724599838256836,-0.9540286064147949,-0.07550421357154846,-0.05924825370311737,-0.040035590529441833,-0.007236535660922527,0.06920217722654343,0.009544246830046177,0.03713969141244888,0.017289884388446808,0.06115995720028877,0.04884977638721466,0.14881828427314758,0.6856604814529419,0.0583610013127327,0.011825786903500557,0.0035914545878767967,-0.02002134919166565,-0.06062455102801323,-0.046597182750701904,0.27934104204177856,0.273614764213562,-0.26288193464279175,-0.2679106593132019,0.08966650813817978,0.059027090668678284
-0.020868301391601562,-0.023778915405273438,-0.917022705078125,-0.05464298278093338,-0.03164030984044075,-0.04642779380083084,0.014395276084542274,0.030951712280511856,-0.013767121359705925,0.04095938429236412,0.028532803058624268,0.03526986390352249,0.027543123811483383,0.1486620455980301,0.6302046775817871,0.013221777975559235,-0.010458145290613174,-0.014836451038718224,-0.009389153681695461,-0.04983820766210556,-0.04223392903804779,0.2708472013473511,0.2822648882865906,-0.26773378252983093,-0.256986141204834,0.0757918581366539,0.047862641513347626
-0.029407501220703125,-0.03060007095336914,-0.8743324279785156,-0.02593071199953556,0.005172542296350002,-0.047925058752298355,0.027746105566620827,-0.014128964394330978,-0.03075486049056053,0.051603272557258606,0.0483672171831131,0.005838979035615921,0.0015244507230818272,0.1485147327184677,0.558116614818573,-0.022438814863562584,-0.05284252390265465,-0.0270621906965971,-0.019775617867708206,-0.03895639255642891,-0.046635840088129044,0.2722335755825043,0.28355860710144043,-0.24892500042915344,-0.2460775524377823,0.04424116015434265,-0.0017062677070498466
-0.04268693923950195,-0.03550386428833008,-0.8568878173828125,0.003329141065478325,-0.003261554054915905,-0.0320284441113472,0.03132680058479309,-0.03747057169675827,-0.040222812443971634,0.06842075288295746,0.04186582565307617,-0.034158769994974136,-0.028076257556676865,0.14862148463726044,0.4645678997039795,-0.06766662001609802,-0.08075147867202759,-0.02903088368475437,-0.014638391323387623,-0.04531092569231987,-0.05630647763609886,0.27128952741622925,0.2863548994064331,-0.22771796584129333,-0.23079800605773926,-0.01791105978190899,-0.060508646070957184
-0.04533576965332031,-0.034358978271484375,-0.8457198143005371,0.03620852902531624,0.008929315023124218,-0.01992446929216385,0.04288996011018753,-0.0496293343603611,-0.05612293630838394,0.06548377871513367,0.03260912373661995,-0.0636853277683258,-0.05119376629590988,0.1482829451560974,0.35370248556137085,-0.10552120953798294,-0.10782378911972046,-0.034243207424879074,-0.003452196717262268,-0.049545615911483765,-0.07941104471683502,0.25609615445137024,0.2802715301513672,-0.22165216505527496,-0.20511461794376373,-0.02380387671291828,-0.11749058216810226
-0.04221963882446289,-0.026768207550048828,-0.820131778717041,0.051311735063791275,0.05787034332752228,-0.01704489253461361,0.056570447981357574,-0.07614360749721527,-0.06686343252658844,0.06502017378807068,0.03527571260929108,-0.07226312160491943,-0.07128022611141205,0.14823685586452484,0.26879701018333435,-0.12698332965373993,-0.1497044414281845,-0.03415599837899208,0.003204279113560915,-0.04898766800761223,-0.09933488070964813,0.2447066605091095,0.23971401154994965,-0.22807805240154266,-0.20024608075618744,-0.03153587877750397,-0.164129376411438
-0.05342578887939453,-0.011018753051757812,-0.8197879791259766,0.07391306012868881,0.09661666303873062,0.013036311604082584,0.07993663847446442,-0.08271859586238861,-0.07991214841604233,0.04651821032166481,0.055951327085494995,-0.10098882764577866,-0.049923449754714966,0.14854931831359863,0.1968669593334198,-0.14760173857212067,-0.17855574190616608,-0.009332973510026932,-0.0014877719804644585,-0.0953364372253418,-0.10989562422037125,0.2052026242017746,0.1843884140253067,-0.19550937414169312,-0.19850128889083862,-0.15000055730342865,-0.19554729759693146
-0.04590177536010742,0.002661587670445442,-0.8304681777954102,0.08334604650735855,0.08982767164707184,0.022798020392656326,0.04609454423189163,-0.07278291881084442,-0.0600668303668499,0.051111236214637756,0.09144569933414459,-0.11218392848968506,-0.007857436314225197,0.14848922193050385,0.07394032925367355,-0.1694338023662567,-0.15111005306243896,0.003071431303396821,0.019527174532413483,-0.10399248450994492,-0.1263348013162613,0.17216064035892487,0.14722752571105957,-0.2014492303133011,-0.16197720170021057,-0.15000127255916595,-0.2807033061981201
-0.018463611602783203,-0.0002703666687011719,-0.8294568061828613,0.09312893450260162,0.1024746224284172,0.008039704523980618,0.03140230476856232,-0.06841668486595154,-0.03414487838745117,0.0757012888789177,0.1460188776254654,-0.10111237317323685,0.0004873126745223999,0.14890481531620026,-0.009408146142959595,-0.16440433263778687,-0.14608070254325867,-0.0066741034388542175,0.03912895545363426,-0.10220396518707275,-0.1263410896062851,0.15040506422519684,0.0486048087477684,-0.17449204623699188,-0.15115369856357574,-0.14991697669029236,-0.3529132306575775
-0.0033311843872070312,-0.010599613189697266,-0.8267221450805664,0.08435933291912079,0.038824412971735,0.014744055457413197,-0.013351277448236942,-0.048216480761766434,0.03666520118713379,0.14967843890190125,0.23274162411689758,-0.08350870013237,-0.06587153673171997,0.06671209633350372,-0.09115280210971832,-0.11996956914663315,-0.05478150025010109,0.0016698460094630718,-0.004993509501218796,-0.09311830252408981,-0.06566739827394485,0.1102588102221489,-0.028956053778529167,-0.11043960601091385,-0.08307009935379028,-0.1496008187532425,-0.45955467224121094
0.013409229926764965,-0.018769264221191406,-0.8281941413879395,0.05099122226238251,-0.02097746729850769,0.024027468636631966,-0.023218434303998947,0.03530691936612129,0.0573132261633873,0.2660894989967346,0.2689276933670044,-0.1233290508389473,-0.1535782516002655,-0.07323397696018219,-0.12924478948116302,-0.06361891329288483,0.010384401306509972,-0.0014513859059661627,-0.056842997670173645,-0.08394463360309601,-0.013991258107125759,0.04568058252334595,-0.024274634197354317,-0.01686260476708412,-0.03591998666524887,-0.14876310527324677,-0.5568854808807373
0.0440337210893631,-0.019100666046142578,-0.8273496627807617,0.030873097479343414,-0.02928800880908966,-0.019571935757994652,0.0020952392369508743,0.055356234312057495,0.05957791581749916,0.2937234044075012,0.2837705612182617,-0.1693146973848343,-0.1954840123653412,-0.0666842833161354,-0.055579956620931625,-0.03082330897450447,0.022500552237033844,-0.025913797318935394,-0.05413505434989929,-0.06708129495382309,0.0020230617374181747,0.03354530408978462,0.016588974744081497,0.0015462731244042516,0.007623809389770031,-0.14918701350688934,-0.5490869879722595
0.05435098335146904,-0.006895542144775391,-0.8392224311828613,0.0006235046894289553,-0.04993816837668419,-0.031179718673229218,-0.012036921456456184,0.06494064629077911,0.05520154908299446,0.28498098254203796,0.29494279623031616,-0.1737712025642395,-0.19569167494773865,-0.06699158251285553,-0.06698743999004364,-0.01093659270554781,0.04518648609519005,-0.022508462890982628,-0.06706603616476059,-0.051318004727363586,0.009476646780967712,0.022458907216787338,0.019619964063167572,-0.012690458446741104,0.01463860459625721,-0.14934110641479492,-0.5346521139144897
0.05554204806685448,-0.00012636184692382812,-0.8623557090759277,-0.04499877244234085,-0.0993257537484169,-0.03474775329232216,-0.027819044888019562,0.04441769793629646,0.0388193279504776,0.2987894117832184,0.29363563656806946,-0.17612582445144653,-0.19385550916194916,-0.05767340958118439,-0.05690951272845268,0.010374561883509159,0.07391369342803955,-0.008486914448440075,-0.09871982038021088,-0.030739592388272285,0.03152911365032196,0.016551760956645012,0.02044813334941864,-0.03376122564077377,0.0028011249378323555,-0.14818912744522095,-0.4937523603439331
0.06484569609165192,-0.003215312957763672,-0.8922505378723145,-0.08615067601203918,-0.12945228815078735,-0.04623480141162872,-0.042600952088832855,0.03336738795042038,0.0343145951628685,0.2935938835144043,0.28363311290740967,-0.1679469496011734,-0.1714087575674057,-0.025279002264142036,-0.02204054966568947,0.037924498319625854,0.08027605712413788,-0.006469287443906069,-0.06827324628829956,-0.0007978533976711333,0.03583785146474838,0.02079138159751892,0.014857308007776737,-0.06064167991280556,-0.045522332191467285,-0.14844967424869537,-0.44748544692993164
0.07277797907590866,-0.01075887680053711,-0.9208922386169434,-0.12459509819746017,-0.15950751304626465,-0.04784093797206879,-0.07020671665668488,0.03692622110247612,0.042463622987270355,0.27515318989753723,0.2901254892349243,-0.16981126368045807,-0.14741511642932892,-0.02576463483273983,0.014350611716508865,0.07428869605064392,0.09496369957923889,-0.006824049167335033,-0.05331915616989136,0.02760280668735504,0.048960473388433456,0.020902613177895546,-0.0030783414840698242,-0.08763517439365387,-0.07997575402259827,-0.1484566628932953,-0.3852573037147522
0.08587370812892914,-0.0109405517578125,-0.9285321235656738,-0.19234786927700043,-0.20771239697933197,-0.06822279840707779,-0.0859670341014862,0.03936973214149475,0.04950420558452606,0.26699867844581604,0.27629274129867554,-0.118417888879776,-0.12558335065841675,0.05877336114645004,0.060208503156900406,0.1056332141160965,0.11958466470241547,-0.021471453830599785,-0.06969695538282394,0.037090614438056946,0.0588558055460453,0.025699282065033913,0.00046604499220848083,-0.12333321571350098,-0.11185229569673538,-0.1486169844865799,-0.3501710295677185
0.09415366500616074,-0.008140087127685547,-0.9414277076721191,-0.24897105991840363,-0.23480568826198578,-0.08511818945407867,-0.10276488214731216,0.05914610996842384,0.06514308601617813,0.24180836975574493,0.26228082180023193,-0.10647478699684143,-0.09603965282440186,0.10762318223714828,0.1328163743019104,0.14399494230747223,0.1246771514415741,-0.033739443868398666,-0.07691396772861481,0.05051001161336899,0.05588451027870178,0.01378167700022459,-0.011205649003386497,-0.1522267758846283,-0.11637692898511887,-0.1488005667924881,-0.2813069224357605
0.10057972371578217,-0.004620552062988281,-0.9574251174926758,-0.2967284619808197,-0.28506365418434143,-0.10514366626739502,-0.14576725661754608,0.08530321717262268,0.10402894020080566,0.2184205949306488,0.23300842940807343,-0.07996921986341476,-0.06799787282943726,0.15000000596046448,0.21082942187786102,0.17600193619728088,0.1602640300989151,-0.04643098637461662,-0.07059478759765625,0.06638006865978241,0.038529589772224426,0.013459209352731705,0.014372791163623333,-0.1860286146402359,-0.13008734583854675,-0.14875073730945587,-0.2166561335325241
0.09354705363512039,-0.00099945068359375,-0.9589352607727051,-0.33027511835098267,-0.3006095290184021,-0.11987825483083725,-0.15737542510032654,0.1146736815571785,0.12883907556533813,0.17953215539455414,0.1906861662864685,-0.05145958065986633,-0.04840364307165146,0.15000002086162567,0.28030285239219666,0.19954979419708252,0.1839466094970703,-0.05001406744122505,-0.07624442875385284,0.06605172902345657,0.03488544747233391,0.026939604431390762,0.028897812590003014,-0.19936534762382507,-0.11460321396589279,-0.11957518011331558,-0.12400378286838531
0.06484769284725189,-0.0024857521057128906,-0.9513731002807617,-0.32608288526535034,-0.27778729796409607,-0.11976581066846848,-0.13047780096530914,0.1114414632320404,0.10758938640356064,0.10356862097978592,0.10573089122772217,-0.04507366940379143,-0.04410965368151665,0.15000249445438385,0.3779207766056061,0.20870688557624817,0.18109679222106934,-0.03398994356393814,-0.09885785728693008,0.04597243666648865,0.0005758907645940781,0.07447068393230438,0.08708421140909195,-0.1873118132352829,-0.11378156393766403,-0.046030301600694656,-0.05257880315184593
0.04124001786112785,-0.016149520874023438,-0.9450750350952148,-0.2925410270690918,-0.19620420038700104,-0.1147889792919159,-0.10731004178524017,0.09325139224529266,0.06463416665792465,0.08655707538127899,0.046977296471595764,0.0380903035402298,0.026595253497362137,0.14960698783397675,0.526055634021759,0.22017347812652588,0.13245739042758942,-0.022721054032444954,-0.052483707666397095,0.007780706975609064,-0.05589716508984566,0.14341281354427338,0.1463138312101364,-0.18681301176548004,-0.1583523154258728,-0.008807356469333172,0.06084640324115753
0.027374161407351494,-0.022583961486816406,-0.9654011726379395,-0.22389066219329834,-0.14391450583934784,-0.10095971077680588,-0.06981990486383438,0.09794681519269943,0.03444167226552963,0.029248038306832314,0.01580420881509781,0.1143736019730568,0.0798102468252182,0.14929793775081635,0.6519107818603516,0.1928648054599762,0.10660472512245178,-0.040558379143476486,-0.019262518733739853,-0.06714408844709396,-0.07199306786060333,0.22562645375728607,0.19513407349586487,-0.201588436961174,-0.2134651094675064,0.11872421950101852,0.13352994620800018
0.0032060095109045506,-0.020689964294433594,-0.9918346405029297,-0.18144476413726807,-0.09057852625846863,-0.0707249641418457,-0.02026747539639473,0.0962122306227684,-8.826516568660736e-05,0.026796281337738037,0.0044751595705747604,0.11084230244159698,0.10599231719970703,0.14965257048606873,0.742131769657135,0.1604071855545044,0.058486294001340866,-0.01550222933292389,-0.0334412083029747,-0.07352350652217865,-0.07077159732580185,0.21652816236019135,0.25763386487960815,-0.22751159965991974,-0.27158766984939575,0.11858704686164856,0.11526414752006531
-0.007488727569580078,-0.024326801300048828,-1.0102648735046387,-0.1286638230085373,-0.0542692095041275,-0.05956285819411278,0.02125263400375843,0.07975102216005325,-0.010120256803929806,0.009657812304794788,-0.0069547053426504135,0.1210014820098877,0.11209799349308014,0.14909203350543976,0.7619576454162598,0.09410584717988968,0.03566943481564522,-0.005483540706336498,-0.023951556533575058,-0.06571729481220245,-0.04736493527889252,0.25110480189323425,0.27447113394737244,-0.24655941128730774,-0.2706345021724701,0.11876238882541656,0.11476895213127136
-0.020503997802734375,-0.04240131378173828,-0.9868807792663574,-0.08631991595029831,-0.053030434995889664,-0.06028839573264122,0.03820505738258362,0.05304473266005516,-0.0016110939905047417,0.032279837876558304,-0.0005860794335603714,0.09271083772182465,0.07370762526988983,0.1486227661371231,0.7099882960319519,0.0666479542851448,0.018417753279209137,0.0005123269511386752,-0.037207718938589096,-0.06772540509700775,-0.029900863766670227,0.24681152403354645,0.2785857617855072,-0.2506326735019684,-0.26061612367630005,0.11516181379556656,0.07063011825084686
-0.022254467010498047,-0.049356937408447266,-0.9632720947265625,-0.05090547725558281,-0.03457813337445259,-0.07133422046899796,0.05147060006856918,0.030069004744291306,-0.01772722415626049,0.04721467196941376,0.0046797264367341995,0.05123848840594292,0.03595176339149475,0.14804711937904358,0.6598473191261292,0.00789182260632515,-0.020398130640387535,-0.01048128493130207,-0.027278225868940353,-0.041120827198028564,-0.03288441523909569,0.26725614070892334,0.2846854627132416,-0.2506181597709656,-0.25693613290786743,0.0656685158610344,0.04836690425872803
-0.03335285186767578,-0.052684783935546875,-0.9337000846862793,-0.014956057071685791,-0.04757092148065567,-0.07003498822450638,0.034769438207149506,-0.0032926201820373535,-0.004279359243810177,0.05291399359703064,0.01051500253379345,0.015991317108273506,0.011639147065579891,0.14814531803131104,0.5697504878044128,-0.03245299682021141,-0.04802569001913071,-0.02179778926074505,-0.022250715643167496,-0.04000623896718025,-0.043806303292512894,0.25020477175712585,0.2875005900859833,-0.252459317445755,-0.22607670724391937,0.05666738003492355,-0.007682410068809986
-0.049007415771484375,-0.046955108642578125,-0.9066991806030273,0.014944537542760372,-0.011087124235928059,-0.05772331357002258,0.023615749552845955,-0.03679180517792702,-0.025330541655421257,0.04743354022502899,0.02451932057738304,-0.01118886936455965,-0.026022113859653473,0.1483931690454483,0.4417548179626465,-0.06762439757585526,-0.0976831465959549,-0.02628921903669834,-0.008858972229063511,-0.039647072553634644,-0.0686415508389473,0.23004299402236938,0.2775862216949463,-0.2437593638896942,-0.19246578216552734,0.05255695804953575,-0.05975452810525894
-0.0680241584777832,-0.03541851043701172,-0.8941359519958496,0.03500974178314209,0.02662644162774086,-0.03361678496003151,0.018131138756871223,-0.057430822402238846,-0.032923322170972824,0.04761338233947754,0.03936616703867912,-0.041840970516204834,-0.040765658020973206,0.14864422380924225,0.3435717523097992,-0.10913923382759094,-0.13699990510940552,-0.02336231805384159,0.007822686806321144,-0.0544157437980175,-0.09478433430194855,0.2381511926651001,0.25963661074638367,-0.2072163224220276,-0.1665341705083847,5.782688458566554e-05,-0.09484800696372986
-0.07896709442138672,-0.021257877349853516,-0.8900547027587891,0.05166757479310036,0.06106375902891159,-0.013153208419680595,0.018958481028676033,-0.06414785981178284,-0.05048779398202896,0.04662789776921272,0.04279240220785141,-0.06885787099599838,-0.03575015068054199,0.14793358743190765,0.20929314196109772,-0.13005968928337097,-0.1528290957212448,-0.022032441571354866,0.01943148672580719,-0.06543990224599838,-0.11775302141904831,0.23421889543533325,0.2364090085029602,-0.20106559991836548,-0.15462926030158997,-0.02674175798892975,-0.166891410946846
-0.09810161590576172,-0.005285739898681641,-0.8976593017578125,0.07249589264392853,0.11220508813858032,0.025685252621769905,0.04199036955833435,-0.06447213143110275,-0.07753895223140717,0.03072522021830082,0.05322346091270447,-0.08876106142997742,-0.023182323202490807,0.12163106352090836,0.11594626307487488,-0.1430749148130417,-0.1793404519557953,-0.00027114705881103873,0.044399965554475784,-0.12482739984989166,-0.14283369481563568,0.20351046323776245,0.1890537589788437,-0.14416518807411194,-0.15575850009918213,-0.14999990165233612,-0.21760150790214539
-0.09714078903198242,0.011308113113045692,-0.9052491188049316,0.07211823016405106,0.08338344842195511,0.043673075735569,0.035231612622737885,-0.06044097989797592,-0.05758839100599289,0.042033467441797256,0.06507754325866699,-0.08079024404287338,0.0145131666213274,0.0438576377928257,0.015563003718852997,-0.15594223141670227,-0.14787203073501587,0.021838026121258736,0.043485190719366074,-0.14142103493213654,-0.15109708905220032,0.1557196080684662,0.1513507068157196,-0.13422521948814392,-0.12586361169815063,-0.15000000596046448,-0.3072596490383148
-0.0634613037109375,0.012677364982664585,-0.9074931144714355,0.07139339298009872,0.09317439794540405,0.02618793211877346,0.03946022689342499,-0.05528562143445015,-0.03599720075726509,0.07449470460414886,0.11190472543239594,-0.07263287901878357,0.018013078719377518,-0.01626846194267273,-0.0579022653400898,-0.13523826003074646,-0.13307657837867737,0.022984247654676437,0.053560011088848114,-0.1307828426361084,-0.13752855360507965,0.06821735948324203,0.04934079945087433,-0.12619800865650177,-0.12176724523305893,-0.14999741315841675,-0.3838788568973541
-0.024725914001464844,-0.016928672790527344,-0.9005560874938965,0.03960159048438072,-0.011281506158411503,0.015412219800055027,0.00910617783665657,0.0414440780878067,0.046664346009492874,0.23163576424121857,0.21595223248004913,-0.09006758034229279,-0.11365559697151184,-0.05279272422194481,-0.0553157739341259,-0.07089098542928696,-0.013328256085515022,0.012786305509507656,-0.025220133364200592,-0.08362722396850586,-0.03915562108159065,0.0012932156678289175,-0.03522951900959015,-0.012523382902145386,-0.054157719016075134,-0.14935964345932007,-0.4981066882610321
0.007551224436610937,-0.036540985107421875,-0.8883004188537598,0.04176349192857742,-0.007538958918303251,-0.01147659495472908,-0.01246026810258627,0.060596153140068054,0.05983998253941536,0.2630350887775421,0.2492605745792389,-0.14867490530014038,-0.15274403989315033,-0.06402517855167389,-0.06514497101306915,-0.03499794751405716,-0.024354107677936554,-0.01878589205443859,-0.03594188019633293,-0.0836130902171135,-0.027066633105278015,0.021611392498016357,-0.03870881348848343,-0.0011236164718866348,-0.03827986866235733,-0.14913761615753174,-0.5380630493164062
0.010365869849920273,-0.009596824645996094,-0.8974013328552246,0.00713278166949749,-0.025863392278552055,-0.006968982517719269,-0.013725712895393372,0.05978546664118767,0.053188469260931015,0.23482701182365417,0.2740079462528229,-0.13901571929454803,-0.1763039082288742,-0.06420936435461044,-0.06575529277324677,-0.03082522749900818,0.003975973930209875,-0.008472436107695103,-0.06458021700382233,-0.07594599574804306,-0.013890844769775867,0.0039379773661494255,0.0015991944819688797,-0.0160138551145792,0.001526721753180027,-0.14913871884346008,-0.5413644909858704
0.008264905773103237,0.009245620109140873,-0.9284582138061523,-0.015592068433761597,-0.08275142312049866,-0.0029162890277802944,-0.013409378938376904,0.051458075642585754,0.04192797839641571,0.22098447382450104,0.2640778124332428,-0.15061786770820618,-0.21138381958007812,-0.06383515894412994,-0.07157497107982635,-0.02677447721362114,0.057586606591939926,0.009636706672608852,-0.09244950115680695,-0.048456352204084396,0.005972693208605051,-0.005187553353607655,0.031159907579421997,-0.019889822229743004,0.04103285074234009,-0.1491047441959381,-0.5480012893676758
0.01650274731218815,0.0030744560062885284,-0.9470915794372559,-0.02884426712989807,-0.12616930902004242,-0.014030659571290016,-0.01342133991420269,0.050608448684215546,0.04418094828724861,0.24432677030563354,0.2640407979488373,-0.16039586067199707,-0.21599729359149933,-0.06140098720788956,-0.052480924874544144,-0.005676629021763802,0.09792101383209229,0.007596178911626339,-0.09091133624315262,-0.028662385419011116,0.03514981269836426,0.014908921904861927,0.04065031185746193,-0.019590524956583977,0.023564325645565987,-0.1490437239408493,-0.5178272128105164
0.01905355416238308,-0.006730079650878906,-0.9507083892822266,-0.06124236807227135,-0.15119056403636932,-0.025831790640950203,-0.02681899443268776,0.03888239711523056,0.03406701609492302,0.27844545245170593,0.27295443415641785,-0.19708576798439026,-0.20734722912311554,-0.02788815274834633,-0.015767265111207962,0.03340394049882889,0.11163066327571869,0.005068196449428797,-0.10217127948999405,-0.024166787043213844,0.05894242599606514,0.029507732018828392,0.034911490976810455,-0.063341423869133,-0.008517131209373474,-0.14770464599132538,-0.47700366377830505
0.028069784864783287,-0.0022821426391601562,-0.9818129539489746,-0.10100686550140381,-0.16449691355228424,-0.041857264935970306,-0.04928886890411377,0.04280391335487366,0.024007730185985565,0.26319774985313416,0.271867036819458,-0.1968706250190735,-0.18085730075836182,-0.01956050656735897,0.027938999235630035,0.05886170268058777,0.10557509958744049,-0.003457604441791773,-0.08761958032846451,0.009364069439470768,0.05590100958943367,0.01884949579834938,0.020985111594200134,-0.0821700394153595,-0.05521334707736969,-0.14812961220741272,-0.42946210503578186
0.04099605232477188,-0.003818035125732422,-1.0091595649719238,-0.15160012245178223,-0.21889720857143402,-0.06426654756069183,-0.08322121202945709,0.04066339135169983,0.04526495933532715,0.25577500462532043,0.26164934039115906,-0.16710221767425537,-0.1541341096162796,0.0309197586029768,0.06971664726734161,0.0896177664399147,0.14327938854694366,-0.022606316953897476,-0.08690326660871506,0.03966747224330902,0.06565875560045242,0.011589806526899338,0.018463321030139923,-0.10462401062250137,-0.09033694118261337,-0.14850422739982605,-0.3717571794986725
0.05370873585343361,-0.004220008850097656,-1.0145692825317383,-0.2247956544160843,-0.2317771464586258,-0.0933171734213829,-0.11363714933395386,0.045715153217315674,0.055808503180742264,0.2554256319999695,0.24968567490577698,-0.11292598396539688,-0.11526952683925629,0.13110029697418213,0.14354786276817322,0.11923712491989136,0.13015107810497284,-0.04908209294080734,-0.06527656316757202,0.04756750911474228,0.054711759090423584,0.016919758170843124,0.012188788503408432,-0.1405271738767624,-0.11261439323425293,-0.14916016161441803,-0.2893418073654175
0.05882655084133148,-0.004547119140625,-1.0239300727844238,-0.2725001275539398,-0.25659435987472534,-0.11081213504076004,-0.12792114913463593,0.07580123841762543,0.0786602571606636,0.20973870158195496,0.22190408408641815,-0.07998722791671753,-0.08276435732841492,0.15000002086162567,0.2424745410680771,0.15351077914237976,0.13336281478405,-0.06922231614589691,-0.0961158499121666,0.0568133108317852,0.05042242631316185,0.013676419854164124,0.003212178125977516,-0.17248496413230896,-0.12147273868322372,-0.14886437356472015,-0.20303502678871155
0.04644766077399254,-0.01152801513671875,-1.0321898460388184,-0.3049328327178955,-0.28218358755111694,-0.11979587376117706,-0.15283094346523285,0.08784664422273636,0.10487893968820572,0.17521362006664276,0.1704936921596527,-0.07888959348201752,-0.07448841631412506,0.15000002086162567,0.30021536350250244,0.18692637979984283,0.16875822842121124,-0.07190388441085815,-0.09510581195354462,0.0633399561047554,0.02704523876309395,0.02394622191786766,0.03578193485736847,-0.19456864893436432,-0.12374166399240494,-0.14182227849960327,-0.1353721022605896
0.01671101525425911,-0.026778221130371094,-1.0315747261047363,-0.31192877888679504,-0.2694004774093628,-0.11890602111816406,-0.1445525586605072,0.09003020077943802,0.10299481451511383,0.15354694426059723,0.10878711193799973,-0.046601489186286926,-0.054073166102170944,0.14994363486766815,0.3810831904411316,0.21306468546390533,0.1570012867450714,-0.062034156173467636,-0.08966229110956192,0.060461681336164474,-0.0049062566831707954,0.05836685001850128,0.06928982585668564,-0.18378649652004242,-0.1231021136045456,-0.0852191373705864,-0.04106251895427704
-0.0026798248291015625,-0.03903675079345703,-1.049593448638916,-0.25141021609306335,-0.21197286248207092,-0.10771115869283676,-0.09356140345335007,0.10413464903831482,0.06735734641551971,0.09074621647596359,0.032163213938474655,0.06679048389196396,0.00949792843312025,0.14973844587802887,0.5280853509902954,0.18768614530563354,0.13465075194835663,-0.07747654616832733,-0.07642897218465805,-0.024516738951206207,-0.04970914497971535,0.16495580971240997,0.15622887015342712,-0.15041479468345642,-0.1471661478281021,0.03416058048605919,0.04645315185189247
-0.022434234619140625,-0.03842973709106445,-1.068300724029541,-0.20524515211582184,-0.10465692728757858,-0.09138120710849762,-0.04269681125879288,0.1116446927189827,0.007275816984474659,0.06388287991285324,0.02157430164515972,0.09673470258712769,0.08631481230258942,0.1504959613084793,0.698373556137085,0.16034506261348724,0.06470070779323578,-0.06543521583080292,-0.04525526985526085,-0.059851232916116714,-0.07411986589431763,0.21418042480945587,0.2137732356786728,-0.1845184862613678,-0.23233523964881897,0.0776507779955864,0.11638016253709793
-0.05072784423828125,-0.0429234504699707,-1.072810173034668,-0.15266567468643188,-0.06178197264671326,-0.06721211224794388,-0.005808491259813309,0.10290753841400146,-0.004035621881484985,0.030731167644262314,0.020331263542175293,0.1308249533176422,0.11359214782714844,0.15008486807346344,0.7452596426010132,0.1195431798696518,0.04291151836514473,-0.02220546454191208,-0.04436173662543297,-0.06836724281311035,-0.05838775262236595,0.25885844230651855,0.2495657354593277,-0.24014556407928467,-0.25910478830337524,0.10830970853567123,0.1174851730465889
-0.07449817657470703,-0.05495882034301758,-1.0549211502075195,-0.10818888247013092,-0.06908868253231049,-0.0565330795943737,-0.008623485453426838,0.07501497864723206,0.014517361298203468,0.036709755659103394,0.029214952141046524,0.11029403656721115,0.08659899234771729,0.14999960362911224,0.6916986107826233,0.08659716695547104,0.03355627506971359,0.009770729579031467,-0.04684347286820412,-0.06362950056791306,-0.036141298711299896,0.2720983028411865,0.2750161290168762,-0.235434889793396,-0.24299471080303192,0.0803825855255127,0.05598314106464386
-0.0795135498046875,-0.05586528778076172,-1.02799654006958,-0.07695087045431137,-0.0720706656575203,-0.06902505457401276,0.006248464807868004,0.049913376569747925,0.012553821317851543,0.044437818229198456,-0.0016906000673770905,0.08368171751499176,0.0631466954946518,0.1503113955259323,0.6478300094604492,0.04072914272546768,0.02397015690803528,-0.0018707955023273826,-0.016871988773345947,-0.050208158791065216,-0.03644299879670143,0.2716672420501709,0.2969418466091156,-0.2305583357810974,-0.21858811378479004,0.06398192048072815,0.042341362684965134
-0.08411836624145508,-0.05338144302368164,-1.0119805335998535,-0.043417394161224365,-0.04914345219731331,-0.07292663305997849,0.024696676060557365,0.031411781907081604,0.0022315592505037785,0.04948192462325096,-0.0071255359798669815,0.04506082087755203,0.03038422204554081,0.1504642218351364,0.6141077280044556,-0.016075793653726578,-0.017170026898384094,-0.01780444011092186,-0.020034216344356537,-0.041550975292921066,-0.04252355173230171,0.2715352475643158,0.291716992855072,-0.20627717673778534,-0.21264439821243286,0.03134167939424515,0.028437744826078415
-0.10039043426513672,-0.04940032958984375,-0.9946236610412598,-0.009570533409714699,-0.03305733948945999,-0.05628586933016777,0.015285218134522438,0.00556593993678689,-0.005843969993293285,0.05409890413284302,0.028478266671299934,0.00620895205065608,0.010736152529716492,0.15042908489704132,0.54462069272995,-0.05974990501999855,-0.05201145261526108,-0.015482654795050621,-0.026841193437576294,-0.04893634468317032,-0.04540258273482323,0.259072870016098,0.28556329011917114,-0.20982025563716888,-0.19948390126228333,0.01619255356490612,-0.009528044611215591
-0.11085224151611328,-0.040502071380615234,-0.9673328399658203,0.021495386958122253,-0.0015975981950759888,-0.042615145444869995,0.006450001150369644,-0.028957605361938477,-0.01078076008707285,0.047209709882736206,0.040010418742895126,-0.02223440818488598,-0.01518334448337555,0.1487513780593872,0.4375969469547272,-0.09034185856580734,-0.09775342047214508,-0.016813969239592552,-0.010587186552584171,-0.04914263263344765,-0.07282891869544983,0.2540358901023865,0.2731259763240814,-0.20612172782421112,-0.1689806580543518,0.01597634144127369,-0.04012838751077652
-0.1192636489868164,-0.028230667114257812,-0.9544649124145508,0.04211772605776787,0.0595528706908226,-0.02555449865758419,0.00922437198460102,-0.04822365567088127,-0.03072836622595787,0.0533585324883461,0.058413028717041016,-0.06042350083589554,-0.04623817652463913,0.14870411157608032,0.3466108739376068,-0.11805584281682968,-0.14257875084877014,-0.022149302065372467,-0.0014493567869067192,-0.07120006531476974,-0.09537345916032791,0.24808824062347412,0.2439216673374176,-0.1685156226158142,-0.1553054004907608,-0.0338936373591423,-0.06983163952827454
-0.12082624435424805,-0.017452239990234375,-0.9551296234130859,0.06311144679784775,0.06222688406705856,-0.011809845454990864,0.02399674616754055,-0.05171173810958862,-0.05424231290817261,0.06118201091885567,0.06038762629032135,-0.09645477682352066,-0.028796300292015076,0.14838126301765442,0.27509328722953796,-0.13874584436416626,-0.1373976618051529,-0.022802427411079407,0.006576967891305685,-0.09042681008577347,-0.10548891872167587,0.23603659868240356,0.2389538735151291,-0.16914932429790497,-0.17092518508434296,-0.1017434298992157,-0.14648684859275818
-0.1092214584350586,-0.005703449249267578,-0.9480776786804199,0.07792657613754272,0.11375582218170166,-0.012971331365406513,0.0363522544503212,-0.057516589760780334,-0.05833495780825615,0.06535257399082184,0.07530006766319275,-0.10776674002408981,-0.022676140069961548,0.1492074579000473,0.14744673669338226,-0.14850543439388275,-0.17007729411125183,-0.02319045178592205,0.031459107995033264,-0.09726213663816452,-0.1383131593465805,0.21906979382038116,0.18019632995128632,-0.16243907809257507,-0.15722449123859406,-0.12907902896404266,-0.20843318104743958
-0.09758520126342773,0.009346406906843185,-0.9442720413208008,0.0857762023806572,0.13541001081466675,-0.010981547646224499,0.025643909350037575,-0.060545794665813446,-0.04974405840039253,0.06790478527545929,0.11411016434431076,-0.10856157541275024,-0.004943713545799255,0.14872978627681732,0.0714845061302185,-0.14731429517269135,-0.17309953272342682,-0.0055168429389595985,0.04222947731614113,-0.1168246865272522,-0.14856034517288208,0.16751131415367126,0.11057265102863312,-0.15282627940177917,-0.14718036353588104,-0.1499999314546585,-0.2640147805213928
-0.07306861877441406,0.016950879245996475,-0.9563708305358887,0.07324180752038956,0.09401058405637741,-0.009107060730457306,0.015492362901568413,-0.04266311600804329,-0.024671120569109917,0.12174233049154282,0.15946193039417267,-0.09612932801246643,-0.008439154364168644,0.020852092653512955,-0.02024395391345024,-0.12295093387365341,-0.12669697403907776,0.016531413421034813,0.01482437178492546,-0.11234931647777557,-0.1180788204073906,0.055443331599235535,0.04116745665669441,-0.13186241686344147,-0.12028728425502777,-0.14999665319919586,-0.35936668515205383
-0.02999734878540039,0.0030718848574906588,-0.9745879173278809,0.07296468317508698,-0.023812513798475266,-0.03230507671833038,0.0005247984081506729,-0.01271122321486473,0.05294642224907875,0.1884339600801468,0.2434454709291458,-0.0761151909828186,-0.1391935795545578,-0.003403246868401766,-0.03941357508301735,-0.1037219762802124,0.010424606502056122,0.00850724522024393,-0.035605352371931076,-0.0775323435664177,-0.017389651387929916,0.04267694801092148,-0.03687479346990585,-0.08177458494901657,-0.04437337815761566,-0.14982280135154724,-0.47370344400405884
-0.009772777557373047,-0.011095046997070312,-0.9701471328735352,0.05293145403265953,-0.04171418771147728,-0.0164414644241333,-0.0433078408241272,0.06408639997243881,0.08933153748512268,0.2787068784236908,0.2760322093963623,-0.15310052037239075,-0.19932794570922852,-0.050763797014951706,-0.07042177021503448,-0.050625093281269073,0.04077422618865967,0.0023197412956506014,-0.04074683040380478,-0.06855481117963791,0.006366518791764975,0.0011836664052680135,-0.04352822154760361,0.004928885027766228,-0.002449594670906663,-0.14879637956619263,-0.5023928880691528
0.015389169566333294,-0.013703346252441406,-0.9578790664672852,0.0217740461230278,-0.015453500673174858,-0.03641678765416145,-0.02842158079147339,0.061157647520303726,0.05661338195204735,0.30510541796684265,0.29612788558006287,-0.17616282403469086,-0.17879244685173035,-0.04716238006949425,-0.04725952818989754,-0.02022990584373474,0.013176504522562027,-0.014505214057862759,-0.03488151356577873,-0.048119038343429565,0.0019741542637348175,0.007052435539662838,-0.014100061729550362,0.019031068310141563,0.008309513330459595,-0.14857374131679535,-0.4780782461166382
0.02281409688293934,-0.006403923034667969,-0.9685826301574707,-0.012056474573910236,-0.052917394787073135,-0.03498348221182823,-0.025977086275815964,0.04994039982557297,0.03687029704451561,0.29281678795814514,0.2930529713630676,-0.16189493238925934,-0.16816523671150208,-0.04615987837314606,-0.05058690533041954,-0.002700579585507512,0.027954360470175743,-0.005137558560818434,-0.07154840230941772,-0.038588862866163254,0.014976427890360355,0.011707333847880363,0.0004522409290075302,-0.010325649753212929,0.006172524765133858,-0.14861436188220978,-0.4689922630786896
0.027461539953947067,-8.7738037109375e-05,-0.9942545890808105,-0.052682965993881226,-0.1050960049033165,-0.03467884659767151,-0.047745123505592346,0.03394969925284386,0.03239404037594795,0.28544503450393677,0.28848135471343994,-0.1609904170036316,-0.1792876273393631,-0.053480688482522964,-0.06075992062687874,0.013900510035455227,0.06337222456932068,0.007139348890632391,-0.061176031827926636,-0.014754049479961395,0.02604150027036667,0.013027179054915905,0.008499618619680405,-0.03346068412065506,-0.016299288719892502,-0.14833196997642517,-0.4700375497341156
0.03683462366461754,-0.005792140960693359,-1.0110716819763184,-0.09973061829805374,-0.14058737456798553,-0.04427805542945862,-0.045592572540044785,0.029155712574720383,0.03210894390940666,0.2913532853126526,0.2823293209075928,-0.16772505640983582,-0.165151908993721,-0.018881160765886307,-0.018184270709753036,0.0473533570766449,0.08185559511184692,0.007224159315228462,-0.054961323738098145,0.0027496477123349905,0.044094547629356384,0.018850993365049362,0.002124343067407608,-0.06608173996210098,-0.06014201045036316,-0.14847791194915771,-0.4290565848350525
0.048933692276477814,-0.008141517639160156,-1.032700538635254,-0.14844337105751038,-0.17256325483322144,-0.05780906230211258,-0.0667199119925499,0.033404041081666946,0.030661799013614655,0.27159130573272705,0.28146862983703613,-0.15684539079666138,-0.1537511646747589,0.003497459925711155,0.02474953606724739,0.08393535763025284,0.10479198396205902,0.0006033382378518581,-0.0784853920340538,0.025937411934137344,0.06911292672157288,0.013264764100313187,-0.009259922429919243,-0.09358952939510345,-0.07098235189914703,-0.1485668122768402,-0.3762597441673279
0.06066201627254486,-0.008431434631347656,-1.059347152709961,-0.2054835557937622,-0.22127234935760498,-0.07370784878730774,-0.10137473046779633,0.04069506749510765,0.0561547577381134,0.2649184763431549,0.27654942870140076,-0.13459785282611847,-0.12512414157390594,0.040508437901735306,0.07886910438537598,0.11865831911563873,0.12716542184352875,-0.009843454696238041,-0.06684467196464539,0.05401546135544777,0.06256256252527237,0.006942142266780138,-0.011019522324204445,-0.12054646015167236,-0.10149971395730972,-0.1487060934305191,-0.3248865604400635
0.07757753133773804,-0.005297660827636719,-1.075551986694336,-0.2601446807384491,-0.24922236800193787,-0.10152298212051392,-0.11694739758968353,0.061182212084531784,0.06748086959123611,0.2429693341255188,0.2541583478450775,-0.08874466270208359,-0.0892011970281601,0.1224403977394104,0.1351848840713501,0.14937619864940643,0.1381828337907791,-0.0321609228849411,-0.07155067473649979,0.0720735490322113,0.06335916370153427,0.00927912537008524,-0.0034676752984523773,-0.15669041872024536,-0.11445275694131851,-0.14886079728603363,-0.2664325535297394
0.08035968244075775,0.002226663986220956,-1.079723834991455,-0.3099062442779541,-0.27099713683128357,-0.11616544425487518,-0.13851545751094818,0.08812754601240158,0.09754530340433121,0.21003305912017822,0.22125305235385895,-0.064168281853199,-0.05809915438294411,0.15000000596046448,0.2231179177761078,0.17670534551143646,0.15745705366134644,-0.04102500528097153,-0.062159910798072815,0.07555804401636124,0.04972672089934349,0.01057407446205616,0.01475552562624216,-0.1836492121219635,-0.10693938285112381,-0.1487269252538681,-0.17311784625053406
0.06521693617105484,-0.004767894744873047,-1.0792298316955566,-0.3239876329898834,-0.29720741510391235,-0.11990377306938171,-0.15458673238754272,0.09968900680541992,0.11686920374631882,0.17299477756023407,0.16803136467933655,-0.059872351586818695,-0.04952073469758034,0.15000000596046448,0.30090323090553284,0.20789474248886108,0.18130573630332947,-0.033590786159038544,-0.10190654546022415,0.07201766967773438,0.03734394162893295,0.029893966391682625,0.03396197780966759,-0.1835942268371582,-0.10480215400457382,-0.12051801383495331,-0.11606114357709885
0.04313022270798683,-0.004067420959472656,-1.0761713981628418,-0.32352790236473083,-0.27448317408561707,-0.11981525272130966,-0.15148167312145233,0.10488386452198029,0.10829778760671616,0.12497048079967499,0.10639847069978714,-0.04704245552420616,-0.03687030449509621,0.15000000596046448,0.3855917155742645,0.21937625110149384,0.1742749661207199,-0.025225071236491203,-0.08405501395463943,0.05868188664317131,0.004979271907359362,0.06766422092914581,0.07240299880504608,-0.17527619004249573,-0.10960288345813751,-0.05173688381910324,-0.01714148372411728
0.02656870149075985,-0.00013208389282226562,-1.0775446891784668,-0.3031599223613739,-0.1942518800497055,-0.11973930895328522,-0.10009951889514923,0.09761654585599899,0.07049785554409027,0.10797402262687683,0.03707428276538849,0.0015366696752607822,0.02976592816412449,0.1500108242034912,0.5289983749389648,0.22271282970905304,0.14305269718170166,-0.02040594071149826,-0.05055315047502518,0.03702265024185181,-0.041180774569511414,0.11015523225069046,0.1510430872440338,-0.17089183628559113,-0.13393758237361908,-0.011150354519486427,0.08998936414718628
0.021427851170301437,0.006579269655048847,-1.1007165908813477,-0.25517603754997253,-0.1243695393204689,-0.11322997510433197,-0.045824453234672546,0.11640731245279312,0.021372467279434204,0.06811682134866714,-0.002597065642476082,0.04094735160470009,0.07986998558044434,0.14974550902843475,0.6795051693916321,0.20423643290996552,0.10537619888782501,-0.037666961550712585,-0.024540551006793976,-0.016127649694681168,-0.06380175799131393,0.16340361535549164,0.1991778016090393,-0.16567951440811157,-0.2047194242477417,0.035541653633117676,0.16926312446594238
0.007428240031003952,0.020276539027690887,-1.1274409294128418,-0.21861979365348816,-0.05842342972755432,-0.09813479334115982,-0.005146518349647522,0.10857246071100235,-0.016072532162070274,0.04896148666739464,-0.006891969591379166,0.06231996417045593,0.10949282348155975,0.14948096871376038,0.7600536346435547,0.17837364971637726,0.06034085154533386,-0.03795922175049782,-0.024538125842809677,-0.03758704289793968,-0.06491652131080627,0.19068589806556702,0.24468064308166504,-0.17571322619915009,-0.2731846272945404,0.07471426576375961,0.17663535475730896
-0.013360023498535156,0.0075269839726388454,-1.161353588104248,-0.15152080357074738,-0.020109213888645172,-0.06888644397258759,0.014278862625360489,0.08535676449537277,-0.029410939663648605,0.026127176359295845,0.013442417606711388,0.10935883224010468,0.11041012406349182,0.14894482493400574,0.7860808968544006,0.13299529254436493,0.03536847233772278,-0.0247426088899374,-0.02467213198542595,-0.049908775836229324,-0.053310785442590714,0.2619258463382721,0.26290372014045715,-0.2628547251224518,-0.29410189390182495,0.13695868849754333,0.1621888428926468
-0.037877559661865234,-0.012714385986328125,-1.176363468170166,-0.09280961751937866,-0.046645984053611755,-0.04863565415143967,0.015248717740178108,0.0806533694267273,-0.014980020001530647,0.040865130722522736,0.032192520797252655,0.05614181235432625,0.06655511260032654,0.14869092404842377,0.7531411051750183,0.07902993261814117,0.017649609595537186,-0.0019930219277739525,-0.03896587714552879,-0.05560607090592384,-0.03666570037603378,0.30438461899757385,0.27649444341659546,-0.2706993520259857,-0.2797495722770691,0.0984860435128212,0.09115857630968094
-0.0576777458190918,-0.015334129333496094,-1.1507515907287598,-0.06047825142741203,-0.038274381309747696,-0.04786663129925728,0.0027335770428180695,0.03130047395825386,-0.01853129081428051,0.05036386847496033,0.04348626732826233,0.023111922666430473,0.008639262057840824,0.14891929924488068,0.6378979682922363,0.016892123967409134,-0.007410580292344093,0.007683393079787493,-0.020911384373903275,-0.053548410534858704,-0.04036600515246391,0.3043237626552582,0.29899871349334717,-0.24889324605464935,-0.24925488233566284,0.05380510911345482,0.03552674502134323
-0.0672292709350586,-0.021541595458984375,-1.1121788024902344,-0.025615448132157326,-0.018153974786400795,-0.05627097189426422,0.018151814118027687,-0.007206611800938845,-0.026671962812542915,0.061310071498155594,0.030616791918873787,-0.012034205719828606,-0.02465175837278366,0.14857323467731476,0.54400634765625,-0.029508216306567192,-0.056245844811201096,-0.009904619306325912,-0.008602338843047619,-0.04905015975236893,-0.055931393057107925,0.2886435389518738,0.3004944324493408,-0.24990718066692352,-0.22546353936195374,0.028105925768613815,-0.010953337885439396
-0.08056116104125977,-0.019875049591064453,-1.0917410850524902,0.005369864404201508,-0.005324182100594044,-0.051525332033634186,0.01870187185704708,-0.03107617050409317,-0.03770482912659645,0.07080751657485962,0.023768896237015724,-0.05129295960068703,-0.048981036990880966,0.1484231799840927,0.42133963108062744,-0.08879145234823227,-0.09180442988872528,-0.023511996492743492,0.0009316401556134224,-0.057959116995334625,-0.0709453672170639,0.26491138339042664,0.2919231951236725,-0.18982923030853271,-0.19211788475513458,-0.04383684694766998,-0.0614049918949604
-0.09321069717407227,-0.019573211669921875,-1.0758051872253418,0.04644227772951126,-0.0046355826780200005,-0.04127167910337448,0.020673802122473717,-0.05120223015546799,-0.04217854142189026,0.06894045323133469,0.013666494749486446,-0.08857610821723938,-0.05572937801480293,0.14866231381893158,0.34406986832618713,-0.1347811371088028,-0.11007986962795258,-0.02357773296535015,0.005678223446011543,-0.05936252325773239,-0.08864489197731018,0.25145235657691956,0.2763420343399048,-0.20011524856090546,-0.1690957248210907,-0.04522150382399559,-0.1026785746216774
-0.10865354537963867,-0.011660575866699219,-1.050041675567627,0.0790640115737915,0.07533446699380875,-0.025261707603931427,0.03370125591754913,-0.08199196308851242,-0.06366671621799469,0.060953542590141296,0.042122043669223785,-0.11756275594234467,-0.06998610496520996,0.14867854118347168,0.23065166175365448,-0.1649126410484314,-0.16979928314685822,-0.014424221590161324,0.018346920609474182,-0.0853353813290596,-0.12875862419605255,0.23875771462917328,0.2327374517917633,-0.1844729781150818,-0.1530025750398636,-0.07567597925662994,-0.14324818551540375
-0.12104463577270508,0.0023156870156526566,-1.03668212890625,0.1041041761636734,0.11443011462688446,-0.007049926090985537,0.03212490677833557,-0.09914463758468628,-0.07074394077062607,0.049471329897642136,0.0631769672036171,-0.13601267337799072,-0.039089053869247437,0.1486685872077942,0.12215191125869751,-0.18131569027900696,-0.18574956059455872,0.003910047002136707,0.03740091249346733,-0.12284395098686218,-0.15748710930347443,0.1994347870349884,0.19388625025749207,-0.15241488814353943,-0.14062823355197906,-0.14496399462223053,-0.19873370230197906
-0.11773204803466797,0.015043950639665127,-1.0436878204345703,0.11786579340696335,0.12565234303474426,0.004726617131382227,0.024101851508021355,-0.08849744498729706,-0.06463763862848282,0.05256185308098793,0.07674018293619156,-0.12730558216571808,-0.011240357533097267,0.0823371633887291,0.012964457273483276,-0.188003271818161,-0.17861434817314148,0.02513710968196392,0.06309446692466736,-0.1583603322505951,-0.17634403705596924,0.13459369540214539,0.13867416977882385,-0.12374575436115265,-0.1246805340051651,-0.14999626576900482,-0.26440906524658203
-0.08635139465332031,0.019572187215089798,-1.0568346977233887,0.12099681794643402,0.09939461946487427,-0.008258144371211529,0.03525065630674362,-0.07085112482309341,-0.03992090001702309,0.07952176034450531,0.10358202457427979,-0.10472612828016281,-0.017076639458537102,0.01772317849099636,-0.038890641182661057,-0.18705616891384125,-0.1471657156944275,0.03911091014742851,0.045361991971731186,-0.15480026602745056,-0.14825540781021118,0.08214475959539413,0.05968870222568512,-0.12231787294149399,-0.11032576858997345,-0.14999713003635406,-0.3321726322174072
-0.04747962951660156,0.011266222223639488,-1.065248966217041,0.12108265608549118,0.0340612418949604,-0.035111941397190094,0.0015801545232534409,-0.04895155876874924,0.045034244656562805,0.12767979502677917,0.21594977378845215,-0.06733273714780807,-0.09889993071556091,-0.00023203353339340538,-0.06581579148769379,-0.1683981567621231,-0.052165884524583817,0.04607069119811058,-0.015024411492049694,-0.14960956573486328,-0.061108943074941635,0.05598229914903641,-0.05080418288707733,-0.11045515537261963,-0.06929904967546463,-0.14999689161777496,-0.45001813769340515
-0.018127918243408203,0.010408137924969196,-1.0594453811645508,0.11341296881437302,-0.012102714739739895,-0.0367128886282444,-0.03373928740620613,-0.01304453145712614,0.07797186076641083,0.1620669811964035,0.2730315923690796,-0.05390464887022972,-0.18892744183540344,-0.014233816415071487,-0.07780586183071136,-0.14529165625572205,0.010358001105487347,0.05795314162969589,-0.04239261895418167,-0.13966593146324158,-0.01565927267074585,0.04235701262950897,-0.07214666903018951,-0.10112182796001434,-0.02288878709077835,-0.14999894797801971,-0.499256432056427
0.006429067347198725,0.02722790651023388,-1.0255661010742188,0.09907525032758713,-0.017001692205667496,-0.029315533116459846,-0.05494382232427597,-0.01639898121356964,0.09371860325336456,0.15861833095550537,0.3045431971549988,-0.06629865616559982,-0.23079490661621094,-0.016804229468107224,-0.06563559174537659,-0.14291368424892426,0.03233492746949196,0.05575043335556984,-0.03670854866504669,-0.14023637771606445,0.002961660735309124,0.057295724749565125,-0.0745520070195198,-0.08769294619560242,0.00944340880960226,-0.1497885137796402,-0.48735058307647705
0.020796168595552444,0.021791834384202957,-0.9988484382629395,0.07683031260967255,-0.04532434791326523,-0.003541396465152502,-0.051731035113334656,0.04199207201600075,0.09238595515489578,0.24586254358291626,0.3090580999851227,-0.1625339835882187,-0.2513474225997925,-0.04140452295541763,-0.06887352466583252,-0.09948907792568207,0.05957518145442009,0.049638595432043076,-0.03458056226372719,-0.1384592205286026,0.014061854220926762,0.02627457305788994,-0.05070273578166962,0.019132530316710472,0.025364529341459274,-0.14857488870620728,-0.4965783357620239
0.03645821660757065,0.0019316521938890219,-1.0012030601501465,0.06371169537305832,-0.056066036224365234,-0.006783111486583948,-0.023121554404497147,0.05297742411494255,0.06262745708227158,0.3020404875278473,0.305684357881546,-0.16814550757408142,-0.21018041670322418,-0.03312959894537926,-0.026945319026708603,-0.05494331568479538,0.04836739972233772,0.048195213079452515,-0.005310392007231712,-0.13069351017475128,0.010731560178101063,0.045466817915439606,0.007280860096216202,-0.006005044095218182,0.0017279591411352158,-0.14823992550373077,-0.46505826711654663
0.05314302071928978,0.017930708825588226,-1.050337791442871,0.02272963523864746,-0.09601249545812607,-0.02912343107163906,-0.029559815302491188,0.05103879049420357,0.047012586146593094,0.28730279207229614,0.30261653661727905,-0.16554176807403564,-0.1809287667274475,-0.03232654556632042,-0.026075679808855057,-0.03655621409416199,0.06320697069168091,0.05735534802079201,-0.03702624887228012,-0.07869407534599304,0.01488923653960228,0.02278950810432434,0.031139815226197243,-0.013166967779397964,-0.009202485904097557,-0.14849914610385895,-0.45801612734794617
0.07196174561977386,0.021024445071816444,-1.096463680267334,-0.04169530048966408,-0.12630711495876312,-0.05029623955488205,-0.056047722697257996,0.04906893149018288,0.04695072025060654,0.3041203022003174,0.3077811300754547,-0.16059865057468414,-0.1657920479774475,-0.013182509690523148,0.006045319139957428,-0.0020749846007674932,0.0960390716791153,0.05742466449737549,-0.008404417894780636,-0.02828347682952881,0.03893984854221344,0.004606340080499649,0.020687339827418327,-0.02674495056271553,-0.018374118953943253,-0.14878098666667938,-0.36394137144088745
0.09365206956863403,0.00026765867369249463,-1.1355557441711426,-0.09634601324796677,-0.14175289869308472,-0.0672704428434372,-0.08839261531829834,0.05482339486479759,0.05934751406311989,0.3212631046772003,0.3041955530643463,-0.1351671665906906,-0.12397387623786926,0.015735385939478874,0.03798917680978775,0.05828928202390671,0.09887702763080597,0.047705624252557755,0.015943024307489395,0.014010618440806866,0.04759617894887924,0.0004454659065231681,-0.017901940271258354,-0.056633830070495605,-0.05599192529916763,-0.14893747866153717,-0.26834142208099365
0.1109788566827774,-0.009330272674560547,-1.169166088104248,-0.15480028092861176,-0.16734205186367035,-0.07808994501829147,-0.1223318800330162,0.058395467698574066,0.07183507084846497,0.29866451025009155,0.2973143458366394,-0.10214734077453613,-0.07900075614452362,0.05480554699897766,0.08943771570920944,0.10734395682811737,0.10904408991336823,0.038715094327926636,0.015344757586717606,0.04972175881266594,0.04854893684387207,-0.003265080275014043,-0.02260112203657627,-0.08711392432451248,-0.059857189655303955,-0.14896397292613983,-0.17602773010730743
0.11512038111686707,-0.013361930847167969,-1.1978306770324707,-0.2044888287782669,-0.20396070182323456,-0.07307440042495728,-0.1481296867132187,0.060009319335222244,0.09824441373348236,0.26435449719429016,0.2760501801967621,-0.10734596103429794,-0.05463813617825508,0.06091149151325226,0.14360463619232178,0.14413005113601685,0.11956752836704254,0.04273292049765587,0.0019831452518701553,0.07720725238323212,0.04741349443793297,0.002956382930278778,-0.01964048482477665,-0.11419076472520828,-0.07882393896579742,-0.1494125872850418,-0.14337825775146484
0.125052347779274,-0.007351875305175781,-1.195580005645752,-0.26527702808380127,-0.24111564457416534,-0.09303708374500275,-0.16660305857658386,0.08046326041221619,0.11776063591241837,0.23404645919799805,0.24529248476028442,-0.06062133237719536,-0.032596152275800705,0.12871548533439636,0.1912478655576706,0.17147386074066162,0.1261189579963684,0.03347180783748627,0.005729604512453079,0.07721742242574692,0.03460536524653435,0.012946169823408127,-0.005460148677229881,-0.1561557650566101,-0.10608778893947601,-0.1489216685295105,-0.12037210166454315
0.12099072337150574,-0.0008797645568847656,-1.1889348030090332,-0.30070188641548157,-0.24577750265598297,-0.1152489110827446,-0.16923528909683228,0.09960558265447617,0.13537555932998657,0.20870700478553772,0.19991126656532288,-0.05768686905503273,-0.007805998437106609,0.15000002086162567,0.2585882544517517,0.1961148977279663,0.14341889321804047,0.03818695992231369,0.01171397790312767,0.06861048191785812,0.01744493469595909,0.02314598485827446,0.0067223962396383286,-0.18105392158031464,-0.0922468900680542,-0.14967216551303864,-0.00820224080234766
0.0933477133512497,0.012464981526136398,-1.1854915618896484,-0.2982534170150757,-0.27005037665367126,-0.11914639919996262,-0.14968645572662354,0.1165977418422699,0.12993445992469788,0.14485597610473633,0.10684633255004883,-0.03038613684475422,-0.013591822236776352,0.15000000596046448,0.358039528131485,0.20440493524074554,0.18171420693397522,0.04901525378227234,-0.02720983326435089,0.0596485510468483,0.00033744703978300095,0.037692323327064514,0.06417390704154968,-0.19001950323581696,-0.09424878656864166,-0.04276543855667114,0.06169296056032181
0.050969041883945465,0.021510077640414238,-1.1890110969543457,-0.2495488077402115,-0.17341823875904083,-0.1090681403875351,-0.06443742662668228,0.07190363854169846,0.04609595984220505,0.04644744470715523,-0.008421158418059349,0.006194141693413258,0.004367107525467873,0.15000088512897491,0.5272521376609802,0.16554149985313416,0.12674960494041443,0.056560639292001724,-0.012378186918795109,-0.008829936385154724,-0.053080443292856216,0.12925393879413605,0.16580329835414886,-0.17676818370819092,-0.15869805216789246,0.06841448694467545,0.14090724289417267
0.029646415263414383,0.021595897153019905,-1.2157173156738281,-0.20929452776908875,-0.10434910655021667,-0.08981461077928543,-0.028789673000574112,0.07617805898189545,-0.0037609736900776625,0.04021099954843521,-0.04774312674999237,0.010311371646821499,0.03601473569869995,0.1499778777360916,0.6862686276435852,0.1519535630941391,0.06207926943898201,0.034448329359292984,0.022315986454486847,-0.049686599522829056,-0.09806352853775024,0.17141549289226532,0.23765194416046143,-0.1564588099718094,-0.2573719024658203,0.08931413292884827,0.15867556631565094
0.01886269636452198,0.03319425508379936,-1.2416563034057617,-0.17798693478107452,-0.04531159996986389,-0.07740277796983719,0.013475652784109116,0.0750531405210495,-0.03518306463956833,0.02012762427330017,-0.05949537456035614,0.04830414056777954,0.07714793086051941,0.14931729435920715,0.7246741652488708,0.1243126168847084,0.05149410665035248,0.0037313997745513916,0.03648795932531357,-0.0577542670071125,-0.09329411387443542,0.18836626410484314,0.2637978196144104,-0.1979842334985733,-0.2698233723640442,0.12191817909479141,0.1995498389005661
0.0027728581335395575,0.009640196338295937,-1.2568883895874023,-0.11995076388120651,-0.012426427565515041,-0.05891037359833717,0.02706434391438961,0.06710848957300186,-0.03721987456083298,0.022266747429966927,-0.017977820709347725,0.07783564180135727,0.08319985866546631,0.14953969419002533,0.7212512493133545,0.10041794180870056,0.020374998450279236,-0.00965343602001667,-0.003533054143190384,-0.06346473842859268,-0.06199844554066658,0.25625044107437134,0.2722695767879486,-0.2830812931060791,-0.30226728320121765,0.12648554146289825,0.13488797843456268
-0.015737533569335938,-0.006359100341796875,-1.2408976554870605,-0.06765365600585938,-0.03961047902703285,-0.048599496483802795,0.025686023756861687,0.04032205417752266,-0.02219194732606411,0.021043207496404648,0.005805704742670059,0.04672951623797417,0.05541510507464409,0.14847855269908905,0.6794859766960144,0.07323597371578217,0.0030439766123890877,-0.004034455865621567,-0.01590624451637268,-0.06091180443763733,-0.04244407266378403,0.2666235566139221,0.28064098954200745,-0.275752991437912,-0.2834809422492981,0.11083119362592697,0.06647486239671707
-0.03707170486450195,-0.004707813262939453,-1.2123169898986816,-0.04939492046833038,-0.008396729826927185,-0.03467263653874397,0.030056314542889595,0.004814073909074068,-0.036764658987522125,0.03812038153409958,0.04407747462391853,0.011791533790528774,0.004337288439273834,0.14888803660869598,0.5912737250328064,0.009253532625734806,-0.023269332945346832,0.006395583972334862,-0.025859132409095764,-0.04719633609056473,-0.03481394797563553,0.27982187271118164,0.28766295313835144,-0.2568017542362213,-0.26345568895339966,0.03438457474112511,0.01616832986474037
-0.0483098030090332,-0.01848125457763672,-1.18113374710083,-0.008574225939810276,-0.02670074999332428,-0.030536090955138206,0.027900977060198784,-0.028967564925551414,-0.037047378718853,0.049176447093486786,0.0023096520453691483,-0.024032091721892357,-0.0283973328769207,0.1484975963830948,0.4697377383708954,-0.025454336777329445,-0.04844893887639046,-0.01243654079735279,0.0022902055643498898,-0.043573103845119476,-0.05189063027501106,0.2682417929172516,0.30925676226615906,-0.262152761220932,-0.23850829899311066,0.014368448406457901,-0.0651494562625885
-0.05605459213256836,-0.018883705139160156,-1.155688762664795,0.01904146373271942,0.0027856985107064247,-0.025043798610568047,0.026644011959433556,-0.05710170045495033,-0.052302855998277664,0.05488387867808342,0.009872511960566044,-0.05525049567222595,-0.05596821382641792,0.1483033150434494,0.33043816685676575,-0.07500917464494705,-0.09891441464424133,-0.03324776142835617,0.02070840448141098,-0.047310784459114075,-0.08372582495212555,0.2567735016345978,0.29043832421302795,-0.23648715019226074,-0.20560434460639954,-0.020739391446113586,-0.10991489142179489
-0.0673532485961914,-0.012582778930664062,-1.1449761390686035,0.04463144391775131,0.024248216301202774,-0.006531897000968456,0.013624578714370728,-0.07169315218925476,-0.05053945630788803,0.05332927405834198,0.01896561309695244,-0.08160889148712158,-0.06950682401657104,0.14950749278068542,0.2481267750263214,-0.12491820007562637,-0.1265552043914795,-0.03186435624957085,0.022623073309659958,-0.06874004751443863,-0.09792359173297882,0.24039608240127563,0.25400659441947937,-0.2045459747314453,-0.17786270380020142,-0.08908278495073318,-0.1521417498588562
-0.07691049575805664,0.0005114434752613306,-1.141491413116455,0.0688646137714386,0.055557720363140106,0.015779994428157806,0.033007435500621796,-0.08022015541791916,-0.07312600314617157,0.04196338728070259,0.03113461099565029,-0.10832281410694122,-0.05714255943894386,0.14923705160617828,0.15186657011508942,-0.16709983348846436,-0.1519366204738617,-0.014421084895730019,0.01600300334393978,-0.10751868039369583,-0.11980443447828293,0.205259770154953,0.2114909589290619,-0.15969780087471008,-0.15676628053188324,-0.1500001698732376,-0.20166859030723572
-0.07358789443969727,0.012103680521249771,-1.1266303062438965,0.08422864973545074,0.0884738638997078,0.036829378455877304,0.06100800633430481,-0.09508497267961502,-0.08566860109567642,0.03393023833632469,0.046451739966869354,-0.10407739132642746,-0.023350095376372337,0.05663659796118736,0.06478390842676163,-0.18510419130325317,-0.1684427112340927,0.004735381808131933,0.02376878634095192,-0.12835493683815002,-0.13811656832695007,0.14698834717273712,0.15986916422843933,-0.15391290187835693,-0.14912500977516174,-0.14999864995479584,-0.25436869263648987
-0.04719829559326172,0.008405757136642933,-1.1147751808166504,0.10383860021829605,0.09925477206707001,0.020465727895498276,0.05939159542322159,-0.10297103971242905,-0.05428200960159302,0.04706593602895737,0.08805979043245316,-0.10319099575281143,0.006809535901993513,0.045639101415872574,0.014843054115772247,-0.19726061820983887,-0.1669258177280426,0.006597333122044802,0.03869381546974182,-0.12573789060115814,-0.1337783932685852,0.12899865210056305,0.07758300006389618,-0.13847188651561737,-0.14250795543193817,-0.1499280035495758,-0.33333393931388855
-0.0320897102355957,-0.019608020782470703,-1.0977144241333008,0.08599065244197845,0.06562460958957672,0.02625439688563347,0.02295571006834507,-0.03203727677464485,-0.0017303961794823408,0.18783749639987946,0.19503605365753174,-0.08258368074893951,-0.03878939151763916,-0.0008112055365927517,-0.02746715024113655,-0.11273789405822754,-0.1065230667591095,0.016076358035206795,-0.0063883280381560326,-0.11148439347743988,-0.08448915928602219,0.05372137576341629,-0.024816351011395454,-0.047836579382419586,-0.11093172430992126,-0.14947988092899323,-0.4083564281463623
-0.004083156585693359,-0.013832569122314453,-1.0969796180725098,0.061919812113046646,-0.012549376115202904,0.014601202681660652,-0.008733445778489113,0.027089694514870644,0.05804043635725975,0.23541203141212463,0.23812533915042877,-0.07312542200088501,-0.13567352294921875,-0.050776299089193344,-0.09377525746822357,-0.07632853090763092,-0.016518715769052505,-0.0009706317796371877,-0.034299030900001526,-0.10143060982227325,-0.03189559653401375,0.025636231526732445,-0.017306363210082054,-0.04027682915329933,-0.018025722354650497,-0.1496206521987915,-0.5258461236953735
0.013457958586513996,0.016757145524024963,-1.1058144569396973,0.03644971176981926,-0.032210931181907654,-0.003044965211302042,-0.015933407470583916,0.027871541678905487,0.0651998445391655,0.21794266998767853,0.27778616547584534,-0.08770892024040222,-0.19536122679710388,-0.05085967481136322,-0.07837322354316711,-0.0733715295791626,0.025241490453481674,-0.005418878514319658,-0.059411369264125824,-0.08797170966863632,-0.006900555454194546,0.00837648008018732,0.008597040548920631,-0.04577647149562836,0.033301979303359985,-0.14969268441200256,-0.5498874187469482
0.030525371432304382,0.016412707045674324,-1.1038684844970703,0.004011898301541805,-0.06846118718385696,-0.014973063953220844,-0.03520798683166504,0.06151678040623665,0.08444258570671082,0.2790203392505646,0.2857638895511627,-0.2160598784685135,-0.24562080204486847,-0.06279576569795609,-0.06359697878360748,-0.03300973027944565,0.08081302046775818,-0.013622346334159374,-0.06756184250116348,-0.028502942994236946,0.021613817662000656,-0.013233944773674011,0.009743398055434227,0.022482451051473618,0.06684437394142151,-0.14601591229438782,-0.5135024189949036
0.04280897229909897,-0.00347137451171875,-1.0914816856384277,-0.011191961355507374,-0.051066040992736816,-0.030748486518859863,-0.01290340255945921,0.06623701751232147,0.04540251940488815,0.289016991853714,0.2936165928840637,-0.1944892257452011,-0.1989736557006836,-0.051239609718322754,-0.036591608077287674,0.01846672222018242,0.04536222666501999,-0.021794307976961136,-0.057020820677280426,-0.03819640353322029,0.020793648436665535,0.006804373115301132,0.013331634923815727,-0.02949437126517296,0.028192071244120598,-0.14874611794948578,-0.47676920890808105
0.03755883499979973,0.007497615646570921,-1.1237030029296875,-0.05058775469660759,-0.12369643896818161,-0.027041425928473473,-0.04152877628803253,0.05881746485829353,0.033268194645643234,0.2734239101409912,0.2942351996898651,-0.1911236047744751,-0.1836206167936325,-0.04689199477434158,-0.030048076063394547,0.028984710574150085,0.07990686595439911,-0.002172179752960801,-0.10171227157115936,-0.009133486077189445,0.03400588408112526,0.0029082829132676125,0.016742952167987823,-0.045901376754045486,-0.033351458609104156,-0.14843545854091644,-0.46738573908805847
0.03321334347128868,0.0066077979281544685,-1.1590290069580078,-0.08128783851861954,-0.18318603932857513,-0.02571628801524639,-0.06040850281715393,0.04822881147265434,0.02522965893149376,0.2617335319519043,0.277313232421875,-0.18186688423156738,-0.18349944055080414,-0.039573267102241516,-0.0026543177664279938,0.04763452336192131,0.10777069628238678,0.012788266874849796,-0.10563488304615021,0.023923544213175774,0.051398951560258865,0.005229998845607042,0.004380650818347931,-0.0642915815114975,-0.07455501705408096,-0.14822271466255188,-0.45297980308532715
0.04291738569736481,0.0011036506621167064,-1.157090187072754,-0.138929545879364,-0.20209430158138275,-0.05554460361599922,-0.06948520243167877,0.03068690560758114,0.029598671942949295,0.27705276012420654,0.2702901065349579,-0.1577218621969223,-0.16978828608989716,0.032922808080911636,0.06441420316696167,0.07273289561271667,0.10943533480167389,-0.00048552051885053515,-0.08582916110754013,0.024227337911725044,0.056268129497766495,0.024745184928178787,0.003612576052546501,-0.10371369868516922,-0.10589286684989929,-0.14810584485530853,-0.3843326270580292
0.051992904394865036,-0.002666950225830078,-1.165086269378662,-0.17875145375728607,-0.2242099642753601,-0.07479333132505417,-0.10488206893205643,0.04502091929316521,0.04653999209403992,0.25743091106414795,0.26078248023986816,-0.15578803420066833,-0.14024998247623444,0.042195335030555725,0.12522569298744202,0.10706073045730591,0.12413544952869415,-0.014768391847610474,-0.0838795006275177,0.033923979848623276,0.05664077401161194,0.02024616114795208,-0.004472771659493446,-0.12996816635131836,-0.11711113899946213,-0.14842556416988373,-0.3120531737804413
0.06145815923810005,0.004840202629566193,-1.1784477233886719,-0.2295783907175064,-0.26538097858428955,-0.10089877247810364,-0.1479434370994568,0.06018590182065964,0.08485090732574463,0.2379952073097229,0.23586881160736084,-0.1282193660736084,-0.1140468567609787,0.14557905495166779,0.21351750195026398,0.12526856362819672,0.15125194191932678,-0.03255816921591759,-0.07748983800411224,0.049204688519239426,0.05378654599189758,0.017748059704899788,0.014079513028264046,-0.15370851755142212,-0.1173197478055954,-0.1485835760831833,-0.2236448973417282
0.06563268601894379,0.00638467725366354,-1.1838927268981934,-0.269611120223999,-0.266828328371048,-0.11990104615688324,-0.15562312304973602,0.09749789535999298,0.1034022644162178,0.20721355080604553,0.19893378019332886,-0.07639147341251373,-0.0750741958618164,0.15000000596046448,0.2633499503135681,0.15328003466129303,0.16001391410827637,-0.04951992630958557,-0.07050696760416031,0.05507970601320267,0.04160992056131363,0.011584204621613026,0.027714790776371956,-0.17349807918071747,-0.10820497572422028,-0.13699005544185638,-0.13586771488189697
0.051190588623285294,0.00258797500282526,-1.1892271041870117,-0.2708377242088318,-0.2626456618309021,-0.11971709132194519,-0.15348701179027557,0.10592866688966751,0.10533250123262405,0.11683963984251022,0.1312609612941742,-0.061413031071424484,-0.06434617936611176,0.15000106394290924,0.37371718883514404,0.1640799641609192,0.15885978937149048,-0.05425987020134926,-0.08964068442583084,0.03438682481646538,0.015058103948831558,0.04331587255001068,0.04479387030005455,-0.15530790388584137,-0.11392108350992203,-0.0017845791298896074,-0.02219069004058838
0.03274436295032501,-0.011646270751953125,-1.186807632446289,-0.24946457147598267,-0.2030150294303894,-0.1149970069527626,-0.10973214358091354,0.0941738560795784,0.07239334285259247,0.09478122740983963,0.04442780464887619,0.038590386509895325,-0.014555016532540321,0.149423748254776,0.5308165550231934,0.1733146458864212,0.11589217185974121,-0.055788587778806686,-0.0688449963927269,0.0038330203387886286,-0.04016224294900894,0.10754939913749695,0.10415869951248169,-0.18634799122810364,-0.13414008915424347,0.0659148246049881,0.09139833599328995
0.01564117893576622,-0.01637887954711914,-1.1937565803527832,-0.20361249148845673,-0.12869992852210999,-0.10388033092021942,-0.058556750416755676,0.09447000920772552,0.03263317421078682,0.06310033053159714,0.012473272159695625,0.08389563113451004,0.047015100717544556,0.14924491941928864,0.6822246313095093,0.15145304799079895,0.07491819560527802,-0.06378704309463501,-0.02822568640112877,-0.04513636603951454,-0.07181254774332047,0.18532203137874603,0.17017078399658203,-0.18346457183361053,-0.19044405221939087,0.13756203651428223,0.1668912172317505
-0.009142875671386719,-0.0058498382568359375,-1.2042436599731445,-0.17728587985038757,-0.06884987652301788,-0.08185401558876038,-0.008277453482151031,0.09326058626174927,-0.007249103859066963,0.050720326602458954,0.006812410429120064,0.07620064169168472,0.07132834196090698,0.14950931072235107,0.7477448582649231,0.12769001722335815,0.03821924701333046,-0.0393402986228466,-0.033213574439287186,-0.061087608337402344,-0.06704354286193848,0.18947267532348633,0.23637716472148895,-0.1880773901939392,-0.26458030939102173,0.14339223504066467,0.14422036707401276
-0.031004905700683594,-0.019567012786865234,-1.2175135612487793,-0.1102450042963028,-0.03892229497432709,-0.05693851411342621,0.033081889152526855,0.07527559250593185,-0.022073352709412575,0.009691456332802773,-0.009012265130877495,0.11196780949831009,0.08730727434158325,0.14835524559020996,0.750663697719574,0.08094054460525513,0.030376983806490898,-0.008180302567780018,-0.03085729107260704,-0.05700944364070892,-0.04894939064979553,0.2681761384010315,0.26550567150115967,-0.2743941843509674,-0.2750551700592041,0.1330447643995285,0.12892435491085052
-0.06359338760375977,-0.03727245330810547,-1.2005743980407715,-0.06384342908859253,-0.061877746134996414,-0.03268640115857124,-0.007267767563462257,0.046109043061733246,0.011736837215721607,0.019579263404011726,0.03251906484365463,0.0758131593465805,0.061679739505052567,0.14917901158332825,0.66319340467453,0.0569336898624897,0.011851012706756592,0.022346384823322296,-0.03191640228033066,-0.06825979799032211,-0.04284234344959259,0.27874821424484253,0.28182753920555115,-0.2487882673740387,-0.24845106899738312,0.09790053963661194,0.037472669035196304
-0.07258749008178711,-0.028288841247558594,-1.1645078659057617,-0.04685423523187637,-0.03374549001455307,-0.041257135570049286,-0.006636171601712704,0.00963874813169241,-0.006914942525327206,0.015714386478066444,0.030307065695524216,0.0577409453690052,0.028958924114704132,0.14879310131072998,0.5827909111976624,0.015345358289778233,-0.010745570063591003,0.0027662673965096474,-0.0013475846499204636,-0.05858849734067917,-0.04563067480921745,0.260982871055603,0.29586532711982727,-0.2552560269832611,-0.21774107217788696,0.09602034091949463,0.030173882842063904
-0.07894372940063477,-0.03147554397583008,-1.154085636138916,-0.023199988529086113,-0.01747007668018341,-0.04299943149089813,0.01691415347158909,-0.0013555441983044147,-0.012321177870035172,0.038947928696870804,0.0019228067249059677,0.013365272432565689,-0.019900135695934296,0.1490193009376526,0.5109000205993652,-0.04036870226264,-0.04980631545186043,-0.02069944515824318,0.0023213191889226437,-0.03443567827343941,-0.04580638185143471,0.28131863474845886,0.29121649265289307,-0.20412857830524445,-0.21019619703292847,0.01065541710704565,-0.003758702427148819
-0.09191560745239258,-0.03806638717651367,-1.14603853225708,0.005936669185757637,-0.0232962965965271,-0.03318924456834793,0.007375562563538551,-0.012016404420137405,-0.025408660992980003,0.06649859249591827,0.012269608676433563,-0.03340473026037216,-0.02723647654056549,0.14831490814685822,0.3922010660171509,-0.07816368341445923,-0.0729730874300003,-0.035398464649915695,-0.008483338169753551,-0.05349268391728401,-0.0669061467051506,0.28520500659942627,0.2982933819293976,-0.18191803991794586,-0.17987903952598572,-0.05416245758533478,-0.08503125607967377
-0.10071563720703125,-0.02837228775024414,-1.129572868347168,0.031026866286993027,0.03714488819241524,-0.026828167960047722,0.024607883766293526,-0.032206155359745026,-0.05066071078181267,0.06415169686079025,0.047233376652002335,-0.06377383321523666,-0.03973272815346718,0.1484946310520172,0.3292754888534546,-0.1100568026304245,-0.12116535007953644,-0.035222817212343216,-0.006864319555461407,-0.06473533809185028,-0.09095578640699387,0.2653461694717407,0.26753824949264526,-0.1849791556596756,-0.17579588294029236,-0.07749881595373154,-0.11260504275560379
-0.11149263381958008,-0.01580333709716797,-1.116189956665039,0.05908555909991264,0.07459302991628647,-0.013114587403833866,0.023642906919121742,-0.050664592534303665,-0.05355692282319069,0.05036667361855507,0.042543552815914154,-0.08931083977222443,-0.05171238258481026,0.14881207048892975,0.23398306965827942,-0.1395222693681717,-0.15018223226070404,-0.017184462398290634,0.008855701424181461,-0.09185048937797546,-0.10893165320158005,0.2386544793844223,0.23639298975467682,-0.1606375128030777,-0.16194067895412445,-0.14406222105026245,-0.15931424498558044
-0.11954259872436523,-0.0022706985473632812,-1.102400302886963,0.08245072513818741,0.08621210604906082,0.006651588715612888,0.02813447080552578,-0.06854523718357086,-0.06706665456295013,0.03590335324406624,0.046689268201589584,-0.1020008772611618,-0.0298447348177433,0.11259939521551132,0.1282491683959961,-0.16539552807807922,-0.16132237017154694,0.007354199420660734,0.027666114270687103,-0.13061603903770447,-0.13625647127628326,0.20046819746494293,0.20317625999450684,-0.14175212383270264,-0.1491638720035553,-0.15000031888484955,-0.21831481158733368
-0.10206460952758789,-0.0009980201721191406,-1.0871539115905762,0.1044105738401413,0.11313652992248535,-0.007253925781697035,0.030378097668290138,-0.07866368442773819,-0.06319338828325272,0.04328664392232895,0.06202620267868042,-0.10585030168294907,-0.006679019890725613,0.10252579301595688,-0.0017293430864810944,-0.1850394308567047,-0.17528381943702698,0.014942401088774204,0.058744315057992935,-0.1355937421321869,-0.16670943796634674,0.18711933493614197,0.13196976482868195,-0.14954783022403717,-0.12586291134357452,-0.15000000596046448,-0.2713644802570343
-0.07802104949951172,0.0015500198351219296,-1.0783710479736328,0.11273767799139023,0.10716190189123154,-0.024359166622161865,0.02467651106417179,-0.08060432225465775,-0.033497028052806854,0.06641183793544769,0.10272812098264694,-0.10119269043207169,0.00700693903490901,0.07853832840919495,-0.04737144336104393,-0.18325631320476532,-0.154883474111557,0.027982307597994804,0.05254392325878143,-0.1349947154521942,-0.14931991696357727,0.1257558912038803,0.04370234161615372,-0.1276170313358307,-0.11511575430631638,-0.1499917209148407,-0.3375511169433594
-0.04230499267578125,-0.006735324859619141,-1.0677428245544434,0.0862327516078949,0.04250577837228775,-0.030137766152620316,-0.009712547063827515,-0.04131854698061943,0.024570638313889503,0.16335779428482056,0.2043992280960083,-0.10044661164283752,-0.06825998425483704,-0.0373736247420311,-0.11041000485420227,-0.1294281780719757,-0.061141688376665115,0.030419977381825447,-0.014557736925780773,-0.09174750000238419,-0.066073477268219,0.046738401055336,-0.04483036696910858,-0.06368093192577362,-0.08171600103378296,-0.14976470172405243,-0.4588429927825928
-0.013598918914794922,-0.025790691375732422,-1.0503921508789062,0.05385860800743103,-0.018118778243660927,-0.015994513407349586,-0.028878463432192802,0.05878430977463722,0.0710642859339714,0.28014734387397766,0.269407719373703,-0.1372588574886322,-0.18173396587371826,-0.07184194028377533,-0.08360300958156586,-0.057470012456178665,0.007830395363271236,0.006454870570451021,-0.03083449974656105,-0.08872877806425095,-0.014943636022508144,-0.0012149580288678408,-0.054121822118759155,-0.007260254584252834,-0.02873845025897026,-0.14916710555553436,-0.5150070786476135
0.019611192867159843,-0.026021480560302734,-1.0406627655029297,0.02457519806921482,-0.021778728812932968,-0.036827683448791504,-0.03090727888047695,0.07596711069345474,0.07883298397064209,0.3062962293624878,0.2951063811779022,-0.19981341063976288,-0.20586490631103516,-0.04666493833065033,-0.03763958439230919,-0.022922592237591743,0.019558176398277283,-0.021506577730178833,-0.029481355100870132,-0.05428668111562729,-0.010413956828415394,-0.009940670803189278,-0.014774100854992867,0.02260110341012478,0.020013680681586266,-0.14932869374752045,-0.5002750754356384
0.03492693975567818,-0.021843910217285156,-1.038877010345459,-0.008803315460681915,-0.034245558083057404,-0.03770079463720322,-0.02964111603796482,0.0654626339673996,0.05416872352361679,0.2994745373725891,0.3039586842060089,-0.18217627704143524,-0.17836947739124298,-0.04442456737160683,-0.0415746234357357,0.0002449538151267916,0.023090671747922897,-0.03115350939333439,-0.03342499956488609,-0.03151923045516014,9.793788194656372e-05,-0.001182708190754056,-0.0019227415323257446,0.014915387146174908,0.006395273841917515,-0.1480621099472046,-0.46742185950279236
0.026687689125537872,-0.01913928985595703,-1.0557951927185059,-0.030597614124417305,-0.09168361127376556,-0.008904642425477505,-0.039553992450237274,0.053399909287691116,0.039633315056562424,0.2793303430080414,0.2992078363895416,-0.18011319637298584,-0.16216926276683807,-0.04315563663840294,-0.04000769183039665,0.019046600908041,0.04900294169783592,-0.008262780494987965,-0.0749768316745758,-0.019775265827775,0.02134121209383011,0.014378516003489494,0.002528427168726921,-0.02180689387023449,-0.006063474807888269,-0.14862453937530518,-0.4446106255054474
0.022405019029974937,-0.008839607238769531,-1.072303295135498,-0.07534658163785934,-0.1599217653274536,-0.0064326003193855286,-0.04753345251083374,0.03146708384156227,0.032167110592126846,0.2723948061466217,0.28613346815109253,-0.18360136449337006,-0.1843099445104599,-0.03547274321317673,-0.02817421779036522,0.029130050912499428,0.09808556735515594,0.004405792336910963,-0.1017640233039856,-0.0054900143295526505,0.04529053717851639,0.028267035260796547,0.024408109486103058,-0.05545004829764366,-0.025831684470176697,-0.14780530333518982,-0.46889376640319824
0.030516281723976135,-0.01116037368774414,-1.085970401763916,-0.12413901835680008,-0.1826651394367218,-0.033788081258535385,-0.0471823513507843,0.030720366165041924,0.02517930418252945,0.2831021845340729,0.2699340879917145,-0.17040278017520905,-0.1702292114496231,-0.0061422246508300304,0.015871664509177208,0.06214294582605362,0.11380159854888916,-0.00480986014008522,-0.0980694591999054,0.010274173691868782,0.06755943596363068,0.029121272265911102,0.024631798267364502,-0.08690904080867767,-0.05917641520500183,-0.1480846107006073,-0.431799978017807
0.0479658879339695,-0.012479305267333984,-1.1065850257873535,-0.17319294810295105,-0.2163180112838745,-0.07807669043540955,-0.0675717145204544,0.03460396081209183,0.02958858385682106,0.2663809359073639,0.25574883818626404,-0.1272231489419937,-0.1354454904794693,0.054627083241939545,0.06666437536478043,0.09369447827339172,0.12838038802146912,-0.02910577319562435,-0.0924178883433342,0.034704335033893585,0.06807176023721695,0.02888745255768299,0.025326058268547058,-0.11733978241682053,-0.09762968868017197,-0.14873898029327393,-0.3737594783306122
0.05107100307941437,-0.01441335678100586,-1.1385302543640137,-0.22357402741909027,-0.2447146475315094,-0.09348919987678528,-0.1234777420759201,0.043062008917331696,0.060728929936885834,0.2555252015590668,0.2530228793621063,-0.13228902220726013,-0.11092202365398407,0.07869628816843033,0.12966634333133698,0.1283215880393982,0.1390983909368515,-0.03870305418968201,-0.08796907961368561,0.06683096289634705,0.06447359174489975,0.017715586349368095,0.00476849265396595,-0.1392599195241928,-0.1025005429983139,-0.14876772463321686,-0.29101020097732544
0.04665867239236832,-0.021032333374023438,-1.1694369316101074,-0.26273179054260254,-0.279225617647171,-0.09609566628932953,-0.15152840316295624,0.0463925302028656,0.08452562987804413,0.24363574385643005,0.22058656811714172,-0.1180805116891861,-0.08077169954776764,0.11215601116418839,0.22143137454986572,0.1595555543899536,0.15217798948287964,-0.04239168018102646,-0.08578019589185715,0.09674810618162155,0.05056855082511902,0.021334685385227203,0.013279184699058533,-0.16355609893798828,-0.11946883052587509,-0.14861960709095,-0.21200023591518402
0.04079344868659973,-0.019606590270996094,-1.15690279006958,-0.2950363755226135,-0.2917996048927307,-0.1072407215833664,-0.1571178436279297,0.0781012624502182,0.10398916155099869,0.18793997168540955,0.17263491451740265,-0.07614342868328094,-0.06812487542629242,0.15000002086162567,0.3142528831958771,0.1874232441186905,0.16697853803634644,-0.05184308812022209,-0.08657555282115936,0.082634337246418,0.02827318012714386,0.03314879536628723,0.038503650575876236,-0.1882745772600174,-0.10653135925531387,-0.148442804813385,-0.13029032945632935
0.012625893577933311,-0.010454654693603516,-1.126431941986084,-0.33561593294143677,-0.24790558218955994,-0.11531516909599304,-0.12612444162368774,0.08643115311861038,0.0834152027964592,0.16692224144935608,0.10044322907924652,-0.07688438147306442,-0.03867361694574356,0.15000152587890625,0.4169350862503052,0.2024206817150116,0.15216463804244995,-0.036898527294397354,-0.0942624881863594,0.05165993422269821,-0.0028170179575681686,0.05448351055383682,0.08337907493114471,-0.18622452020645142,-0.11337602883577347,-0.14843089878559113,-0.028849519789218903
-0.010532855987548828,-0.018555164337158203,-1.1308913230895996,-0.3021286129951477,-0.20969825983047485,-0.11803723871707916,-0.08580003678798676,0.08097805082798004,0.04315488785505295,0.14685635268688202,0.02368941903114319,-0.03275458887219429,0.00705862557515502,0.15025733411312103,0.5395740270614624,0.21179133653640747,0.13291409611701965,-0.036627352237701416,-0.07324109226465225,0.04926828294992447,-0.05196181312203407,0.09651470184326172,0.1576749086380005,-0.1599566638469696,-0.15038827061653137,-0.09524144977331161,0.05332198739051819
-0.029877185821533203,-0.0357213020324707,-1.158216953277588,-0.21960315108299255,-0.1187816932797432,-0.09775209426879883,-0.04939921945333481,0.09654153883457184,0.02252754382789135,0.06387832760810852,0.022954652085900307,0.09493652731180191,0.12707069516181946,0.15025772154331207,0.615391731262207,0.1825975626707077,0.11301510035991669,-0.06078676879405975,-0.04523199051618576,-0.042306602001190186,-0.06320977956056595,0.1984081119298935,0.21550871431827545,-0.11893096566200256,-0.1479828655719757,0.028625180944800377,0.11338625103235245
-0.02140188217163086,-0.04525566101074219,-1.1753830909729004,-0.18401990830898285,-0.0762108638882637,-0.0855337455868721,-0.039166197180747986,0.09664615243673325,0.004854851868003607,0.028122050687670708,0.02935227006673813,0.1444975733757019,0.09924834966659546,0.14903241395950317,0.7191776037216187,0.147216334939003,0.05185355246067047,-0.042110443115234375,-0.04523004963994026,-0.07244354486465454,-0.0693008080124855,0.2939307689666748,0.2529607117176056,-0.25336953997612,-0.2488461136817932,0.09212911128997803,0.09310856461524963
-0.022647380828857422,-0.07201337814331055,-1.1927995681762695,-0.1461775302886963,-0.08749852329492569,-0.07165582478046417,0.01110556349158287,0.09460309147834778,0.006702135317027569,0.030238892883062363,0.013904673978686333,0.12182386219501495,0.06633374094963074,0.1497645229101181,0.7806267142295837,0.13196921348571777,0.048633649945259094,-0.0031894531566649675,-0.06675256043672562,-0.07903735339641571,-0.024471085518598557,0.2921876907348633,0.2596912682056427,-0.23905126750469208,-0.24877920746803284,0.0940520316362381,0.10983996838331223
-0.006575584411621094,-0.07749176025390625,-1.224830150604248,-0.11817000061273575,-0.09764964878559113,-0.0731930211186409,0.05735357105731964,0.11511348932981491,0.004771303851157427,0.017705081030726433,-0.03876465559005737,0.0716044008731842,0.025670593604445457,0.14873509109020233,0.7620954513549805,0.07075318694114685,0.04213304817676544,0.007063380442559719,-0.06403283774852753,-0.023521030321717262,-0.0034218495711684227,0.2715179920196533,0.2673541009426117,-0.22180619835853577,-0.2255227118730545,0.11527184396982193,0.11505620926618576
-0.007331371307373047,-0.08150196075439453,-1.2186150550842285,-0.102713942527771,-0.07044997811317444,-0.06908921897411346,0.038672320544719696,0.07936698198318481,0.006074865348637104,0.008765995502471924,-0.012639624997973442,0.06413774937391281,0.04731777310371399,0.14863143861293793,0.7099693417549133,0.01842307113111019,-0.011611850932240486,0.0016879912000149488,-0.03125356137752533,-0.025547964498400688,-0.013796373270452023,0.24362631142139435,0.2514052391052246,-0.23282824456691742,-0.24664852023124695,0.09884603321552277,0.08757077157497406
-0.022464752197265625,-0.10146188735961914,-1.2020153999328613,-0.08740649372339249,-0.0851793959736824,-0.04981935769319534,0.026403972879052162,0.056577201932668686,0.014892149716615677,0.025870921090245247,-0.019712628796696663,0.06067012995481491,0.01810680516064167,0.14916189014911652,0.6124674677848816,-0.027245428413152695,-0.04419976845383644,-0.0009555626893416047,-0.01960011199116707,-0.03318836912512779,-0.029494713991880417,0.25123822689056396,0.26563557982444763,-0.23635968565940857,-0.22340087592601776,0.05052090063691139,0.024584058672189713
-0.03677701950073242,-0.12893247604370117,-1.1849594116210938,-0.059277791529893875,-0.07263428717851639,-0.029147472232580185,0.028717780485749245,0.03442927077412605,0.0045739151537418365,0.038765374571084976,-0.030253278091549873,0.060414671897888184,0.00872226245701313,0.14931264519691467,0.4886156916618347,-0.06163743883371353,-0.07695315778255463,-0.011100545525550842,0.00028029177337884903,-0.0432647243142128,-0.056752730160951614,0.26387783885002136,0.27716201543807983,-0.20155450701713562,-0.19596193730831146,-0.0030648699030280113,-0.04736289754509926
-0.04826974868774414,-0.13712787628173828,-1.170259952545166,-0.044163838028907776,-0.07403817027807236,-0.0075693330727517605,0.03737688809633255,0.01383108552545309,-0.0019382329192012548,0.039204537868499756,-0.046485498547554016,0.06668293476104736,0.010769369080662727,0.14939983189105988,0.4030348062515259,-0.09819049388170242,-0.09690201282501221,-0.019250841811299324,0.002357145771384239,-0.05756517872214317,-0.07221304625272751,0.2501816153526306,0.2719189524650574,-0.17632494866847992,-0.1614428460597992,-0.051794689148664474,-0.08631471544504166
-0.05178642272949219,-0.13665294647216797,-1.1655211448669434,-0.024182481691241264,-0.04600541293621063,0.012890463694930077,0.04140252619981766,0.002229995559900999,-0.0121991578489542,0.025443803519010544,-0.05781105160713196,0.0642222985625267,0.00925676990300417,0.14945371448993683,0.2712557017803192,-0.12900219857692719,-0.12170882523059845,-0.017958400771021843,0.01760711334645748,-0.0677514374256134,-0.0835052952170372,0.22731293737888336,0.24408675730228424,-0.15596576035022736,-0.1413019597530365,-0.11668065935373306,-0.16042330861091614
-0.04832935333251953,-0.13430547714233398,-1.1581110954284668,-0.005707665346562862,-0.004399629309773445,0.02824866771697998,0.05199336260557175,-0.010588333010673523,-0.024627067148685455,0.016813138499855995,-0.024975230917334557,0.05012788996100426,0.031245384365320206,0.14934422075748444,0.18805742263793945,-0.14630435407161713,-0.1472938507795334,-0.01178831234574318,0.012685022316873074,-0.08011458069086075,-0.10104317963123322,0.21252506971359253,0.1956142634153366,-0.1491488218307495,-0.12449522316455841,-0.15000034868717194,-0.2195027768611908
-0.053347110748291016,-0.12291574478149414,-1.1541476249694824,0.009768160060048103,0.03430574759840965,0.05793344974517822,0.051890090107917786,-0.028911670669913292,-0.030919142067432404,0.001601062249392271,0.016608476638793945,0.07294922322034836,0.07683497667312622,0.11199863255023956,0.10506470501422882,-0.1436740905046463,-0.16015879809856415,0.01371578499674797,0.015328401699662209,-0.10482233017683029,-0.10753079503774643,0.13269762694835663,0.12263376265764236,-0.1220703199505806,-0.12532174587249756,-0.14999453723430634,-0.2926700711250305
-0.030430316925048828,-0.12408113479614258,-1.1681790351867676,0.016988174989819527,-0.007641925476491451,0.06098514795303345,0.04220825433731079,-0.018438881263136864,-0.0020079093519598246,0.02437310665845871,0.0355074442923069,0.08089758455753326,0.09018486738204956,0.09848656505346298,0.04029271751642227,-0.16666094958782196,-0.11158488690853119,0.011981102637946606,0.018177151679992676,-0.10492535680532455,-0.10419981926679611,0.12515826523303986,0.08768612891435623,-0.10471566766500473,-0.08633565157651901,-0.14989997446537018,-0.38495802879333496
-0.017764568328857422,-0.15061712265014648,-1.1631999015808105,0.02789798565208912,-0.015428554266691208,0.07168813049793243,0.01992250792682171,0.010730130597949028,0.02826094441115856,0.09981101751327515,0.09712959825992584,0.04532228410243988,0.03616105392575264,-0.03408002480864525,-0.06943976879119873,-0.11639361083507538,-0.09552416205406189,0.007437566760927439,0.002292199991643429,-0.12459883838891983,-0.07800158858299255,0.08831039071083069,-0.011655868962407112,0.032990969717502594,-0.03687448799610138,-0.14948074519634247,-0.47405359148979187
-0.01443624496459961,-0.1527853012084961,-1.153120517730713,0.02409381978213787,-0.04079854115843773,0.06089397892355919,0.013863060623407364,0.018098806962370872,0.04428953677415848,0.12672868371009827,0.1647409349679947,0.0018793896306306124,-0.07488416135311127,-0.06312445551156998,-0.11320137977600098,-0.09245474636554718,-0.04106579348444939,0.012645535171031952,-0.0332663469016552,-0.13754606246948242,-0.06056271120905876,0.09470470249652863,-0.007238196209073067,0.04090322181582451,0.014084391295909882,-0.14897583425045013,-0.5810810923576355
-0.0047359466552734375,-0.15014123916625977,-1.1507220268249512,-0.008697259239852428,-0.04271386191248894,0.019316093996167183,0.024558687582612038,0.022414064034819603,0.01968563348054886,0.2050052136182785,0.20672643184661865,-0.14186140894889832,-0.14239539206027985,-0.11744394153356552,-0.12260372936725616,-0.05946141853928566,-0.023487519472837448,0.009318971075117588,-0.08257666230201721,-0.1279309242963791,-0.048816319555044174,0.07160644233226776,0.013464068993926048,0.08442715555429459,0.03514532744884491,-0.14666058123111725,-0.6280328631401062
0.014395714737474918,-0.1520094871520996,-1.1636414527893066,-0.015063476748764515,-0.05869540199637413,-0.0257343091070652,0.04301051050424576,0.03597140312194824,0.007358998991549015,0.21884343028068542,0.2224084585905075,-0.13571852445602417,-0.16230908036231995,-0.10787884891033173,-0.06047512963414192,-0.030984537675976753,-0.01036088727414608,0.000294852361548692,-0.07211087644100189,-0.11103314161300659,-0.03467944636940956,0.07495564967393875,0.04557979106903076,0.065207339823246,0.015087638050317764,-0.14874686300754547,-0.623013973236084
0.018009178340435028,-0.13167428970336914,-1.190035343170166,-0.04203152656555176,-0.09240168333053589,-0.02931950055062771,0.018680116161704063,0.03372884541749954,0.014963893219828606,0.21658356487751007,0.2469370812177658,-0.14760833978652954,-0.16477960348129272,-0.08841316401958466,-0.0559602789580822,-0.02087388187646866,0.024434374645352364,0.014863657765090466,-0.10659048706293106,-0.08709640800952911,-0.017910458147525787,0.061663687229156494,0.048500023782253265,0.049379490315914154,0.02505101077258587,-0.1486690640449524,-0.5818131566047668
0.029381899163126945,-0.12996721267700195,-1.2094364166259766,-0.08208589255809784,-0.12865780293941498,-0.035610832273960114,-0.023351145908236504,0.0305621400475502,0.028413446620106697,0.27409353852272034,0.2645253837108612,-0.17721353471279144,-0.18187755346298218,-0.011409958824515343,-0.0031643658876419067,0.007362670265138149,0.062171854078769684,0.012549368664622307,-0.09155590832233429,-0.06704879552125931,0.0044687106274068356,0.059395961463451385,0.026315508410334587,0.04116785526275635,0.012762710452079773,-0.14846467971801758,-0.4908384680747986
0.05744839087128639,-0.1371164321899414,-1.231895923614502,-0.0970449298620224,-0.13883350789546967,-0.05111050233244896,-0.04052213579416275,0.03749367222189903,0.03517800569534302,0.2814316749572754,0.2696080505847931,-0.17564502358436584,-0.1338084191083908,-0.0061265272088348866,0.055410243570804596,0.0440407358109951,0.0615413598716259,-0.011525849811732769,-0.041790444403886795,-0.03927351161837578,0.008109251968562603,0.06963898241519928,0.023654216900467873,0.016552509739995003,-0.024441692978143692,-0.1483355611562729,-0.3900569677352905
0.07258080691099167,-0.1192770004272461,-1.2547574043273926,-0.127253457903862,-0.17061421275138855,-0.04136963188648224,-0.10158562660217285,0.034379202872514725,0.06527184695005417,0.25115469098091125,0.28568312525749207,-0.1695595532655716,-0.10809865593910217,-0.0012327341828495264,0.09552168846130371,0.06555526703596115,0.0779649019241333,-0.021964196115732193,-0.019687645137310028,-0.01292343158274889,0.0026941420510411263,0.05581091344356537,0.018821818754076958,-0.008029397577047348,-0.03632590174674988,-0.14859341084957123,-0.3154827654361725
0.08435899764299393,-0.1044778823852539,-1.269472599029541,-0.16744253039360046,-0.2241525501012802,-0.03125648573040962,-0.12383446842432022,0.04673956707119942,0.09660260379314423,0.25109925866127014,0.2655271291732788,-0.13094954192638397,-0.09632830321788788,0.05973424017429352,0.15033262968063354,0.09002148360013962,0.1302924007177353,-0.03498005121946335,-0.009374394081532955,0.004799633752554655,0.013753265142440796,0.04712267592549324,0.034328073263168335,-0.03823438286781311,-0.048180386424064636,-0.1490018516778946,-0.2535187602043152
0.0972442775964737,-0.09691095352172852,-1.2697997093200684,-0.20230574905872345,-0.24123649299144745,-0.04612981155514717,-0.11192269623279572,0.07670705020427704,0.10004881024360657,0.2459561973810196,0.2311021238565445,-0.07822900265455246,-0.07454906404018402,0.15000002086162567,0.2142333686351776,0.124144546687603,0.1416630893945694,-0.05753915756940842,-0.032212842255830765,0.007967962883412838,0.021160947158932686,0.04518032819032669,0.04191775247454643,-0.07876524329185486,-0.05217895656824112,-0.14930576086044312,-0.19702990353107452
0.1003110334277153,-0.07318449020385742,-1.272998332977295,-0.24421705305576324,-0.24311496317386627,-0.07437486201524734,-0.11169728636741638,0.08735059201717377,0.09568905830383301,0.20999768376350403,0.19987653195858002,-0.05856342613697052,-0.046082597225904465,0.15000002086162567,0.28463873267173767,0.14033865928649902,0.1487765908241272,-0.0744195356965065,-0.06947989016771317,0.014719069004058838,0.025342943146824837,0.0351584330201149,0.039758116006851196,-0.10797997564077377,-0.0641687884926796,-0.1226656585931778,-0.09811831265687943
0.09093688428401947,-0.06829118728637695,-1.282041072845459,-0.23350001871585846,-0.24608317017555237,-0.09782209992408752,-0.11305491626262665,0.10020127892494202,0.11031107604503632,0.10751229524612427,0.10924442857503891,-0.024147963151335716,-0.026074491441249847,0.15000003576278687,0.3630681037902832,0.1544726938009262,0.1808387190103531,-0.07660391926765442,-0.06990528106689453,0.020920880138874054,0.010782360099256039,0.0649997815489769,0.09270166605710983,-0.10902050137519836,-0.039651744067668915,-0.011350155808031559,0.019286975264549255
0.04254453629255295,-0.07483911514282227,-1.2785139083862305,-0.24796746671199799,-0.15488220751285553,-0.08888961374759674,-0.06665025651454926,0.09262595325708389,0.05669865757226944,0.08784434199333191,0.025316515937447548,-0.003648965386673808,0.017997119575738907,0.14984901249408722,0.4948555529117584,0.18191538751125336,0.11238217353820801,-0.035837288945913315,-0.06090926378965378,0.008839326910674572,-0.04048358276486397,0.09924548119306564,0.14725835621356964,-0.1299174427986145,-0.08934232592582703,0.008662130683660507,0.09374981373548508
0.015738824382424355,-0.09550857543945312,-1.307969093322754,-0.20398777723312378,-0.08897251635789871,-0.08265914767980576,-0.019602084532380104,0.07897364348173141,-0.01055391039699316,0.07833032310009003,-0.038778483867645264,0.08474927395582199,0.06482526659965515,0.14929518103599548,0.6172448396682739,0.17702102661132812,0.059772320091724396,-0.04198664426803589,-0.021651584655046463,-0.022551093250513077,-0.09672921150922775,0.18554139137268066,0.22419540584087372,-0.142311692237854,-0.20568780601024628,0.059833068400621414,0.114964060485363
-0.0013718605041503906,-0.09629487991333008,-1.3396859169006348,-0.15370064973831177,-0.07122857123613358,-0.06267943978309631,-0.013802948407828808,0.09565462172031403,-0.014231031760573387,0.051433585584163666,-0.029749644920229912,0.12689387798309326,0.10495677590370178,0.14923535287380219,0.7047353982925415,0.14959600567817688,0.04156575724482536,-0.05206635594367981,-0.0126816900447011,-0.06405215710401535,-0.08973614871501923,0.23197652399539948,0.24734137952327728,-0.18409463763237,-0.23932866752147675,0.10055233538150787,0.12897051870822906
-0.022414207458496094,-0.08418655395507812,-1.349438190460205,-0.12434964627027512,-0.05188104137778282,-0.04665949195623398,-0.019109660759568214,0.08498307317495346,0.0047270930372178555,0.03349066153168678,0.019543759524822235,0.14497783780097961,0.13032197952270508,0.14896607398986816,0.6942549347877502,0.09983865916728973,0.03372710570693016,-0.026325006037950516,-0.022034261375665665,-0.06215183064341545,-0.056859347969293594,0.253492534160614,0.27298101782798767,-0.21905197203159332,-0.242960125207901,0.0800652801990509,0.06611496210098267
-0.03623342514038086,-0.08754730224609375,-1.32381010055542,-0.08894279599189758,-0.034993357956409454,-0.053248364478349686,0.016928641125559807,0.0593990758061409,-0.00968855433166027,0.03384280949831009,0.028975097462534904,0.12182808667421341,0.10037809610366821,0.14918555319309235,0.6682705879211426,0.07639463245868683,0.012920239008963108,-0.010260350070893764,-0.031949128955602646,-0.06307679414749146,-0.036392830312252045,0.2552659213542938,0.28082576394081116,-0.22266969084739685,-0.22500549256801605,0.07708478718996048,0.05387714505195618
-0.046062469482421875,-0.08736562728881836,-1.2900776863098145,-0.06411459296941757,-0.014127827249467373,-0.06457620114088058,0.02922060526907444,0.028881870210170746,-0.015508223325014114,0.042458709329366684,0.03463929891586304,0.10770751535892487,0.07168214023113251,0.14749622344970703,0.6129968762397766,0.04181745648384094,-0.013689076527953148,-0.005896935239434242,-0.03158041089773178,-0.056502144783735275,-0.034177035093307495,0.25852981209754944,0.2856064736843109,-0.2210458517074585,-0.21502134203910828,0.06449384987354279,0.033777788281440735
-0.04817533493041992,-0.09105825424194336,-1.2715764045715332,-0.03255639225244522,-0.013227271847426891,-0.07809416949748993,0.025943277403712273,0.012774577364325523,-0.01827388070523739,0.0603308379650116,0.02863658219575882,0.06409286707639694,0.044645603746175766,0.14831985533237457,0.5579032897949219,0.004790942650288343,-0.03834395855665207,-0.01949290744960308,-0.02217043563723564,-0.049681004136800766,-0.046633314341306686,0.2599340081214905,0.29817232489585876,-0.21843139827251434,-0.21654295921325684,0.04011351987719536,-0.015464234165847301
-0.05787515640258789,-0.08494377136230469,-1.2666821479797363,-0.00932764820754528,-0.007143340073525906,-0.07532694935798645,0.02885557897388935,0.004773719236254692,-0.03180721029639244,0.07803589105606079,0.02431396208703518,0.017066610977053642,-0.006708950735628605,0.14945624768733978,0.46392038464546204,-0.05001170560717583,-0.07812944054603577,-0.021250423043966293,-0.009756150655448437,-0.05277135223150253,-0.05960634723305702,0.26264688372612,0.28900474309921265,-0.20184126496315002,-0.19288326799869537,-0.012982877902686596,-0.05288762226700783
-0.07443714141845703,-0.07085084915161133,-1.2634930610656738,0.02088252082467079,0.0026398347690701485,-0.059825263917446136,0.0034974683076143265,-0.0063135321252048016,-0.03458758071064949,0.06839686632156372,0.008935760706663132,-0.016705747693777084,-0.021291527897119522,0.14844468235969543,0.3323233425617218,-0.11003343760967255,-0.10154436528682709,-0.007113385945558548,0.01565106399357319,-0.08171938359737396,-0.08328849077224731,0.26424679160118103,0.274546355009079,-0.1601869910955429,-0.17598967254161835,-0.10114843398332596,-0.10375533998012543
-0.0926065444946289,-0.05050945281982422,-1.2411885261535645,0.04726811498403549,0.028172742575407028,-0.04465075582265854,-0.0019666794687509537,-0.03645347058773041,-0.035328809171915054,0.05024793744087219,0.0374065637588501,-0.04215112701058388,-0.011454099789261818,0.1489625871181488,0.25757673382759094,-0.1455034464597702,-0.1263417899608612,0.017883628606796265,0.007368985563516617,-0.09690871089696884,-0.1040421724319458,0.2422642707824707,0.2436019778251648,-0.16501104831695557,-0.1440996378660202,-0.11497638374567032,-0.1454986035823822
-0.11516189575195312,-0.03933095932006836,-1.2151732444763184,0.08031298220157623,0.10191074758768082,-0.019249750301241875,0.014079909771680832,-0.06992095708847046,-0.05819934234023094,0.038106851279735565,0.06457499414682388,-0.06818349659442902,0.0032814722508192062,0.11936521530151367,0.11222712695598602,-0.1525821089744568,-0.16669724881649017,0.040496036410331726,0.03868354111909866,-0.14957180619239807,-0.1479877531528473,0.1881381720304489,0.19228501617908478,-0.12542904913425446,-0.13450634479522705,-0.14999531209468842,-0.20789451897144318
-0.09929656982421875,-0.03424263000488281,-1.21110200881958,0.1000012680888176,0.08513321727514267,-0.023636892437934875,0.0030825305730104446,-0.07167228311300278,-0.0436999648809433,0.051639001816511154,0.05037757754325867,-0.08170102536678314,0.021786604076623917,0.06566237658262253,-0.011289466172456741,-0.1764393448829651,-0.1496773511171341,0.038311854004859924,0.07377304881811142,-0.1536424309015274,-0.16368532180786133,0.1604427844285965,0.1532992571592331,-0.10986611992120743,-0.1004222109913826,-0.1499934196472168,-0.2872235178947449
-0.06744003295898438,-0.03300952911376953,-1.2119903564453125,0.10918775200843811,0.08497332036495209,-0.0383339561522007,0.02606610395014286,-0.06585162878036499,-0.033950306475162506,0.07795983552932739,0.0977671667933464,-0.06702502816915512,0.013302194885909557,-0.0009355322108604014,-0.051538724452257156,-0.17431887984275818,-0.13601066172122955,0.037905264645814896,0.05742371082305908,-0.14565972983837128,-0.14457811415195465,0.09810667484998703,0.04689871147274971,-0.10580145567655563,-0.09574761241674423,-0.14999569952487946,-0.34221163392066956
-0.0414271354675293,-0.030736446380615234,-1.2181134223937988,0.1178065687417984,0.011021808721125126,-0.05080579221248627,-0.01721755973994732,-0.050001032650470734,0.044303085654973984,0.09725041687488556,0.2048162966966629,-0.04479140043258667,-0.08536790311336517,-0.002596583217382431,-0.09388579428195953,-0.18362435698509216,-0.041163887828588486,0.05251094326376915,-0.01723148673772812,-0.14473634958267212,-0.06568983197212219,0.0841362252831459,-0.04606969654560089,-0.10701021552085876,-0.044618576765060425,-0.1499939113855362,-0.4645219147205353
-0.020318031311035156,-0.0362706184387207,-1.1826319694519043,0.08177770674228668,-0.013129794970154762,-0.03391187638044357,-0.04897414892911911,0.020511548966169357,0.07209072262048721,0.19333234429359436,0.25983715057373047,-0.06521186232566833,-0.1649584174156189,-0.05453593656420708,-0.10932473838329315,-0.12826237082481384,-0.0005950313061475754,0.059534844011068344,-0.05430121719837189,-0.1190515086054802,-0.022864043712615967,0.0111997677013278,-0.08535728603601456,-0.04736540466547012,-0.009573468938469887,-0.1495802253484726,-0.5037184357643127
0.014706732705235481,-0.060986995697021484,-1.1456332206726074,0.05444658547639847,-0.007789480034261942,-0.0385994091629982,-0.03331170976161957,0.07405619323253632,0.07053001970052719,0.28859344124794006,0.2806794047355652,-0.192289799451828,-0.19544537365436554,-0.04709230735898018,-0.04421163722872734,-0.06503178924322128,-0.004015901125967503,0.029701584950089455,-0.025258567184209824,-0.11542002856731415,-0.013589038513600826,-0.011621133424341679,-0.06034042686223984,0.04529578611254692,-0.002618510276079178,-0.14903119206428528,-0.49310505390167236
0.04331304877996445,-0.07449817657470703,-1.14345121383667,0.025720827281475067,-0.02835593745112419,-0.046938054263591766,-0.023349348455667496,0.07410586625337601,0.06037108227610588,0.3187691867351532,0.2934410870075226,-0.15837252140045166,-0.1658785343170166,-0.025011006742715836,-0.012997139245271683,-0.0312149990350008,-0.006203719414770603,0.009400730021297932,0.007706111297011375,-0.09491967409849167,-0.030616216361522675,0.016369571909308434,-0.006411442533135414,0.03027842566370964,-0.005106366705149412,-0.14941251277923584,-0.47129836678504944
0.05532286316156387,-0.061086177825927734,-1.1608896255493164,-0.030116824433207512,-0.07403714209794998,-0.03927871212363243,-0.045319218188524246,0.04754560813307762,0.05030703544616699,0.3153589367866516,0.3030135929584503,-0.1481800377368927,-0.15935084223747253,-0.033205319195985794,-0.034840334206819534,-0.021657178178429604,0.023056041449308395,0.014183428138494492,-0.030475549399852753,-0.06627283990383148,-0.01678549125790596,0.022082943469285965,0.000353444367647171,0.031201239675283432,0.004762034863233566,-0.1489337533712387,-0.44019195437431335
0.0683814063668251,-0.06678199768066406,-1.185516357421875,-0.06113499030470848,-0.08779055625200272,-0.03083822689950466,-0.04264342784881592,0.04270356893539429,0.03281623125076294,0.2997274398803711,0.3057613670825958,-0.1420818716287613,-0.14360210299491882,-0.02529189921915531,-0.007602140307426453,0.009573785588145256,0.03161223977804184,0.017231661826372147,-0.018007472157478333,-0.04403005912899971,0.009811434894800186,0.0341222882270813,-0.005527561530470848,0.01707036793231964,-0.016873814165592194,-0.14743492007255554,-0.38579607009887695
0.07506121695041656,-0.07467365264892578,-1.211923599243164,-0.09482570737600327,-0.14711008965969086,-0.023858733475208282,-0.06558072566986084,0.03911115229129791,0.047941725701093674,0.298481822013855,0.30085721611976624,-0.13374775648117065,-0.12422311305999756,-0.010016870684921741,0.023726997897028923,0.05120499059557915,0.07137025892734528,0.02565954625606537,-0.013504459522664547,-0.019090570509433746,0.02075902931392193,0.04389643669128418,-0.00530129112303257,-0.023929860442876816,-0.041427671909332275,-0.14848773181438446,-0.3392452895641327
0.08830367773771286,-0.06448173522949219,-1.2328667640686035,-0.14973774552345276,-0.19693487882614136,-0.04488186538219452,-0.07657057046890259,0.03786159306764603,0.05140550807118416,0.2829073965549469,0.2826903462409973,-0.110753133893013,-0.11413262784481049,0.04229177162051201,0.061461981385946274,0.08057089895009995,0.11530876159667969,0.019462384283542633,-0.03294403478503227,0.004951904993504286,0.04437188804149628,0.041798897087574005,0.01767270267009735,-0.05904996767640114,-0.05531530827283859,-0.14854653179645538,-0.3081391751766205
0.10165542364120483,-0.05501365661621094,-1.2591800689697266,-0.1982354074716568,-0.19918015599250793,-0.07044963538646698,-0.08168641477823257,0.051330309361219406,0.0560247041285038,0.26337164640426636,0.25955429673194885,-0.09906502813100815,-0.07793155312538147,0.06997373700141907,0.11524780094623566,0.11451105028390884,0.10830351710319519,0.009717765264213085,-0.028058961033821106,0.03437047079205513,0.03795972466468811,0.033431731164455414,0.035768453031778336,-0.091229148209095,-0.046448513865470886,-0.14880339801311493,-0.2588573694229126
0.11564996838569641,-0.04392242431640625,-1.270759105682373,-0.24617470800876617,-0.2479230761528015,-0.10456596314907074,-0.12904879450798035,0.08221768587827682,0.09080146998167038,0.22833985090255737,0.23308779299259186,-0.041081659495830536,-0.047307007014751434,0.15000002086162567,0.1799858957529068,0.14260339736938477,0.13803978264331818,-0.0064747692085802555,-0.022146999835968018,0.04900354892015457,0.02806907147169113,0.03668417036533356,0.03646022081375122,-0.1314549446105957,-0.07513101398944855,-0.14877009391784668,-0.1936643421649933
0.1086466982960701,-0.029038429260253906,-1.272331714630127,-0.2896844446659088,-0.26072314381599426,-0.11991595476865768,-0.1479007601737976,0.11233838647603989,0.11506873369216919,0.18669381737709045,0.19475238025188446,-0.030533917248249054,-0.027801483869552612,0.15000000596046448,0.26168179512023926,0.1693500280380249,0.14708192646503448,-0.00849443394690752,-0.04442019388079643,0.04589422792196274,0.028835289180278778,0.026656853035092354,0.020162684842944145,-0.14202003180980682,-0.07782766968011856,-0.1000831350684166,-0.09485176205635071
0.0835016742348671,-0.02487039566040039,-1.285743236541748,-0.3012946844100952,-0.2674100399017334,-0.11988898366689682,-0.1338021159172058,0.10436981171369553,0.11491096764802933,0.1500972956418991,0.11696213483810425,-0.030158698558807373,-0.02293379046022892,0.15000002086162567,0.34556567668914795,0.19432033598423004,0.16422982513904572,0.014786186628043652,-0.06642709672451019,0.04612826928496361,0.002695075236260891,0.04443979263305664,0.06700494140386581,-0.15735173225402832,-0.0665411651134491,-0.09480372816324234,-0.02332884445786476
0.05496495962142944,-0.01648092269897461,-1.3003125190734863,-0.28734090924263,-0.22863219678401947,-0.11946528404951096,-0.1142636239528656,0.0981522798538208,0.09499514102935791,0.09335989505052567,0.034561820328235626,-0.017208825796842575,-0.004892125725746155,0.15000022947788239,0.4484994411468506,0.20115678012371063,0.16089697182178497,0.036417022347450256,-0.016020722687244415,0.048826880753040314,-0.04358312860131264,0.08039742708206177,0.13058122992515564,-0.1666651964187622,-0.07962627708911896,-0.05096627026796341,0.0720130130648613
0.02882225066423416,-0.0362849235534668,-1.3308382034301758,-0.19335560500621796,-0.13680723309516907,-0.09736015647649765,-0.03940766677260399,0.09689127653837204,0.018497798591852188,0.0035362006165087223,-0.022147810086607933,0.10817071050405502,0.044357579201459885,0.14892707765102386,0.6027528047561646,0.16625666618347168,0.1112491637468338,0.0007338959840126336,-0.023767337203025818,-0.07647143304347992,-0.06719522178173065,0.22748827934265137,0.2022833377122879,-0.17817310988903046,-0.1701575070619583,0.1374937742948532,0.13736732304096222
-0.005986213684082031,-0.043686866760253906,-1.347658634185791,-0.14864327013492584,-0.09941951185464859,-0.061205822974443436,-0.0517992302775383,0.08276088535785675,0.003456459380686283,0.01687357760965824,0.0024946779012680054,0.08889170736074448,0.07428783178329468,0.14958646893501282,0.7047818899154663,0.151903435587883,0.047955069690942764,0.006185213569551706,-0.0009786216542124748,-0.08777040988206863,-0.09022420644760132,0.24857881665229797,0.23755453526973724,-0.2086080014705658,-0.2617858648300171,0.13070377707481384,0.12014242261648178
-0.02742290496826172,-0.0241851806640625,-1.3553128242492676,-0.12060226500034332,-0.03317005932331085,-0.04375862702727318,-0.020956136286258698,0.035585757344961166,-0.006086293607950211,-0.003372965147718787,0.01908782869577408,0.108718641102314,0.12698115408420563,0.1495206505060196,0.7122122645378113,0.09105964004993439,0.032585032284259796,0.0007111313752830029,0.011974332854151726,-0.07268296182155609,-0.07103411108255386,0.25199374556541443,0.2741698622703552,-0.24353177845478058,-0.26285210251808167,0.12144464999437332,0.1129194125533104
-0.04627227783203125,-0.0422062873840332,-1.3661046028137207,-0.07434117048978806,-0.03652063384652138,-0.0248741302639246,0.019990602508187294,0.036527544260025024,-0.016339685767889023,0.0195886492729187,0.010902081616222858,0.09427481889724731,0.0869775116443634,0.14764980971813202,0.6627573370933533,0.04540424793958664,0.015912296250462532,-0.006058412604033947,-0.014133046381175518,-0.049345143139362335,-0.04050951823592186,0.2882305383682251,0.28557148575782776,-0.24110962450504303,-0.24498771131038666,0.0733846127986908,0.06540676206350327
-0.05605602264404297,-0.05278968811035156,-1.344226360321045,-0.04519062861800194,-0.04804821312427521,-0.028741778805851936,-0.01716701127588749,0.01430241297930479,-0.006166576407849789,0.05821247771382332,0.03267630562186241,0.03873458132147789,0.05288918688893318,0.14879709482192993,0.5496947169303894,0.011299468576908112,-0.006962176412343979,-0.02461223490536213,-0.006026661954820156,-0.03971147909760475,-0.04213831573724747,0.2842242121696472,0.29509633779525757,-0.2117266058921814,-0.2210453301668167,0.01123744621872902,-0.008741747587919235
-0.05361175537109375,-0.04560422897338867,-1.3079805374145508,-0.023348696529865265,-0.010683901607990265,-0.046876467764377594,0.02290039323270321,-0.019163575023412704,-0.0338604636490345,0.06196605786681175,0.031297605484724045,0.009302115067839622,0.014575558714568615,0.1484697014093399,0.5002891421318054,-0.03101743385195732,-0.041667643934488297,-0.04716645926237106,-0.014417664147913456,-0.031598083674907684,-0.04665039852261543,0.26457488536834717,0.29586222767829895,-0.21436811983585358,-0.21262283623218536,-0.00852869264781475,-0.033711642026901245
-0.059763431549072266,-0.041629791259765625,-1.2850871086120605,0.005007635336369276,0.005952200852334499,-0.04503263905644417,0.051928065717220306,-0.04478238895535469,-0.05249764397740364,0.06529152393341064,0.035200875252485275,-0.02403107099235058,-0.025614403188228607,0.14842259883880615,0.4711171090602875,-0.07278864085674286,-0.09327591955661774,-0.04356890544295311,-0.04014453664422035,-0.03905718773603439,-0.05643516406416893,0.25181126594543457,0.27625206112861633,-0.20610901713371277,-0.19920000433921814,-0.025021782144904137,-0.056433726102113724
-0.06980609893798828,-0.03324127197265625,-1.275285243988037,0.03170572221279144,0.012472919188439846,-0.03070773184299469,0.04578486084938049,-0.05998743325471878,-0.06620118021965027,0.06500661373138428,0.03804001212120056,-0.05808032676577568,-0.047339990735054016,0.14872625470161438,0.38181042671203613,-0.11788654327392578,-0.118238165974617,-0.027455829083919525,-0.036092739552259445,-0.06336069107055664,-0.07627948373556137,0.24285173416137695,0.2607736885547638,-0.18824221193790436,-0.1807381957769394,-0.05504610016942024,-0.0846450999379158
-0.07736587524414062,-0.02284383773803711,-1.2699928283691406,0.06059231236577034,0.050579316914081573,-0.01500918809324503,0.040412597358226776,-0.0701475739479065,-0.06448670476675034,0.05592885985970497,0.03929834067821503,-0.088300421833992,-0.05096093565225601,0.14886145293712616,0.269797682762146,-0.15371960401535034,-0.1496896743774414,-0.009628649801015854,0.0002763615921139717,-0.09274053573608398,-0.1055212989449501,0.22842052578926086,0.23192563652992249,-0.1667870283126831,-0.16135568916797638,-0.10851482301950455,-0.14142079651355743
-0.07841730117797852,-0.010057926177978516,-1.254819393157959,0.08241862803697586,0.09290994703769684,-0.006664058193564415,0.052513688802719116,-0.0880359411239624,-0.08261688798666,0.04696245864033699,0.046861741691827774,-0.11114401370286942,-0.03832883760333061,0.14874765276908875,0.16113509237766266,-0.16938981413841248,-0.17347727715969086,0.005024735815823078,0.026291154325008392,-0.10876286774873734,-0.14012707769870758,0.19821886718273163,0.19308651983737946,-0.168320432305336,-0.16369706392288208,-0.14336876571178436,-0.2127678543329239
-0.059943199157714844,0.0023868419229984283,-1.2371020317077637,0.09173419326543808,0.13035663962364197,-0.018978409469127655,0.038106873631477356,-0.09978072345256805,-0.06564915180206299,0.050885941833257675,0.07791855186223984,-0.11613116413354874,-0.0013822782784700394,0.14810283482074738,0.02067798376083374,-0.1808452308177948,-0.19127129018306732,-0.0011273309355601668,0.06270546466112137,-0.10523027926683426,-0.16388647258281708,0.18886275589466095,0.12333057075738907,-0.17204010486602783,-0.1499299705028534,-0.14874078333377838,-0.2835817039012909
-0.045908451080322266,0.0015191908460110426,-1.2288932800292969,0.09101216495037079,0.12726719677448273,-0.008009684272110462,0.009697267785668373,-0.0772220566868782,-0.050283145159482956,0.10149022191762924,0.1476462185382843,-0.0893789678812027,0.02375861071050167,0.03504607453942299,-0.05283237621188164,-0.1302870661020279,-0.15671610832214355,0.01333419606089592,0.057522762566804886,-0.11399120092391968,-0.13939139246940613,0.09139998257160187,0.04185308516025543,-0.1295122504234314,-0.14198492467403412,-0.150003120303154,-0.3466988205909729
-0.023690223693847656,-0.005778789520263672,-1.2266125679016113,0.04810372740030289,-0.0005965642631053925,0.006663228385150433,-0.0014207428321242332,0.014625907875597477,0.03303515166044235,0.22467760741710663,0.23493750393390656,-0.0805986300110817,-0.09627950191497803,-0.044952914118766785,-0.05983581021428108,-0.07331515103578568,-0.017343558371067047,0.014556363224983215,-0.024808574467897415,-0.09110136330127716,-0.049091946333646774,0.022932805120944977,-0.009894164279103279,-0.03869388625025749,-0.0578005388379097,-0.1494578719139099,-0.4764646589756012
0.0061982604674994946,-0.01210165023803711,-1.2242178916931152,0.0432475209236145,-0.015178200788795948,-0.01089729368686676,-0.005295310169458389,0.038711100816726685,0.05786362662911415,0.24546989798545837,0.2631509006023407,-0.118097685277462,-0.16792280972003937,-0.0617862194776535,-0.08387282490730286,-0.04074401408433914,-0.0012057013809680939,-0.007702607661485672,-0.050917815417051315,-0.0835239589214325,-0.012889129109680653,0.02639993652701378,-0.02232999913394451,-0.03033766895532608,-0.03090488724410534,-0.14931626617908478,-0.554783284664154
0.018882369622588158,0.008455367758870125,-1.229332447052002,0.014203607104718685,-0.04736679047346115,-0.01041549351066351,-0.025396615266799927,0.0413980707526207,0.06125161796808243,0.22762782871723175,0.2764931917190552,-0.13335585594177246,-0.20768773555755615,-0.06002911180257797,-0.08116233348846436,-0.031922679394483566,0.03593829274177551,-0.008378044702112675,-0.06743180751800537,-0.07333901524543762,-0.0014932351186871529,0.01824565790593624,-0.005566677078604698,-0.028087995946407318,-0.002947903471067548,-0.1492403745651245,-0.558853805065155
0.023637983947992325,0.016941318288445473,-1.2453150749206543,-0.0068678767420351505,-0.08367884904146194,-0.0020929232705384493,-0.03945273160934448,0.04115461930632591,0.06187787279486656,0.2298172265291214,0.2832220196723938,-0.14813999831676483,-0.23143425583839417,-0.06047282740473747,-0.0672450065612793,-0.01757218688726425,0.07709941267967224,0.0001064850584953092,-0.08294667303562164,-0.056734055280685425,0.02266663685441017,0.024830060079693794,0.0055074747651815414,-0.032033391296863556,0.021793577820062637,-0.14852291345596313,-0.529746413230896
0.02107243239879608,0.018255092203617096,-1.2650208473205566,-0.02278648316860199,-0.1334436982870102,0.005963856820017099,-0.03415779769420624,0.0370505228638649,0.044507674872875214,0.24064166843891144,0.2741648256778717,-0.15576355159282684,-0.2196856290102005,-0.05893239006400108,-0.059689220041036606,0.01040400005877018,0.10368660092353821,0.014852473512291908,-0.10431008040904999,-0.03929806500673294,0.04673098772764206,0.031163308769464493,0.009014807641506195,-0.06703010201454163,-0.006230073980987072,-0.14817751944065094,-0.5107027292251587
0.03032107837498188,0.028637906536459923,-1.2872323989868164,-0.07633624225854874,-0.17307382822036743,-0.02199885994195938,-0.04281465709209442,0.0313584990799427,0.03573773801326752,0.2741630971431732,0.27076101303100586,-0.18990276753902435,-0.2088763415813446,-0.0354628786444664,-0.030399348586797714,0.034642692655324936,0.13722680509090424,0.00886369589716196,-0.11241841316223145,-0.014359356835484505,0.0712091326713562,0.02006671391427517,0.030072886496782303,-0.0897444635629654,-0.023675188422203064,-0.14762644469738007,-0.4891296625137329
0.05272476002573967,0.030195774510502815,-1.3279671669006348,-0.11924447864294052,-0.15733474493026733,-0.06602926552295685,-0.046812307089567184,0.04403246194124222,0.0333951860666275,0.26485884189605713,0.2597133219242096,-0.18071521818637848,-0.16877755522727966,-0.005299694836139679,0.01911942847073078,0.06747020781040192,0.12073853611946106,-0.015762178227305412,-0.06845791637897491,0.0314815454185009,0.06624489277601242,0.001386151765473187,0.029580682516098022,-0.10436715930700302,-0.06230279803276062,-0.14871786534786224,-0.4224950969219208
0.06750231981277466,0.019288264214992523,-1.3572678565979004,-0.18064212799072266,-0.20877638459205627,-0.09448689967393875,-0.09837690740823746,0.050572946667671204,0.05303226411342621,0.2799546718597412,0.2646339535713196,-0.12435437738895416,-0.13238604366779327,0.045924920588731766,0.05444799363613129,0.11243157833814621,0.14460252225399017,-0.03719767928123474,-0.06682091951370239,0.062368154525756836,0.07241232693195343,-0.008497679606080055,0.006338503211736679,-0.1287989467382431,-0.10183864086866379,-0.14921310544013977,-0.3383384346961975
0.06975851953029633,0.003530054586008191,-1.3857274055480957,-0.22454877197742462,-0.23181383311748505,-0.10125701129436493,-0.1319618970155716,0.05745944380760193,0.07158404588699341,0.2650887668132782,0.26403024792671204,-0.11962933093309402,-0.09966923296451569,0.07697878777980804,0.13186635076999664,0.15416859090328217,0.1360015869140625,-0.04581029340624809,-0.07044418901205063,0.08910875767469406,0.0647883340716362,-0.0005376439075917006,-0.016631973907351494,-0.15935367345809937,-0.11309317499399185,-0.1489521861076355,-0.253010094165802
0.07242809981107712,0.012710078619420528,-1.3836884498596191,-0.28834068775177,-0.27402469515800476,-0.11833330988883972,-0.15070165693759918,0.07710721343755722,0.08967792987823486,0.21377255022525787,0.23224881291389465,-0.08124928176403046,-0.08170564472675323,0.15000002086162567,0.2159656286239624,0.17879143357276917,0.1477912813425064,-0.06136472523212433,-0.10560500621795654,0.08587878942489624,0.05170401558279991,-0.0014942806446924806,-0.014475999400019646,-0.19718600809574127,-0.13094265758991241,-0.14866454899311066,-0.20474673807621002
0.05425136536359787,0.015970392152667046,-1.3747243881225586,-0.3286533057689667,-0.28097596764564514,-0.11990980803966522,-0.15445543825626373,0.08981523662805557,0.10695464164018631,0.16921493411064148,0.17692631483078003,-0.08516761660575867,-0.06702320277690887,0.15000002086162567,0.30110156536102295,0.2030659019947052,0.16967305541038513,-0.05271265655755997,-0.09329725801944733,0.07473014295101166,0.029197387397289276,0.010212424211204052,0.027818022295832634,-0.21210461854934692,-0.1176433265209198,-0.14834411442279816,-0.12002816051244736
0.03436348959803581,0.00474105030298233,-1.37022066116333,-0.31439992785453796,-0.2865975797176361,-0.11979424953460693,-0.142194002866745,0.09748943895101547,0.10112909972667694,0.1221819669008255,0.09844458103179932,-0.007471462711691856,-0.05315106734633446,0.14989028871059418,0.3886108100414276,0.2038690745830536,0.17748239636421204,-0.05545641481876373,-0.09606602042913437,0.03451735898852348,-0.009471827186644077,0.08994060754776001,0.08747940510511398,-0.19492512941360474,-0.13204516470432281,-0.037141766399145126,-0.05645070970058441
0.020116958767175674,0.012239948846399784,-1.3656816482543945,-0.29664337635040283,-0.19752705097198486,-0.11981887370347977,-0.11169232428073883,0.09382166713476181,0.06423600763082504,0.12639185786247253,0.048749566078186035,-0.0019489607075229287,0.018345508724451065,0.14951083064079285,0.5201887488365173,0.20999684929847717,0.1332804560661316,-0.05603817105293274,-0.05040538311004639,0.017544684931635857,-0.05002862587571144,0.12031509727239609,0.13744041323661804,-0.18936029076576233,-0.1652287244796753,-0.01696108654141426,0.07244766503572464
0.013823742046952248,0.028948118910193443,-1.3891124725341797,-0.2511982023715973,-0.09408725053071976,-0.11633362621068954,-0.04697873815894127,0.11154469847679138,0.018224332481622696,0.07012468576431274,0.015388185158371925,0.03611757978796959,0.0945853590965271,0.149661585688591,0.6852874755859375,0.18262547254562378,0.09168289601802826,-0.07304277271032333,-0.01858680322766304,-0.03600146248936653,-0.07203473895788193,0.15783017873764038,0.2074403315782547,-0.16079626977443695,-0.21459858119487762,0.033639129251241684,0.16091464459896088
-0.015055179595947266,0.003265122650191188,-1.4273033142089844,-0.1567520946264267,-0.04239976406097412,-0.07803889364004135,0.0030608363449573517,0.07448078691959381,-0.02207597903907299,0.012957006692886353,0.01703043282032013,0.1348075419664383,0.11294300854206085,0.14749762415885925,0.7649520635604858,0.14431001245975494,0.05425853654742241,-0.04049322381615639,-0.04517592117190361,-0.053739044815301895,-0.05605001375079155,0.26549068093299866,0.2346220463514328,-0.2759396731853485,-0.2709096074104309,0.14997875690460205,0.16858291625976562
-0.051152706146240234,-0.022312164306640625,-1.4656896591186523,-0.09351720660924911,-0.07700736075639725,-0.048896901309490204,-0.012833865359425545,0.054803941398859024,-0.0042884452268481255,0.03314923122525215,0.03429876267910004,0.07663150131702423,0.0799374133348465,0.14930376410484314,0.7468110918998718,0.09478354454040527,0.04277987778186798,0.0028531511779874563,-0.05073587968945503,-0.06523285061120987,-0.039765167981386185,0.3049358129501343,0.27667057514190674,-0.28278303146362305,-0.27858251333236694,0.0952569767832756,0.06764337420463562
-0.06410741806030273,-0.01611804962158203,-1.4743866920471191,-0.06599754095077515,-0.0681547299027443,-0.04937908425927162,0.009569738060235977,0.025734499096870422,-0.01690770499408245,0.026319274678826332,0.007209472358226776,0.05434340983629227,0.02894187904894352,0.1489834040403366,0.6915752291679382,0.03155457600951195,0.02589312009513378,0.003237334545701742,-0.019890248775482178,-0.06166724115610123,-0.03680317848920822,0.28293079137802124,0.3048342764377594,-0.28677642345428467,-0.24511796236038208,0.0888390764594078,0.06554403156042099
-0.0737762451171875,-0.018309593200683594,-1.4678120613098145,-0.04082857444882393,-0.0463322289288044,-0.05400751158595085,0.0240164827555418,0.01862643100321293,-0.017085691913962364,0.04570601508021355,0.003749474883079529,0.010418406687676907,-0.024926181882619858,0.14899423718452454,0.6162678003311157,-0.027086805552244186,-0.026597291231155396,-0.010405167937278748,-0.016360148787498474,-0.05096247047185898,-0.04590426757931709,0.28522804379463196,0.29941195249557495,-0.20640289783477783,-0.21290117502212524,0.041011158376932144,0.030081503093242645
-0.08271932601928711,-0.028847694396972656,-1.4390220642089844,-0.008068126626312733,-0.03606027737259865,-0.06307215988636017,0.006366651505231857,-0.00836655218154192,-0.01893983595073223,0.06907259672880173,0.01186795812100172,-0.029305825009942055,-0.04245368763804436,0.1481013298034668,0.4783787727355957,-0.04912278428673744,-0.06202898547053337,-0.026668164879083633,-0.006440804339945316,-0.045751482248306274,-0.05868908390402794,0.28640037775039673,0.2986471951007843,-0.22814851999282837,-0.20216931402683258,0.03128346800804138,-0.0302550308406353
-0.09625625610351562,-0.01977682113647461,-1.4161906242370605,0.014051363803446293,0.025036592036485672,-0.06180553138256073,0.01838710717856884,-0.03432910144329071,-0.041511595249176025,0.07145091891288757,0.05311638116836548,-0.05862463638186455,-0.03950802981853485,0.14808031916618347,0.39922165870666504,-0.082784503698349,-0.11132609844207764,-0.030926425009965897,-0.008148514665663242,-0.053649697452783585,-0.07901925593614578,0.27549299597740173,0.2734327018260956,-0.20190292596817017,-0.18163760006427765,-0.0027317835483700037,-0.052632302045822144
-0.11401224136352539,-0.0023508071899414062,-1.4070649147033691,0.034889597445726395,0.04649391397833824,-0.04872019216418266,0.020661963149905205,-0.05011964216828346,-0.057086292654275894,0.06104881688952446,0.05027291178703308,-0.08437005430459976,-0.0692770779132843,0.15042540431022644,0.32340937852859497,-0.11408396810293198,-0.1338241994380951,-0.01912655122578144,-0.007402081973850727,-0.06693540513515472,-0.09606602042913437,0.25269854068756104,0.2666204571723938,-0.18971040844917297,-0.1683608591556549,-0.028636377304792404,-0.10240814089775085
-0.1309337615966797,0.013279400765895844,-1.3971638679504395,0.05462458357214928,0.0790533795952797,-0.03133521229028702,0.012242697179317474,-0.06644424051046371,-0.07574751228094101,0.05354996770620346,0.05746440589427948,-0.10887918621301651,-0.06334353983402252,0.14941175282001495,0.194156214594841,-0.140281081199646,-0.16006429493427277,-0.002220891183242202,0.02268972247838974,-0.09534166008234024,-0.13498258590698242,0.25250932574272156,0.2419378161430359,-0.17862895131111145,-0.16141781210899353,-0.07891052216291428,-0.16705988347530365
-0.13756608963012695,0.023902656510472298,-1.3868441581726074,0.07501395791769028,0.12062785029411316,-0.02332369238138199,0.005836550146341324,-0.07785764336585999,-0.08235015720129013,0.048927102237939835,0.06800559163093567,-0.1202487051486969,-0.03835355117917061,0.1485743671655655,0.08119606971740723,-0.14484617114067078,-0.17422857880592346,0.010233936831355095,0.05109171196818352,-0.12574008107185364,-0.16208405792713165,0.2299458086490631,0.1926831305027008,-0.15606074035167694,-0.13731586933135986,-0.13384899497032166,-0.20281146466732025
-0.12735843658447266,0.03974021598696709,-1.3903865814208984,0.0944889634847641,0.1332249492406845,-0.013932496309280396,0.010442297905683517,-0.0767999067902565,-0.07199694961309433,0.028789017349481583,0.05994832515716553,-0.12542976438999176,-0.019637608900666237,0.05517195537686348,-0.016859721392393112,-0.14572244882583618,-0.16852132976055145,0.025383345782756805,0.07191573083400726,-0.15676851570606232,-0.17571903765201569,0.1594480276107788,0.14298859238624573,-0.1381283849477768,-0.1325133740901947,-0.14999619126319885,-0.2754971981048584
-0.09236526489257812,0.04450464993715286,-1.3963508605957031,0.07585977017879486,0.10864273458719254,-0.025124993175268173,0.03402964770793915,-0.061249054968357086,-0.05545810982584953,0.08514636009931564,0.11014195531606674,-0.09277793020009995,0.005271687172353268,-0.07251036912202835,-0.07508325576782227,-0.124162957072258,-0.13088838756084442,0.04120374843478203,0.040469832718372345,-0.13301695883274078,-0.13877414166927338,0.046310342848300934,0.057693250477313995,-0.12077785283327103,-0.12314611673355103,-0.14999793469905853,-0.3547447919845581
-0.043033599853515625,0.015214083716273308,-1.384596347808838,0.03527219966053963,-0.0016359053552150726,-0.03689867630600929,-0.007733634673058987,0.04842616990208626,0.04216280207037926,0.25612765550613403,0.22492477297782898,-0.11644275486469269,-0.13730505108833313,-0.07102926820516586,-0.06797930598258972,-0.050500642508268356,-0.011167703196406364,0.03282951936125755,-0.012063785456120968,-0.0515587218105793,-0.038809407502412796,-0.05936247855424881,-0.04962190240621567,-0.09081285446882248,-0.08928569406270981,-0.15000249445438385,-0.47106409072875977
0.013615461997687817,-0.0063724517822265625,-1.3573031425476074,0.033105529844760895,0.004225659184157848,-0.06035732105374336,-0.030628811568021774,0.08061874657869339,0.08257576078176498,0.29096415638923645,0.2701098620891571,-0.16530883312225342,-0.17921072244644165,-0.03493822365999222,-0.019884508103132248,-0.019521739333868027,-0.0051604704931378365,-0.019425328820943832,-0.0132661247625947,-0.04082360491156578,-0.01592358574271202,-0.04180280119180679,-0.06040678173303604,-0.01918032392859459,-0.029121944680809975,-0.14987820386886597,-0.4764299690723419
0.030733255669474602,-0.005616188049316406,-1.3377070426940918,0.012199871242046356,-0.01361158862709999,-0.03181406110525131,-0.04939845949411392,0.07306935638189316,0.07039785385131836,0.286243200302124,0.29492706060409546,-0.15766246616840363,-0.1649092733860016,-0.04178407043218613,-0.048739757388830185,-0.008164896629750729,0.004488307051360607,-0.029538339003920555,-0.042823426425457,-0.05263142287731171,0.0028502782806754112,-0.015865683555603027,-0.056839533150196075,-0.006053787190467119,-0.030207417905330658,-0.1492142379283905,-0.45546096563339233
0.030125465244054794,0.001624627853743732,-1.3474583625793457,-0.013292687013745308,-0.06664741039276123,0.00033864908618852496,-0.047875888645648956,0.04911882057785988,0.05322645232081413,0.28512781858444214,0.29555657505989075,-0.1597496122121811,-0.17581303417682648,-0.04713771492242813,-0.05601337179541588,-0.005303817801177502,0.03662724792957306,-0.014763843268156052,-0.058953769505023956,-0.04202238842844963,0.007042251992970705,0.008364774286746979,-0.01604650728404522,-0.012439827434718609,-0.004981067962944508,-0.14896385371685028,-0.4510611891746521
0.03269723430275917,0.00850906502455473,-1.3595948219299316,-0.05650617182254791,-0.11975070834159851,0.0009746703435666859,-0.03332376480102539,0.02223258838057518,0.03522355854511261,0.2935332953929901,0.28258344531059265,-0.18478435277938843,-0.19141137599945068,-0.045933302491903305,-0.04638298973441124,0.003438143990933895,0.07032237946987152,-0.008742610923945904,-0.07655127346515656,-0.030607376247644424,0.024743512272834778,0.031175028532743454,0.02170718088746071,-0.05047464370727539,-0.010197648778557777,-0.14776122570037842,-0.47915908694267273
0.042776890099048615,0.007315167225897312,-1.3816332817077637,-0.09656723588705063,-0.13534516096115112,-0.018919115886092186,-0.037370819598436356,0.02837214060127735,0.022540850564837456,0.2813589870929718,0.2778390049934387,-0.1702609807252884,-0.15661346912384033,-0.03473600000143051,-0.010053623467683792,0.035527464002370834,0.07010611146688461,-0.014946335926651955,-0.06429473310709,-0.006875865161418915,0.04264956712722778,0.021611321717500687,0.016080409288406372,-0.071346215903759,-0.05981725454330444,-0.14838390052318573,-0.4310222864151001
0.05900472030043602,0.0012651364086195827,-1.4048995971679688,-0.14737553894519806,-0.18635490536689758,-0.06165584549307823,-0.05544792115688324,0.022000838071107864,0.02177809365093708,0.27688997983932495,0.27017247676849365,-0.13357645273208618,-0.13952232897281647,0.02878854237496853,0.033870697021484375,0.07105138152837753,0.0985584706068039,-0.03414458408951759,-0.08842332661151886,0.019307762384414673,0.06029728800058365,0.019054066389799118,0.0007437579333782196,-0.09820947051048279,-0.10282402485609055,-0.1488250195980072,-0.3925940990447998
0.06800404191017151,-0.0015158653259277344,-1.4341936111450195,-0.20615710318088531,-0.21540196239948273,-0.08877212554216385,-0.08986814320087433,0.03361955285072327,0.03290421515703201,0.2703142464160919,0.26777392625808716,-0.11045657843351364,-0.11834529042243958,0.08246594667434692,0.08606414496898651,0.10805851966142654,0.11608511209487915,-0.048527803272008896,-0.09471924602985382,0.049230653792619705,0.06931056827306747,0.008266923949122429,-0.010669207200407982,-0.12183868885040283,-0.10845547169446945,-0.14891213178634644,-0.3280651271343231
0.06904059648513794,-0.002689361572265625,-1.4725298881530762,-0.24876083433628082,-0.24914032220840454,-0.10013595968484879,-0.11945284903049469,0.038298916071653366,0.05412326008081436,0.24016761779785156,0.24097305536270142,-0.11092379689216614,-0.09408251941204071,0.10147099941968918,0.16142697632312775,0.13975679874420166,0.13783670961856842,-0.05597952380776405,-0.10293001681566238,0.08656740188598633,0.0649423599243164,0.0029407173860818148,3.0703842639923096e-05,-0.14770227670669556,-0.10793859511613846,-0.1491575539112091,-0.26240620017051697
0.05978782847523689,8.596354018663988e-05,-1.490098476409912,-0.2982596755027771,-0.28576651215553284,-0.1001753881573677,-0.14539834856987,0.04840269312262535,0.08706025779247284,0.2206169217824936,0.20365813374519348,-0.09505748003721237,-0.07372608780860901,0.15000000596046448,0.24454233050346375,0.16627131402492523,0.1523897796869278,-0.056377120316028595,-0.09889622777700424,0.10238862037658691,0.045828741043806076,0.006904682144522667,0.020041003823280334,-0.17671412229537964,-0.10181055217981339,-0.1484815776348114,-0.20368312299251556
0.0438464917242527,-0.0027298927307128906,-1.4742846488952637,-0.3190058767795563,-0.28545209765434265,-0.10812471061944962,-0.15319639444351196,0.06401839852333069,0.10058508813381195,0.17356546223163605,0.16862036287784576,-0.0804336741566658,-0.06273108720779419,0.15000002086162567,0.324398934841156,0.19466906785964966,0.15151873230934143,-0.0525367297232151,-0.09007348120212555,0.08448295295238495,0.01763610541820526,0.03364228829741478,0.04120267927646637,-0.19653379917144775,-0.11222635209560394,-0.148249089717865,-0.13547806441783905
0.01566089503467083,-0.00052642822265625,-1.4530487060546875,-0.32792195677757263,-0.2570333778858185,-0.1161283627152443,-0.13053373992443085,0.06929295510053635,0.07895223796367645,0.15894366800785065,0.09659206867218018,-0.06325741112232208,-0.03920048475265503,0.14998289942741394,0.41507160663604736,0.21427303552627563,0.14931054413318634,-0.03604139760136604,-0.09439128637313843,0.06230095773935318,-0.011280396021902561,0.06254526972770691,0.09216577559709549,-0.1880253255367279,-0.12234217673540115,-0.1484101563692093,-0.041317299008369446
0.0021429606713354588,-0.01232767105102539,-1.4794354438781738,-0.24054956436157227,-0.19393692910671234,-0.1052919402718544,-0.07965059578418732,0.08909827470779419,0.0420820526778698,0.05853152275085449,0.02410043589770794,0.07021518796682358,0.02816702052950859,0.14947466552257538,0.5547597408294678,0.1780129224061966,0.13663946092128754,-0.07218535989522934,-0.05937308073043823,-0.0505177266895771,-0.054366420954465866,0.18696613609790802,0.17629672586917877,-0.13516759872436523,-0.15414497256278992,0.042038265615701675,0.06679495424032211
-0.030403614044189453,-0.02605724334716797,-1.506441593170166,-0.1804901361465454,-0.11055245250463486,-0.0689072534441948,-0.043461814522743225,0.07875280827283859,-0.002223675837740302,0.04392402619123459,0.028109367936849594,0.1168249174952507,0.07393373548984528,0.1492423415184021,0.6953951120376587,0.15004484355449677,0.0685218796133995,-0.04550299793481827,-0.047284629195928574,-0.06869586557149887,-0.06971725076436996,0.2554638385772705,0.2214116007089615,-0.2420758605003357,-0.2337062507867813,0.11007083207368851,0.11039479076862335
-0.057910919189453125,-0.02481842041015625,-1.5153298377990723,-0.14406122267246246,-0.07538723200559616,-0.0484095960855484,-0.024559177458286285,0.06843310594558716,-0.000572889344766736,0.04581598937511444,0.03681377321481705,0.10417824983596802,0.09031768143177032,0.14924775063991547,0.7296338677406311,0.11364459991455078,0.0473206453025341,-0.01916089653968811,-0.04771852865815163,-0.07768147438764572,-0.05167416110634804,0.24472576379776,0.2658407986164093,-0.23457084596157074,-0.24887941777706146,0.10529232025146484,0.08675319701433182
